tool,device,variant,cpu_threads,case_id,size,blobiness,porosity_target,porosity,nnodes,knob_name,knob,tau,tau_ref,rel_error,time_s,tau_spread,repeats,stop_reason,host,measured_at,note
tortuosity,gpu,matrixfree,16,n200_b050_p020,200,0.5,0.2,0.161462,1291692,iters,1,0.01340797703,33.93155464,0.9996048523,0.166150026,0,3,,pmeal-hpc,2026-08-11T14:12:46,
tortuosity,gpu,matrixfree,16,n200_b050_p020,200,0.5,0.2,0.161462,1291692,iters,2,0.01769771549,33.93155464,0.999478429,0.1674857581,4.314014386e-07,3,,pmeal-hpc,2026-08-11T14:12:47,
tortuosity,gpu,matrixfree,16,n200_b050_p020,200,0.5,0.2,0.161462,1291692,iters,3,0.02953244894,33.93155464,0.9991296465,0.168735138,8.106622828e-07,3,,pmeal-hpc,2026-08-11T14:12:47,
tortuosity,gpu,matrixfree,16,n200_b050_p020,200,0.5,0.2,0.161462,1291692,iters,6,0.169055098,33.93155464,0.9950177615,0.1721371041,2.372270608e-06,3,,pmeal-hpc,2026-08-11T14:12:47,
tortuosity,gpu,matrixfree,16,n200_b050_p020,200,0.5,0.2,0.161462,1291692,iters,10,0.3169495414,33.93155464,0.9906591506,0.1764238698,5.074024196e-06,3,,pmeal-hpc,2026-08-11T14:12:47,
tortuosity,gpu,matrixfree,16,n200_b050_p020,200,0.5,0.2,0.161462,1291692,iters,18,16.00277274,33.93155464,0.5283807976,0.1849492748,0.00036440467,3,,pmeal-hpc,2026-08-11T14:12:47,
tortuosity,gpu,matrixfree,16,n200_b050_p020,200,0.5,0.2,0.161462,1291692,iters,33,24.51629311,33.93155464,0.2774780476,0.2007763787,0.0005247519175,3,,pmeal-hpc,2026-08-11T14:12:47,
tortuosity,gpu,matrixfree,16,n200_b050_p020,200,0.5,0.2,0.161462,1291692,iters,59,33.84607264,33.93155464,0.002519248026,0.2357619187,0.0007745231955,3,,pmeal-hpc,2026-08-11T14:12:47,
tortuosity,gpu,matrixfree,16,n200_b050_p020,200,0.5,0.2,0.161462,1291692,iters,106,33.88097653,33.93155464,0.001490592202,0.2873965236,0.000892996624,3,,pmeal-hpc,2026-08-11T14:12:47,
tortuosity,gpu,matrixfree,16,n200_b050_p020,200,0.5,0.2,0.161462,1291692,iters,189,33.87969689,33.93155464,0.001528304637,0.3761819156,0.000912367387,3,,pmeal-hpc,2026-08-11T14:12:47,
tortuosity,gpu,matrixfree,16,n200_b050_p020,200,0.5,0.2,0.161462,1291692,iters,339,33.87969689,33.93155464,0.001528304637,0.3761819156,0.000912367387,3,,pmeal-hpc,2026-08-11T14:12:47,
tortuosity,gpu,matrixfree,16,n200_b050_p020,200,0.5,0.2,0.161462,1291692,iters,607,33.87969689,33.93155464,0.001528304637,0.3761819156,0.000912367387,3,,pmeal-hpc,2026-08-11T14:12:47,
tortuosity,gpu,matrixfree,16,n200_b050_p020,200,0.5,0.2,0.161462,1291692,iters,1086,33.87969689,33.93155464,0.001528304637,0.3761819156,0.000912367387,3,,pmeal-hpc,2026-08-11T14:12:47,
tortuosity,gpu,matrixfree,16,n200_b050_p020,200,0.5,0.2,0.161462,1291692,iters,1945,33.87969689,33.93155464,0.001528304637,0.3761819156,0.000912367387,3,,pmeal-hpc,2026-08-11T14:12:47,
tortuosity,gpu,matrixfree,16,n200_b050_p020,200,0.5,0.2,0.161462,1291692,iters,3484,33.87969689,33.93155464,0.001528304637,0.3761819156,0.000912367387,3,,pmeal-hpc,2026-08-11T14:12:47,
tortuosity,gpu,matrixfree,16,n200_b050_p020,200,0.5,0.2,0.161462,1291692,iters,6238,33.87969689,33.93155464,0.001528304637,0.3761819156,0.000912367387,3,,pmeal-hpc,2026-08-11T14:12:47,
tortuosity,gpu,matrixfree,16,n200_b050_p020,200,0.5,0.2,0.161462,1291692,iters,11169,33.87969689,33.93155464,0.001528304637,0.3761819156,0.000912367387,3,,pmeal-hpc,2026-08-11T14:12:47,
tortuosity,gpu,matrixfree,16,n200_b050_p020,200,0.5,0.2,0.161462,1291692,iters,20000,33.87969689,33.93155464,0.001528304637,0.3761819156,0.000912367387,3,ladder_exhausted,pmeal-hpc,2026-08-11T14:12:47,
tortuosity,gpu,matrixfree,16,n200_b050_p040,200,0.5,0.4,0.399036,3192287,iters,1,0.02024748664,2.920079096,0.9930661171,0.2479220279,0,3,,pmeal-hpc,2026-08-11T14:12:50,
tortuosity,gpu,matrixfree,16,n200_b050_p040,200,0.5,0.4,0.399036,3192287,iters,2,0.02554953397,2.920079096,0.9912503966,0.253655541,2.040914091e-07,3,,pmeal-hpc,2026-08-11T14:12:50,
tortuosity,gpu,matrixfree,16,n200_b050_p040,200,0.5,0.4,0.399036,3192287,iters,3,0.04648375547,2.920079096,0.9840813369,0.2583633619,4.193511536e-07,3,,pmeal-hpc,2026-08-11T14:12:50,
tortuosity,gpu,matrixfree,16,n200_b050_p040,200,0.5,0.4,0.399036,3192287,iters,6,0.2535613293,2.920079096,0.9131662805,0.269403694,2.143593907e-06,3,,pmeal-hpc,2026-08-11T14:12:50,
tortuosity,gpu,matrixfree,16,n200_b050_p040,200,0.5,0.4,0.399036,3192287,iters,10,0.4263883386,2.920079096,0.8539805517,0.2841995099,3.060577818e-06,3,,pmeal-hpc,2026-08-11T14:12:50,
tortuosity,gpu,matrixfree,16,n200_b050_p040,200,0.5,0.4,0.399036,3192287,iters,18,3.135967319,2.920079096,0.07393232031,0.3121999939,3.107924977e-05,3,,pmeal-hpc,2026-08-11T14:12:50,
tortuosity,gpu,matrixfree,16,n200_b050_p040,200,0.5,0.4,0.399036,3192287,iters,33,2.901983663,2.920079096,0.006196898163,0.3646490909,2.664288796e-05,3,,pmeal-hpc,2026-08-11T14:12:50,
tortuosity,gpu,matrixfree,16,n200_b050_p040,200,0.5,0.4,0.399036,3192287,iters,59,2.920406422,2.920079096,0.0001120947766,0.4561733669,2.730076444e-05,3,target_reached,pmeal-hpc,2026-08-11T14:12:50,
tortuosity,gpu,matrixfree,16,n200_b050_p060,200,0.5,0.6,0.609627,4877016,iters,1,0.02208608458,1.551550164,0.9857651495,0.304708442,0,3,,pmeal-hpc,2026-08-11T14:12:53,
tortuosity,gpu,matrixfree,16,n200_b050_p060,200,0.5,0.6,0.609627,4877016,iters,2,0.02814001799,1.551550164,0.9818632883,0.3117112869,1.824781815e-07,3,,pmeal-hpc,2026-08-11T14:12:53,
tortuosity,gpu,matrixfree,16,n200_b050_p060,200,0.5,0.6,0.609627,4877016,iters,3,0.05304719198,1.551550164,0.9658101986,0.3189869318,9.165060297e-07,3,,pmeal-hpc,2026-08-11T14:12:53,
tortuosity,gpu,matrixfree,16,n200_b050_p060,200,0.5,0.6,0.609627,4877016,iters,6,0.2691311591,1.551550164,0.826540472,0.3390162488,1.274081479e-06,3,,pmeal-hpc,2026-08-11T14:12:53,
tortuosity,gpu,matrixfree,16,n200_b050_p060,200,0.5,0.6,0.609627,4877016,iters,10,0.4128132832,1.551550164,0.7339349428,0.3805151039,3.485237341e-06,3,,pmeal-hpc,2026-08-11T14:12:53,
tortuosity,gpu,matrixfree,16,n200_b050_p060,200,0.5,0.6,0.609627,4877016,iters,18,1.845398113,1.551550164,0.1893899117,0.4265953669,1.871281156e-05,3,,pmeal-hpc,2026-08-11T14:12:53,
tortuosity,gpu,matrixfree,16,n200_b050_p060,200,0.5,0.6,0.609627,4877016,iters,33,1.548897158,1.551550164,0.001709906874,0.5080762738,1.326888235e-05,3,,pmeal-hpc,2026-08-11T14:12:53,
tortuosity,gpu,matrixfree,16,n200_b050_p060,200,0.5,0.6,0.609627,4877016,iters,59,1.551583356,1.551550164,2.139270346e-05,0.6484392509,1.276370831e-05,3,target_reached,pmeal-hpc,2026-08-11T14:12:53,
tortuosity,gpu,matrixfree,16,n200_b050_p080,200,0.5,0.8,0.81175,6494003,iters,1,0.02298408409,1.170581237,0.9803652379,0.3334789841,0,3,,pmeal-hpc,2026-08-11T14:12:57,
tortuosity,gpu,matrixfree,16,n200_b050_p080,200,0.5,0.8,0.81175,6494003,iters,2,0.02965499604,1.170581237,0.9746664348,0.3441196131,5.976242938e-08,3,,pmeal-hpc,2026-08-11T14:12:57,
tortuosity,gpu,matrixfree,16,n200_b050_p080,200,0.5,0.8,0.81175,6494003,iters,3,0.05627417397,1.170581237,0.9519262976,0.353884735,2.239614419e-07,3,,pmeal-hpc,2026-08-11T14:12:57,
tortuosity,gpu,matrixfree,16,n200_b050_p080,200,0.5,0.8,0.81175,6494003,iters,6,0.2742809358,1.170581237,0.765688252,0.3817871001,1.394629365e-06,3,,pmeal-hpc,2026-08-11T14:12:57,
tortuosity,gpu,matrixfree,16,n200_b050_p080,200,0.5,0.8,0.81175,6494003,iters,10,0.4019709937,1.170581237,0.6566056409,0.4149407241,5.474543894e-07,3,,pmeal-hpc,2026-08-11T14:12:57,
tortuosity,gpu,matrixfree,16,n200_b050_p080,200,0.5,0.8,0.81175,6494003,iters,18,1.452970392,1.170581237,0.2412384091,0.4792319562,1.872304535e-06,3,,pmeal-hpc,2026-08-11T14:12:57,
tortuosity,gpu,matrixfree,16,n200_b050_p080,200,0.5,0.8,0.81175,6494003,iters,33,1.168789742,1.170581237,0.001530432233,0.6001461291,1.083194935e-06,3,,pmeal-hpc,2026-08-11T14:12:57,
tortuosity,gpu,matrixfree,16,n200_b050_p080,200,0.5,0.8,0.81175,6494003,iters,59,1.170568882,1.170581237,1.055486019e-05,0.8077925561,1.309770632e-06,3,target_reached,pmeal-hpc,2026-08-11T14:12:57,
tortuosity,gpu,matrixfree,16,n200_b050_p095,200,0.5,0.95,0.948977,7591813,iters,1,0.02291454614,1.035044249,0.9778612884,0.3739129211,0,3,,pmeal-hpc,2026-08-11T14:13:01,
tortuosity,gpu,matrixfree,16,n200_b050_p095,200,0.5,0.95,0.948977,7591813,iters,2,0.03001558075,1.035044249,0.9710006787,0.3852951501,6.874904197e-08,3,,pmeal-hpc,2026-08-11T14:13:01,
tortuosity,gpu,matrixfree,16,n200_b050_p095,200,0.5,0.95,0.948977,7591813,iters,3,0.05752606344,1.035044249,0.9444216385,0.396906667,3.371629476e-07,3,,pmeal-hpc,2026-08-11T14:13:01,
tortuosity,gpu,matrixfree,16,n200_b050_p095,200,0.5,0.95,0.948977,7591813,iters,6,0.2729207197,1.035044249,0.7363197564,0.4283460609,1.564449466e-06,3,,pmeal-hpc,2026-08-11T14:13:01,
tortuosity,gpu,matrixfree,16,n200_b050_p095,200,0.5,0.95,0.948977,7591813,iters,10,0.3940153526,1.035044249,0.6193251129,0.4691551169,4.058372254e-07,3,,pmeal-hpc,2026-08-11T14:13:01,
tortuosity,gpu,matrixfree,16,n200_b050_p095,200,0.5,0.95,0.948977,7591813,iters,18,1.332238206,1.035044249,0.2871316437,0.550087232,3.795508027e-06,3,,pmeal-hpc,2026-08-11T14:13:01,
tortuosity,gpu,matrixfree,16,n200_b050_p095,200,0.5,0.95,0.948977,7591813,iters,33,1.033217242,1.035044249,0.001765148443,0.7021485219,2.577678078e-06,3,,pmeal-hpc,2026-08-11T14:13:01,
tortuosity,gpu,matrixfree,16,n200_b050_p095,200,0.5,0.95,0.948977,7591813,iters,59,1.035094268,1.035044249,4.832561968e-05,0.962215689,3.01609678e-06,3,target_reached,pmeal-hpc,2026-08-11T14:13:01,
tortuosity,gpu,matrixfree,16,n200_b100_p020,200,1,0.2,0.171209,1369672,iters,1,0.01820013148,13.93255227,0.9986936972,0.138264206,0,3,,pmeal-hpc,2026-08-11T14:13:03,
tortuosity,gpu,matrixfree,16,n200_b100_p020,200,1,0.2,0.171209,1369672,iters,2,0.02420038084,13.93255227,0.9982630332,0.139757492,2.527666958e-07,3,,pmeal-hpc,2026-08-11T14:13:03,
tortuosity,gpu,matrixfree,16,n200_b100_p020,200,1,0.2,0.171209,1369672,iters,3,0.03822872317,13.93255227,0.9972561579,0.141259242,2.854505944e-07,3,,pmeal-hpc,2026-08-11T14:13:03,
tortuosity,gpu,matrixfree,16,n200_b100_p020,200,1,0.2,0.171209,1369672,iters,6,0.2471170985,13.93255227,0.9822633288,0.145383852,1.784811714e-06,3,,pmeal-hpc,2026-08-11T14:13:03,
tortuosity,gpu,matrixfree,16,n200_b100_p020,200,1,0.2,0.171209,1369672,iters,10,0.4542837205,13.93255227,0.9673940774,0.1508924669,4.676189065e-06,3,,pmeal-hpc,2026-08-11T14:13:03,
tortuosity,gpu,matrixfree,16,n200_b100_p020,200,1,0.2,0.171209,1369672,iters,18,4.469695192,13.93255227,0.6791904954,0.1617254339,6.439526652e-05,3,,pmeal-hpc,2026-08-11T14:13:03,
tortuosity,gpu,matrixfree,16,n200_b100_p020,200,1,0.2,0.171209,1369672,iters,33,11.20816763,13.93255227,0.1955409597,0.18427556,0.0001578982173,3,,pmeal-hpc,2026-08-11T14:13:03,
tortuosity,gpu,matrixfree,16,n200_b100_p020,200,1,0.2,0.171209,1369672,iters,59,13.58689638,13.93255227,0.02480922938,0.2189450419,0.0001485288891,3,,pmeal-hpc,2026-08-11T14:13:03,
tortuosity,gpu,matrixfree,16,n200_b100_p020,200,1,0.2,0.171209,1369672,iters,106,13.94235584,13.93255227,0.0007036451098,0.2823318138,0.000140391604,3,target_reached,pmeal-hpc,2026-08-11T14:13:03,
tortuosity,gpu,matrixfree,16,n200_b100_p040,200,1,0.4,0.399225,3193802,iters,1,0.02006938714,2.644709479,0.9924114965,0.224522837,0,3,,pmeal-hpc,2026-08-11T14:13:05,
tortuosity,gpu,matrixfree,16,n200_b100_p040,200,1,0.4,0.399225,3193802,iters,2,0.02583520093,2.644709479,0.9902313652,0.230064541,1.076768423e-07,3,,pmeal-hpc,2026-08-11T14:13:05,
tortuosity,gpu,matrixfree,16,n200_b100_p040,200,1,0.4,0.399225,3193802,iters,3,0.04439025912,2.644709479,0.9832154498,0.235587138,3.215312737e-07,3,,pmeal-hpc,2026-08-11T14:13:05,
tortuosity,gpu,matrixfree,16,n200_b100_p040,200,1,0.4,0.399225,3193802,iters,6,0.2592995739,2.644709479,0.9019553656,0.2511485789,1.161911272e-06,3,,pmeal-hpc,2026-08-11T14:13:05,
tortuosity,gpu,matrixfree,16,n200_b100_p040,200,1,0.4,0.399225,3193802,iters,10,0.4317940711,2.644709479,0.8367328909,0.2713626279,1.561362357e-06,3,,pmeal-hpc,2026-08-11T14:13:05,
tortuosity,gpu,matrixfree,16,n200_b100_p040,200,1,0.4,0.399225,3193802,iters,18,2.305505049,2.644709479,0.1282577283,0.3080279194,8.223387483e-06,3,,pmeal-hpc,2026-08-11T14:13:05,
tortuosity,gpu,matrixfree,16,n200_b100_p040,200,1,0.4,0.399225,3193802,iters,33,2.644795335,2.644709479,3.246339196e-05,0.3766139824,1.304207871e-05,3,target_reached,pmeal-hpc,2026-08-11T14:13:05,
tortuosity,gpu,matrixfree,16,n200_b100_p060,200,1,0.6,0.603465,4827722,iters,1,0.02265304975,1.571435764,0.9855844889,0.3379987329,0,3,,pmeal-hpc,2026-08-11T14:13:08,
tortuosity,gpu,matrixfree,16,n200_b100_p060,200,1,0.6,0.603465,4827722,iters,2,0.02907425952,1.571435764,0.9814982832,0.3469081329,6.230917385e-08,3,,pmeal-hpc,2026-08-11T14:13:08,
tortuosity,gpu,matrixfree,16,n200_b100_p060,200,1,0.6,0.603465,4827722,iters,3,0.05157680824,1.571435764,0.967178545,0.3558325309,2.271710523e-07,3,,pmeal-hpc,2026-08-11T14:13:08,
tortuosity,gpu,matrixfree,16,n200_b100_p060,200,1,0.6,0.603465,4827722,iters,6,0.2707122375,1.571435764,0.8277293647,0.3814281869,1.421722167e-06,3,,pmeal-hpc,2026-08-11T14:13:08,
tortuosity,gpu,matrixfree,16,n200_b100_p060,200,1,0.6,0.603465,4827722,iters,10,0.4251935491,1.571435764,0.7294235254,0.4116529429,1.191251681e-06,3,,pmeal-hpc,2026-08-11T14:13:08,
tortuosity,gpu,matrixfree,16,n200_b100_p060,200,1,0.6,0.603465,4827722,iters,18,1.654297941,1.571435764,0.05273023499,0.469316887,4.806822271e-06,3,,pmeal-hpc,2026-08-11T14:13:08,
tortuosity,gpu,matrixfree,16,n200_b100_p060,200,1,0.6,0.603465,4827722,iters,33,1.577201052,1.571435764,0.003668802758,0.58683725,3.086222701e-06,3,,pmeal-hpc,2026-08-11T14:13:08,
tortuosity,gpu,matrixfree,16,n200_b100_p060,200,1,0.6,0.603465,4827722,iters,59,1.571159022,1.571435764,0.0001761075946,0.7787987359,3.349113603e-06,3,target_reached,pmeal-hpc,2026-08-11T14:13:08,
tortuosity,gpu,matrixfree,16,n200_b100_p080,200,1,0.8,0.80445,6435598,iters,1,0.02345964611,1.193638864,0.9803461107,0.3558298521,0,3,,pmeal-hpc,2026-08-11T14:13:11,
tortuosity,gpu,matrixfree,16,n200_b100_p080,200,1,0.8,0.80445,6435598,iters,2,0.03030907223,1.193638864,0.9746078373,0.3666027271,2.333767643e-07,3,,pmeal-hpc,2026-08-11T14:13:11,
tortuosity,gpu,matrixfree,16,n200_b100_p080,200,1,0.8,0.80445,6435598,iters,3,0.0549084131,1.193638864,0.953999141,0.3774110992,2.369361734e-08,3,,pmeal-hpc,2026-08-11T14:13:11,
tortuosity,gpu,matrixfree,16,n200_b100_p080,200,1,0.8,0.80445,6435598,iters,6,0.2745832714,1.193638864,0.7699611837,0.4092352672,6.948731416e-07,3,,pmeal-hpc,2026-08-11T14:13:11,
tortuosity,gpu,matrixfree,16,n200_b100_p080,200,1,0.8,0.80445,6435598,iters,10,0.4037210713,1.193638864,0.6617728498,0.4467365062,1.92206656e-06,3,,pmeal-hpc,2026-08-11T14:13:11,
tortuosity,gpu,matrixfree,16,n200_b100_p080,200,1,0.8,0.80445,6435598,iters,18,1.382637996,1.193638864,0.1583386211,0.5209920012,7.800328398e-06,3,,pmeal-hpc,2026-08-11T14:13:11,
tortuosity,gpu,matrixfree,16,n200_b100_p080,200,1,0.8,0.80445,6435598,iters,33,1.192675795,1.193638864,0.0008068344349,0.6634642421,4.781948589e-06,3,target_reached,pmeal-hpc,2026-08-11T14:13:11,
tortuosity,gpu,matrixfree,16,n200_b100_p095,200,1,0.95,0.949833,7598661,iters,1,0.02282258901,1.040405134,0.9780637482,0.385753294,0,3,,pmeal-hpc,2026-08-11T14:13:16,
tortuosity,gpu,matrixfree,16,n200_b100_p095,200,1,0.95,0.949833,7598661,iters,2,0.02983891477,1.040405134,0.9713199082,0.3971322411,3.085841904e-08,3,,pmeal-hpc,2026-08-11T14:13:16,
tortuosity,gpu,matrixfree,16,n200_b100_p095,200,1,0.95,0.949833,7598661,iters,3,0.05572583492,1.040405134,0.9464383315,0.4086080131,9.679409687e-08,3,,pmeal-hpc,2026-08-11T14:13:16,
tortuosity,gpu,matrixfree,16,n200_b100_p095,200,1,0.95,0.949833,7598661,iters,6,0.2688825474,1.040405134,0.7415597649,0.441773063,1.229557849e-06,3,,pmeal-hpc,2026-08-11T14:13:16,
tortuosity,gpu,matrixfree,16,n200_b100_p095,200,1,0.95,0.949833,7598661,iters,10,0.3873028021,1.040405134,0.6277384747,0.4825880138,9.922253194e-07,3,,pmeal-hpc,2026-08-11T14:13:16,
tortuosity,gpu,matrixfree,16,n200_b100_p095,200,1,0.95,0.949833,7598661,iters,18,1.303381886,1.040405134,0.2527637973,0.5619942978,2.701535511e-06,3,,pmeal-hpc,2026-08-11T14:13:16,
tortuosity,gpu,matrixfree,16,n200_b100_p095,200,1,0.95,0.949833,7598661,iters,33,1.038814201,1.040405134,0.001529147831,0.7127900801,7.812679773e-07,3,,pmeal-hpc,2026-08-11T14:13:16,
tortuosity,gpu,matrixfree,16,n200_b100_p095,200,1,0.95,0.949833,7598661,iters,59,1.040444698,1.040405134,3.802755057e-05,0.9755857196,1.181702177e-06,3,target_reached,pmeal-hpc,2026-08-11T14:13:16,
tortuosity,gpu,matrixfree,16,n200_b200_p020,200,2,0.2,0.187312,1498500,iters,1,0.02014483038,13.5328383,0.9985114113,0.181175548,0,3,,pmeal-hpc,2026-08-11T14:13:19,
tortuosity,gpu,matrixfree,16,n200_b200_p020,200,2,0.2,0.187312,1498500,iters,2,0.0263424181,13.5328383,0.9980534447,0.18558679,9.046648927e-08,3,,pmeal-hpc,2026-08-11T14:13:19,
tortuosity,gpu,matrixfree,16,n200_b200_p020,200,2,0.2,0.187312,1498500,iters,3,0.04100793483,13.5328383,0.9969697462,0.190005023,1.370213936e-07,3,,pmeal-hpc,2026-08-11T14:13:19,
tortuosity,gpu,matrixfree,16,n200_b200_p020,200,2,0.2,0.187312,1498500,iters,6,0.295561604,13.5328383,0.9781596737,0.2022681761,2.728744694e-07,3,,pmeal-hpc,2026-08-11T14:13:19,
tortuosity,gpu,matrixfree,16,n200_b200_p020,200,2,0.2,0.187312,1498500,iters,10,0.6389578209,13.5328383,0.9527846408,0.2184873831,1.849172396e-06,3,,pmeal-hpc,2026-08-11T14:13:19,
tortuosity,gpu,matrixfree,16,n200_b200_p020,200,2,0.2,0.187312,1498500,iters,18,3.292985703,13.5328383,0.7566670325,0.2497764811,1.386126331e-05,3,,pmeal-hpc,2026-08-11T14:13:19,
tortuosity,gpu,matrixfree,16,n200_b200_p020,200,2,0.2,0.187312,1498500,iters,33,8.2108705,13.5328383,0.3932632373,0.2981174211,4.133217071e-05,3,,pmeal-hpc,2026-08-11T14:13:19,
tortuosity,gpu,matrixfree,16,n200_b200_p020,200,2,0.2,0.187312,1498500,iters,59,11.99603002,13.5328383,0.1135614164,0.3818755151,8.469097781e-05,3,,pmeal-hpc,2026-08-11T14:13:19,
tortuosity,gpu,matrixfree,16,n200_b200_p020,200,2,0.2,0.187312,1498500,iters,106,13.55234654,13.5328383,0.001441548031,0.5350448777,0.0001317973214,3,,pmeal-hpc,2026-08-11T14:13:19,
tortuosity,gpu,matrixfree,16,n200_b200_p020,200,2,0.2,0.187312,1498500,iters,189,13.53414499,13.5328383,9.65566135e-05,0.8190474767,8.681018257e-05,3,target_reached,pmeal-hpc,2026-08-11T14:13:19,
tortuosity,gpu,matrixfree,16,n200_b200_p040,200,2,0.4,0.398236,3185884,iters,1,0.02176401913,2.755382291,0.9921012706,0.3162502049,0,3,,pmeal-hpc,2026-08-11T14:13:23,
tortuosity,gpu,matrixfree,16,n200_b200_p040,200,2,0.4,0.398236,3185884,iters,2,0.02812952373,2.755382291,0.9897910632,0.3267864609,3.313583259e-08,3,,pmeal-hpc,2026-08-11T14:13:23,
tortuosity,gpu,matrixfree,16,n200_b200_p040,200,2,0.4,0.398236,3185884,iters,3,0.04596143111,2.755382291,0.9833193995,0.3357572999,1.020810335e-07,3,,pmeal-hpc,2026-08-11T14:13:23,
tortuosity,gpu,matrixfree,16,n200_b200_p040,200,2,0.4,0.398236,3185884,iters,6,0.2721777157,2.755382291,0.9012196178,0.361878251,1.248164731e-06,3,,pmeal-hpc,2026-08-11T14:13:23,
tortuosity,gpu,matrixfree,16,n200_b200_p040,200,2,0.4,0.398236,3185884,iters,10,0.5096170618,2.755382291,0.8150466948,0.392601088,5.827297356e-07,3,,pmeal-hpc,2026-08-11T14:13:23,
tortuosity,gpu,matrixfree,16,n200_b200_p040,200,2,0.4,0.398236,3185884,iters,18,1.781396766,2.755382291,0.3534847156,0.451645104,3.541366431e-06,3,,pmeal-hpc,2026-08-11T14:13:23,
tortuosity,gpu,matrixfree,16,n200_b200_p040,200,2,0.4,0.398236,3185884,iters,33,2.706562806,2.755382291,0.01771786257,0.562822559,7.031158957e-06,3,,pmeal-hpc,2026-08-11T14:13:23,
tortuosity,gpu,matrixfree,16,n200_b200_p040,200,2,0.4,0.398236,3185884,iters,59,2.744119568,2.755382291,0.004087535507,0.7597337207,7.690369432e-06,3,,pmeal-hpc,2026-08-11T14:13:23,
tortuosity,gpu,matrixfree,16,n200_b200_p040,200,2,0.4,0.398236,3185884,iters,106,2.75594259,2.755382291,0.0002033469432,1.110363906,8.694862747e-06,3,target_reached,pmeal-hpc,2026-08-11T14:13:23,
tortuosity,gpu,matrixfree,16,n200_b200_p060,200,2,0.6,0.600363,4802905,iters,1,0.02344081155,1.645395218,0.9857536893,0.347874786,0,3,,pmeal-hpc,2026-08-11T14:13:26,
tortuosity,gpu,matrixfree,16,n200_b200_p060,200,2,0.6,0.600363,4802905,iters,2,0.03022265414,1.645395218,0.9816319789,0.358862021,3.007760672e-08,3,,pmeal-hpc,2026-08-11T14:13:26,
tortuosity,gpu,matrixfree,16,n200_b200_p060,200,2,0.6,0.600363,4802905,iters,3,0.05033275461,1.645395218,0.9694099302,0.3697545179,2.596347438e-07,3,,pmeal-hpc,2026-08-11T14:13:26,
tortuosity,gpu,matrixfree,16,n200_b200_p060,200,2,0.6,0.600363,4802905,iters,6,0.2716198269,1.645395218,0.8349212251,0.4017158479,1.157266561e-06,3,,pmeal-hpc,2026-08-11T14:13:26,
tortuosity,gpu,matrixfree,16,n200_b200_p060,200,2,0.6,0.600363,4802905,iters,10,0.4563932548,1.645395218,0.7226239326,0.4402191079,1.292413343e-06,3,,pmeal-hpc,2026-08-11T14:13:26,
tortuosity,gpu,matrixfree,16,n200_b200_p060,200,2,0.6,0.600363,4802905,iters,18,1.394256966,1.645395218,0.1526309599,0.5149615308,6.487590793e-06,3,,pmeal-hpc,2026-08-11T14:13:26,
tortuosity,gpu,matrixfree,16,n200_b200_p060,200,2,0.6,0.600363,4802905,iters,33,1.645650362,1.645395218,0.0001550655291,0.658978475,7.3657793e-06,3,target_reached,pmeal-hpc,2026-08-11T14:13:26,
tortuosity,gpu,matrixfree,16,n200_b200_p080,200,2,0.8,0.800969,6407751,iters,1,0.0237019444,1.226770933,0.980679405,0.3641115649,0,3,,pmeal-hpc,2026-08-11T14:13:31,
tortuosity,gpu,matrixfree,16,n200_b200_p080,200,2,0.8,0.800969,6407751,iters,2,0.03059305408,1.226770933,0.97506213,0.375022691,2.152488613e-08,3,,pmeal-hpc,2026-08-11T14:13:31,
tortuosity,gpu,matrixfree,16,n200_b200_p080,200,2,0.8,0.800969,6407751,iters,3,0.05234923236,1.226770933,0.9573276225,0.386176288,8.511641452e-08,3,,pmeal-hpc,2026-08-11T14:13:31,
tortuosity,gpu,matrixfree,16,n200_b200_p080,200,2,0.8,0.800969,6407751,iters,6,0.2698885027,1.226770933,0.7800008988,0.4151730139,9.210635702e-07,3,,pmeal-hpc,2026-08-11T14:13:31,
tortuosity,gpu,matrixfree,16,n200_b200_p080,200,2,0.8,0.800969,6407751,iters,10,0.4079145244,1.226770933,0.6674892488,0.4557538939,7.721123351e-07,3,,pmeal-hpc,2026-08-11T14:13:31,
tortuosity,gpu,matrixfree,16,n200_b200_p080,200,2,0.8,0.800969,6407751,iters,18,1.268364961,1.226770933,0.0339052929,0.5326017579,1.768976803e-06,3,,pmeal-hpc,2026-08-11T14:13:31,
tortuosity,gpu,matrixfree,16,n200_b200_p080,200,2,0.8,0.800969,6407751,iters,33,1.224792387,1.226770933,0.001612808147,0.6724310429,1.580232683e-06,3,,pmeal-hpc,2026-08-11T14:13:31,
tortuosity,gpu,matrixfree,16,n200_b200_p080,200,2,0.8,0.800969,6407751,iters,59,1.226817226,1.226770933,3.7735685e-05,0.921318562,2.876380654e-06,3,target_reached,pmeal-hpc,2026-08-11T14:13:31,
tortuosity,gpu,matrixfree,16,n200_b200_p095,200,2,0.95,0.950886,7607091,iters,1,0.02286227136,1.045952896,0.9781421597,0.381509625,0,3,,pmeal-hpc,2026-08-11T14:13:35,
tortuosity,gpu,matrixfree,16,n200_b200_p095,200,2,0.95,0.950886,7607091,iters,2,0.02977081102,1.045952896,0.9715371398,0.392892686,3.173492983e-08,3,,pmeal-hpc,2026-08-11T14:13:35,
tortuosity,gpu,matrixfree,16,n200_b200_p095,200,2,0.95,0.950886,7607091,iters,3,0.05359351231,1.045952896,0.9487610651,0.4043673929,1.476692778e-07,3,,pmeal-hpc,2026-08-11T14:13:35,
tortuosity,gpu,matrixfree,16,n200_b200_p095,200,2,0.95,0.950886,7607091,iters,6,0.264947807,1.045952896,0.7466924104,0.4375752029,8.046569112e-07,3,,pmeal-hpc,2026-08-11T14:13:35,
tortuosity,gpu,matrixfree,16,n200_b200_p095,200,2,0.95,0.950886,7607091,iters,10,0.3806432548,1.045952896,0.6360799264,0.4781497861,9.736600599e-07,3,,pmeal-hpc,2026-08-11T14:13:35,
tortuosity,gpu,matrixfree,16,n200_b200_p095,200,2,0.95,0.950886,7607091,iters,18,1.265145599,1.045952896,0.2095626905,0.5626024739,4.783230237e-06,3,,pmeal-hpc,2026-08-11T14:13:35,
tortuosity,gpu,matrixfree,16,n200_b200_p095,200,2,0.95,0.950886,7607091,iters,33,1.043301851,1.045952896,0.002534574047,0.7121590009,2.182979377e-06,3,,pmeal-hpc,2026-08-11T14:13:35,
tortuosity,gpu,matrixfree,16,n200_b200_p095,200,2,0.95,0.950886,7607091,iters,59,1.045982121,1.045952896,2.794094285e-05,0.967411191,2.970920415e-06,3,target_reached,pmeal-hpc,2026-08-11T14:13:35,
tortuosity,gpu,matrixfree,16,n400_b050_p020,400,0.5,0.2,0.168664,10794487,iters,1,0.008115619565,9.103906374,0.9991085563,0.136746757,0,3,,pmeal-hpc,2026-08-11T16:31:37,
tortuosity,gpu,matrixfree,16,n400_b050_p020,400,0.5,0.2,0.168664,10794487,iters,2,0.01127816074,9.103906374,0.9987611735,0.143026156,6.572450967e-07,3,,pmeal-hpc,2026-08-11T16:31:37,
tortuosity,gpu,matrixfree,16,n400_b050_p020,400,0.5,0.2,0.168664,10794487,iters,3,0.02303957893,9.103906374,0.9974692645,0.149191009,7.432818889e-07,3,,pmeal-hpc,2026-08-11T16:31:37,
tortuosity,gpu,matrixfree,16,n400_b050_p020,400,0.5,0.2,0.168664,10794487,iters,6,0.1021906931,9.103906374,0.9887750721,0.1672182139,3.611859487e-06,3,,pmeal-hpc,2026-08-11T16:31:37,
tortuosity,gpu,matrixfree,16,n400_b050_p020,400,0.5,0.2,0.168664,10794487,iters,10,0.2088039744,9.103906374,0.9770643539,0.191338214,7.220363045e-06,3,,pmeal-hpc,2026-08-11T16:31:37,
tortuosity,gpu,matrixfree,16,n400_b050_p020,400,0.5,0.2,0.168664,10794487,iters,18,0.8576173739,9.103906374,0.9057967713,0.251501609,4.500234687e-05,3,,pmeal-hpc,2026-08-11T16:31:37,
tortuosity,gpu,matrixfree,16,n400_b050_p020,400,0.5,0.2,0.168664,10794487,iters,33,6.077093886,9.103906374,0.3324740352,0.3686057859,0.0003412834846,3,,pmeal-hpc,2026-08-11T16:31:37,
tortuosity,gpu,matrixfree,16,n400_b050_p020,400,0.5,0.2,0.168664,10794487,iters,59,9.225787281,9.103906374,0.01338775932,0.5710306969,0.0005466383251,3,,pmeal-hpc,2026-08-11T16:31:37,
tortuosity,gpu,matrixfree,16,n400_b050_p020,400,0.5,0.2,0.168664,10794487,iters,106,9.108985168,9.103906374,0.0005578697144,0.8788996869,0.0007041396844,3,target_reached,pmeal-hpc,2026-08-11T16:31:37,
tortuosity,gpu,matrixfree,16,n400_b050_p040,400,0.5,0.4,0.391726,25070495,iters,1,0.008639233799,2.60655752,0.9966855772,0.224285171,0,3,,pmeal-hpc,2026-08-11T16:31:53,
tortuosity,gpu,matrixfree,16,n400_b050_p040,400,0.5,0.4,0.391726,25070495,iters,2,0.01175019284,2.60655752,0.9954920646,0.238196467,2.331718525e-07,3,,pmeal-hpc,2026-08-11T16:31:53,
tortuosity,gpu,matrixfree,16,n400_b050_p040,400,0.5,0.4,0.391726,25070495,iters,3,0.02353072753,2.60655752,0.9909724887,0.252285731,6.574196893e-07,3,,pmeal-hpc,2026-08-11T16:31:53,
tortuosity,gpu,matrixfree,16,n400_b050_p040,400,0.5,0.4,0.391726,25070495,iters,6,0.1101061453,2.60655752,0.957758022,0.2973565679,1.825766501e-06,3,,pmeal-hpc,2026-08-11T16:31:53,
tortuosity,gpu,matrixfree,16,n400_b050_p040,400,0.5,0.4,0.391726,25070495,iters,10,0.2181715567,2.60655752,0.9162989671,0.365173156,6.264235023e-06,3,,pmeal-hpc,2026-08-11T16:31:53,
tortuosity,gpu,matrixfree,16,n400_b050_p040,400,0.5,0.4,0.391726,25070495,iters,18,0.7099238436,2.60655752,0.727639295,0.515979792,1.450220803e-05,3,,pmeal-hpc,2026-08-11T16:31:53,
tortuosity,gpu,matrixfree,16,n400_b050_p040,400,0.5,0.4,0.391726,25070495,iters,33,2.382826928,2.60655752,0.08583374439,0.7724014999,4.329725857e-05,3,,pmeal-hpc,2026-08-11T16:31:53,
tortuosity,gpu,matrixfree,16,n400_b050_p040,400,0.5,0.4,0.391726,25070495,iters,59,2.634508134,2.60655752,0.0107231909,1.164728129,5.462060138e-05,3,,pmeal-hpc,2026-08-11T16:31:53,
tortuosity,gpu,matrixfree,16,n400_b050_p040,400,0.5,0.4,0.391726,25070495,iters,106,2.607000688,2.60655752,0.0001700204858,1.940721364,6.438641244e-05,3,target_reached,pmeal-hpc,2026-08-11T16:31:53,
tortuosity,gpu,matrixfree,16,n400_b050_p060,400,0.5,0.6,0.60417,38666899,iters,1,0.0098330079,1.563851568,0.9937123138,0.307793604,0,3,,pmeal-hpc,2026-08-11T16:32:14,
tortuosity,gpu,matrixfree,16,n400_b050_p060,400,0.5,0.6,0.60417,38666899,iters,2,0.01311574502,1.563851568,0.9916131778,0.329742418,3.059822108e-07,3,,pmeal-hpc,2026-08-11T16:32:14,
tortuosity,gpu,matrixfree,16,n400_b050_p060,400,0.5,0.6,0.60417,38666899,iters,3,0.02615179551,1.563851568,0.9832773161,0.3531085199,8.450629601e-07,3,,pmeal-hpc,2026-08-11T16:32:14,
tortuosity,gpu,matrixfree,16,n400_b050_p060,400,0.5,0.6,0.60417,38666899,iters,6,0.1271732516,1.563851568,0.9186794615,0.4269035619,2.552860598e-06,3,,pmeal-hpc,2026-08-11T16:32:14,
tortuosity,gpu,matrixfree,16,n400_b050_p060,400,0.5,0.6,0.60417,38666899,iters,10,0.2683804916,1.563851568,0.828384933,0.5284893439,6.235235816e-06,3,,pmeal-hpc,2026-08-11T16:32:14,
tortuosity,gpu,matrixfree,16,n400_b050_p060,400,0.5,0.6,0.60417,38666899,iters,18,0.636473683,1.563851568,0.5930088916,0.737952521,1.607786433e-05,3,,pmeal-hpc,2026-08-11T16:32:14,
tortuosity,gpu,matrixfree,16,n400_b050_p060,400,0.5,0.6,0.60417,38666899,iters,33,1.502990697,1.563851568,0.03891729396,1.115898507,4.652402515e-05,3,,pmeal-hpc,2026-08-11T16:32:14,
tortuosity,gpu,matrixfree,16,n400_b050_p060,400,0.5,0.6,0.60417,38666899,iters,59,1.576245472,1.563851568,0.007925243162,1.709796829,4.898507754e-05,3,,pmeal-hpc,2026-08-11T16:32:14,
tortuosity,gpu,matrixfree,16,n400_b050_p060,400,0.5,0.6,0.60417,38666899,iters,106,1.564090957,1.563851568,0.0001530764798,2.792965006,4.692013154e-05,3,target_reached,pmeal-hpc,2026-08-11T16:32:14,
tortuosity,gpu,matrixfree,16,n400_b050_p080,400,0.5,0.8,0.809146,51785369,iters,1,0.01051636606,1.177273609,0.9910671861,0.443482545,0,3,,pmeal-hpc,2026-08-11T16:32:41,
tortuosity,gpu,matrixfree,16,n400_b050_p080,400,0.5,0.8,0.809146,51785369,iters,2,0.01380630841,1.177273609,0.9882726426,0.476041687,3.196301027e-07,3,,pmeal-hpc,2026-08-11T16:32:41,
tortuosity,gpu,matrixfree,16,n400_b050_p080,400,0.5,0.8,0.809146,51785369,iters,3,0.02766911476,1.177273609,0.9764972946,0.509714848,1.011888986e-06,3,,pmeal-hpc,2026-08-11T16:32:41,
tortuosity,gpu,matrixfree,16,n400_b050_p080,400,0.5,0.8,0.809146,51785369,iters,6,0.1347751333,1.177273609,0.8855192775,0.6206603898,2.421174917e-06,3,,pmeal-hpc,2026-08-11T16:32:41,
tortuosity,gpu,matrixfree,16,n400_b050_p080,400,0.5,0.8,0.809146,51785369,iters,10,0.2838250858,1.177273609,0.7589132351,0.7621366488,3.017480395e-06,3,,pmeal-hpc,2026-08-11T16:32:41,
tortuosity,gpu,matrixfree,16,n400_b050_p080,400,0.5,0.8,0.809146,51785369,iters,18,0.5750476893,1.177273609,0.5115428692,1.046328068,1.11009687e-05,3,,pmeal-hpc,2026-08-11T16:32:41,
tortuosity,gpu,matrixfree,16,n400_b050_p080,400,0.5,0.8,0.809146,51785369,iters,33,1.14875522,1.177273609,0.02422409579,1.554978011,2.832793511e-05,3,,pmeal-hpc,2026-08-11T16:32:41,
tortuosity,gpu,matrixfree,16,n400_b050_p080,400,0.5,0.8,0.809146,51785369,iters,59,1.182408138,1.177273609,0.004361372878,2.416790977,2.66034783e-05,3,,pmeal-hpc,2026-08-11T16:32:41,
tortuosity,gpu,matrixfree,16,n400_b050_p080,400,0.5,0.8,0.809146,51785369,iters,106,1.177316516,1.177273609,3.644640403e-05,3.945195843,2.832480494e-05,3,target_reached,pmeal-hpc,2026-08-11T16:32:41,
tortuosity,gpu,matrixfree,16,n400_b050_p095,400,0.5,0.95,0.949928,60795412,iters,1,0.0105315758,1.038538585,0.9898592349,0.539974891,0,3,,pmeal-hpc,2026-08-11T16:33:12,
tortuosity,gpu,matrixfree,16,n400_b050_p095,400,0.5,0.95,0.949928,60795412,iters,2,0.01369976533,1.038538585,0.9868086121,0.581263117,6.526956396e-08,3,,pmeal-hpc,2026-08-11T16:33:12,
tortuosity,gpu,matrixfree,16,n400_b050_p095,400,0.5,0.95,0.949928,60795412,iters,3,0.02827655336,1.038538585,0.9727727465,0.623046834,2.082693495e-07,3,,pmeal-hpc,2026-08-11T16:33:12,
tortuosity,gpu,matrixfree,16,n400_b050_p095,400,0.5,0.95,0.949928,60795412,iters,6,0.1348878249,1.038538585,0.8701176568,0.746233966,4.7022345e-07,3,,pmeal-hpc,2026-08-11T16:33:12,
tortuosity,gpu,matrixfree,16,n400_b050_p095,400,0.5,0.95,0.949928,60795412,iters,10,0.2949687362,1.038538585,0.7159771043,0.91376761,1.084528409e-06,3,,pmeal-hpc,2026-08-11T16:33:12,
tortuosity,gpu,matrixfree,16,n400_b050_p095,400,0.5,0.95,0.949928,60795412,iters,18,0.5349802489,1.038538585,0.4848720533,1.24739005,4.637627147e-06,3,,pmeal-hpc,2026-08-11T16:33:12,
tortuosity,gpu,matrixfree,16,n400_b050_p095,400,0.5,0.95,0.949928,60795412,iters,33,1.021735351,1.038538585,0.01617969164,1.857019556,1.033721625e-05,3,,pmeal-hpc,2026-08-11T16:33:12,
tortuosity,gpu,matrixfree,16,n400_b050_p095,400,0.5,0.95,0.949928,60795412,iters,59,1.04254015,1.038538585,0.003853072788,2.870137239,1.192211406e-05,3,,pmeal-hpc,2026-08-11T16:33:12,
tortuosity,gpu,matrixfree,16,n400_b050_p095,400,0.5,0.95,0.949928,60795412,iters,106,1.038536585,1.038538585,1.926004311e-06,4.772400987,1.21760281e-05,3,target_reached,pmeal-hpc,2026-08-11T16:33:12,
tortuosity,gpu,matrixfree,16,n400_b100_p020,400,1,0.2,0.183379,11736271,iters,1,0.008469641445,10.24145804,0.9991730043,0.144778288,0,3,,pmeal-hpc,2026-08-11T16:33:23,
tortuosity,gpu,matrixfree,16,n400_b100_p020,400,1,0.2,0.183379,11736271,iters,2,0.01189184507,10.24145804,0.9988388523,0.151475125,8.724920495e-07,3,,pmeal-hpc,2026-08-11T16:33:23,
tortuosity,gpu,matrixfree,16,n400_b100_p020,400,1,0.2,0.183379,11736271,iters,3,0.02127471565,10.24145804,0.9979226868,0.1590956271,1.592673919e-06,3,,pmeal-hpc,2026-08-11T16:33:23,
tortuosity,gpu,matrixfree,16,n400_b100_p020,400,1,0.2,0.183379,11736271,iters,6,0.1118392979,10.24145804,0.9890797485,0.1813139392,2.570126199e-06,3,,pmeal-hpc,2026-08-11T16:33:23,
tortuosity,gpu,matrixfree,16,n400_b100_p020,400,1,0.2,0.183379,11736271,iters,10,0.2100230311,10.24145804,0.9794928583,0.210978164,4.68956292e-06,3,,pmeal-hpc,2026-08-11T16:33:23,
tortuosity,gpu,matrixfree,16,n400_b100_p020,400,1,0.2,0.183379,11736271,iters,18,0.9100722639,10.24145804,0.9111384082,0.27626202,3.770023461e-05,3,,pmeal-hpc,2026-08-11T16:33:23,
tortuosity,gpu,matrixfree,16,n400_b100_p020,400,1,0.2,0.183379,11736271,iters,33,4.818407689,10.24145804,0.5295193643,0.4191201122,0.0001810042078,3,,pmeal-hpc,2026-08-11T16:33:23,
tortuosity,gpu,matrixfree,16,n400_b100_p020,400,1,0.2,0.183379,11736271,iters,59,10.33448989,10.24145804,0.009083848491,0.6190104822,0.0002916200275,3,,pmeal-hpc,2026-08-11T16:33:23,
tortuosity,gpu,matrixfree,16,n400_b100_p020,400,1,0.2,0.183379,11736271,iters,106,10.25011322,10.24145804,0.0008451122411,0.9619123262,0.0002227142876,3,target_reached,pmeal-hpc,2026-08-11T16:33:23,
tortuosity,gpu,matrixfree,16,n400_b100_p040,400,1,0.4,0.394417,25242705,iters,1,0.009813905027,2.558566376,0.9961642953,0.240057395,0,3,,pmeal-hpc,2026-08-11T16:33:39,
tortuosity,gpu,matrixfree,16,n400_b100_p040,400,1,0.4,0.394417,25242705,iters,2,0.01300167042,2.558566376,0.9949183767,0.2559786979,6.827420116e-07,3,,pmeal-hpc,2026-08-11T16:33:39,
tortuosity,gpu,matrixfree,16,n400_b100_p040,400,1,0.4,0.394417,25242705,iters,3,0.02290827764,2.558566376,0.99104644,0.275855311,1.510109842e-06,3,,pmeal-hpc,2026-08-11T16:33:39,
tortuosity,gpu,matrixfree,16,n400_b100_p040,400,1,0.4,0.394417,25242705,iters,6,0.1287610521,2.558566376,0.9496745313,0.327989572,5.368271901e-06,3,,pmeal-hpc,2026-08-11T16:33:39,
tortuosity,gpu,matrixfree,16,n400_b100_p040,400,1,0.4,0.394417,25242705,iters,10,0.2482483879,2.558566376,0.9029736378,0.399212845,8.259893114e-06,3,,pmeal-hpc,2026-08-11T16:33:39,
tortuosity,gpu,matrixfree,16,n400_b100_p040,400,1,0.4,0.394417,25242705,iters,18,0.7675539568,2.558566376,0.7000062363,0.5516454199,3.64710749e-05,3,,pmeal-hpc,2026-08-11T16:33:39,
tortuosity,gpu,matrixfree,16,n400_b100_p040,400,1,0.4,0.394417,25242705,iters,33,2.176629148,2.558566376,0.1492778269,0.8438325799,0.0001177554345,3,,pmeal-hpc,2026-08-11T16:33:39,
tortuosity,gpu,matrixfree,16,n400_b100_p040,400,1,0.4,0.394417,25242705,iters,59,2.580548627,2.558566376,0.008591628108,1.280685304,0.0001324772111,3,,pmeal-hpc,2026-08-11T16:33:39,
tortuosity,gpu,matrixfree,16,n400_b100_p040,400,1,0.4,0.394417,25242705,iters,106,2.559390397,2.558566376,0.0003220635874,2.171565417,0.0001302446752,3,target_reached,pmeal-hpc,2026-08-11T16:33:39,
tortuosity,gpu,matrixfree,16,n400_b100_p060,400,1,0.6,0.602502,38560157,iters,1,0.01078444778,1.558485087,0.9930801726,0.379882522,0,3,,pmeal-hpc,2026-08-11T16:34:01,
tortuosity,gpu,matrixfree,16,n400_b100_p060,400,1,0.6,0.602502,38560157,iters,2,0.01400926914,1.558485087,0.99101097,0.406312477,3.371866057e-08,3,,pmeal-hpc,2026-08-11T16:34:01,
tortuosity,gpu,matrixfree,16,n400_b100_p060,400,1,0.6,0.602502,38560157,iters,3,0.02586666442,1.558485087,0.9834026872,0.433871665,7.479353857e-07,3,,pmeal-hpc,2026-08-11T16:34:01,
tortuosity,gpu,matrixfree,16,n400_b100_p060,400,1,0.6,0.602502,38560157,iters,6,0.1386360858,1.558485087,0.9110443295,0.5153528329,7.783212666e-07,3,,pmeal-hpc,2026-08-11T16:34:01,
tortuosity,gpu,matrixfree,16,n400_b100_p060,400,1,0.6,0.602502,38560157,iters,10,0.2629894116,1.558485087,0.8312531741,0.633758059,1.897959653e-06,3,,pmeal-hpc,2026-08-11T16:34:01,
tortuosity,gpu,matrixfree,16,n400_b100_p060,400,1,0.6,0.602502,38560157,iters,18,0.6634579408,1.558485087,0.574293045,0.852442961,4.001314056e-06,3,,pmeal-hpc,2026-08-11T16:34:01,
tortuosity,gpu,matrixfree,16,n400_b100_p060,400,1,0.6,0.602502,38560157,iters,33,1.455140907,1.558485087,0.06631066368,1.256616575,6.846075337e-06,3,,pmeal-hpc,2026-08-11T16:34:01,
tortuosity,gpu,matrixfree,16,n400_b100_p060,400,1,0.6,0.602502,38560157,iters,59,1.568504494,1.558485087,0.006428940017,1.916128268,1.183047775e-05,3,,pmeal-hpc,2026-08-11T16:34:01,
tortuosity,gpu,matrixfree,16,n400_b100_p060,400,1,0.6,0.602502,38560157,iters,106,1.558524882,1.558485087,2.553441111e-05,3.100193014,1.648673225e-05,3,target_reached,pmeal-hpc,2026-08-11T16:34:01,
tortuosity,gpu,matrixfree,16,n400_b100_p080,400,1,0.8,0.807589,51685723,iters,1,0.0112711619,1.175919941,0.9904150261,0.512002773,0,3,,pmeal-hpc,2026-08-11T16:34:29,
tortuosity,gpu,matrixfree,16,n400_b100_p080,400,1,0.8,0.807589,51685723,iters,2,0.01452075888,1.175919941,0.9876515753,0.546687935,5.57560467e-08,3,,pmeal-hpc,2026-08-11T16:34:29,
tortuosity,gpu,matrixfree,16,n400_b100_p080,400,1,0.8,0.807589,51685723,iters,3,0.02793244032,1.175919941,0.9762463078,0.5833052429,1.03984632e-07,3,,pmeal-hpc,2026-08-11T16:34:29,
tortuosity,gpu,matrixfree,16,n400_b100_p080,400,1,0.8,0.807589,51685723,iters,6,0.1421775844,1.175919941,0.8790924625,0.6990269461,3.054590679e-07,3,,pmeal-hpc,2026-08-11T16:34:29,
tortuosity,gpu,matrixfree,16,n400_b100_p080,400,1,0.8,0.807589,51685723,iters,10,0.2763831393,1.175919941,0.7649643231,0.849453691,1.556791493e-06,3,,pmeal-hpc,2026-08-11T16:34:29,
tortuosity,gpu,matrixfree,16,n400_b100_p080,400,1,0.8,0.807589,51685723,iters,18,0.5882853323,1.175919941,0.499723313,1.152177526,5.855507794e-06,3,,pmeal-hpc,2026-08-11T16:34:29,
tortuosity,gpu,matrixfree,16,n400_b100_p080,400,1,0.8,0.807589,51685723,iters,33,1.132070483,1.175919941,0.03728949237,1.703028599,1.42746265e-05,3,,pmeal-hpc,2026-08-11T16:34:29,
tortuosity,gpu,matrixfree,16,n400_b100_p080,400,1,0.8,0.807589,51685723,iters,59,1.180319928,1.175919941,0.003741740245,2.627364193,1.284440518e-05,3,,pmeal-hpc,2026-08-11T16:34:29,
tortuosity,gpu,matrixfree,16,n400_b100_p080,400,1,0.8,0.807589,51685723,iters,106,1.175971447,1.175919941,4.380090472e-05,4.317968371,6.753380666e-06,3,target_reached,pmeal-hpc,2026-08-11T16:34:29,
tortuosity,gpu,matrixfree,16,n400_b100_p095,400,1,0.95,0.950994,60863603,iters,1,0.01105866845,1.036462383,0.9893303716,0.542643772,0,3,,pmeal-hpc,2026-08-11T16:34:59,
tortuosity,gpu,matrixfree,16,n400_b100_p095,400,1,0.95,0.950994,60863603,iters,2,0.01423611237,1.036462383,0.9862647091,0.583131491,3.061312043e-08,3,,pmeal-hpc,2026-08-11T16:34:59,
tortuosity,gpu,matrixfree,16,n400_b100_p095,400,1,0.95,0.950994,60863603,iters,3,0.02864192057,1.036462383,0.9723656922,0.6251530789,2.745849187e-07,3,,pmeal-hpc,2026-08-11T16:34:59,
tortuosity,gpu,matrixfree,16,n400_b100_p095,400,1,0.95,0.950994,60863603,iters,6,0.1400487495,1.036462383,0.8648781164,0.7502227339,1.29454849e-06,3,,pmeal-hpc,2026-08-11T16:34:59,
tortuosity,gpu,matrixfree,16,n400_b100_p095,400,1,0.95,0.950994,60863603,iters,10,0.2920855449,1.036462383,0.7181899221,0.9191791069,1.318223755e-06,3,,pmeal-hpc,2026-08-11T16:34:59,
tortuosity,gpu,matrixfree,16,n400_b100_p095,400,1,0.95,0.950994,60863603,iters,18,0.5445257698,1.036462383,0.4746304557,1.24488196,3.632714635e-06,3,,pmeal-hpc,2026-08-11T16:34:59,
tortuosity,gpu,matrixfree,16,n400_b100_p095,400,1,0.95,0.950994,60863603,iters,33,1.01282002,1.036462383,0.02281063269,1.846690936,8.856988259e-06,3,,pmeal-hpc,2026-08-11T16:34:59,
tortuosity,gpu,matrixfree,16,n400_b100_p095,400,1,0.95,0.950994,60863603,iters,59,1.039105537,1.036462383,0.002550168875,2.875582889,9.598947045e-06,3,,pmeal-hpc,2026-08-11T16:34:59,
tortuosity,gpu,matrixfree,16,n400_b100_p095,400,1,0.95,0.950994,60863603,iters,106,1.036527894,1.036462383,6.320674978e-05,4.744724505,1.188360614e-05,3,target_reached,pmeal-hpc,2026-08-11T16:34:59,
tortuosity,gpu,matrixfree,16,n400_b200_p020,400,2,0.2,0.18948,12126729,iters,1,0.008423897255,10.76863104,0.9992177374,0.207612148,0,3,,pmeal-hpc,2026-08-11T16:35:19,
tortuosity,gpu,matrixfree,16,n400_b200_p020,400,2,0.2,0.18948,12126729,iters,2,0.01149863453,10.76863104,0.9989322102,0.2200629381,4.91214356e-07,3,,pmeal-hpc,2026-08-11T16:35:19,
tortuosity,gpu,matrixfree,16,n400_b200_p020,400,2,0.2,0.18948,12126729,iters,3,0.01859710618,10.76863104,0.9982730297,0.2317808521,3.037572941e-07,3,,pmeal-hpc,2026-08-11T16:35:19,
tortuosity,gpu,matrixfree,16,n400_b200_p020,400,2,0.2,0.18948,12126729,iters,6,0.114607571,10.76863104,0.9893572757,0.268488578,3.3273784e-06,3,,pmeal-hpc,2026-08-11T16:35:19,
tortuosity,gpu,matrixfree,16,n400_b200_p020,400,2,0.2,0.18948,12126729,iters,10,0.2274337656,10.76863104,0.9788799742,0.3144869719,6.430147345e-06,3,,pmeal-hpc,2026-08-11T16:35:19,
tortuosity,gpu,matrixfree,16,n400_b200_p020,400,2,0.2,0.18948,12126729,iters,18,1.029243785,10.76863104,0.9044220402,0.407771088,4.836828264e-05,3,,pmeal-hpc,2026-08-11T16:35:19,
tortuosity,gpu,matrixfree,16,n400_b200_p020,400,2,0.2,0.18948,12126729,iters,33,3.824777309,10.76863104,0.6448223275,0.5838018171,0.0002012445134,3,,pmeal-hpc,2026-08-11T16:35:19,
tortuosity,gpu,matrixfree,16,n400_b200_p020,400,2,0.2,0.18948,12126729,iters,59,10.2037275,10.76863104,0.05245825045,0.8758168952,0.0005774409504,3,,pmeal-hpc,2026-08-11T16:35:19,
tortuosity,gpu,matrixfree,16,n400_b200_p020,400,2,0.2,0.18948,12126729,iters,106,10.74370441,10.76863104,0.002314744598,1.397980141,0.0005511051829,3,,pmeal-hpc,2026-08-11T16:35:19,
tortuosity,gpu,matrixfree,16,n400_b200_p020,400,2,0.2,0.18948,12126729,iters,189,10.75781458,10.76863104,0.001004441652,2.248967767,0.0003361694081,3,repeats_diverged,pmeal-hpc,2026-08-11T16:35:19,
tortuosity,gpu,matrixfree,16,n400_b200_p040,400,2,0.4,0.399236,25551094,iters,1,0.01005387604,2.608420127,0.9961456071,0.431947891,0,3,,pmeal-hpc,2026-08-11T16:35:39,
tortuosity,gpu,matrixfree,16,n400_b200_p040,400,2,0.4,0.399236,25551094,iters,2,0.01312876485,2.608420127,0.9949667752,0.458296497,1.929007822e-07,3,,pmeal-hpc,2026-08-11T16:35:39,
tortuosity,gpu,matrixfree,16,n400_b200_p040,400,2,0.4,0.399236,25551094,iters,3,0.02223254761,2.608420127,0.9914766232,0.484606173,5.177842287e-07,3,,pmeal-hpc,2026-08-11T16:35:39,
tortuosity,gpu,matrixfree,16,n400_b200_p040,400,2,0.4,0.399236,25551094,iters,6,0.1328864747,2.608420127,0.949054804,0.5719391771,2.72184859e-06,3,,pmeal-hpc,2026-08-11T16:35:39,
tortuosity,gpu,matrixfree,16,n400_b200_p040,400,2,0.4,0.399236,25551094,iters,10,0.2479976323,2.608420127,0.9049241993,0.6764743872,3.716042662e-06,3,,pmeal-hpc,2026-08-11T16:35:39,
tortuosity,gpu,matrixfree,16,n400_b200_p040,400,2,0.4,0.399236,25551094,iters,18,0.8196619523,2.608420127,0.6857630625,0.8773253292,1.989672244e-05,3,,pmeal-hpc,2026-08-11T16:35:39,
tortuosity,gpu,matrixfree,16,n400_b200_p040,400,2,0.4,0.399236,25551094,iters,33,2.086264444,2.608420127,0.200180821,1.252232857,4.820819695e-05,3,,pmeal-hpc,2026-08-11T16:35:39,
tortuosity,gpu,matrixfree,16,n400_b200_p040,400,2,0.4,0.399236,25551094,iters,59,2.639865365,2.608420127,0.0120552812,2.038100741,7.382223055e-05,3,,pmeal-hpc,2026-08-11T16:35:39,
tortuosity,gpu,matrixfree,16,n400_b200_p040,400,2,0.4,0.399236,25551094,iters,106,2.609459818,2.608420127,0.0003985902249,3.222043917,6.281499594e-05,3,target_reached,pmeal-hpc,2026-08-11T16:35:39,
tortuosity,gpu,matrixfree,16,n400_b200_p060,400,2,0.6,0.601874,38519921,iters,1,0.01126720357,1.574940918,0.9928459516,0.538205087,0,3,,pmeal-hpc,2026-08-11T16:36:04,
tortuosity,gpu,matrixfree,16,n400_b200_p060,400,2,0.6,0.601874,38519921,iters,2,0.01447079092,1.574940918,0.9908118516,0.5703725029,4.025240721e-07,3,,pmeal-hpc,2026-08-11T16:36:04,
tortuosity,gpu,matrixfree,16,n400_b200_p060,400,2,0.6,0.601874,38519921,iters,3,0.02552702111,1.574940918,0.9837917595,0.602021416,2.133902565e-07,3,,pmeal-hpc,2026-08-11T16:36:04,
tortuosity,gpu,matrixfree,16,n400_b200_p060,400,2,0.6,0.601874,38519921,iters,6,0.1415911644,1.574940918,0.9100974755,0.7038121819,4.433713015e-06,3,,pmeal-hpc,2026-08-11T16:36:04,
tortuosity,gpu,matrixfree,16,n400_b200_p060,400,2,0.6,0.601874,38519921,iters,10,0.2627601361,1.574940918,0.8331619091,0.8323059001,7.582238565e-06,3,,pmeal-hpc,2026-08-11T16:36:04,
tortuosity,gpu,matrixfree,16,n400_b200_p060,400,2,0.6,0.601874,38519921,iters,18,0.6957294193,1.574940918,0.5582504643,1.0936912,2.417024074e-05,3,,pmeal-hpc,2026-08-11T16:36:04,
tortuosity,gpu,matrixfree,16,n400_b200_p060,400,2,0.6,0.601874,38519921,iters,33,1.433664622,1.574940918,0.08970260021,1.58224864,6.107882332e-05,3,,pmeal-hpc,2026-08-11T16:36:04,
tortuosity,gpu,matrixfree,16,n400_b200_p060,400,2,0.6,0.601874,38519921,iters,59,1.584705017,1.574940918,0.006199660544,2.412057102,6.353416902e-05,3,,pmeal-hpc,2026-08-11T16:36:04,
tortuosity,gpu,matrixfree,16,n400_b200_p060,400,2,0.6,0.601874,38519921,iters,106,1.574797845,1.574940918,9.084345287e-05,3.885028032,6.353017099e-05,3,target_reached,pmeal-hpc,2026-08-11T16:36:04,
tortuosity,gpu,matrixfree,16,n400_b200_p080,400,2,0.8,0.802397,51353403,iters,1,0.01181448096,1.199127461,0.9901474352,0.552505265,0,3,,pmeal-hpc,2026-08-11T16:36:32,
tortuosity,gpu,matrixfree,16,n400_b200_p080,400,2,0.8,0.802397,51353403,iters,2,0.01507878195,1.199127461,0.987425205,0.590944158,8.79943608e-08,3,,pmeal-hpc,2026-08-11T16:36:32,
tortuosity,gpu,matrixfree,16,n400_b200_p080,400,2,0.8,0.802397,51353403,iters,3,0.02760104335,1.199127461,0.9769823941,0.628748471,2.477238403e-07,3,,pmeal-hpc,2026-08-11T16:36:32,
tortuosity,gpu,matrixfree,16,n400_b200_p080,400,2,0.8,0.802397,51353403,iters,6,0.1456286514,1.199127461,0.8785544856,0.7470197241,5.39077902e-07,3,,pmeal-hpc,2026-08-11T16:36:32,
tortuosity,gpu,matrixfree,16,n400_b200_p080,400,2,0.8,0.802397,51353403,iters,10,0.2732006327,1.199127461,0.7721671452,0.8999480391,2.825427552e-06,3,,pmeal-hpc,2026-08-11T16:36:32,
tortuosity,gpu,matrixfree,16,n400_b200_p080,400,2,0.8,0.802397,51353403,iters,18,0.6073137911,1.199127461,0.4935369167,1.216488183,2.850846882e-06,3,,pmeal-hpc,2026-08-11T16:36:32,
tortuosity,gpu,matrixfree,16,n400_b200_p080,400,2,0.8,0.802397,51353403,iters,33,1.138634414,1.199127461,0.05044755405,1.788347102,9.474894987e-07,3,,pmeal-hpc,2026-08-11T16:36:32,
tortuosity,gpu,matrixfree,16,n400_b200_p080,400,2,0.8,0.802397,51353403,iters,59,1.203774451,1.199127461,0.003875309489,2.811780698,1.06590226e-07,3,,pmeal-hpc,2026-08-11T16:36:32,
tortuosity,gpu,matrixfree,16,n400_b200_p080,400,2,0.8,0.802397,51353403,iters,106,1.198895933,1.199127461,0.0001930807956,4.52850054,1.572164471e-06,3,target_reached,pmeal-hpc,2026-08-11T16:36:32,
tortuosity,gpu,matrixfree,16,n400_b200_p095,400,2,0.95,0.950293,60818722,iters,1,0.01145424347,1.041214741,0.9889991536,0.5460190891,0,3,,pmeal-hpc,2026-08-11T16:37:03,
tortuosity,gpu,matrixfree,16,n400_b200_p095,400,2,0.95,0.950293,60818722,iters,2,0.0146718482,1.041214741,0.9859089123,0.5872527051,9.043347409e-08,3,,pmeal-hpc,2026-08-11T16:37:03,
tortuosity,gpu,matrixfree,16,n400_b200_p095,400,2,0.95,0.950293,60818722,iters,3,0.02840810465,1.041214741,0.9727163826,0.6278974171,3.009355135e-07,3,,pmeal-hpc,2026-08-11T16:37:03,
tortuosity,gpu,matrixfree,16,n400_b200_p095,400,2,0.95,0.950293,60818722,iters,6,0.1431023227,1.041214741,0.862562143,0.756037306,1.780302956e-06,3,,pmeal-hpc,2026-08-11T16:37:03,
tortuosity,gpu,matrixfree,16,n400_b200_p095,400,2,0.95,0.950293,60818722,iters,10,0.2839125907,1.041214741,0.7273256135,0.922555134,7.550178257e-07,3,,pmeal-hpc,2026-08-11T16:37:03,
tortuosity,gpu,matrixfree,16,n400_b200_p095,400,2,0.95,0.950293,60818722,iters,18,0.5512404026,1.041214741,0.4705795252,1.263567422,2.664511014e-06,3,,pmeal-hpc,2026-08-11T16:37:03,
tortuosity,gpu,matrixfree,16,n400_b200_p095,400,2,0.95,0.950293,60818722,iters,33,1.014169859,1.041214741,0.02597435556,1.86307331,9.867222158e-06,3,,pmeal-hpc,2026-08-11T16:37:03,
tortuosity,gpu,matrixfree,16,n400_b200_p095,400,2,0.95,0.950293,60818722,iters,59,1.043960318,1.041214741,0.002636897866,2.890300994,7.770177643e-06,3,,pmeal-hpc,2026-08-11T16:37:03,
tortuosity,gpu,matrixfree,16,n400_b200_p095,400,2,0.95,0.950293,60818722,iters,106,1.041176455,1.041214741,3.677098098e-05,4.77075506,6.117780069e-06,3,target_reached,pmeal-hpc,2026-08-11T16:37:03,
tortuosity,gpu,matrixfree,16,n600_b050_p020,600,0.5,0.2,0.156443,33791688,iters,1,0.005272327548,23.43955199,0.9997750671,0.423575383,0,3,,pmeal-hpc,2026-08-12T02:12:43,
tortuosity,gpu,matrixfree,16,n600_b050_p020,600,0.5,0.2,0.156443,33791688,iters,2,0.007420517006,23.43955199,0.999683419,0.441777616,6.700240467e-07,3,,pmeal-hpc,2026-08-12T02:12:44,
tortuosity,gpu,matrixfree,16,n600_b050_p020,600,0.5,0.2,0.156443,33791688,iters,3,0.01575355012,23.43955199,0.9993279074,0.460001641,2.777119986e-06,3,,pmeal-hpc,2026-08-12T02:12:44,
tortuosity,gpu,matrixfree,16,n600_b050_p020,600,0.5,0.2,0.156443,33791688,iters,6,0.06501681048,23.43955199,0.9972261923,0.525104276,7.517602428e-06,3,,pmeal-hpc,2026-08-12T02:12:44,
tortuosity,gpu,matrixfree,16,n600_b050_p020,600,0.5,0.2,0.156443,33791688,iters,10,0.1527535504,23.43955199,0.9934830857,0.611987896,1.546770059e-05,3,,pmeal-hpc,2026-08-12T02:12:44,
tortuosity,gpu,matrixfree,16,n600_b050_p020,600,0.5,0.2,0.156443,33791688,iters,18,0.6409121393,23.43955199,0.9726568093,0.7848134551,6.798044285e-05,3,,pmeal-hpc,2026-08-12T02:12:44,
tortuosity,gpu,matrixfree,16,n600_b050_p020,600,0.5,0.2,0.156443,33791688,iters,33,2.001349491,23.43955199,0.9146165639,1.070702483,0.0002883478076,3,,pmeal-hpc,2026-08-12T02:12:44,
tortuosity,gpu,matrixfree,16,n600_b050_p020,600,0.5,0.2,0.156443,33791688,iters,59,19.57398752,23.43955199,0.164916312,1.534705851,0.002688134785,3,,pmeal-hpc,2026-08-12T02:12:44,
tortuosity,gpu,matrixfree,16,n600_b050_p020,600,0.5,0.2,0.156443,33791688,iters,106,24.02213056,23.43955199,0.02485450951,2.413107307,0.003347709748,3,,pmeal-hpc,2026-08-12T02:12:44,
tortuosity,gpu,matrixfree,16,n600_b050_p020,600,0.5,0.2,0.156443,33791688,iters,189,23.34239659,23.43955199,0.004144934187,4.01604453,0.002591660747,3,,pmeal-hpc,2026-08-12T02:12:44,
tortuosity,gpu,matrixfree,16,n600_b050_p020,600,0.5,0.2,0.156443,33791688,iters,339,23.37946433,23.43955199,0.002563515598,6.65438618,0.002746469529,3,,pmeal-hpc,2026-08-12T02:12:44,
tortuosity,gpu,matrixfree,16,n600_b050_p020,600,0.5,0.2,0.156443,33791688,iters,607,23.37946745,23.43955199,0.002563382549,10.38002201,0.002746469895,3,,pmeal-hpc,2026-08-12T02:12:44,
tortuosity,gpu,matrixfree,16,n600_b050_p020,600,0.5,0.2,0.156443,33791688,iters,1086,23.37946745,23.43955199,0.002563382549,10.38002201,0.002746469895,3,,pmeal-hpc,2026-08-12T02:12:44,
tortuosity,gpu,matrixfree,16,n600_b050_p020,600,0.5,0.2,0.156443,33791688,iters,1945,23.37946745,23.43955199,0.002563382549,10.38002201,0.002746469895,3,,pmeal-hpc,2026-08-12T02:12:44,
tortuosity,gpu,matrixfree,16,n600_b050_p020,600,0.5,0.2,0.156443,33791688,iters,3484,23.37946745,23.43955199,0.002563382549,10.38002201,0.002746469895,3,,pmeal-hpc,2026-08-12T02:12:44,
tortuosity,gpu,matrixfree,16,n600_b050_p020,600,0.5,0.2,0.156443,33791688,iters,6238,23.37946745,23.43955199,0.002563382549,10.38002201,0.002746469895,3,,pmeal-hpc,2026-08-12T02:12:44,
tortuosity,gpu,matrixfree,16,n600_b050_p020,600,0.5,0.2,0.156443,33791688,iters,11169,23.37946745,23.43955199,0.002563382549,10.38002201,0.002746469895,3,,pmeal-hpc,2026-08-12T02:12:44,
tortuosity,gpu,matrixfree,16,n600_b050_p020,600,0.5,0.2,0.156443,33791688,iters,20000,23.37946745,23.43955199,0.002563382549,10.38002201,0.002746469895,3,ladder_exhausted,pmeal-hpc,2026-08-12T02:12:44,
tortuosity,gpu,matrixfree,16,n600_b050_p040,600,0.5,0.4,0.393651,85028549,iters,1,0.005424514474,2.911720482,0.9981370071,0.5261255481,0,3,,pmeal-hpc,2026-08-12T02:13:30,
tortuosity,gpu,matrixfree,16,n600_b050_p040,600,0.5,0.4,0.393651,85028549,iters,2,0.007344477889,2.911720482,0.9974776157,0.5704568701,5.878495613e-07,3,,pmeal-hpc,2026-08-12T02:13:30,
tortuosity,gpu,matrixfree,16,n600_b050_p040,600,0.5,0.4,0.393651,85028549,iters,3,0.01489565713,2.911720482,0.9948842421,0.6152214651,3.75158115e-06,3,,pmeal-hpc,2026-08-12T02:13:30,
tortuosity,gpu,matrixfree,16,n600_b050_p040,600,0.5,0.4,0.393651,85028549,iters,6,0.0678534547,2.911720482,0.9766964394,0.7532910372,2.713142002e-06,3,,pmeal-hpc,2026-08-12T02:13:30,
tortuosity,gpu,matrixfree,16,n600_b050_p040,600,0.5,0.4,0.393651,85028549,iters,10,0.1335765502,2.911720482,0.9541245284,0.9106405951,6.8931293e-06,3,,pmeal-hpc,2026-08-12T02:13:30,
tortuosity,gpu,matrixfree,16,n600_b050_p040,600,0.5,0.4,0.393651,85028549,iters,18,0.5927045847,2.911720482,0.7964417985,1.224918265,2.889395049e-05,3,,pmeal-hpc,2026-08-12T02:13:30,
tortuosity,gpu,matrixfree,16,n600_b050_p040,600,0.5,0.4,0.393651,85028549,iters,33,1.207802128,2.911720482,0.585192969,1.820199686,5.395991843e-05,3,,pmeal-hpc,2026-08-12T02:13:30,
tortuosity,gpu,matrixfree,16,n600_b050_p040,600,0.5,0.4,0.393651,85028549,iters,59,2.773766608,2.911720482,0.04737881773,2.852734973,0.0001307305627,3,,pmeal-hpc,2026-08-12T02:13:30,
tortuosity,gpu,matrixfree,16,n600_b050_p040,600,0.5,0.4,0.393651,85028549,iters,106,2.913006967,2.911720482,0.000441829847,4.704880343,0.0001331082032,3,target_reached,pmeal-hpc,2026-08-12T02:13:30,
tortuosity,gpu,matrixfree,16,n600_b050_p060,600,0.5,0.6,0.603327,130318526,iters,1,0.006485946473,1.644772466,0.99605663,0.660453468,0,3,,pmeal-hpc,2026-08-12T02:14:28,
tortuosity,gpu,matrixfree,16,n600_b050_p060,600,0.5,0.6,0.603327,130318526,iters,2,0.008513872833,1.644772466,0.9948236774,0.724127471,1.050943985e-06,3,,pmeal-hpc,2026-08-12T02:14:28,
tortuosity,gpu,matrixfree,16,n600_b050_p060,600,0.5,0.6,0.603327,130318526,iters,3,0.01759422576,1.644772466,0.9893029424,0.79428903,1.028750826e-06,3,,pmeal-hpc,2026-08-12T02:14:28,
tortuosity,gpu,matrixfree,16,n600_b050_p060,600,0.5,0.6,0.603327,130318526,iters,6,0.08403579355,1.644772466,0.9489073442,0.995237657,7.983908577e-06,3,,pmeal-hpc,2026-08-12T02:14:28,
tortuosity,gpu,matrixfree,16,n600_b050_p060,600,0.5,0.6,0.603327,130318526,iters,10,0.1841094786,1.644772466,0.8880638615,1.241235519,1.907651338e-05,3,,pmeal-hpc,2026-08-12T02:14:28,
tortuosity,gpu,matrixfree,16,n600_b050_p060,600,0.5,0.6,0.603327,130318526,iters,18,0.6313224775,1.644772466,0.6161642473,1.751874946,7.791459874e-05,3,,pmeal-hpc,2026-08-12T02:14:28,
tortuosity,gpu,matrixfree,16,n600_b050_p060,600,0.5,0.6,0.603327,130318526,iters,33,0.9442227707,1.644772466,0.4259249895,2.653934287,0.000122263283,3,,pmeal-hpc,2026-08-12T02:14:28,
tortuosity,gpu,matrixfree,16,n600_b050_p060,600,0.5,0.6,0.603327,130318526,iters,59,1.59805208,1.644772466,0.02840537937,4.24895507,0.0002165910501,3,,pmeal-hpc,2026-08-12T02:14:28,
tortuosity,gpu,matrixfree,16,n600_b050_p060,600,0.5,0.6,0.603327,130318526,iters,106,1.645992774,1.644772466,0.0007419310307,7.175757603,0.0002102243921,3,target_reached,pmeal-hpc,2026-08-12T02:14:28,
tortuosity,gpu,matrixfree,16,n600_b050_p080,600,0.5,0.8,0.801395,173101417,iters,1,0.007204941402,1.207519104,0.9940332692,0.794950928,0,3,,pmeal-hpc,2026-08-12T02:15:40,
tortuosity,gpu,matrixfree,16,n600_b050_p080,600,0.5,0.8,0.801395,173101417,iters,2,0.009326865175,1.207519104,0.9922760103,0.8827868169,3.311728788e-07,3,,pmeal-hpc,2026-08-12T02:15:40,
tortuosity,gpu,matrixfree,16,n600_b050_p080,600,0.5,0.8,0.801395,173101417,iters,3,0.01930990742,1.207519104,0.9840086112,0.9796244319,3.014128873e-07,3,,pmeal-hpc,2026-08-12T02:15:40,
tortuosity,gpu,matrixfree,16,n600_b050_p080,600,0.5,0.8,0.801395,173101417,iters,6,0.09248669368,1.207519104,0.9234076766,1.259944041,3.065750225e-06,3,,pmeal-hpc,2026-08-12T02:15:40,
tortuosity,gpu,matrixfree,16,n600_b050_p080,600,0.5,0.8,0.801395,173101417,iters,10,0.1962479848,1.207519104,0.8374783603,1.61207479,7.635725523e-06,3,,pmeal-hpc,2026-08-12T02:15:40,
tortuosity,gpu,matrixfree,16,n600_b050_p080,600,0.5,0.8,0.801395,173101417,iters,18,0.6270569502,1.207519104,0.4807063937,2.317577107,2.868863254e-05,3,,pmeal-hpc,2026-08-12T02:15:40,
tortuosity,gpu,matrixfree,16,n600_b050_p080,600,0.5,0.8,0.801395,173101417,iters,33,0.7852673263,1.207519104,0.3496853808,3.612969261,2.892478473e-05,3,,pmeal-hpc,2026-08-12T02:15:40,
tortuosity,gpu,matrixfree,16,n600_b050_p080,600,0.5,0.8,0.801395,173101417,iters,59,1.185932264,1.207519104,0.01787701725,5.85499772,4.623973308e-05,3,,pmeal-hpc,2026-08-12T02:15:40,
tortuosity,gpu,matrixfree,16,n600_b050_p080,600,0.5,0.8,0.801395,173101417,iters,106,1.208232441,1.207519104,0.0005907462819,9.90575284,4.640336836e-05,3,target_reached,pmeal-hpc,2026-08-12T02:15:40,
tortuosity,gpu,matrixfree,16,n600_b050_p095,600,0.5,0.95,0.949611,205116041,iters,1,0.007372512988,1.036289257,0.9928856611,0.915795882,0,3,,pmeal-hpc,2026-08-12T02:17:01,
tortuosity,gpu,matrixfree,16,n600_b050_p095,600,0.5,0.95,0.949611,205116041,iters,2,0.009520264467,1.036289257,0.9908131206,1.022064081,2.677496217e-07,3,,pmeal-hpc,2026-08-12T02:17:01,
tortuosity,gpu,matrixfree,16,n600_b050_p095,600,0.5,0.95,0.949611,205116041,iters,3,0.01971273778,1.036289257,0.980977572,1.122752451,1.191403629e-06,3,,pmeal-hpc,2026-08-12T02:17:01,
tortuosity,gpu,matrixfree,16,n600_b050_p095,600,0.5,0.95,0.949611,205116041,iters,6,0.09349716907,1.036289257,0.9097769581,1.465430655,3.491754325e-06,3,,pmeal-hpc,2026-08-12T02:17:01,
tortuosity,gpu,matrixfree,16,n600_b050_p095,600,0.5,0.95,0.949611,205116041,iters,10,0.2044362974,1.036289257,0.8027227476,1.885207879,7.858262485e-06,3,,pmeal-hpc,2026-08-12T02:17:01,
tortuosity,gpu,matrixfree,16,n600_b050_p095,600,0.5,0.95,0.949611,205116041,iters,18,0.6049322105,1.036289257,0.4162515857,2.728846897,2.36704755e-05,3,,pmeal-hpc,2026-08-12T02:17:01,
tortuosity,gpu,matrixfree,16,n600_b050_p095,600,0.5,0.95,0.949611,205116041,iters,33,0.7045062914,1.036289257,0.3201644361,4.32538702,2.745047345e-05,3,,pmeal-hpc,2026-08-12T02:17:01,
tortuosity,gpu,matrixfree,16,n600_b050_p095,600,0.5,0.95,0.949611,205116041,iters,59,1.027794817,1.036289257,0.00819697804,7.09026247,5.078166921e-05,3,,pmeal-hpc,2026-08-12T02:17:01,
tortuosity,gpu,matrixfree,16,n600_b050_p095,600,0.5,0.95,0.949611,205116041,iters,106,1.036444382,1.036289257,0.0001496924329,12.064681,4.889860752e-05,3,target_reached,pmeal-hpc,2026-08-12T02:17:01,
tortuosity,gpu,matrixfree,16,n600_b100_p020,600,1,0.2,0.186121,40202032,iters,1,0.005621480061,12.53312864,0.9995514703,0.434900192,0,3,,pmeal-hpc,2026-08-12T02:18:36,
tortuosity,gpu,matrixfree,16,n600_b100_p020,600,1,0.2,0.186121,40202032,iters,2,0.007742358274,12.53312864,0.9993822486,0.457713241,7.552457625e-07,3,,pmeal-hpc,2026-08-12T02:18:36,
tortuosity,gpu,matrixfree,16,n600_b100_p020,600,1,0.2,0.186121,40202032,iters,3,0.01415170562,12.53312864,0.9988708561,0.480717398,1.811692835e-06,3,,pmeal-hpc,2026-08-12T02:18:36,
tortuosity,gpu,matrixfree,16,n600_b100_p020,600,1,0.2,0.186121,40202032,iters,6,0.07126196733,12.53312864,0.9943141119,0.55175507,4.434894789e-06,3,,pmeal-hpc,2026-08-12T02:18:36,
tortuosity,gpu,matrixfree,16,n600_b100_p020,600,1,0.2,0.186121,40202032,iters,10,0.1369129436,12.53312864,0.9890759165,0.646712955,1.668520513e-05,3,,pmeal-hpc,2026-08-12T02:18:36,
tortuosity,gpu,matrixfree,16,n600_b100_p020,600,1,0.2,0.186121,40202032,iters,18,0.6266923928,12.53312864,0.9499971307,0.8303190061,7.856528423e-05,3,,pmeal-hpc,2026-08-12T02:18:36,
tortuosity,gpu,matrixfree,16,n600_b100_p020,600,1,0.2,0.186121,40202032,iters,33,1.819206528,12.53312864,0.8548481724,1.14996023,0.000262721722,3,,pmeal-hpc,2026-08-12T02:18:36,
tortuosity,gpu,matrixfree,16,n600_b100_p020,600,1,0.2,0.186121,40202032,iters,59,10.30594208,12.53312864,0.1777039578,1.686680566,0.001770827181,3,,pmeal-hpc,2026-08-12T02:18:36,
tortuosity,gpu,matrixfree,16,n600_b100_p020,600,1,0.2,0.186121,40202032,iters,106,12.69791038,12.53312864,0.01314769367,2.6665996,0.002130505333,3,,pmeal-hpc,2026-08-12T02:18:36,
tortuosity,gpu,matrixfree,16,n600_b100_p020,600,1,0.2,0.186121,40202032,iters,189,12.47519155,12.53312864,0.004622715904,4.396130907,0.002106032786,3,,pmeal-hpc,2026-08-12T02:18:36,
tortuosity,gpu,matrixfree,16,n600_b100_p020,600,1,0.2,0.186121,40202032,iters,339,12.54568089,12.53312864,0.001001525511,7.524343013,0.002271593543,3,repeats_diverged,pmeal-hpc,2026-08-12T02:18:36,
tortuosity,gpu,matrixfree,16,n600_b100_p040,600,1,0.4,0.400067,86414504,iters,1,0.006607294556,2.584229768,0.9974432248,0.574463894,0,3,,pmeal-hpc,2026-08-12T02:19:37,
tortuosity,gpu,matrixfree,16,n600_b100_p040,600,1,0.4,0.400067,86414504,iters,2,0.008732595596,2.584229768,0.996620813,0.6204219101,8.139387182e-07,3,,pmeal-hpc,2026-08-12T02:19:37,
tortuosity,gpu,matrixfree,16,n600_b100_p040,600,1,0.4,0.400067,86414504,iters,3,0.01609511441,2.584229768,0.9937717944,0.666073853,1.748643249e-06,3,,pmeal-hpc,2026-08-12T02:19:37,
tortuosity,gpu,matrixfree,16,n600_b100_p040,600,1,0.4,0.400067,86414504,iters,6,0.08546513396,2.584229768,0.9669281985,0.8082383689,5.099566396e-06,3,,pmeal-hpc,2026-08-12T02:19:37,
tortuosity,gpu,matrixfree,16,n600_b100_p040,600,1,0.4,0.400067,86414504,iters,10,0.1717137568,2.584229768,0.9335532162,0.978178417,1.288342632e-05,3,,pmeal-hpc,2026-08-12T02:19:37,
tortuosity,gpu,matrixfree,16,n600_b100_p040,600,1,0.4,0.400067,86414504,iters,18,0.649840973,2.584229768,0.7485359154,1.318722686,5.057877827e-05,3,,pmeal-hpc,2026-08-12T02:19:37,
tortuosity,gpu,matrixfree,16,n600_b100_p040,600,1,0.4,0.400067,86414504,iters,33,1.237735781,2.584229768,0.5210426735,1.958281485,0.0001032602464,3,,pmeal-hpc,2026-08-12T02:19:37,
tortuosity,gpu,matrixfree,16,n600_b100_p040,600,1,0.4,0.400067,86414504,iters,59,2.463935503,2.584229768,0.04654936914,3.067511834,0.0002285600732,3,,pmeal-hpc,2026-08-12T02:19:37,
tortuosity,gpu,matrixfree,16,n600_b100_p040,600,1,0.4,0.400067,86414504,iters,106,2.588312113,2.584229768,0.0015797145,5.048777094,0.0002204793958,3,,pmeal-hpc,2026-08-12T02:19:37,
tortuosity,gpu,matrixfree,16,n600_b100_p040,600,1,0.4,0.400067,86414504,iters,189,2.582433133,2.584229768,0.0006952305164,8.533369303,0.0002237604919,3,target_reached,pmeal-hpc,2026-08-12T02:19:37,
tortuosity,gpu,matrixfree,16,n600_b100_p060,600,1,0.6,0.601152,129848851,iters,1,0.007181370698,1.574643825,0.9954393682,0.776039631,0,3,,pmeal-hpc,2026-08-12T02:20:37,
tortuosity,gpu,matrixfree,16,n600_b100_p060,600,1,0.6,0.601152,129848851,iters,2,0.009328798939,1.574643825,0.9940756133,0.850203997,3.583201441e-07,3,,pmeal-hpc,2026-08-12T02:20:37,
tortuosity,gpu,matrixfree,16,n600_b100_p060,600,1,0.6,0.601152,129848851,iters,3,0.01832672475,1.574643825,0.9883613523,0.920336856,1.833562226e-06,3,,pmeal-hpc,2026-08-12T02:20:37,
tortuosity,gpu,matrixfree,16,n600_b100_p060,600,1,0.6,0.601152,129848851,iters,6,0.09249790546,1.574643825,0.941257887,1.143241166,4.368557919e-06,3,,pmeal-hpc,2026-08-12T02:20:37,
tortuosity,gpu,matrixfree,16,n600_b100_p060,600,1,0.6,0.601152,129848851,iters,10,0.1821470677,1.574643825,0.884324909,1.406760278,1.011317931e-05,3,,pmeal-hpc,2026-08-12T02:20:37,
tortuosity,gpu,matrixfree,16,n600_b100_p060,600,1,0.6,0.601152,129848851,iters,18,0.643951375,1.574643825,0.5910495029,1.941793058,2.55132157e-05,3,,pmeal-hpc,2026-08-12T02:20:37,
tortuosity,gpu,matrixfree,16,n600_b100_p060,600,1,0.6,0.601152,129848851,iters,33,0.9482643398,1.574643825,0.3977912181,2.91387743,6.344701646e-05,3,,pmeal-hpc,2026-08-12T02:20:37,
tortuosity,gpu,matrixfree,16,n600_b100_p060,600,1,0.6,0.601152,129848851,iters,59,1.52770028,1.574643825,0.02981216739,4.636521958,9.920961152e-05,3,,pmeal-hpc,2026-08-12T02:20:37,
tortuosity,gpu,matrixfree,16,n600_b100_p060,600,1,0.6,0.601152,129848851,iters,106,1.576141073,1.574643825,0.0009508488554,7.748306741,9.329096691e-05,3,target_reached,pmeal-hpc,2026-08-12T02:20:37,
tortuosity,gpu,matrixfree,16,n600_b100_p080,600,1,0.8,0.800675,172945908,iters,1,0.007623045801,1.194292393,0.9936171026,0.875976614,0,3,,pmeal-hpc,2026-08-12T02:21:49,
tortuosity,gpu,matrixfree,16,n600_b100_p080,600,1,0.8,0.800675,172945908,iters,2,0.009811341981,1.194292393,0.9917848074,0.9613421439,3.988744488e-07,3,,pmeal-hpc,2026-08-12T02:21:49,
tortuosity,gpu,matrixfree,16,n600_b100_p080,600,1,0.8,0.800675,172945908,iters,3,0.01954610159,1.194292393,0.9836337385,1.064449075,2.71138456e-06,3,,pmeal-hpc,2026-08-12T02:21:49,
tortuosity,gpu,matrixfree,16,n600_b100_p080,600,1,0.8,0.800675,172945908,iters,6,0.09620023244,1.194292393,0.9194500166,1.355608126,5.460234397e-06,3,,pmeal-hpc,2026-08-12T02:21:49,
tortuosity,gpu,matrixfree,16,n600_b100_p080,600,1,0.8,0.800675,172945908,iters,10,0.1939210172,1.194292393,0.8376268506,1.713549743,7.232272838e-06,3,,pmeal-hpc,2026-08-12T02:21:49,
tortuosity,gpu,matrixfree,16,n600_b100_p080,600,1,0.8,0.800675,172945908,iters,18,0.6252457285,1.194292393,0.4764718153,2.43617428,2.895190172e-05,3,,pmeal-hpc,2026-08-12T02:21:49,
tortuosity,gpu,matrixfree,16,n600_b100_p080,600,1,0.8,0.800675,172945908,iters,33,0.7905831876,1.194292393,0.3380321333,3.760559827,3.005014176e-05,3,,pmeal-hpc,2026-08-12T02:21:49,
tortuosity,gpu,matrixfree,16,n600_b100_p080,600,1,0.8,0.800675,172945908,iters,59,1.17167554,1.194292393,0.01893745002,6.079034601,5.348004771e-05,3,,pmeal-hpc,2026-08-12T02:21:49,
tortuosity,gpu,matrixfree,16,n600_b100_p080,600,1,0.8,0.800675,172945908,iters,106,1.195416555,1.194292393,0.0009412788387,10.3125357,4.929593001e-05,3,target_reached,pmeal-hpc,2026-08-12T02:21:49,
tortuosity,gpu,matrixfree,16,n600_b100_p095,600,1,0.95,0.950634,205336897,iters,1,0.007480495601,1.038559849,0.9927972417,0.898811021,0,3,,pmeal-hpc,2026-08-12T02:23:10,
tortuosity,gpu,matrixfree,16,n600_b100_p095,600,1,0.95,0.950634,205336897,iters,2,0.009647117896,1.038559849,0.9907110621,1.014321531,1.106860296e-07,3,,pmeal-hpc,2026-08-12T02:23:10,
tortuosity,gpu,matrixfree,16,n600_b100_p095,600,1,0.95,0.950634,205336897,iters,3,0.01967816783,1.038559849,0.981052447,1.128896441,1.278846193e-06,3,,pmeal-hpc,2026-08-12T02:23:10,
tortuosity,gpu,matrixfree,16,n600_b100_p095,600,1,0.95,0.950634,205336897,iters,6,0.09445298755,1.038559849,0.9090538811,1.455450852,3.452649316e-06,3,,pmeal-hpc,2026-08-12T02:23:10,
tortuosity,gpu,matrixfree,16,n600_b100_p095,600,1,0.95,0.950634,205336897,iters,10,0.2014829618,1.038559849,0.8059977362,1.875345968,5.821896915e-06,3,,pmeal-hpc,2026-08-12T02:23:10,
tortuosity,gpu,matrixfree,16,n600_b100_p095,600,1,0.95,0.950634,205336897,iters,18,0.6044289892,1.038559849,0.4180123661,2.715893946,2.511038844e-05,3,,pmeal-hpc,2026-08-12T02:23:10,
tortuosity,gpu,matrixfree,16,n600_b100_p095,600,1,0.95,0.950634,205336897,iters,33,0.7081747755,1.038559849,0.3181184732,4.272599818,1.951927433e-05,3,,pmeal-hpc,2026-08-12T02:23:10,
tortuosity,gpu,matrixfree,16,n600_b100_p095,600,1,0.95,0.950634,205336897,iters,59,1.030029656,1.038559849,0.008213482159,6.983298274,3.626414388e-05,3,,pmeal-hpc,2026-08-12T02:23:10,
tortuosity,gpu,matrixfree,16,n600_b100_p095,600,1,0.95,0.950634,205336897,iters,106,1.039049481,1.038559849,0.0004714529496,11.84995112,3.672752332e-05,3,target_reached,pmeal-hpc,2026-08-12T02:23:10,
tortuosity,gpu,matrixfree,16,n600_b200_p020,600,2,0.2,0.19095,41245095,iters,1,0.006247011926,11.15581331,0.9994400218,0.526189575,NaN,1,,pmeal-hpc,2026-08-12T02:24:28,
tortuosity,gpu,matrixfree,16,n600_b200_p020,600,2,0.2,0.19095,41245095,iters,2,0.008471605488,11.15581331,0.9992406107,0.552639314,NaN,1,,pmeal-hpc,2026-08-12T02:24:28,
tortuosity,gpu,matrixfree,16,n600_b200_p020,600,2,0.2,0.19095,41245095,iters,3,0.01409504294,11.15581331,0.9987365293,0.5793129599,NaN,1,,pmeal-hpc,2026-08-12T02:24:28,
tortuosity,gpu,matrixfree,16,n600_b200_p020,600,2,0.2,0.19095,41245095,iters,6,0.08260392996,11.15581331,0.9925954363,0.6615353529,NaN,1,,pmeal-hpc,2026-08-12T02:24:28,
tortuosity,gpu,matrixfree,16,n600_b200_p020,600,2,0.2,0.19095,41245095,iters,10,0.1606383241,11.15581331,0.9856004829,0.7714188229,NaN,1,,pmeal-hpc,2026-08-12T02:24:28,
tortuosity,gpu,matrixfree,16,n600_b200_p020,600,2,0.2,0.19095,41245095,iters,18,0.7152503751,11.15581331,0.9358854119,0.979030459,NaN,1,,pmeal-hpc,2026-08-12T02:24:28,
tortuosity,gpu,matrixfree,16,n600_b200_p020,600,2,0.2,0.19095,41245095,iters,33,2.055469919,11.15581331,0.8157489856,1.340442704,NaN,1,,pmeal-hpc,2026-08-12T02:24:28,
tortuosity,gpu,matrixfree,16,n600_b200_p020,600,2,0.2,0.19095,41245095,iters,59,8.31446108,11.15581331,0.2546970043,1.972796837,NaN,1,,pmeal-hpc,2026-08-12T02:24:28,
tortuosity,gpu,matrixfree,16,n600_b200_p020,600,2,0.2,0.19095,41245095,iters,106,10.83380652,11.15581331,0.02886448378,3.050535846,NaN,1,,pmeal-hpc,2026-08-12T02:24:28,
tortuosity,gpu,matrixfree,16,n600_b200_p020,600,2,0.2,0.19095,41245095,iters,189,10.923559,11.15581331,0.02081912834,4.914316355,NaN,1,,pmeal-hpc,2026-08-12T02:24:28,
tortuosity,gpu,matrixfree,16,n600_b200_p020,600,2,0.2,0.19095,41245095,iters,339,11.17874533,11.15581331,0.002055611913,8.312367661,NaN,1,,pmeal-hpc,2026-08-12T02:24:28,
tortuosity,gpu,matrixfree,16,n600_b200_p020,600,2,0.2,0.19095,41245095,iters,607,11.19744525,11.15581331,0.003731860294,15.51284891,NaN,1,,pmeal-hpc,2026-08-12T02:24:28,
tortuosity,gpu,matrixfree,16,n600_b200_p020,600,2,0.2,0.19095,41245095,iters,1086,11.20532573,11.15581331,0.004438261355,28.20611443,NaN,1,,pmeal-hpc,2026-08-12T02:24:28,
tortuosity,gpu,matrixfree,16,n600_b200_p020,600,2,0.2,0.19095,41245095,iters,1945,11.20744333,11.15581331,0.00462808244,51.31577937,NaN,1,,pmeal-hpc,2026-08-12T02:24:28,
tortuosity,gpu,matrixfree,16,n600_b200_p020,600,2,0.2,0.19095,41245095,iters,3484,11.20744327,11.15581331,0.004628076592,62.59041647,NaN,1,,pmeal-hpc,2026-08-12T02:24:28,
tortuosity,gpu,matrixfree,16,n600_b200_p020,600,2,0.2,0.19095,41245095,iters,6238,11.20744327,11.15581331,0.004628076592,62.59041647,NaN,1,,pmeal-hpc,2026-08-12T02:24:28,
tortuosity,gpu,matrixfree,16,n600_b200_p020,600,2,0.2,0.19095,41245095,iters,11169,11.20744327,11.15581331,0.004628076592,62.59041647,NaN,1,,pmeal-hpc,2026-08-12T02:24:28,
tortuosity,gpu,matrixfree,16,n600_b200_p020,600,2,0.2,0.19095,41245095,iters,20000,11.20744327,11.15581331,0.004628076592,62.59041647,NaN,1,ladder_exhausted,pmeal-hpc,2026-08-12T02:24:28,
tortuosity,gpu,matrixfree,16,n600_b200_p040,600,2,0.4,0.398822,86145631,iters,1,0.006911148309,2.58840573,0.9973299594,0.727481485,0,3,,pmeal-hpc,2026-08-12T02:25:35,
tortuosity,gpu,matrixfree,16,n600_b200_p040,600,2,0.4,0.398822,86145631,iters,2,0.009047514298,2.58840573,0.9965045996,0.779991111,5.848614439e-07,3,,pmeal-hpc,2026-08-12T02:25:35,
tortuosity,gpu,matrixfree,16,n600_b200_p040,600,2,0.4,0.398822,86145631,iters,3,0.01632839808,2.58840573,0.9936917161,0.83266344,2.116374374e-06,3,,pmeal-hpc,2026-08-12T02:25:35,
tortuosity,gpu,matrixfree,16,n600_b200_p040,600,2,0.4,0.398822,86145631,iters,6,0.09063645564,2.58840573,0.9649836752,0.9999185801,3.670621959e-06,3,,pmeal-hpc,2026-08-12T02:25:35,
tortuosity,gpu,matrixfree,16,n600_b200_p040,600,2,0.4,0.398822,86145631,iters,10,0.1696816269,2.58840573,0.9344455064,1.222508327,7.266545662e-06,3,,pmeal-hpc,2026-08-12T02:25:35,
tortuosity,gpu,matrixfree,16,n600_b200_p040,600,2,0.4,0.398822,86145631,iters,18,0.6678835983,2.58840573,0.7419710556,1.62643888,3.68179991e-05,3,,pmeal-hpc,2026-08-12T02:25:35,
tortuosity,gpu,matrixfree,16,n600_b200_p040,600,2,0.4,0.398822,86145631,iters,33,1.31332247,2.58840573,0.4926133664,2.3968963,7.48030127e-05,3,,pmeal-hpc,2026-08-12T02:25:35,
tortuosity,gpu,matrixfree,16,n600_b200_p040,600,2,0.4,0.398822,86145631,iters,59,2.439866559,2.58840573,0.05738635522,3.719739639,0.0001502745253,3,,pmeal-hpc,2026-08-12T02:25:35,
tortuosity,gpu,matrixfree,16,n600_b200_p040,600,2,0.4,0.398822,86145631,iters,106,2.597246789,2.58840573,0.00341563892,6.135269022,0.0001651935119,3,,pmeal-hpc,2026-08-12T02:25:35,
tortuosity,gpu,matrixfree,16,n600_b200_p040,600,2,0.4,0.398822,86145631,iters,189,2.587350697,2.58840573,0.0004075996343,10.39626296,0.0001783325001,3,target_reached,pmeal-hpc,2026-08-12T02:25:35,
tortuosity,gpu,matrixfree,16,n600_b200_p060,600,2,0.6,0.600028,129606057,iters,1,0.007587346613,1.576153581,0.9951861629,0.854499598,0,3,,pmeal-hpc,2026-08-12T02:26:58,
tortuosity,gpu,matrixfree,16,n600_b200_p060,600,2,0.6,0.600028,129606057,iters,2,0.009787037031,1.576153581,0.9937905562,0.9249779001,4.917411337e-07,3,,pmeal-hpc,2026-08-12T02:26:58,
tortuosity,gpu,matrixfree,16,n600_b200_p060,600,2,0.6,0.600028,129606057,iters,3,0.0183005111,1.576153581,0.988389132,1.002255626,9.105654941e-07,3,,pmeal-hpc,2026-08-12T02:26:58,
tortuosity,gpu,matrixfree,16,n600_b200_p060,600,2,0.6,0.600028,129606057,iters,6,0.09600232122,1.576153581,0.9390907572,1.232645795,4.229430289e-06,3,,pmeal-hpc,2026-08-12T02:26:58,
tortuosity,gpu,matrixfree,16,n600_b200_p060,600,2,0.6,0.600028,129606057,iters,10,0.1814671994,1.576153581,0.8848670577,1.518447794,7.341901963e-06,3,,pmeal-hpc,2026-08-12T02:26:58,
tortuosity,gpu,matrixfree,16,n600_b200_p060,600,2,0.6,0.600028,129606057,iters,18,0.6443428187,1.576153581,0.591192872,2.084997625,3.565174237e-05,3,,pmeal-hpc,2026-08-12T02:26:58,
tortuosity,gpu,matrixfree,16,n600_b200_p060,600,2,0.6,0.600028,129606057,iters,33,0.9797929144,1.576153581,0.3783645666,3.132129637,5.634354227e-05,3,,pmeal-hpc,2026-08-12T02:26:58,
tortuosity,gpu,matrixfree,16,n600_b200_p060,600,2,0.6,0.600028,129606057,iters,59,1.527413939,1.576153581,0.03092315511,4.97607722,0.0001016780369,3,,pmeal-hpc,2026-08-12T02:26:58,
tortuosity,gpu,matrixfree,16,n600_b200_p060,600,2,0.6,0.600028,129606057,iters,106,1.579232379,1.576153581,0.001953361381,8.233338141,0.0001006208504,3,,pmeal-hpc,2026-08-12T02:26:58,
tortuosity,gpu,matrixfree,16,n600_b200_p060,600,2,0.6,0.600028,129606057,iters,189,1.576326705,1.576153581,0.0001098394146,14.10798259,0.0001108159194,3,target_reached,pmeal-hpc,2026-08-12T02:26:58,
tortuosity,gpu,matrixfree,16,n600_b200_p080,600,2,0.8,0.801043,173025334,iters,1,0.007903139805,1.194359614,0.9933829479,0.848279814,0,3,,pmeal-hpc,2026-08-12T02:28:37,
tortuosity,gpu,matrixfree,16,n600_b200_p080,600,2,0.8,0.801043,173025334,iters,2,0.01013874648,1.194359614,0.9915111442,0.93940394,4.126485634e-07,3,,pmeal-hpc,2026-08-12T02:28:37,
tortuosity,gpu,matrixfree,16,n600_b200_p080,600,2,0.8,0.801043,173025334,iters,3,0.01946844003,1.194359614,0.9836996832,1.035640191,1.366697212e-06,3,,pmeal-hpc,2026-08-12T02:28:37,
tortuosity,gpu,matrixfree,16,n600_b200_p080,600,2,0.8,0.801043,173025334,iters,6,0.09822800841,1.194359614,0.9177567566,1.315583535,4.561458201e-06,3,,pmeal-hpc,2026-08-12T02:28:37,
tortuosity,gpu,matrixfree,16,n600_b200_p080,600,2,0.8,0.801043,173025334,iters,10,0.1915139073,1.194359614,0.8396513872,1.673716211,1.035196853e-05,3,,pmeal-hpc,2026-08-12T02:28:37,
tortuosity,gpu,matrixfree,16,n600_b200_p080,600,2,0.8,0.801043,173025334,iters,18,0.6198616993,1.194359614,0.48100916,2.364072839,3.582721055e-05,3,,pmeal-hpc,2026-08-12T02:28:37,
tortuosity,gpu,matrixfree,16,n600_b200_p080,600,2,0.8,0.801043,173025334,iters,33,0.8041049791,1.194359614,0.3267480165,3.696052674,5.026728727e-05,3,,pmeal-hpc,2026-08-12T02:28:37,
tortuosity,gpu,matrixfree,16,n600_b200_p080,600,2,0.8,0.801043,173025334,iters,59,1.172898508,1.194359614,0.01796871412,5.995954598,7.927322158e-05,3,,pmeal-hpc,2026-08-12T02:28:37,
tortuosity,gpu,matrixfree,16,n600_b200_p080,600,2,0.8,0.801043,173025334,iters,106,1.195861466,1.194359614,0.001257453891,10.13314739,8.193758612e-05,3,,pmeal-hpc,2026-08-12T02:28:37,
tortuosity,gpu,matrixfree,16,n600_b200_p080,600,2,0.8,0.801043,173025334,iters,189,1.194391197,1.194359614,2.644360094e-05,17.51094685,7.706966821e-05,3,target_reached,pmeal-hpc,2026-08-12T02:28:37,
tortuosity,gpu,matrixfree,16,n600_b200_p095,600,2,0.95,0.950849,205383281,iters,1,0.007699028836,1.037615234,0.9925800734,0.943942429,0,3,,pmeal-hpc,2026-08-12T02:29:58,
tortuosity,gpu,matrixfree,16,n600_b200_p095,600,2,0.95,0.950849,205383281,iters,2,0.009907781402,1.037615234,0.9904513917,1.044623846,2.116157638e-07,3,,pmeal-hpc,2026-08-12T02:29:58,
tortuosity,gpu,matrixfree,16,n600_b200_p095,600,2,0.95,0.950849,205383281,iters,3,0.01969545581,1.037615234,0.9810185364,1.145057345,5.179657453e-07,3,,pmeal-hpc,2026-08-12T02:29:58,
tortuosity,gpu,matrixfree,16,n600_b200_p095,600,2,0.95,0.950849,205383281,iters,6,0.09639783579,1.037615234,0.907096742,1.478923513,1.804153086e-06,3,,pmeal-hpc,2026-08-12T02:29:58,
tortuosity,gpu,matrixfree,16,n600_b200_p095,600,2,0.95,0.950849,205383281,iters,10,0.1983676227,1.037615234,0.8088235252,1.884657372,3.611777468e-06,3,,pmeal-hpc,2026-08-12T02:29:58,
tortuosity,gpu,matrixfree,16,n600_b200_p095,600,2,0.95,0.950849,205383281,iters,18,0.603990131,1.037615234,0.4179054902,2.706771917,1.668921278e-05,3,,pmeal-hpc,2026-08-12T02:29:58,
tortuosity,gpu,matrixfree,16,n600_b200_p095,600,2,0.95,0.950849,205383281,iters,33,0.7129236384,1.037615234,0.312920999,4.265760957,1.584277306e-05,3,,pmeal-hpc,2026-08-12T02:29:58,
tortuosity,gpu,matrixfree,16,n600_b200_p095,600,2,0.95,0.950849,205383281,iters,59,1.030048772,1.037615234,0.007292165048,6.937559147,2.290550522e-05,3,,pmeal-hpc,2026-08-12T02:29:58,
tortuosity,gpu,matrixfree,16,n600_b200_p095,600,2,0.95,0.950849,205383281,iters,106,1.038291026,1.037615234,0.0006512933196,11.703214,2.069407328e-05,3,target_reached,pmeal-hpc,2026-08-12T02:29:58,
tortuosity,gpu,matrixfree,16,n800_b050_p020,800,0.5,0.2,0.174096,89137139,iters,1,0.003409122488,10.10700996,0.9996626972,0.992729159,0,3,,pmeal-hpc,2026-08-12T17:12:15,
tortuosity,gpu,matrixfree,16,n800_b050_p020,800,0.5,0.2,0.174096,89137139,iters,2,0.005114917047,10.10700996,0.9994939238,1.039266593,3.912138057e-06,3,,pmeal-hpc,2026-08-12T17:12:15,
tortuosity,gpu,matrixfree,16,n800_b050_p020,800,0.5,0.2,0.174096,89137139,iters,3,0.0102657814,10.10700996,0.998984291,1.095441391,1.855891097e-06,3,,pmeal-hpc,2026-08-12T17:12:15,
tortuosity,gpu,matrixfree,16,n800_b050_p020,800,0.5,0.2,0.174096,89137139,iters,6,0.04360409694,10.10700996,0.995685757,1.260698339,2.136628454e-05,3,,pmeal-hpc,2026-08-12T17:12:15,
tortuosity,gpu,matrixfree,16,n800_b050_p020,800,0.5,0.2,0.174096,89137139,iters,10,0.09467917205,10.10700996,0.9906323262,1.473400884,3.231255292e-05,3,,pmeal-hpc,2026-08-12T17:12:15,
tortuosity,gpu,matrixfree,16,n800_b050_p020,800,0.5,0.2,0.174096,89137139,iters,18,0.409079167,10.10700996,0.9595252039,1.883700539,0.0001535374232,3,,pmeal-hpc,2026-08-12T17:12:15,
tortuosity,gpu,matrixfree,16,n800_b050_p020,800,0.5,0.2,0.174096,89137139,iters,33,1.311670974,10.10700996,0.8702216601,2.601455406,0.0006046865641,3,,pmeal-hpc,2026-08-12T17:12:15,
tortuosity,gpu,matrixfree,16,n800_b050_p020,800,0.5,0.2,0.174096,89137139,iters,59,8.184719961,10.10700996,0.1901937374,3.84624582,0.004237261098,3,,pmeal-hpc,2026-08-12T17:12:15,
tortuosity,gpu,matrixfree,16,n800_b050_p020,800,0.5,0.2,0.174096,89137139,iters,106,12.11184361,10.10700996,0.1983607083,6.055818938,0.006459990131,3,,pmeal-hpc,2026-08-12T17:12:15,
tortuosity,gpu,matrixfree,16,n800_b050_p020,800,0.5,0.2,0.174096,89137139,iters,189,10.12849638,10.10700996,0.002125893297,9.960884045,0.005250321737,3,repeats_diverged,pmeal-hpc,2026-08-12T17:12:15,
tortuosity,gpu,matrixfree,16,n800_b050_p040,800,0.5,0.4,0.384479,196853200,iters,1,0.004526018861,2.713834504,0.9983322421,1.147594251,0,3,,pmeal-hpc,2026-08-12T17:14:31,
tortuosity,gpu,matrixfree,16,n800_b050_p040,800,0.5,0.4,0.384479,196853200,iters,2,0.006116274617,2.713834504,0.997746261,1.262127732,2.296987166e-06,3,,pmeal-hpc,2026-08-12T17:14:31,
tortuosity,gpu,matrixfree,16,n800_b050_p040,800,0.5,0.4,0.384479,196853200,iters,3,0.01150740978,2.713834504,0.9957597231,1.376782505,6.155334373e-06,3,,pmeal-hpc,2026-08-12T17:14:31,
tortuosity,gpu,matrixfree,16,n800_b050_p040,800,0.5,0.4,0.384479,196853200,iters,6,0.05761425521,2.713834504,0.9787701663,1.703513089,1.054521485e-05,3,,pmeal-hpc,2026-08-12T17:14:31,
tortuosity,gpu,matrixfree,16,n800_b050_p040,800,0.5,0.4,0.384479,196853200,iters,10,0.1214251148,2.713834504,0.9552569935,2.112454109,2.772369169e-05,3,,pmeal-hpc,2026-08-12T17:14:31,
tortuosity,gpu,matrixfree,16,n800_b050_p040,800,0.5,0.4,0.384479,196853200,iters,18,0.4943828445,2.713834504,0.8178286687,2.917609882,0.0001132051294,3,,pmeal-hpc,2026-08-12T17:14:31,
tortuosity,gpu,matrixfree,16,n800_b050_p040,800,0.5,0.4,0.384479,196853200,iters,33,1.289866741,2.713834504,0.524706927,4.40895773,0.0003562003159,3,,pmeal-hpc,2026-08-12T17:14:31,
tortuosity,gpu,matrixfree,16,n800_b050_p040,800,0.5,0.4,0.384479,196853200,iters,59,2.782602605,2.713834504,0.02533982837,6.966161424,0.0008901570111,3,,pmeal-hpc,2026-08-12T17:14:31,
tortuosity,gpu,matrixfree,16,n800_b050_p040,800,0.5,0.4,0.384479,196853200,iters,106,2.894649923,2.713834504,0.06662728288,11.58575318,0.0008724302051,3,,pmeal-hpc,2026-08-12T17:14:31,
tortuosity,gpu,matrixfree,16,n800_b050_p040,800,0.5,0.4,0.384479,196853200,iters,189,2.712710553,2.713834504,0.0004141561083,19.70346759,0.0008443794932,3,target_reached,pmeal-hpc,2026-08-12T17:14:31,
tortuosity,gpu,matrixfree,16,n800_b050_p060,800,0.5,0.6,0.59834,306349955,iters,1,0.005286065293,1.573690994,0.9966409763,1.385648766,0,3,,pmeal-hpc,2026-08-12T17:17:33,
tortuosity,gpu,matrixfree,16,n800_b050_p060,800,0.5,0.6,0.59834,306349955,iters,2,0.006816140903,1.573690994,0.9956686917,1.55852438,1.574305391e-06,3,,pmeal-hpc,2026-08-12T17:17:33,
tortuosity,gpu,matrixfree,16,n800_b050_p060,800,0.5,0.6,0.59834,306349955,iters,3,0.0138389006,1.573690994,0.9912060877,1.732421719,2.85322803e-06,3,,pmeal-hpc,2026-08-12T17:17:33,
tortuosity,gpu,matrixfree,16,n800_b050_p060,800,0.5,0.6,0.59834,306349955,iters,6,0.06836801643,1.573690994,0.9565556283,2.217122235,1.929140656e-05,3,,pmeal-hpc,2026-08-12T17:17:33,
tortuosity,gpu,matrixfree,16,n800_b050_p060,800,0.5,0.6,0.59834,306349955,iters,10,0.1477863719,1.573690994,0.9060893324,2.864876733,3.49423878e-05,3,,pmeal-hpc,2026-08-12T17:17:33,
tortuosity,gpu,matrixfree,16,n800_b050_p060,800,0.5,0.6,0.59834,306349955,iters,18,0.5110565532,1.573690994,0.675249744,4.134472063,0.000140306782,3,,pmeal-hpc,2026-08-12T17:17:33,
tortuosity,gpu,matrixfree,16,n800_b050_p060,800,0.5,0.6,0.59834,306349955,iters,33,1.06971047,1.573690994,0.320253802,6.507128453,0.0003445692458,3,,pmeal-hpc,2026-08-12T17:17:33,
tortuosity,gpu,matrixfree,16,n800_b050_p060,800,0.5,0.6,0.59834,306349955,iters,59,1.651758333,1.573690994,0.04960779452,10.57930173,0.000611109023,3,,pmeal-hpc,2026-08-12T17:17:33,
tortuosity,gpu,matrixfree,16,n800_b050_p060,800,0.5,0.6,0.59834,306349955,iters,106,1.595290006,1.573690994,0.01372506521,17.91241933,0.0005727616615,3,,pmeal-hpc,2026-08-12T17:17:33,
tortuosity,gpu,matrixfree,16,n800_b050_p060,800,0.5,0.6,0.59834,306349955,iters,189,1.574772642,1.573690994,0.0006873320385,30.46965582,0.0005660612121,3,target_reached,pmeal-hpc,2026-08-12T17:17:33,
tortuosity,gpu,matrixfree,16,n800_b050_p080,800,0.5,0.8,0.807732,413558797,iters,1,0.005661108958,1.158681783,0.9951141814,1.731120799,0,3,,pmeal-hpc,2026-08-12T17:21:23,
tortuosity,gpu,matrixfree,16,n800_b050_p080,800,0.5,0.8,0.807732,413558797,iters,2,0.007223504768,1.158681783,0.9937657562,1.980884371,2.375403863e-07,3,,pmeal-hpc,2026-08-12T17:21:23,
tortuosity,gpu,matrixfree,16,n800_b050_p080,800,0.5,0.8,0.807732,413558797,iters,3,0.01492381312,1.158681783,0.9871200071,2.2200488,2.283975674e-06,3,,pmeal-hpc,2026-08-12T17:21:23,
tortuosity,gpu,matrixfree,16,n800_b050_p080,800,0.5,0.8,0.807732,413558797,iters,6,0.07235254658,1.158681783,0.9375561542,2.898033963,5.523287974e-06,3,,pmeal-hpc,2026-08-12T17:21:23,
tortuosity,gpu,matrixfree,16,n800_b050_p080,800,0.5,0.8,0.807732,413558797,iters,10,0.1543281695,1.158681783,0.866807115,3.768944662,9.707393858e-06,3,,pmeal-hpc,2026-08-12T17:21:23,
tortuosity,gpu,matrixfree,16,n800_b050_p080,800,0.5,0.8,0.807732,413558797,iters,18,0.4900957813,1.158681783,0.5770229683,5.511417939,2.305603416e-05,3,,pmeal-hpc,2026-08-12T17:21:23,
tortuosity,gpu,matrixfree,16,n800_b050_p080,800,0.5,0.8,0.807732,413558797,iters,33,0.90139561,1.158681783,0.2220507621,8.75185949,5.947863572e-05,3,,pmeal-hpc,2026-08-12T17:21:23,
tortuosity,gpu,matrixfree,16,n800_b050_p080,800,0.5,0.8,0.807732,413558797,iters,59,1.228715532,1.158681783,0.06044260794,14.32699754,8.897057501e-05,3,,pmeal-hpc,2026-08-12T17:21:23,
tortuosity,gpu,matrixfree,16,n800_b050_p080,800,0.5,0.8,0.807732,413558797,iters,106,1.164729689,1.158681783,0.00521964347,24.33201359,8.459698522e-05,3,,pmeal-hpc,2026-08-12T17:21:23,
tortuosity,gpu,matrixfree,16,n800_b050_p080,800,0.5,0.8,0.807732,413558797,iters,189,1.158561746,1.158681783,0.0001035977511,42.04376198,6.998611893e-05,3,target_reached,pmeal-hpc,2026-08-12T17:21:23,
tortuosity,gpu,matrixfree,16,n800_b050_p095,800,0.5,0.95,0.953798,488344573,iters,1,0.005572433157,1.027543224,0.9945769355,1.77108315,0,3,,pmeal-hpc,2026-08-12T17:25:46,
tortuosity,gpu,matrixfree,16,n800_b050_p095,800,0.5,0.95,0.953798,488344573,iters,2,0.007158496224,1.027543224,0.9930333868,2.047497445,2.736533773e-07,3,,pmeal-hpc,2026-08-12T17:25:46,
tortuosity,gpu,matrixfree,16,n800_b050_p095,800,0.5,0.95,0.953798,488344573,iters,3,0.014866668,1.027543224,0.985531832,2.315594323,2.468215113e-07,3,,pmeal-hpc,2026-08-12T17:25:46,
tortuosity,gpu,matrixfree,16,n800_b050_p095,800,0.5,0.95,0.953798,488344573,iters,6,0.07095832142,1.027543224,0.9309437114,3.124751324,6.908075123e-06,3,,pmeal-hpc,2026-08-12T17:25:46,
tortuosity,gpu,matrixfree,16,n800_b050_p095,800,0.5,0.95,0.953798,488344573,iters,10,0.1565917882,1.027543224,0.8476056437,4.188209125,1.474811464e-05,3,,pmeal-hpc,2026-08-12T17:25:46,
tortuosity,gpu,matrixfree,16,n800_b050_p095,800,0.5,0.95,0.953798,488344573,iters,18,0.4693583407,1.027543224,0.5432227767,6.247879543,4.900603517e-05,3,,pmeal-hpc,2026-08-12T17:25:46,
tortuosity,gpu,matrixfree,16,n800_b050_p095,800,0.5,0.95,0.953798,488344573,iters,33,0.8324665274,1.027543224,0.1898476794,10.11993199,9.00597094e-05,3,,pmeal-hpc,2026-08-12T17:25:46,
tortuosity,gpu,matrixfree,16,n800_b050_p095,800,0.5,0.95,0.953798,488344573,iters,59,1.087381632,1.027543224,0.05823444374,16.78644037,0.0001325682408,3,,pmeal-hpc,2026-08-12T17:25:46,
tortuosity,gpu,matrixfree,16,n800_b050_p095,800,0.5,0.95,0.953798,488344573,iters,106,1.028795278,1.027543224,0.001218493262,28.73146852,0.0001408354345,3,,pmeal-hpc,2026-08-12T17:25:46,
tortuosity,gpu,matrixfree,16,n800_b050_p095,800,0.5,0.95,0.953798,488344573,iters,189,1.027756808,1.027543224,0.0002078592758,49.96450902,0.000137630941,3,target_reached,pmeal-hpc,2026-08-12T17:25:46,
tortuosity,gpu,matrixfree,16,n800_b100_p020,800,1,0.2,0.185425,94937803,iters,1,0.00477591026,12.62304881,0.9996216516,1.110900174,NaN,1,,pmeal-hpc,2026-08-12T17:27:28,
tortuosity,gpu,matrixfree,16,n800_b100_p020,800,1,0.2,0.185425,94937803,iters,2,0.007086523688,12.62304881,0.9994386044,1.164274537,NaN,1,,pmeal-hpc,2026-08-12T17:27:28,
tortuosity,gpu,matrixfree,16,n800_b100_p020,800,1,0.2,0.185425,94937803,iters,3,0.01282481866,12.62304881,0.9989840158,1.21727404,NaN,1,,pmeal-hpc,2026-08-12T17:27:28,
tortuosity,gpu,matrixfree,16,n800_b100_p020,800,1,0.2,0.185425,94937803,iters,6,0.0613390398,12.62304881,0.9951407112,1.377212734,NaN,1,,pmeal-hpc,2026-08-12T17:27:28,
tortuosity,gpu,matrixfree,16,n800_b100_p020,800,1,0.2,0.185425,94937803,iters,10,0.1243001893,12.62304881,0.9901529186,1.581672006,NaN,1,,pmeal-hpc,2026-08-12T17:27:28,
tortuosity,gpu,matrixfree,16,n800_b100_p020,800,1,0.2,0.185425,94937803,iters,18,0.5459513358,12.62304881,0.9567496455,1.975968085,NaN,1,,pmeal-hpc,2026-08-12T17:27:28,
tortuosity,gpu,matrixfree,16,n800_b100_p020,800,1,0.2,0.185425,94937803,iters,33,1.736893825,12.62304881,0.8624029859,2.699718279,NaN,1,,pmeal-hpc,2026-08-12T17:27:28,
tortuosity,gpu,matrixfree,16,n800_b100_p020,800,1,0.2,0.185425,94937803,iters,59,8.333501996,12.62304881,0.3398186031,3.917748902,NaN,1,,pmeal-hpc,2026-08-12T17:27:28,
tortuosity,gpu,matrixfree,16,n800_b100_p020,800,1,0.2,0.185425,94937803,iters,106,16.34667518,12.62304881,0.2949862923,6.107695624,NaN,1,,pmeal-hpc,2026-08-12T17:27:28,
tortuosity,gpu,matrixfree,16,n800_b100_p020,800,1,0.2,0.185425,94937803,iters,189,12.28957581,12.62304881,0.0264177859,9.927946011,NaN,1,,pmeal-hpc,2026-08-12T17:27:28,
tortuosity,gpu,matrixfree,16,n800_b100_p020,800,1,0.2,0.185425,94937803,iters,339,12.66123791,12.62304881,0.003025346838,16.82146334,NaN,1,,pmeal-hpc,2026-08-12T17:27:28,
tortuosity,gpu,matrixfree,16,n800_b100_p020,800,1,0.2,0.185425,94937803,iters,607,12.65316895,12.62304881,0.002386122361,29.52287956,NaN,1,,pmeal-hpc,2026-08-12T17:27:28,
tortuosity,gpu,matrixfree,16,n800_b100_p020,800,1,0.2,0.185425,94937803,iters,1086,12.65455704,12.62304881,0.002496087151,51.91646951,NaN,1,,pmeal-hpc,2026-08-12T17:27:28,
tortuosity,gpu,matrixfree,16,n800_b100_p020,800,1,0.2,0.185425,94937803,iters,1945,12.65455704,12.62304881,0.002496087151,69.95440712,NaN,1,,pmeal-hpc,2026-08-12T17:27:28,
tortuosity,gpu,matrixfree,16,n800_b100_p020,800,1,0.2,0.185425,94937803,iters,3484,12.65455704,12.62304881,0.002496087151,69.95440712,NaN,1,,pmeal-hpc,2026-08-12T17:27:28,
tortuosity,gpu,matrixfree,16,n800_b100_p020,800,1,0.2,0.185425,94937803,iters,6238,12.65455704,12.62304881,0.002496087151,69.95440712,NaN,1,,pmeal-hpc,2026-08-12T17:27:28,
tortuosity,gpu,matrixfree,16,n800_b100_p020,800,1,0.2,0.185425,94937803,iters,11169,12.65455704,12.62304881,0.002496087151,69.95440712,NaN,1,,pmeal-hpc,2026-08-12T17:27:28,
tortuosity,gpu,matrixfree,16,n800_b100_p020,800,1,0.2,0.185425,94937803,iters,20000,12.65455704,12.62304881,0.002496087151,69.95440712,NaN,1,ladder_exhausted,pmeal-hpc,2026-08-12T17:27:28,
tortuosity,gpu,matrixfree,16,n800_b100_p040,800,1,0.4,0.394666,202068918,iters,1,0.005520008662,2.604118691,0.9978802776,1.241481305,0,3,,pmeal-hpc,2026-08-12T17:29:46,
tortuosity,gpu,matrixfree,16,n800_b100_p040,800,1,0.4,0.394666,202068918,iters,2,0.007290883883,2.604118691,0.997200249,1.356482687,4.121661353e-07,3,,pmeal-hpc,2026-08-12T17:29:46,
tortuosity,gpu,matrixfree,16,n800_b100_p040,800,1,0.4,0.394666,202068918,iters,3,0.01296253279,2.604118691,0.9950222957,1.471356487,1.782422527e-06,3,,pmeal-hpc,2026-08-12T17:29:46,
tortuosity,gpu,matrixfree,16,n800_b100_p040,800,1,0.4,0.394666,202068918,iters,6,0.07138429956,2.604118691,0.972587924,1.8055774,1.543342105e-06,3,,pmeal-hpc,2026-08-12T17:29:46,
tortuosity,gpu,matrixfree,16,n800_b100_p040,800,1,0.4,0.394666,202068918,iters,10,0.1449945594,2.604118691,0.9443210634,2.223626417,1.72726637e-06,3,,pmeal-hpc,2026-08-12T17:29:46,
tortuosity,gpu,matrixfree,16,n800_b100_p040,800,1,0.4,0.394666,202068918,iters,18,0.5543138848,2.604118691,0.7871395468,3.039196491,4.899476584e-06,3,,pmeal-hpc,2026-08-12T17:29:46,
tortuosity,gpu,matrixfree,16,n800_b100_p040,800,1,0.4,0.394666,202068918,iters,33,1.348140084,2.604118691,0.4823046705,4.557305682,2.137217495e-05,3,,pmeal-hpc,2026-08-12T17:29:46,
tortuosity,gpu,matrixfree,16,n800_b100_p040,800,1,0.4,0.394666,202068918,iters,59,2.524329199,2.604118691,0.03063972939,7.160522078,2.191671583e-05,3,,pmeal-hpc,2026-08-12T17:29:46,
tortuosity,gpu,matrixfree,16,n800_b100_p040,800,1,0.4,0.394666,202068918,iters,106,2.776664909,2.604118691,0.06625896855,11.84535867,2.260985193e-05,3,,pmeal-hpc,2026-08-12T17:29:46,
tortuosity,gpu,matrixfree,16,n800_b100_p040,800,1,0.4,0.394666,202068918,iters,189,2.602543722,2.604118691,0.0006047992475,20.10089793,4.520858948e-05,3,target_reached,pmeal-hpc,2026-08-12T17:29:46,
tortuosity,gpu,matrixfree,16,n800_b100_p060,800,1,0.6,0.599309,306846383,iters,1,0.006027058269,1.538358863,0.9960821507,1.496906289,0,3,,pmeal-hpc,2026-08-12T17:32:50,
tortuosity,gpu,matrixfree,16,n800_b100_p060,800,1,0.6,0.599309,306846383,iters,2,0.007740839267,1.538358863,0.9949681187,1.67350035,5.083390476e-07,3,,pmeal-hpc,2026-08-12T17:32:50,
tortuosity,gpu,matrixfree,16,n800_b100_p060,800,1,0.6,0.599309,306846383,iters,3,0.01488578973,1.538358863,0.9903235909,1.846035788,2.158956044e-06,3,,pmeal-hpc,2026-08-12T17:32:50,
tortuosity,gpu,matrixfree,16,n800_b100_p060,800,1,0.6,0.599309,306846383,iters,6,0.07689259964,1.538358863,0.9500164744,2.352324589,7.921906812e-06,3,,pmeal-hpc,2026-08-12T17:32:50,
tortuosity,gpu,matrixfree,16,n800_b100_p060,800,1,0.6,0.599309,306846383,iters,10,0.152866457,1.538358863,0.9006301711,2.998329352,1.109952104e-05,3,,pmeal-hpc,2026-08-12T17:32:50,
tortuosity,gpu,matrixfree,16,n800_b100_p060,800,1,0.6,0.599309,306846383,iters,18,0.5371408837,1.538358863,0.6508351227,4.281787405,4.650522541e-05,3,,pmeal-hpc,2026-08-12T17:32:50,
tortuosity,gpu,matrixfree,16,n800_b100_p060,800,1,0.6,0.599309,306846383,iters,33,1.075374311,1.538358863,0.3009600448,6.638264176,9.97392926e-05,3,,pmeal-hpc,2026-08-12T17:32:50,
tortuosity,gpu,matrixfree,16,n800_b100_p060,800,1,0.6,0.599309,306846383,iters,59,1.565004167,1.538358863,0.01732060382,10.72583965,0.0001631982211,3,,pmeal-hpc,2026-08-12T17:32:50,
tortuosity,gpu,matrixfree,16,n800_b100_p060,800,1,0.6,0.599309,306846383,iters,106,1.565763175,1.538358863,0.01781399166,18.07427912,0.0001568380245,3,,pmeal-hpc,2026-08-12T17:32:50,
tortuosity,gpu,matrixfree,16,n800_b100_p060,800,1,0.6,0.599309,306846383,iters,189,1.538148013,1.538358863,0.0001370613863,31.09813385,0.0001447152529,3,target_reached,pmeal-hpc,2026-08-12T17:32:50,
tortuosity,gpu,matrixfree,16,n800_b100_p080,800,1,0.8,0.802797,411032289,iters,1,0.006115142992,1.178837076,0.9948125631,1.659987782,0,3,,pmeal-hpc,2026-08-12T17:36:40,
tortuosity,gpu,matrixfree,16,n800_b100_p080,800,1,0.8,0.802797,411032289,iters,2,0.007799726621,1.178837076,0.9933835415,1.887660919,8.973929266e-08,3,,pmeal-hpc,2026-08-12T17:36:40,
tortuosity,gpu,matrixfree,16,n800_b100_p080,800,1,0.8,0.802797,411032289,iters,3,0.01539039303,1.178837076,0.9869444274,2.129992932,2.971953494e-06,3,,pmeal-hpc,2026-08-12T17:36:40,
tortuosity,gpu,matrixfree,16,n800_b100_p080,800,1,0.8,0.802797,411032289,iters,6,0.07665998277,1.178837076,0.9349698238,2.778183298,3.432991701e-06,3,,pmeal-hpc,2026-08-12T17:36:40,
tortuosity,gpu,matrixfree,16,n800_b100_p080,800,1,0.8,0.802797,411032289,iters,10,0.1560927941,1.178837076,0.8675874747,3.66636907,8.101755736e-06,3,,pmeal-hpc,2026-08-12T17:36:40,
tortuosity,gpu,matrixfree,16,n800_b100_p080,800,1,0.8,0.802797,411032289,iters,18,0.5063939122,1.178837076,0.5704292625,5.400268366,2.234406881e-05,3,,pmeal-hpc,2026-08-12T17:36:40,
tortuosity,gpu,matrixfree,16,n800_b100_p080,800,1,0.8,0.802797,411032289,iters,33,0.9197605441,1.178837076,0.2197729756,8.620146184,6.017416878e-05,3,,pmeal-hpc,2026-08-12T17:36:40,
tortuosity,gpu,matrixfree,16,n800_b100_p080,800,1,0.8,0.802797,411032289,iters,59,1.221183113,1.178837076,0.03592187416,14.12441036,8.199735722e-05,3,,pmeal-hpc,2026-08-12T17:36:40,
tortuosity,gpu,matrixfree,16,n800_b100_p080,800,1,0.8,0.802797,411032289,iters,106,1.18544093,1.178837076,0.005602007701,24.17114188,8.166321031e-05,3,,pmeal-hpc,2026-08-12T17:36:40,
tortuosity,gpu,matrixfree,16,n800_b100_p080,800,1,0.8,0.802797,411032289,iters,189,1.179056299,1.178837076,0.0001859651497,41.8790358,8.036012431e-05,3,target_reached,pmeal-hpc,2026-08-12T17:36:40,
tortuosity,gpu,matrixfree,16,n800_b100_p095,800,1,0.95,0.952043,487445980,iters,1,0.005736580463,1.033344548,0.9944485308,1.882703668,0,3,,pmeal-hpc,2026-08-12T17:41:04,
tortuosity,gpu,matrixfree,16,n800_b100_p095,800,1,0.95,0.952043,487445980,iters,2,0.007356319723,1.033344548,0.9928810582,2.176641198,3.399139234e-07,3,,pmeal-hpc,2026-08-12T17:41:04,
tortuosity,gpu,matrixfree,16,n800_b100_p095,800,1,0.95,0.952043,487445980,iters,3,0.01496223454,1.033344548,0.9855205753,2.467592968,1.119068064e-06,3,,pmeal-hpc,2026-08-12T17:41:04,
tortuosity,gpu,matrixfree,16,n800_b100_p095,800,1,0.95,0.952043,487445980,iters,6,0.07245974625,1.033344548,0.9298784259,3.256751199,3.347714401e-06,3,,pmeal-hpc,2026-08-12T17:41:04,
tortuosity,gpu,matrixfree,16,n800_b100_p095,800,1,0.95,0.952043,487445980,iters,10,0.155749944,1.033344548,0.8492758836,4.312194257,1.930076826e-06,3,,pmeal-hpc,2026-08-12T17:41:04,
tortuosity,gpu,matrixfree,16,n800_b100_p095,800,1,0.95,0.952043,487445980,iters,18,0.474214573,1.033344548,0.5410876519,6.391083997,1.134215559e-05,3,,pmeal-hpc,2026-08-12T17:41:04,
tortuosity,gpu,matrixfree,16,n800_b100_p095,800,1,0.95,0.952043,487445980,iters,33,0.8386043911,1.033344548,0.1884561711,10.26301382,1.740468547e-05,3,,pmeal-hpc,2026-08-12T17:41:04,
tortuosity,gpu,matrixfree,16,n800_b100_p095,800,1,0.95,0.952043,487445980,iters,59,1.081496532,1.033344548,0.04659818799,16.95480133,1.442393178e-05,3,,pmeal-hpc,2026-08-12T17:41:04,
tortuosity,gpu,matrixfree,16,n800_b100_p095,800,1,0.95,0.952043,487445980,iters,106,1.034814247,1.033344548,0.001422274294,29.01974299,9.270348515e-06,3,,pmeal-hpc,2026-08-12T17:41:04,
tortuosity,gpu,matrixfree,16,n800_b100_p095,800,1,0.95,0.952043,487445980,iters,189,1.033462449,1.033344548,0.0001140961183,50.30896419,1.085490196e-05,3,target_reached,pmeal-hpc,2026-08-12T17:41:04,
tortuosity,gpu,matrixfree,16,n800_b200_p020,800,2,0.2,0.18995,97254252,iters,1,0.00472155616,13.56020695,0.999651808,1.187212963,NaN,1,,pmeal-hpc,2026-08-12T17:44:17,
tortuosity,gpu,matrixfree,16,n800_b200_p020,800,2,0.2,0.18995,97254252,iters,2,0.006521678438,13.56020695,0.9995190576,1.245287082,NaN,1,,pmeal-hpc,2026-08-12T17:44:17,
tortuosity,gpu,matrixfree,16,n800_b200_p020,800,2,0.2,0.18995,97254252,iters,3,0.01102092251,13.56020695,0.99918726,1.304769566,NaN,1,,pmeal-hpc,2026-08-12T17:44:17,
tortuosity,gpu,matrixfree,16,n800_b200_p020,800,2,0.2,0.18995,97254252,iters,6,0.06152833547,13.56020695,0.9954625814,1.48249056,NaN,1,,pmeal-hpc,2026-08-12T17:44:17,
tortuosity,gpu,matrixfree,16,n800_b200_p020,800,2,0.2,0.18995,97254252,iters,10,0.1204070701,13.56020695,0.9911205581,1.720898393,NaN,1,,pmeal-hpc,2026-08-12T17:44:17,
tortuosity,gpu,matrixfree,16,n800_b200_p020,800,2,0.2,0.18995,97254252,iters,18,0.5333846143,13.56020695,0.9606654518,2.171053191,NaN,1,,pmeal-hpc,2026-08-12T17:44:17,
tortuosity,gpu,matrixfree,16,n800_b200_p020,800,2,0.2,0.18995,97254252,iters,33,1.780276088,13.56020695,0.8687132066,2.990943942,NaN,1,,pmeal-hpc,2026-08-12T17:44:17,
tortuosity,gpu,matrixfree,16,n800_b200_p020,800,2,0.2,0.18995,97254252,iters,59,6.680849794,13.56020695,0.5073194813,4.351650763,NaN,1,,pmeal-hpc,2026-08-12T17:44:17,
tortuosity,gpu,matrixfree,16,n800_b200_p020,800,2,0.2,0.18995,97254252,iters,106,17.5356303,13.56020695,0.293168339,6.681903169,NaN,1,,pmeal-hpc,2026-08-12T17:44:17,
tortuosity,gpu,matrixfree,16,n800_b200_p020,800,2,0.2,0.18995,97254252,iters,189,12.38685618,13.56020695,0.08652897245,10.8024795,NaN,1,,pmeal-hpc,2026-08-12T17:44:17,
tortuosity,gpu,matrixfree,16,n800_b200_p020,800,2,0.2,0.18995,97254252,iters,339,13.54249201,13.56020695,0.00130639182,18.85769889,NaN,1,,pmeal-hpc,2026-08-12T17:44:17,
tortuosity,gpu,matrixfree,16,n800_b200_p020,800,2,0.2,0.18995,97254252,iters,607,13.62203249,13.56020695,0.004559336183,33.63657068,NaN,1,,pmeal-hpc,2026-08-12T17:44:17,
tortuosity,gpu,matrixfree,16,n800_b200_p020,800,2,0.2,0.18995,97254252,iters,1086,13.64910301,13.56020695,0.006555656814,59.26481347,NaN,1,,pmeal-hpc,2026-08-12T17:44:17,
tortuosity,gpu,matrixfree,16,n800_b200_p020,800,2,0.2,0.18995,97254252,iters,1945,13.65320701,13.56020695,0.006858306817,105.3690569,NaN,1,,pmeal-hpc,2026-08-12T17:44:17,
tortuosity,gpu,matrixfree,16,n800_b200_p020,800,2,0.2,0.18995,97254252,iters,3484,13.65320767,13.56020695,0.006858355285,159.678734,NaN,1,,pmeal-hpc,2026-08-12T17:44:17,
tortuosity,gpu,matrixfree,16,n800_b200_p020,800,2,0.2,0.18995,97254252,iters,6238,13.65320767,13.56020695,0.006858355285,159.678734,NaN,1,,pmeal-hpc,2026-08-12T17:44:17,
tortuosity,gpu,matrixfree,16,n800_b200_p020,800,2,0.2,0.18995,97254252,iters,11169,13.65320767,13.56020695,0.006858355285,159.678734,NaN,1,,pmeal-hpc,2026-08-12T17:44:17,
tortuosity,gpu,matrixfree,16,n800_b200_p020,800,2,0.2,0.18995,97254252,iters,20000,13.65320767,13.56020695,0.006858355285,159.678734,NaN,1,ladder_exhausted,pmeal-hpc,2026-08-12T17:44:17,
tortuosity,gpu,matrixfree,16,n800_b200_p040,800,2,0.4,0.3993,204441481,iters,1,0.005333168043,2.540426233,0.9979006798,1.432110279,0,3,,pmeal-hpc,2026-08-12T17:47:38,
tortuosity,gpu,matrixfree,16,n800_b200_p040,800,2,0.4,0.3993,204441481,iters,2,0.006967638293,2.540426233,0.9972572956,1.554631482,7.365556423e-07,3,,pmeal-hpc,2026-08-12T17:47:38,
tortuosity,gpu,matrixfree,16,n800_b200_p040,800,2,0.4,0.3993,204441481,iters,3,0.01266421079,2.540426233,0.9950149268,1.678613778,8.200782913e-07,3,,pmeal-hpc,2026-08-12T17:47:38,
tortuosity,gpu,matrixfree,16,n800_b200_p040,800,2,0.4,0.3993,204441481,iters,6,0.06919422985,2.540426233,0.9727627479,2.03102495,6.87945326e-06,3,,pmeal-hpc,2026-08-12T17:47:38,
tortuosity,gpu,matrixfree,16,n800_b200_p040,800,2,0.4,0.3993,204441481,iters,10,0.1323234702,2.540426233,0.9479128862,2.494902158,1.262605792e-05,3,,pmeal-hpc,2026-08-12T17:47:38,
tortuosity,gpu,matrixfree,16,n800_b200_p040,800,2,0.4,0.3993,204441481,iters,18,0.5236144197,2.540426233,0.7938871781,3.387417567,5.523002212e-05,3,,pmeal-hpc,2026-08-12T17:47:38,
tortuosity,gpu,matrixfree,16,n800_b200_p040,800,2,0.4,0.3993,204441481,iters,33,1.322737531,2.540426233,0.479324566,5.051520337,0.0001705775426,3,,pmeal-hpc,2026-08-12T17:47:38,
tortuosity,gpu,matrixfree,16,n800_b200_p040,800,2,0.4,0.3993,204441481,iters,59,2.318539289,2.540426233,0.08734240771,7.904353755,0.0003334049127,3,,pmeal-hpc,2026-08-12T17:47:38,
tortuosity,gpu,matrixfree,16,n800_b200_p040,800,2,0.4,0.3993,204441481,iters,106,2.694963116,2.540426233,0.06083108441,13.02321726,0.0003445691464,3,,pmeal-hpc,2026-08-12T17:47:38,
tortuosity,gpu,matrixfree,16,n800_b200_p040,800,2,0.4,0.3993,204441481,iters,189,2.531083648,2.540426233,0.003677566014,22.09144276,0.0003375788047,3,,pmeal-hpc,2026-08-12T17:47:38,
tortuosity,gpu,matrixfree,16,n800_b200_p040,800,2,0.4,0.3993,204441481,iters,339,2.539537018,2.540426233,0.000350025719,38.7864286,0.0003766182602,3,target_reached,pmeal-hpc,2026-08-12T17:47:38,
tortuosity,gpu,matrixfree,16,n800_b200_p060,800,2,0.6,0.602005,308226382,iters,1,0.005870865965,1.551467408,0.996215927,1.570291225,0,3,,pmeal-hpc,2026-08-12T17:50:45,
tortuosity,gpu,matrixfree,16,n800_b200_p060,800,2,0.6,0.602005,308226382,iters,2,0.007536093937,1.551467408,0.9951426025,1.748464435,5.85699694e-07,3,,pmeal-hpc,2026-08-12T17:50:45,
tortuosity,gpu,matrixfree,16,n800_b200_p060,800,2,0.6,0.602005,308226382,iters,3,0.01422523239,1.551467408,0.990831111,1.924568904,1.410158895e-06,3,,pmeal-hpc,2026-08-12T17:50:45,
tortuosity,gpu,matrixfree,16,n800_b200_p060,800,2,0.6,0.602005,308226382,iters,6,0.07406507245,1.551467408,0.9522612772,2.422693445,4.977640693e-06,3,,pmeal-hpc,2026-08-12T17:50:45,
tortuosity,gpu,matrixfree,16,n800_b200_p060,800,2,0.6,0.602005,308226382,iters,10,0.1428191955,1.551467408,0.9079457327,3.075827646,1.15345565e-05,3,,pmeal-hpc,2026-08-12T17:50:45,
tortuosity,gpu,matrixfree,16,n800_b200_p060,800,2,0.6,0.602005,308226382,iters,18,0.5102864004,1.551467408,0.6710943474,4.375209571,4.866894929e-05,3,,pmeal-hpc,2026-08-12T17:50:45,
tortuosity,gpu,matrixfree,16,n800_b200_p060,800,2,0.6,0.602005,308226382,iters,33,1.066151794,1.551467408,0.3128107051,6.775192052,8.713138838e-05,3,,pmeal-hpc,2026-08-12T17:50:45,
tortuosity,gpu,matrixfree,16,n800_b200_p060,800,2,0.6,0.602005,308226382,iters,59,1.523473281,1.551467408,0.01804364503,10.9380353,0.0001156119751,3,,pmeal-hpc,2026-08-12T17:50:45,
tortuosity,gpu,matrixfree,16,n800_b200_p060,800,2,0.6,0.602005,308226382,iters,106,1.584027224,1.551467408,0.02098646473,18.39303851,0.0001199896254,3,,pmeal-hpc,2026-08-12T17:50:45,
tortuosity,gpu,matrixfree,16,n800_b200_p060,800,2,0.6,0.602005,308226382,iters,189,1.550838732,1.551467408,0.0004052136351,31.59635677,0.0001177834217,3,target_reached,pmeal-hpc,2026-08-12T17:50:45,
tortuosity,gpu,matrixfree,16,n800_b200_p080,800,2,0.8,0.802459,410859253,iters,1,0.006037980591,1.188212956,0.9949184357,1.717561231,0,3,,pmeal-hpc,2026-08-12T17:54:35,
tortuosity,gpu,matrixfree,16,n800_b200_p080,800,2,0.8,0.802459,410859253,iters,2,0.007716860674,1.188212956,0.9935054902,1.966692795,1.233097426e-07,3,,pmeal-hpc,2026-08-12T17:54:35,
tortuosity,gpu,matrixfree,16,n800_b200_p080,800,2,0.8,0.802459,410859253,iters,3,0.01494525503,1.188212956,0.9874220737,2.212472198,1.784657921e-06,3,,pmeal-hpc,2026-08-12T17:54:35,
tortuosity,gpu,matrixfree,16,n800_b200_p080,800,2,0.8,0.802459,410859253,iters,6,0.07526720025,1.188212956,0.9366551258,2.892361645,2.158667587e-06,3,,pmeal-hpc,2026-08-12T17:54:35,
tortuosity,gpu,matrixfree,16,n800_b200_p080,800,2,0.8,0.802459,410859253,iters,10,0.149851261,1.188212956,0.8738851818,3.762198028,3.471721429e-06,3,,pmeal-hpc,2026-08-12T17:54:35,
tortuosity,gpu,matrixfree,16,n800_b200_p080,800,2,0.8,0.802459,410859253,iters,18,0.4916673167,1.188212956,0.5862127961,5.48858217,4.698360222e-06,3,,pmeal-hpc,2026-08-12T17:54:35,
tortuosity,gpu,matrixfree,16,n800_b200_p080,800,2,0.8,0.802459,410859253,iters,33,0.9171756122,1.188212956,0.2281050231,8.694691739,3.801420943e-05,3,,pmeal-hpc,2026-08-12T17:54:35,
tortuosity,gpu,matrixfree,16,n800_b200_p080,800,2,0.8,0.802459,410859253,iters,59,1.204649056,1.188212956,0.01383262149,14.2170739,7.382241251e-05,3,,pmeal-hpc,2026-08-12T17:54:35,
tortuosity,gpu,matrixfree,16,n800_b200_p080,800,2,0.8,0.802459,410859253,iters,106,1.195853839,1.188212956,0.006430566776,24.20832781,5.17218087e-05,3,,pmeal-hpc,2026-08-12T17:54:35,
tortuosity,gpu,matrixfree,16,n800_b200_p080,800,2,0.8,0.802459,410859253,iters,189,1.188140023,1.188212956,6.138068224e-05,41.81894665,5.867380462e-05,3,target_reached,pmeal-hpc,2026-08-12T17:54:35,
tortuosity,gpu,matrixfree,16,n800_b200_p095,800,2,0.95,0.949699,486245700,iters,1,0.00575594388,1.038427024,0.994457055,1.746937487,0,3,,pmeal-hpc,2026-08-12T17:58:57,
tortuosity,gpu,matrixfree,16,n800_b200_p095,800,2,0.95,0.949699,486245700,iters,2,0.007386064719,1.038427024,0.9928872568,2.01373714,2.226443923e-07,3,,pmeal-hpc,2026-08-12T17:58:57,
tortuosity,gpu,matrixfree,16,n800_b200_p095,800,2,0.95,0.949699,486245700,iters,3,0.01485172912,1.038427024,0.9856978596,2.278094641,1.446077385e-06,3,,pmeal-hpc,2026-08-12T17:58:57,
tortuosity,gpu,matrixfree,16,n800_b200_p095,800,2,0.95,0.949699,486245700,iters,6,0.07245444027,1.038427024,0.9302267385,3.065240978,7.069257383e-06,3,,pmeal-hpc,2026-08-12T17:58:57,
tortuosity,gpu,matrixfree,16,n800_b200_p095,800,2,0.95,0.949699,486245700,iters,10,0.1525453017,1.038427024,0.8530996419,4.102417811,1.229499139e-05,3,,pmeal-hpc,2026-08-12T17:58:57,
tortuosity,gpu,matrixfree,16,n800_b200_p095,800,2,0.95,0.949699,486245700,iters,18,0.4695570202,1.038427024,0.5478189518,6.140550367,4.767224214e-05,3,,pmeal-hpc,2026-08-12T17:58:57,
tortuosity,gpu,matrixfree,16,n800_b200_p095,800,2,0.95,0.949699,486245700,iters,33,0.8398722165,1.038427024,0.1912072808,9.967891253,6.525543425e-05,3,,pmeal-hpc,2026-08-12T17:58:57,
tortuosity,gpu,matrixfree,16,n800_b200_p095,800,2,0.95,0.949699,486245700,iters,59,1.075084349,1.038427024,0.03530081956,16.56029186,9.832177642e-05,3,,pmeal-hpc,2026-08-12T17:58:57,
tortuosity,gpu,matrixfree,16,n800_b200_p095,800,2,0.95,0.949699,486245700,iters,106,1.039898406,1.038427024,0.00141693345,28.50701502,9.379137809e-05,3,,pmeal-hpc,2026-08-12T17:58:57,
tortuosity,gpu,matrixfree,16,n800_b200_p095,800,2,0.95,0.949699,486245700,iters,189,1.038581408,1.038427024,0.0001486712561,49.66573139,9.54318604e-05,3,target_reached,pmeal-hpc,2026-08-12T17:58:57,
