tool,device,variant,cpu_threads,case_id,size,blobiness,porosity_target,porosity,nnodes,knob_name,knob,tau,tau_ref,rel_error,time_s,tau_spread,repeats,stop_reason,host,measured_at,note
tortuosity,gpu,assembled,16,n200_b050_p020,200,0.5,0.2,0.161462,1291692,iters,1,0.01340797703,33.93155464,0.9996048523,0.1717427691,0,3,,pmeal-hpc,2026-08-11T14:14:24,
tortuosity,gpu,assembled,16,n200_b050_p020,200,0.5,0.2,0.161462,1291692,iters,2,0.01769770022,33.93155464,0.9994784294,0.1728132661,2.696455743e-07,3,,pmeal-hpc,2026-08-11T14:14:25,
tortuosity,gpu,assembled,16,n200_b050_p020,200,0.5,0.2,0.161462,1291692,iters,3,0.02953239257,33.93155464,0.9991296481,0.17389292,9.640661816e-08,3,,pmeal-hpc,2026-08-11T14:14:25,
tortuosity,gpu,assembled,16,n200_b050_p020,200,0.5,0.2,0.161462,1291692,iters,6,0.169056961,33.93155464,0.9950177066,0.180630535,4.082092094e-06,3,,pmeal-hpc,2026-08-11T14:14:25,
tortuosity,gpu,assembled,16,n200_b050_p020,200,0.5,0.2,0.161462,1291692,iters,10,0.316957335,33.93155464,0.9906589209,0.184562042,6.735954499e-06,3,,pmeal-hpc,2026-08-11T14:14:25,
tortuosity,gpu,assembled,16,n200_b050_p020,200,0.5,0.2,0.161462,1291692,iters,18,16.02815613,33.93155464,0.5276327211,0.1920395821,0.0005873500504,3,,pmeal-hpc,2026-08-11T14:14:25,
tortuosity,gpu,assembled,16,n200_b050_p020,200,0.5,0.2,0.161462,1291692,iters,33,24.56783819,33.93155464,0.2759589577,0.2060263091,0.0006660010645,3,,pmeal-hpc,2026-08-11T14:14:25,
tortuosity,gpu,assembled,16,n200_b050_p020,200,0.5,0.2,0.161462,1291692,iters,59,33.94267981,33.93155464,0.0003278708236,0.2311378061,0.0009340217752,3,target_reached,pmeal-hpc,2026-08-11T14:14:25,
tortuosity,gpu,assembled,16,n200_b050_p040,200,0.5,0.4,0.399036,3192287,iters,1,0.02024748664,2.920079096,0.9930661171,0.260519047,0,3,,pmeal-hpc,2026-08-11T14:14:28,
tortuosity,gpu,assembled,16,n200_b050_p040,200,0.5,0.4,0.399036,3192287,iters,2,0.0255495481,2.920079096,0.9912503918,0.264865623,2.692115455e-07,3,,pmeal-hpc,2026-08-11T14:14:28,
tortuosity,gpu,assembled,16,n200_b050_p040,200,0.5,0.4,0.399036,3192287,iters,3,0.04648367809,2.920079096,0.9840813634,0.269283439,1.33325167e-06,3,,pmeal-hpc,2026-08-11T14:14:28,
tortuosity,gpu,assembled,16,n200_b050_p040,200,0.5,0.4,0.399036,3192287,iters,6,0.253557033,2.920079096,0.9131677518,0.2817439061,2.192676562e-06,3,,pmeal-hpc,2026-08-11T14:14:28,
tortuosity,gpu,assembled,16,n200_b050_p040,200,0.5,0.4,0.399036,3192287,iters,10,0.4263734945,2.920079096,0.8539856352,0.297443143,5.701785867e-06,3,,pmeal-hpc,2026-08-11T14:14:28,
tortuosity,gpu,assembled,16,n200_b050_p040,200,0.5,0.4,0.399036,3192287,iters,18,3.135001621,2.920079096,0.0736016108,0.324253413,5.986449523e-05,3,,pmeal-hpc,2026-08-11T14:14:28,
tortuosity,gpu,assembled,16,n200_b050_p040,200,0.5,0.4,0.399036,3192287,iters,33,2.901141641,2.920079096,0.006485254065,0.374573624,5.376388154e-05,3,,pmeal-hpc,2026-08-11T14:14:28,
tortuosity,gpu,assembled,16,n200_b050_p040,200,0.5,0.4,0.399036,3192287,iters,59,2.919561883,2.920079096,0.0001771230616,0.461657442,5.607698495e-05,3,target_reached,pmeal-hpc,2026-08-11T14:14:28,
tortuosity,gpu,assembled,16,n200_b050_p060,200,0.5,0.6,0.609627,4877016,iters,1,0.02208608458,1.551550164,0.9857651495,0.3418847751,0,3,,pmeal-hpc,2026-08-11T14:14:31,
tortuosity,gpu,assembled,16,n200_b050_p060,200,0.5,0.6,0.609627,4877016,iters,2,0.02813999465,1.551550164,0.9818633034,0.3490837321,1.027639137e-07,3,,pmeal-hpc,2026-08-11T14:14:31,
tortuosity,gpu,assembled,16,n200_b050_p060,200,0.5,0.6,0.609627,4877016,iters,3,0.05304716875,1.551550164,0.9658102136,0.3563753281,2.653786086e-07,3,,pmeal-hpc,2026-08-11T14:14:31,
tortuosity,gpu,assembled,16,n200_b050_p060,200,0.5,0.6,0.609627,4877016,iters,6,0.2691306922,1.551550164,0.826540773,0.3830635861,6.252024007e-07,3,,pmeal-hpc,2026-08-11T14:14:31,
tortuosity,gpu,assembled,16,n200_b050_p060,200,0.5,0.6,0.609627,4877016,iters,10,0.4128122499,1.551550164,0.7339356088,0.406071857,9.582126368e-07,3,,pmeal-hpc,2026-08-11T14:14:31,
tortuosity,gpu,assembled,16,n200_b050_p060,200,0.5,0.6,0.609627,4877016,iters,18,1.845369344,1.551550164,0.1893713696,0.451244168,4.914043822e-06,3,,pmeal-hpc,2026-08-11T14:14:31,
tortuosity,gpu,assembled,16,n200_b050_p060,200,0.5,0.6,0.609627,4877016,iters,33,1.54887925,1.551550164,0.001721448876,0.5461022132,4.80003007e-06,3,,pmeal-hpc,2026-08-11T14:14:31,
tortuosity,gpu,assembled,16,n200_b050_p060,200,0.5,0.6,0.609627,4877016,iters,59,1.551567125,1.551550164,1.09314586e-05,0.6895575002,5.236900591e-06,3,target_reached,pmeal-hpc,2026-08-11T14:14:31,
tortuosity,gpu,assembled,16,n200_b050_p080,200,0.5,0.8,0.81175,6494003,iters,1,0.02298408606,1.170581237,0.9803652362,0.386325144,0,3,,pmeal-hpc,2026-08-11T14:14:36,
tortuosity,gpu,assembled,16,n200_b050_p080,200,0.5,0.8,0.81175,6494003,iters,2,0.02965503154,1.170581237,0.9746664045,0.3963476759,5.670950587e-08,3,,pmeal-hpc,2026-08-11T14:14:36,
tortuosity,gpu,assembled,16,n200_b050_p080,200,0.5,0.8,0.81175,6494003,iters,3,0.0562741305,1.170581237,0.9519263348,0.4055231259,2.872474687e-07,3,,pmeal-hpc,2026-08-11T14:14:36,
tortuosity,gpu,assembled,16,n200_b050_p080,200,0.5,0.8,0.81175,6494003,iters,6,0.2742766019,1.170581237,0.7656919544,0.4343700509,1.788317791e-07,3,,pmeal-hpc,2026-08-11T14:14:36,
tortuosity,gpu,assembled,16,n200_b050_p080,200,0.5,0.8,0.81175,6494003,iters,10,0.401959879,1.170581237,0.6566151359,0.4720896069,1.17782871e-06,3,,pmeal-hpc,2026-08-11T14:14:36,
tortuosity,gpu,assembled,16,n200_b050_p080,200,0.5,0.8,0.81175,6494003,iters,18,1.452803685,1.170581237,0.2410959954,0.5427272529,5.837637693e-06,3,,pmeal-hpc,2026-08-11T14:14:36,
tortuosity,gpu,assembled,16,n200_b050_p080,200,0.5,0.8,0.81175,6494003,iters,33,1.1686859,1.170581237,0.001619141445,0.6677270549,3.605683631e-06,3,,pmeal-hpc,2026-08-11T14:14:36,
tortuosity,gpu,assembled,16,n200_b050_p080,200,0.5,0.8,0.81175,6494003,iters,59,1.170465409,1.170581237,9.894889913e-05,0.8814587949,4.445046089e-06,3,target_reached,pmeal-hpc,2026-08-11T14:14:36,
tortuosity,gpu,assembled,16,n200_b050_p095,200,0.5,0.95,0.948977,7591813,iters,1,0.02291454614,1.035044249,0.9778612884,0.393678011,0,3,,pmeal-hpc,2026-08-11T14:14:40,
tortuosity,gpu,assembled,16,n200_b050_p095,200,0.5,0.95,0.948977,7591813,iters,2,0.03001565142,1.035044249,0.9710006104,0.405412645,6.633532694e-08,3,,pmeal-hpc,2026-08-11T14:14:40,
tortuosity,gpu,assembled,16,n200_b050_p095,200,0.5,0.95,0.948977,7591813,iters,3,0.05752599034,1.035044249,0.9444217091,0.417044882,1.629023372e-07,3,,pmeal-hpc,2026-08-11T14:14:40,
tortuosity,gpu,assembled,16,n200_b050_p095,200,0.5,0.95,0.948977,7591813,iters,6,0.2729184574,1.035044249,0.7363219422,0.44820954,4.665350865e-07,3,,pmeal-hpc,2026-08-11T14:14:40,
tortuosity,gpu,assembled,16,n200_b050_p095,200,0.5,0.95,0.948977,7591813,iters,10,0.3940081223,1.035044249,0.6193320985,0.4908932761,3.02825741e-07,3,,pmeal-hpc,2026-08-11T14:14:40,
tortuosity,gpu,assembled,16,n200_b050_p095,200,0.5,0.95,0.948977,7591813,iters,18,1.332133472,1.035044249,0.2870304566,0.573040073,3.944683209e-06,3,,pmeal-hpc,2026-08-11T14:14:40,
tortuosity,gpu,assembled,16,n200_b050_p095,200,0.5,0.95,0.948977,7591813,iters,33,1.033154244,1.035044249,0.001826013319,0.7266187461,2.680193401e-06,3,,pmeal-hpc,2026-08-11T14:14:40,
tortuosity,gpu,assembled,16,n200_b050_p095,200,0.5,0.95,0.948977,7591813,iters,59,1.035031528,1.035044249,1.229070985e-05,0.998751511,3.363931034e-06,3,target_reached,pmeal-hpc,2026-08-11T14:14:40,
tortuosity,gpu,assembled,16,n200_b100_p020,200,1,0.2,0.171209,1369672,iters,1,0.01820013148,13.93255227,0.9986936972,0.148556346,0,3,,pmeal-hpc,2026-08-11T14:14:42,
tortuosity,gpu,assembled,16,n200_b100_p020,200,1,0.2,0.171209,1369672,iters,2,0.0242003653,13.93255227,0.9982630343,0.1496927809,3.057851513e-07,3,,pmeal-hpc,2026-08-11T14:14:42,
tortuosity,gpu,assembled,16,n200_b100_p020,200,1,0.2,0.171209,1369672,iters,3,0.03822864016,13.93255227,0.9972561639,0.150888338,5.891371529e-07,3,,pmeal-hpc,2026-08-11T14:14:42,
tortuosity,gpu,assembled,16,n200_b100_p020,200,1,0.2,0.171209,1369672,iters,6,0.2471160642,13.93255227,0.982263403,0.154065322,1.963572495e-06,3,,pmeal-hpc,2026-08-11T14:14:42,
tortuosity,gpu,assembled,16,n200_b100_p020,200,1,0.2,0.171209,1369672,iters,10,0.4542811673,13.93255227,0.9673942607,0.158245291,6.1345398e-06,3,,pmeal-hpc,2026-08-11T14:14:42,
tortuosity,gpu,assembled,16,n200_b100_p020,200,1,0.2,0.171209,1369672,iters,18,4.46943372,13.93255227,0.6792092624,0.166378303,0.0001040407421,3,,pmeal-hpc,2026-08-11T14:14:42,
tortuosity,gpu,assembled,16,n200_b100_p020,200,1,0.2,0.171209,1369672,iters,33,11.20631264,13.93255227,0.1956741004,0.1814536969,0.0002188656706,3,,pmeal-hpc,2026-08-11T14:14:42,
tortuosity,gpu,assembled,16,n200_b100_p020,200,1,0.2,0.171209,1369672,iters,59,13.58458795,13.93255227,0.02497491578,0.213332288,0.000214041113,3,,pmeal-hpc,2026-08-11T14:14:42,
tortuosity,gpu,assembled,16,n200_b100_p020,200,1,0.2,0.171209,1369672,iters,106,13.94002907,13.93255227,0.0005366424373,0.263491369,0.000249376604,3,target_reached,pmeal-hpc,2026-08-11T14:14:42,
tortuosity,gpu,assembled,16,n200_b100_p040,200,1,0.4,0.399225,3193802,iters,1,0.02006938888,2.644709479,0.9924114958,0.2697212599,0,3,,pmeal-hpc,2026-08-11T14:14:44,
tortuosity,gpu,assembled,16,n200_b100_p040,200,1,0.4,0.399225,3193802,iters,2,0.02583522585,2.644709479,0.9902313558,0.2750505769,9.801289578e-08,3,,pmeal-hpc,2026-08-11T14:14:44,
tortuosity,gpu,assembled,16,n200_b100_p040,200,1,0.4,0.399225,3193802,iters,3,0.04439029381,2.644709479,0.9832154366,0.2807076488,2.815904241e-07,3,,pmeal-hpc,2026-08-11T14:14:44,
tortuosity,gpu,assembled,16,n200_b100_p040,200,1,0.4,0.399225,3193802,iters,6,0.2592984334,2.644709479,0.9019557969,0.2993662481,1.44276578e-08,3,,pmeal-hpc,2026-08-11T14:14:44,
tortuosity,gpu,assembled,16,n200_b100_p040,200,1,0.4,0.399225,3193802,iters,10,0.4317904867,2.644709479,0.8367342462,0.316977808,5.325827473e-07,3,,pmeal-hpc,2026-08-11T14:14:44,
tortuosity,gpu,assembled,16,n200_b100_p040,200,1,0.4,0.399225,3193802,iters,18,2.305382783,2.644709479,0.1283039588,0.349732473,4.861252849e-06,3,,pmeal-hpc,2026-08-11T14:14:44,
tortuosity,gpu,assembled,16,n200_b100_p040,200,1,0.4,0.399225,3193802,iters,33,2.644640822,2.644709479,2.596009318e-05,0.410287246,8.519414492e-06,3,target_reached,pmeal-hpc,2026-08-11T14:14:44,
tortuosity,gpu,assembled,16,n200_b100_p060,200,1,0.6,0.603465,4827722,iters,1,0.02265304975,1.571435764,0.9855844889,0.346926622,0,3,,pmeal-hpc,2026-08-11T14:14:47,
tortuosity,gpu,assembled,16,n200_b100_p060,200,1,0.6,0.603465,4827722,iters,2,0.02907423415,1.571435764,0.9814982993,0.35572033,2.818211783e-09,3,,pmeal-hpc,2026-08-11T14:14:47,
tortuosity,gpu,assembled,16,n200_b100_p060,200,1,0.6,0.603465,4827722,iters,3,0.05157681026,1.571435764,0.9671785437,0.364530215,3.247409649e-07,3,,pmeal-hpc,2026-08-11T14:14:47,
tortuosity,gpu,assembled,16,n200_b100_p060,200,1,0.6,0.603465,4827722,iters,6,0.2707138222,1.571435764,0.8277283562,0.390038609,9.901945308e-07,3,,pmeal-hpc,2026-08-11T14:14:47,
tortuosity,gpu,assembled,16,n200_b100_p060,200,1,0.6,0.603465,4827722,iters,10,0.4251986887,1.571435764,0.7294202547,0.4196127061,1.764865859e-06,3,,pmeal-hpc,2026-08-11T14:14:47,
tortuosity,gpu,assembled,16,n200_b100_p060,200,1,0.6,0.603465,4827722,iters,18,1.654409718,1.571435764,0.05280136525,0.4793726491,3.772971123e-06,3,,pmeal-hpc,2026-08-11T14:14:47,
tortuosity,gpu,assembled,16,n200_b100_p060,200,1,0.6,0.603465,4827722,iters,33,1.57729793,1.571435764,0.00373045227,0.5886869201,3.384813232e-06,3,,pmeal-hpc,2026-08-11T14:14:47,
tortuosity,gpu,assembled,16,n200_b100_p060,200,1,0.6,0.603465,4827722,iters,59,1.571255635,1.571435764,0.0001146272042,0.7829590981,2.773030712e-06,3,target_reached,pmeal-hpc,2026-08-11T14:14:47,
tortuosity,gpu,assembled,16,n200_b100_p080,200,1,0.8,0.80445,6435598,iters,1,0.02345964611,1.193638864,0.9803461107,0.3901750579,0,3,,pmeal-hpc,2026-08-11T14:14:51,
tortuosity,gpu,assembled,16,n200_b100_p080,200,1,0.8,0.80445,6435598,iters,2,0.0303090632,1.193638864,0.9746078449,0.4012039029,8.629810279e-08,3,,pmeal-hpc,2026-08-11T14:14:51,
tortuosity,gpu,assembled,16,n200_b100_p080,200,1,0.8,0.80445,6435598,iters,3,0.0549084051,1.193638864,0.9539991477,0.415610858,6.150343437e-08,3,,pmeal-hpc,2026-08-11T14:14:51,
tortuosity,gpu,assembled,16,n200_b100_p080,200,1,0.8,0.80445,6435598,iters,6,0.2745840674,1.193638864,0.7699605168,0.4480554,8.259601092e-07,3,,pmeal-hpc,2026-08-11T14:14:51,
tortuosity,gpu,assembled,16,n200_b100_p080,200,1,0.8,0.80445,6435598,iters,10,0.4037234981,1.193638864,0.6617708167,0.4866404281,1.921191887e-06,3,,pmeal-hpc,2026-08-11T14:14:51,
tortuosity,gpu,assembled,16,n200_b100_p080,200,1,0.8,0.80445,6435598,iters,18,1.382677424,1.193638864,0.1583716532,0.563019208,3.513623152e-06,3,,pmeal-hpc,2026-08-11T14:14:51,
tortuosity,gpu,assembled,16,n200_b100_p080,200,1,0.8,0.80445,6435598,iters,33,1.192703729,1.193638864,0.0007834324491,0.706210632,3.653914257e-06,3,target_reached,pmeal-hpc,2026-08-11T14:14:51,
tortuosity,gpu,assembled,16,n200_b100_p095,200,1,0.95,0.949833,7598661,iters,1,0.02282258901,1.040405134,0.9780637482,0.398157409,0,3,,pmeal-hpc,2026-08-11T14:14:55,
tortuosity,gpu,assembled,16,n200_b100_p095,200,1,0.95,0.949833,7598661,iters,2,0.02983894702,1.040405134,0.9713198772,0.410005693,3.742915758e-09,3,,pmeal-hpc,2026-08-11T14:14:55,
tortuosity,gpu,assembled,16,n200_b100_p095,200,1,0.95,0.949833,7598661,iters,3,0.05572576707,1.040405134,0.9464383967,0.4218940359,3.365865508e-07,3,,pmeal-hpc,2026-08-11T14:14:55,
tortuosity,gpu,assembled,16,n200_b100_p095,200,1,0.95,0.949833,7598661,iters,6,0.2688806487,1.040405134,0.7415615898,0.455797858,4.275172974e-07,3,,pmeal-hpc,2026-08-11T14:14:55,
tortuosity,gpu,assembled,16,n200_b100_p095,200,1,0.95,0.949833,7598661,iters,10,0.387297505,1.040405134,0.6277435661,0.497780055,3.727285294e-07,3,,pmeal-hpc,2026-08-11T14:14:55,
tortuosity,gpu,assembled,16,n200_b100_p095,200,1,0.95,0.949833,7598661,iters,18,1.303306449,1.040405134,0.2526912892,0.580675706,4.336573735e-06,3,,pmeal-hpc,2026-08-11T14:14:55,
tortuosity,gpu,assembled,16,n200_b100_p095,200,1,0.95,0.949833,7598661,iters,33,1.038767693,1.040405134,0.00157384962,0.7365832709,2.879434206e-06,3,,pmeal-hpc,2026-08-11T14:14:55,
tortuosity,gpu,assembled,16,n200_b100_p095,200,1,0.95,0.949833,7598661,iters,59,1.040398609,1.040405134,6.272006822e-06,1.011015054,3.128541264e-06,3,target_reached,pmeal-hpc,2026-08-11T14:14:55,
tortuosity,gpu,assembled,16,n200_b200_p020,200,2,0.2,0.187312,1498500,iters,1,0.02014483038,13.5328383,0.9985114113,0.190405107,0,3,,pmeal-hpc,2026-08-11T14:14:59,
tortuosity,gpu,assembled,16,n200_b200_p020,200,2,0.2,0.187312,1498500,iters,2,0.02634241698,13.5328383,0.9980534448,0.1945148549,2.278035516e-07,3,,pmeal-hpc,2026-08-11T14:14:59,
tortuosity,gpu,assembled,16,n200_b200_p020,200,2,0.2,0.187312,1498500,iters,3,0.04100793065,13.5328383,0.9969697465,0.198599764,1.307553624e-07,3,,pmeal-hpc,2026-08-11T14:14:59,
tortuosity,gpu,assembled,16,n200_b200_p020,200,2,0.2,0.187312,1498500,iters,6,0.2955626856,13.5328383,0.9781595938,0.2097726361,3.087335802e-06,3,,pmeal-hpc,2026-08-11T14:14:59,
tortuosity,gpu,assembled,16,n200_b200_p020,200,2,0.2,0.187312,1498500,iters,10,0.6389611974,13.5328383,0.9527843913,0.2245685791,5.097221178e-06,3,,pmeal-hpc,2026-08-11T14:14:59,
tortuosity,gpu,assembled,16,n200_b200_p020,200,2,0.2,0.187312,1498500,iters,18,3.293151951,13.5328383,0.7566547477,0.253079858,3.295233858e-05,3,,pmeal-hpc,2026-08-11T14:14:59,
tortuosity,gpu,assembled,16,n200_b200_p020,200,2,0.2,0.187312,1498500,iters,33,8.211734732,13.5328383,0.3931993755,0.297994145,7.267332093e-05,3,,pmeal-hpc,2026-08-11T14:14:59,
tortuosity,gpu,assembled,16,n200_b200_p020,200,2,0.2,0.187312,1498500,iters,59,11.99755268,13.5328383,0.1134489004,0.3720812438,9.395003911e-05,3,,pmeal-hpc,2026-08-11T14:14:59,
tortuosity,gpu,assembled,16,n200_b200_p020,200,2,0.2,0.187312,1498500,iters,106,13.55485016,13.5328383,0.001626551634,0.5041155438,0.0001218586912,3,,pmeal-hpc,2026-08-11T14:14:59,
tortuosity,gpu,assembled,16,n200_b200_p020,200,2,0.2,0.187312,1498500,iters,189,13.53612497,13.5328383,0.0002428661535,0.7537599623,7.803972613e-05,3,target_reached,pmeal-hpc,2026-08-11T14:14:59,
tortuosity,gpu,assembled,16,n200_b200_p040,200,2,0.4,0.398236,3185884,iters,1,0.02176401795,2.755382291,0.992101271,0.29751901,0,3,,pmeal-hpc,2026-08-11T14:15:03,
tortuosity,gpu,assembled,16,n200_b200_p040,200,2,0.4,0.398236,3185884,iters,2,0.02812953827,2.755382291,0.9897910579,0.306124852,9.671139592e-08,3,,pmeal-hpc,2026-08-11T14:15:03,
tortuosity,gpu,assembled,16,n200_b200_p040,200,2,0.4,0.398236,3185884,iters,3,0.04596142922,2.755382291,0.9833194002,0.3148375071,1.930633434e-07,3,,pmeal-hpc,2026-08-11T14:15:03,
tortuosity,gpu,assembled,16,n200_b200_p040,200,2,0.4,0.398236,3185884,iters,6,0.2721755697,2.755382291,0.9012203967,0.3402170382,7.63581797e-07,3,,pmeal-hpc,2026-08-11T14:15:03,
tortuosity,gpu,assembled,16,n200_b200_p040,200,2,0.4,0.398236,3185884,iters,10,0.5096080924,2.755382291,0.81504995,0.3714710191,2.229922781e-06,3,,pmeal-hpc,2026-08-11T14:15:03,
tortuosity,gpu,assembled,16,n200_b200_p040,200,2,0.4,0.398236,3185884,iters,18,1.781254176,2.755382291,0.3535364652,0.431309551,7.071265463e-06,3,,pmeal-hpc,2026-08-11T14:15:03,
tortuosity,gpu,assembled,16,n200_b200_p040,200,2,0.4,0.398236,3185884,iters,33,2.706241858,2.755382291,0.01783434294,0.539862634,1.160062776e-05,3,,pmeal-hpc,2026-08-11T14:15:03,
tortuosity,gpu,assembled,16,n200_b200_p040,200,2,0.4,0.398236,3185884,iters,59,2.743788918,2.755382291,0.004207537135,0.7319314101,1.002542892e-05,3,,pmeal-hpc,2026-08-11T14:15:03,
tortuosity,gpu,assembled,16,n200_b200_p040,200,2,0.4,0.398236,3185884,iters,106,2.755601569,2.755382291,7.958176612e-05,1.075888897,1.30787635e-05,3,target_reached,pmeal-hpc,2026-08-11T14:15:03,
tortuosity,gpu,assembled,16,n200_b200_p060,200,2,0.6,0.600363,4802905,iters,1,0.02344080952,1.645395218,0.9857536905,0.390021668,0,3,,pmeal-hpc,2026-08-11T14:15:06,
tortuosity,gpu,assembled,16,n200_b200_p060,200,2,0.6,0.600363,4802905,iters,2,0.03022267866,1.645395218,0.981631964,0.400796485,6.426344814e-09,3,,pmeal-hpc,2026-08-11T14:15:06,
tortuosity,gpu,assembled,16,n200_b200_p060,200,2,0.6,0.600363,4802905,iters,3,0.05033273711,1.645395218,0.9694099408,0.413962039,5.53786016e-08,3,,pmeal-hpc,2026-08-11T14:15:06,
tortuosity,gpu,assembled,16,n200_b200_p060,200,2,0.6,0.600363,4802905,iters,6,0.2716192341,1.645395218,0.8349215853,0.4601416981,1.327028812e-06,3,,pmeal-hpc,2026-08-11T14:15:06,
tortuosity,gpu,assembled,16,n200_b200_p060,200,2,0.6,0.600363,4802905,iters,10,0.4563904283,1.645395218,0.7226256505,0.4980037811,2.374436307e-06,3,,pmeal-hpc,2026-08-11T14:15:06,
tortuosity,gpu,assembled,16,n200_b200_p060,200,2,0.6,0.600363,4802905,iters,18,1.394209528,1.645395218,0.1526597909,0.573831642,5.747814519e-06,3,,pmeal-hpc,2026-08-11T14:15:06,
tortuosity,gpu,assembled,16,n200_b200_p060,200,2,0.6,0.600363,4802905,iters,33,1.645593594,1.645395218,0.0001205645844,0.7178111881,8.531300975e-06,3,target_reached,pmeal-hpc,2026-08-11T14:15:06,
tortuosity,gpu,assembled,16,n200_b200_p080,200,2,0.8,0.800969,6407751,iters,1,0.0237019444,1.226770933,0.980679405,0.3766740189,0,3,,pmeal-hpc,2026-08-11T14:15:10,
tortuosity,gpu,assembled,16,n200_b200_p080,200,2,0.8,0.800969,6407751,iters,2,0.0305930617,1.226770933,0.9750621238,0.387815016,6.161416213e-08,3,,pmeal-hpc,2026-08-11T14:15:10,
tortuosity,gpu,assembled,16,n200_b200_p080,200,2,0.8,0.800969,6407751,iters,3,0.05234921525,1.226770933,0.9573276364,0.398946082,2.69978213e-07,3,,pmeal-hpc,2026-08-11T14:15:10,
tortuosity,gpu,assembled,16,n200_b200_p080,200,2,0.8,0.800969,6407751,iters,6,0.2698881089,1.226770933,0.7800012198,0.4331666229,1.246000616e-06,3,,pmeal-hpc,2026-08-11T14:15:10,
tortuosity,gpu,assembled,16,n200_b200_p080,200,2,0.8,0.800969,6407751,iters,10,0.4079135172,1.226770933,0.6674900699,0.4730004771,1.212931772e-06,3,,pmeal-hpc,2026-08-11T14:15:10,
tortuosity,gpu,assembled,16,n200_b200_p080,200,2,0.8,0.800969,6407751,iters,18,1.268355967,1.226770933,0.03389796159,0.5511502951,4.842972096e-06,3,,pmeal-hpc,2026-08-11T14:15:10,
tortuosity,gpu,assembled,16,n200_b200_p080,200,2,0.8,0.800969,6407751,iters,33,1.224782885,1.226770933,0.001620553455,0.6995862029,5.089322037e-06,3,,pmeal-hpc,2026-08-11T14:15:10,
tortuosity,gpu,assembled,16,n200_b200_p080,200,2,0.8,0.800969,6407751,iters,59,1.226807492,1.226770933,2.980120624e-05,0.948463226,5.323986004e-06,3,target_reached,pmeal-hpc,2026-08-11T14:15:10,
tortuosity,gpu,assembled,16,n200_b200_p095,200,2,0.95,0.950886,7607091,iters,1,0.02286227325,1.045952896,0.9781421579,0.399439069,0,3,,pmeal-hpc,2026-08-11T14:15:15,
tortuosity,gpu,assembled,16,n200_b200_p095,200,2,0.95,0.950886,7607091,iters,2,0.02977082434,1.045952896,0.9715371271,0.411201147,8.572081956e-10,3,,pmeal-hpc,2026-08-11T14:15:15,
tortuosity,gpu,assembled,16,n200_b200_p095,200,2,0.95,0.950886,7607091,iters,3,0.05359349651,1.045952896,0.9487610802,0.422998894,2.388626095e-07,3,,pmeal-hpc,2026-08-11T14:15:15,
tortuosity,gpu,assembled,16,n200_b200_p095,200,2,0.95,0.950886,7607091,iters,6,0.2649458102,1.045952896,0.7466943194,0.455547998,1.301146333e-06,3,,pmeal-hpc,2026-08-11T14:15:15,
tortuosity,gpu,assembled,16,n200_b200_p095,200,2,0.95,0.950886,7607091,iters,10,0.3806381777,1.045952896,0.6360847806,0.502679127,5.752727451e-07,3,,pmeal-hpc,2026-08-11T14:15:15,
tortuosity,gpu,assembled,16,n200_b200_p095,200,2,0.95,0.950886,7607091,iters,18,1.265081884,1.045952896,0.2095017747,0.5856459601,3.806481396e-06,3,,pmeal-hpc,2026-08-11T14:15:15,
tortuosity,gpu,assembled,16,n200_b200_p095,200,2,0.95,0.950886,7607091,iters,33,1.043262039,1.045952896,0.002572636773,0.7414687439,3.080961739e-06,3,,pmeal-hpc,2026-08-11T14:15:15,
tortuosity,gpu,assembled,16,n200_b200_p095,200,2,0.95,0.950886,7607091,iters,59,1.045943033,1.045952896,9.429814961e-06,1.00720833,3.17727878e-06,3,target_reached,pmeal-hpc,2026-08-11T14:15:15,
tortuosity,gpu,assembled,16,n400_b050_p020,400,0.5,0.2,0.168664,10794487,iters,1,0.008115619565,9.103906374,0.9991085563,0.262138756,0,3,,pmeal-hpc,2026-08-11T16:38:02,
tortuosity,gpu,assembled,16,n400_b050_p020,400,0.5,0.2,0.168664,10794487,iters,2,0.01127819493,9.103906374,0.9987611697,0.268217589,1.37113151e-06,3,,pmeal-hpc,2026-08-11T16:38:03,
tortuosity,gpu,assembled,16,n400_b050_p020,400,0.5,0.2,0.168664,10794487,iters,3,0.0230395516,9.103906374,0.9974692675,0.274263091,1.884884966e-06,3,,pmeal-hpc,2026-08-11T16:38:03,
tortuosity,gpu,assembled,16,n400_b050_p020,400,0.5,0.2,0.168664,10794487,iters,6,0.1021902711,9.103906374,0.9887751184,0.291666424,7.320643254e-06,3,,pmeal-hpc,2026-08-11T16:38:03,
tortuosity,gpu,assembled,16,n400_b050_p020,400,0.5,0.2,0.168664,10794487,iters,10,0.2088013666,9.103906374,0.9770646404,0.317346214,1.394355467e-05,3,,pmeal-hpc,2026-08-11T16:38:03,
tortuosity,gpu,assembled,16,n400_b050_p020,400,0.5,0.2,0.168664,10794487,iters,18,0.8575592829,9.103906374,0.9058031522,0.370671232,7.28992024e-05,3,,pmeal-hpc,2026-08-11T16:38:03,
tortuosity,gpu,assembled,16,n400_b050_p020,400,0.5,0.2,0.168664,10794487,iters,33,6.074101368,9.103906374,0.3328027422,0.5025296591,0.0005804128393,3,,pmeal-hpc,2026-08-11T16:38:03,
tortuosity,gpu,assembled,16,n400_b050_p020,400,0.5,0.2,0.168664,10794487,iters,59,9.219057424,9.103906374,0.01264853185,0.6836812161,0.0008525588269,3,,pmeal-hpc,2026-08-11T16:38:03,
tortuosity,gpu,assembled,16,n400_b050_p020,400,0.5,0.2,0.168664,10794487,iters,106,9.103249105,9.103906374,7.219634242e-05,0.9860129841,0.0008429336857,3,target_reached,pmeal-hpc,2026-08-11T16:38:03,
tortuosity,gpu,assembled,16,n400_b050_p040,400,0.5,0.4,0.391726,25070495,iters,1,0.00863923306,2.60655752,0.9966855774,0.33147483,0,3,,pmeal-hpc,2026-08-11T16:38:19,
tortuosity,gpu,assembled,16,n400_b050_p040,400,0.5,0.4,0.391726,25070495,iters,2,0.01175019749,2.60655752,0.9954920628,0.3460402271,1.201240556e-07,3,,pmeal-hpc,2026-08-11T16:38:19,
tortuosity,gpu,assembled,16,n400_b050_p040,400,0.5,0.4,0.391726,25070495,iters,3,0.02353075103,2.60655752,0.9909724797,0.3608492081,4.848630318e-07,3,,pmeal-hpc,2026-08-11T16:38:19,
tortuosity,gpu,assembled,16,n400_b050_p040,400,0.5,0.4,0.391726,25070495,iters,6,0.11010612,2.60655752,0.9577580317,0.4067179651,1.574359601e-06,3,,pmeal-hpc,2026-08-11T16:38:19,
tortuosity,gpu,assembled,16,n400_b050_p040,400,0.5,0.4,0.391726,25070495,iters,10,0.2181711575,2.60655752,0.9162991203,0.471529556,8.018068731e-07,3,,pmeal-hpc,2026-08-11T16:38:19,
tortuosity,gpu,assembled,16,n400_b050_p040,400,0.5,0.4,0.391726,25070495,iters,18,0.7099150351,2.60655752,0.7276426744,0.6409375792,7.460805097e-06,3,,pmeal-hpc,2026-08-11T16:38:19,
tortuosity,gpu,assembled,16,n400_b050_p040,400,0.5,0.4,0.391726,25070495,iters,33,2.382709965,2.60655752,0.08587861686,0.8743928912,2.368516412e-05,3,,pmeal-hpc,2026-08-11T16:38:19,
tortuosity,gpu,assembled,16,n400_b050_p040,400,0.5,0.4,0.391726,25070495,iters,59,2.634418007,2.60655752,0.01068861385,1.292142895,2.881150076e-05,3,,pmeal-hpc,2026-08-11T16:38:19,
tortuosity,gpu,assembled,16,n400_b050_p040,400,0.5,0.4,0.391726,25070495,iters,106,2.606890688,2.60655752,0.0001278190904,2.146304992,3.643853557e-05,3,target_reached,pmeal-hpc,2026-08-11T16:38:19,
tortuosity,gpu,assembled,16,n400_b050_p060,400,0.5,0.6,0.60417,38666899,iters,1,0.0098330079,1.563851568,0.9937123138,0.446809239,0,3,,pmeal-hpc,2026-08-11T16:38:42,
tortuosity,gpu,assembled,16,n400_b050_p060,400,0.5,0.6,0.60417,38666899,iters,2,0.0131157374,1.563851568,0.9916131827,0.470844015,2.883126151e-07,3,,pmeal-hpc,2026-08-11T16:38:42,
tortuosity,gpu,assembled,16,n400_b050_p060,400,0.5,0.6,0.60417,38666899,iters,3,0.02615181217,1.563851568,0.9832773054,0.520479359,1.490724172e-06,3,,pmeal-hpc,2026-08-11T16:38:42,
tortuosity,gpu,assembled,16,n400_b050_p060,400,0.5,0.6,0.60417,38666899,iters,6,0.127173761,1.563851568,0.9186791358,0.6014080129,2.192397675e-06,3,,pmeal-hpc,2026-08-11T16:38:42,
tortuosity,gpu,assembled,16,n400_b050_p060,400,0.5,0.6,0.60417,38666899,iters,10,0.2683838664,1.563851568,0.828382775,0.705097897,2.314132312e-06,3,,pmeal-hpc,2026-08-11T16:38:42,
tortuosity,gpu,assembled,16,n400_b050_p060,400,0.5,0.6,0.60417,38666899,iters,18,0.6364974546,1.563851568,0.592993691,0.908888113,6.979082647e-06,3,,pmeal-hpc,2026-08-11T16:38:42,
tortuosity,gpu,assembled,16,n400_b050_p060,400,0.5,0.6,0.60417,38666899,iters,33,1.503131383,1.563851568,0.03882733272,1.297686212,1.432715559e-05,3,,pmeal-hpc,2026-08-11T16:38:42,
tortuosity,gpu,assembled,16,n400_b050_p060,400,0.5,0.6,0.60417,38666899,iters,59,1.576403738,1.563851568,0.008026445593,1.995622857,1.533023822e-05,3,,pmeal-hpc,2026-08-11T16:38:42,
tortuosity,gpu,assembled,16,n400_b050_p060,400,0.5,0.6,0.60417,38666899,iters,106,1.564249528,1.563851568,0.0002544744745,3.252217092,1.682376029e-05,3,target_reached,pmeal-hpc,2026-08-11T16:38:42,
tortuosity,gpu,assembled,16,n400_b050_p080,400,0.5,0.8,0.809146,51785369,iters,1,0.01051636553,1.177273609,0.9910671865,0.605742489,0,3,,pmeal-hpc,2026-08-11T16:39:11,
tortuosity,gpu,assembled,16,n400_b050_p080,400,0.5,0.8,0.809146,51785369,iters,2,0.0138063178,1.177273609,0.9882726346,0.642236184,1.262973393e-07,3,,pmeal-hpc,2026-08-11T16:39:11,
tortuosity,gpu,assembled,16,n400_b050_p080,400,0.5,0.8,0.809146,51785369,iters,3,0.02766907919,1.177273609,0.9764973249,0.678340597,1.756725695e-07,3,,pmeal-hpc,2026-08-11T16:39:11,
tortuosity,gpu,assembled,16,n400_b050_p080,400,0.5,0.8,0.809146,51785369,iters,6,0.1347734003,1.177273609,0.8855207496,0.792744163,1.048642869e-06,3,,pmeal-hpc,2026-08-11T16:39:11,
tortuosity,gpu,assembled,16,n400_b050_p080,400,0.5,0.8,0.809146,51785369,iters,10,0.2838163123,1.177273609,0.7589206875,0.947599508,1.092775124e-06,3,,pmeal-hpc,2026-08-11T16:39:11,
tortuosity,gpu,assembled,16,n400_b050_p080,400,0.5,0.8,0.809146,51785369,iters,18,0.575009107,1.177273609,0.5115756417,1.257267391,3.820680173e-06,3,,pmeal-hpc,2026-08-11T16:39:11,
tortuosity,gpu,assembled,16,n400_b050_p080,400,0.5,0.8,0.809146,51785369,iters,33,1.148588994,1.177273609,0.02436529194,1.80240366,7.34160282e-06,3,,pmeal-hpc,2026-08-11T16:39:11,
tortuosity,gpu,assembled,16,n400_b050_p080,400,0.5,0.8,0.809146,51785369,iters,59,1.182233806,1.177273609,0.004213292018,2.751474414,9.222537652e-06,3,,pmeal-hpc,2026-08-11T16:39:11,
tortuosity,gpu,assembled,16,n400_b050_p080,400,0.5,0.8,0.809146,51785369,iters,106,1.177142658,1.177273609,0.0001112328201,4.4939483,1.162153854e-05,3,target_reached,pmeal-hpc,2026-08-11T16:39:11,
tortuosity,gpu,assembled,16,n400_b050_p095,400,0.5,0.95,0.949928,60795412,iters,1,0.01053157499,1.038538585,0.9898592357,0.699392383,0,3,,pmeal-hpc,2026-08-11T16:39:43,
tortuosity,gpu,assembled,16,n400_b050_p095,400,0.5,0.95,0.949928,60795412,iters,2,0.01369977402,1.038538585,0.9868086037,0.7433244089,1.475881363e-07,3,,pmeal-hpc,2026-08-11T16:39:43,
tortuosity,gpu,assembled,16,n400_b050_p095,400,0.5,0.95,0.949928,60795412,iters,3,0.02827652782,1.038538585,0.9727727711,0.7892077538,3.595556508e-07,3,,pmeal-hpc,2026-08-11T16:39:43,
tortuosity,gpu,assembled,16,n400_b050_p095,400,0.5,0.95,0.949928,60795412,iters,6,0.1348881575,1.038538585,0.8701173366,0.9278869329,2.944173165e-06,3,,pmeal-hpc,2026-08-11T16:39:43,
tortuosity,gpu,assembled,16,n400_b050_p095,400,0.5,0.95,0.949928,60795412,iters,10,0.2949708099,1.038538585,0.7159751075,1.107719162,6.263205235e-06,3,,pmeal-hpc,2026-08-11T16:39:43,
tortuosity,gpu,assembled,16,n400_b050_p095,400,0.5,0.95,0.949928,60795412,iters,18,0.5349843188,1.038538585,0.4848681344,1.488333187,1.19793835e-05,3,,pmeal-hpc,2026-08-11T16:39:43,
tortuosity,gpu,assembled,16,n400_b050_p095,400,0.5,0.95,0.949928,60795412,iters,33,1.021741952,1.038538585,0.0161733359,2.154995468,2.227729136e-05,3,,pmeal-hpc,2026-08-11T16:39:43,
tortuosity,gpu,assembled,16,n400_b050_p095,400,0.5,0.95,0.949928,60795412,iters,59,1.04255271,1.038538585,0.00386516733,3.297122481,2.674303416e-05,3,,pmeal-hpc,2026-08-11T16:39:43,
tortuosity,gpu,assembled,16,n400_b050_p095,400,0.5,0.95,0.949928,60795412,iters,106,1.038552538,1.038538585,1.343570455e-05,5.377020553,2.601040391e-05,3,target_reached,pmeal-hpc,2026-08-11T16:39:43,
tortuosity,gpu,assembled,16,n400_b100_p020,400,1,0.2,0.183379,11736271,iters,1,0.008469641445,10.24145804,0.9991730043,0.266479822,0,3,,pmeal-hpc,2026-08-11T16:39:55,
tortuosity,gpu,assembled,16,n400_b100_p020,400,1,0.2,0.183379,11736271,iters,2,0.01189180043,10.24145804,0.9988388567,0.2726507201,2.513805524e-07,3,,pmeal-hpc,2026-08-11T16:39:55,
tortuosity,gpu,assembled,16,n400_b100_p020,400,1,0.2,0.183379,11736271,iters,3,0.02127464595,10.24145804,0.9979226936,0.2787151701,7.064537264e-07,3,,pmeal-hpc,2026-08-11T16:39:55,
tortuosity,gpu,assembled,16,n400_b100_p020,400,1,0.2,0.183379,11736271,iters,6,0.1118390694,10.24145804,0.9890797708,0.2961495542,4.099740516e-06,3,,pmeal-hpc,2026-08-11T16:39:55,
tortuosity,gpu,assembled,16,n400_b100_p020,400,1,0.2,0.183379,11736271,iters,10,0.2100217407,10.24145804,0.9794929843,0.3193318592,4.229913028e-06,3,,pmeal-hpc,2026-08-11T16:39:55,
tortuosity,gpu,assembled,16,n400_b100_p020,400,1,0.2,0.183379,11736271,iters,18,0.9100565925,10.24145804,0.9111399384,0.3719699333,2.64842221e-05,3,,pmeal-hpc,2026-08-11T16:39:55,
tortuosity,gpu,assembled,16,n400_b100_p020,400,1,0.2,0.183379,11736271,iters,33,4.818072137,10.24145804,0.5295521284,0.4883465519,0.0001579966787,3,,pmeal-hpc,2026-08-11T16:39:55,
tortuosity,gpu,assembled,16,n400_b100_p020,400,1,0.2,0.183379,11736271,iters,59,10.33254382,10.24145804,0.008893829778,0.6692603999,0.0003679064136,3,,pmeal-hpc,2026-08-11T16:39:55,
tortuosity,gpu,assembled,16,n400_b100_p020,400,1,0.2,0.183379,11736271,iters,106,10.24870009,10.24145804,0.000707130397,0.9914779129,0.0003924329768,3,target_reached,pmeal-hpc,2026-08-11T16:39:55,
tortuosity,gpu,assembled,16,n400_b100_p040,400,1,0.4,0.394417,25242705,iters,1,0.009813905027,2.558566376,0.9961642953,0.371857598,0,3,,pmeal-hpc,2026-08-11T16:40:12,
tortuosity,gpu,assembled,16,n400_b100_p040,400,1,0.4,0.394417,25242705,iters,2,0.01300167182,2.558566376,0.9949183762,0.387853674,6.224665807e-07,3,,pmeal-hpc,2026-08-11T16:40:12,
tortuosity,gpu,assembled,16,n400_b100_p040,400,1,0.4,0.394417,25242705,iters,3,0.02290827021,2.558566376,0.9910464429,0.403718923,1.258018601e-07,3,,pmeal-hpc,2026-08-11T16:40:12,
tortuosity,gpu,assembled,16,n400_b100_p040,400,1,0.4,0.394417,25242705,iters,6,0.1287620722,2.558566376,0.9496741326,0.457338714,4.528120068e-06,3,,pmeal-hpc,2026-08-11T16:40:12,
tortuosity,gpu,assembled,16,n400_b100_p040,400,1,0.4,0.394417,25242705,iters,10,0.2482528912,2.558566376,0.9029718777,0.530139783,6.413735222e-06,3,,pmeal-hpc,2026-08-11T16:40:12,
tortuosity,gpu,assembled,16,n400_b100_p040,400,1,0.4,0.394417,25242705,iters,18,0.7676061757,2.558566376,0.6999858269,0.6785796521,2.777994037e-05,3,,pmeal-hpc,2026-08-11T16:40:12,
tortuosity,gpu,assembled,16,n400_b100_p040,400,1,0.4,0.394417,25242705,iters,33,2.177050182,2.558566376,0.149113268,0.9606663121,8.398096665e-05,3,,pmeal-hpc,2026-08-11T16:40:12,
tortuosity,gpu,assembled,16,n400_b100_p040,400,1,0.4,0.394417,25242705,iters,59,2.581152932,2.558566376,0.008827817158,1.425398921,8.94082521e-05,3,,pmeal-hpc,2026-08-11T16:40:12,
tortuosity,gpu,assembled,16,n400_b100_p040,400,1,0.4,0.394417,25242705,iters,106,2.559995136,2.558566376,0.0005584221935,2.358625097,9.683549576e-05,3,target_reached,pmeal-hpc,2026-08-11T16:40:12,
tortuosity,gpu,assembled,16,n400_b100_p060,400,1,0.6,0.602502,38560157,iters,1,0.01078444778,1.558485087,0.9930801726,0.515313747,0,3,,pmeal-hpc,2026-08-11T16:40:35,
tortuosity,gpu,assembled,16,n400_b100_p060,400,1,0.6,0.602502,38560157,iters,2,0.01400926779,1.558485087,0.9910109709,0.543170376,1.429250255e-07,3,,pmeal-hpc,2026-08-11T16:40:35,
tortuosity,gpu,assembled,16,n400_b100_p060,400,1,0.6,0.602502,38560157,iters,3,0.02586664475,1.558485087,0.9834026999,0.5706585691,7.31110896e-07,3,,pmeal-hpc,2026-08-11T16:40:35,
tortuosity,gpu,assembled,16,n400_b100_p060,400,1,0.6,0.602502,38560157,iters,6,0.1386353881,1.558485087,0.9110447772,0.6550770091,1.465783563e-06,3,,pmeal-hpc,2026-08-11T16:40:35,
tortuosity,gpu,assembled,16,n400_b100_p060,400,1,0.6,0.602502,38560157,iters,10,0.2629871044,1.558485087,0.8312546545,0.772484221,7.300085544e-07,3,,pmeal-hpc,2026-08-11T16:40:35,
tortuosity,gpu,assembled,16,n400_b100_p060,400,1,0.6,0.602502,38560157,iters,18,0.663442384,1.558485087,0.574303027,1.009920755,3.099830264e-06,3,,pmeal-hpc,2026-08-11T16:40:35,
tortuosity,gpu,assembled,16,n400_b100_p060,400,1,0.6,0.602502,38560157,iters,33,1.455070865,1.558485087,0.06635560598,1.434404249,6.332390011e-06,3,,pmeal-hpc,2026-08-11T16:40:35,
tortuosity,gpu,assembled,16,n400_b100_p060,400,1,0.6,0.602502,38560157,iters,59,1.568423205,1.558485087,0.006376780889,2.144418238,6.952469312e-06,3,,pmeal-hpc,2026-08-11T16:40:35,
tortuosity,gpu,assembled,16,n400_b100_p060,400,1,0.6,0.602502,38560157,iters,106,1.558445183,1.558485087,2.560409661e-05,3.424273586,8.098528513e-06,3,target_reached,pmeal-hpc,2026-08-11T16:40:35,
tortuosity,gpu,assembled,16,n400_b100_p080,400,1,0.8,0.807589,51685723,iters,1,0.01127116283,1.175919941,0.9904150253,0.6733983069,0,3,,pmeal-hpc,2026-08-11T16:41:05,
tortuosity,gpu,assembled,16,n400_b100_p080,400,1,0.8,0.807589,51685723,iters,2,0.01452077363,1.175919941,0.9876515627,0.712134879,5.210802819e-07,3,,pmeal-hpc,2026-08-11T16:41:05,
tortuosity,gpu,assembled,16,n400_b100_p080,400,1,0.8,0.807589,51685723,iters,3,0.02793241571,1.175919941,0.9762463287,0.7510762319,6.444218723e-07,3,,pmeal-hpc,2026-08-11T16:41:05,
tortuosity,gpu,assembled,16,n400_b100_p080,400,1,0.8,0.807589,51685723,iters,6,0.1421756691,1.175919941,0.8790940912,0.871296941,6.068451649e-06,3,,pmeal-hpc,2026-08-11T16:41:05,
tortuosity,gpu,assembled,16,n400_b100_p080,400,1,0.8,0.807589,51685723,iters,10,0.2763750105,1.175919941,0.7649712359,1.031586415,1.109100704e-05,3,,pmeal-hpc,2026-08-11T16:41:05,
tortuosity,gpu,assembled,16,n400_b100_p080,400,1,0.8,0.807589,51685723,iters,18,0.5882433591,1.175919941,0.4997590069,1.362025251,2.777853415e-05,3,,pmeal-hpc,2026-08-11T16:41:05,
tortuosity,gpu,assembled,16,n400_b100_p080,400,1,0.8,0.807589,51685723,iters,33,1.131902988,1.175919941,0.03743193018,1.934336584,5.887754455e-05,3,,pmeal-hpc,2026-08-11T16:41:05,
tortuosity,gpu,assembled,16,n400_b100_p080,400,1,0.8,0.807589,51685723,iters,59,1.180136434,1.175919941,0.003585697406,2.954265923,6.290923576e-05,3,,pmeal-hpc,2026-08-11T16:41:05,
tortuosity,gpu,assembled,16,n400_b100_p080,400,1,0.8,0.807589,51685723,iters,106,1.175783306,1.175919941,0.000116193903,4.792096604,6.420638077e-05,3,target_reached,pmeal-hpc,2026-08-11T16:41:05,
tortuosity,gpu,assembled,16,n400_b100_p095,400,1,0.95,0.950994,60863603,iters,1,0.01105867026,1.036462383,0.9893303699,0.678314468,0,3,,pmeal-hpc,2026-08-11T16:41:37,
tortuosity,gpu,assembled,16,n400_b100_p095,400,1,0.95,0.950994,60863603,iters,2,0.01423613509,1.036462383,0.9862646872,0.721050216,1.513093045e-07,3,,pmeal-hpc,2026-08-11T16:41:37,
tortuosity,gpu,assembled,16,n400_b100_p095,400,1,0.95,0.950994,60863603,iters,3,0.02864194831,1.036462383,0.9723656654,0.763152431,3.57818451e-07,3,,pmeal-hpc,2026-08-11T16:41:37,
tortuosity,gpu,assembled,16,n400_b100_p095,400,1,0.95,0.950994,60863603,iters,6,0.1400461659,1.036462383,0.8648806091,0.894997971,1.878759529e-06,3,,pmeal-hpc,2026-08-11T16:41:37,
tortuosity,gpu,assembled,16,n400_b100_p095,400,1,0.95,0.950994,60863603,iters,10,0.2920737718,1.036462383,0.718201281,1.074309865,6.626335525e-07,3,,pmeal-hpc,2026-08-11T16:41:37,
tortuosity,gpu,assembled,16,n400_b100_p095,400,1,0.95,0.950994,60863603,iters,18,0.5444816767,1.036462383,0.4746729977,1.439232884,1.006901319e-06,3,,pmeal-hpc,2026-08-11T16:41:37,
tortuosity,gpu,assembled,16,n400_b100_p095,400,1,0.95,0.950994,60863603,iters,33,1.012665536,1.036462383,0.02295968189,2.094401153,3.325572819e-06,3,,pmeal-hpc,2026-08-11T16:41:37,
tortuosity,gpu,assembled,16,n400_b100_p095,400,1,0.95,0.950994,60863603,iters,59,1.038938197,1.036462383,0.002388716168,3.227955237,3.37759481e-06,3,,pmeal-hpc,2026-08-11T16:41:37,
tortuosity,gpu,assembled,16,n400_b100_p095,400,1,0.95,0.950994,60863603,iters,106,1.036363161,1.036462383,9.573164759e-05,5.274861599,1.902804565e-06,3,target_reached,pmeal-hpc,2026-08-11T16:41:37,
tortuosity,gpu,assembled,16,n400_b200_p020,400,2,0.2,0.18948,12126729,iters,1,0.008423897255,10.76863104,0.9992177374,0.330785744,0,3,,pmeal-hpc,2026-08-11T16:41:58,
tortuosity,gpu,assembled,16,n400_b200_p020,400,2,0.2,0.18948,12126729,iters,2,0.01149864006,10.76863104,0.9989322097,0.3409348109,1.100406448e-06,3,,pmeal-hpc,2026-08-11T16:41:58,
tortuosity,gpu,assembled,16,n400_b200_p020,400,2,0.2,0.18948,12126729,iters,3,0.01859709077,10.76863104,0.9982730311,0.3510651499,8.645080529e-07,3,,pmeal-hpc,2026-08-11T16:41:58,
tortuosity,gpu,assembled,16,n400_b200_p020,400,2,0.2,0.18948,12126729,iters,6,0.1146064243,10.76863104,0.9893573822,0.3789443389,8.582315882e-06,3,,pmeal-hpc,2026-08-11T16:41:58,
tortuosity,gpu,assembled,16,n400_b200_p020,400,2,0.2,0.18948,12126729,iters,10,0.2274286131,10.76863104,0.9788804527,0.4179558509,1.362253551e-05,3,,pmeal-hpc,2026-08-11T16:41:58,
tortuosity,gpu,assembled,16,n400_b200_p020,400,2,0.2,0.18948,12126729,iters,18,1.029123055,10.76863104,0.9044332514,0.49261135,7.605745759e-05,3,,pmeal-hpc,2026-08-11T16:41:58,
tortuosity,gpu,assembled,16,n400_b200_p020,400,2,0.2,0.18948,12126729,iters,33,3.823040606,10.76863104,0.6449836018,0.6316123691,0.0003591153517,3,,pmeal-hpc,2026-08-11T16:41:58,
tortuosity,gpu,assembled,16,n400_b200_p020,400,2,0.2,0.18948,12126729,iters,59,10.19105275,10.76863104,0.05363525636,0.8749850881,0.0008999290268,3,,pmeal-hpc,2026-08-11T16:41:58,
tortuosity,gpu,assembled,16,n400_b200_p020,400,2,0.2,0.18948,12126729,iters,106,10.73028447,10.76863104,0.003560951462,1.328269359,0.0008850283977,3,,pmeal-hpc,2026-08-11T16:41:58,
tortuosity,gpu,assembled,16,n400_b200_p020,400,2,0.2,0.18948,12126729,iters,189,10.7451347,10.76863104,0.002181924239,2.096839237,0.0007030539161,3,,pmeal-hpc,2026-08-11T16:41:58,
tortuosity,gpu,assembled,16,n400_b200_p020,400,2,0.2,0.18948,12126729,iters,339,10.76845666,10.76863104,1.619309722e-05,3.497462919,0.0008101970459,3,target_reached,pmeal-hpc,2026-08-11T16:41:58,
tortuosity,gpu,assembled,16,n400_b200_p040,400,2,0.4,0.399236,25551094,iters,1,0.01005387604,2.608420127,0.9961456071,0.555257805,0,3,,pmeal-hpc,2026-08-11T16:42:18,
tortuosity,gpu,assembled,16,n400_b200_p040,400,2,0.4,0.399236,25551094,iters,2,0.01312876948,2.608420127,0.9949667734,0.5810384561,2.726624015e-07,3,,pmeal-hpc,2026-08-11T16:42:18,
tortuosity,gpu,assembled,16,n400_b200_p040,400,2,0.4,0.399236,25551094,iters,3,0.022232531,2.608420127,0.9914766296,0.605831904,5.847996553e-07,3,,pmeal-hpc,2026-08-11T16:42:18,
tortuosity,gpu,assembled,16,n400_b200_p040,400,2,0.4,0.399236,25551094,iters,6,0.1328869349,2.608420127,0.9490546275,0.690876218,3.4547612e-06,3,,pmeal-hpc,2026-08-11T16:42:18,
tortuosity,gpu,assembled,16,n400_b200_p040,400,2,0.4,0.399236,25551094,iters,10,0.2479987424,2.608420127,0.9049237737,0.78864491,5.21802556e-06,3,,pmeal-hpc,2026-08-11T16:42:18,
tortuosity,gpu,assembled,16,n400_b200_p040,400,2,0.4,0.399236,25551094,iters,18,0.8196823971,2.608420127,0.6857552245,0.984568125,1.877192582e-05,3,,pmeal-hpc,2026-08-11T16:42:18,
tortuosity,gpu,assembled,16,n400_b200_p040,400,2,0.4,0.399236,25551094,iters,33,2.086409923,2.608420127,0.2001250484,1.376925801,6.052255588e-05,3,,pmeal-hpc,2026-08-11T16:42:18,
tortuosity,gpu,assembled,16,n400_b200_p040,400,2,0.4,0.399236,25551094,iters,59,2.640059496,2.608420127,0.01212970602,2.080711407,7.781894778e-05,3,,pmeal-hpc,2026-08-11T16:42:18,
tortuosity,gpu,assembled,16,n400_b200_p040,400,2,0.4,0.399236,25551094,iters,106,2.609626183,2.608420127,0.0004623702375,3.257711275,7.625398764e-05,3,target_reached,pmeal-hpc,2026-08-11T16:42:18,
tortuosity,gpu,assembled,16,n400_b200_p060,400,2,0.6,0.601874,38519921,iters,1,0.01126720357,1.574940918,0.9928459516,0.6847663251,0,3,,pmeal-hpc,2026-08-11T16:42:43,
tortuosity,gpu,assembled,16,n400_b200_p060,400,2,0.6,0.601874,38519921,iters,2,0.01447078579,1.574940918,0.9908118548,0.7169530501,2.729138026e-07,3,,pmeal-hpc,2026-08-11T16:42:43,
tortuosity,gpu,assembled,16,n400_b200_p060,400,2,0.6,0.601874,38519921,iters,3,0.02552699996,1.574940918,0.983791773,0.7493630912,4.063428977e-07,3,,pmeal-hpc,2026-08-11T16:42:43,
tortuosity,gpu,assembled,16,n400_b200_p060,400,2,0.6,0.601874,38519921,iters,6,0.1415918388,1.574940918,0.9100970473,0.8545497082,3.184723247e-06,3,,pmeal-hpc,2026-08-11T16:42:43,
tortuosity,gpu,assembled,16,n400_b200_p060,400,2,0.6,0.601874,38519921,iters,10,0.2627622298,1.574940918,0.8331605796,0.9873014871,4.73766961e-06,3,,pmeal-hpc,2026-08-11T16:42:43,
tortuosity,gpu,assembled,16,n400_b200_p060,400,2,0.6,0.601874,38519921,iters,18,0.6957529246,1.574940918,0.5582355397,1.255472123,1.456912435e-05,3,,pmeal-hpc,2026-08-11T16:42:43,
tortuosity,gpu,assembled,16,n400_b200_p060,400,2,0.6,0.601874,38519921,iters,33,1.433801055,1.574940918,0.08961597343,1.752750364,3.519412676e-05,3,,pmeal-hpc,2026-08-11T16:42:43,
tortuosity,gpu,assembled,16,n400_b200_p060,400,2,0.6,0.601874,38519921,iters,59,1.584865097,1.574940918,0.006301302508,2.60207769,3.862956211e-05,3,,pmeal-hpc,2026-08-11T16:42:43,
tortuosity,gpu,assembled,16,n400_b200_p060,400,2,0.6,0.601874,38519921,iters,106,1.574962902,1.574940918,1.395837268e-05,4.118527873,3.924517045e-05,3,target_reached,pmeal-hpc,2026-08-11T16:42:43,
tortuosity,gpu,assembled,16,n400_b200_p080,400,2,0.8,0.802397,51353403,iters,1,0.01181448096,1.199127461,0.9901474352,0.71334765,0,3,,pmeal-hpc,2026-08-11T16:43:14,
tortuosity,gpu,assembled,16,n400_b200_p080,400,2,0.8,0.802397,51353403,iters,2,0.01507877692,1.199127461,0.9874252092,0.754030847,9.483688307e-08,3,,pmeal-hpc,2026-08-11T16:43:14,
tortuosity,gpu,assembled,16,n400_b200_p080,400,2,0.8,0.802397,51353403,iters,3,0.02760104771,1.199127461,0.9769823904,0.792590982,9.092324364e-08,3,,pmeal-hpc,2026-08-11T16:43:14,
tortuosity,gpu,assembled,16,n400_b200_p080,400,2,0.8,0.802397,51353403,iters,6,0.1456309355,1.199127461,0.8785525807,0.9151739371,1.526656483e-06,3,,pmeal-hpc,2026-08-11T16:43:14,
tortuosity,gpu,assembled,16,n400_b200_p080,400,2,0.8,0.802397,51353403,iters,10,0.2732093016,1.199127461,0.7721599159,1.078529231,2.183267428e-06,3,,pmeal-hpc,2026-08-11T16:43:14,
tortuosity,gpu,assembled,16,n400_b200_p080,400,2,0.8,0.802397,51353403,iters,18,0.6073693495,1.199127461,0.4934905844,1.40346696,6.589190365e-06,3,,pmeal-hpc,2026-08-11T16:43:14,
tortuosity,gpu,assembled,16,n400_b200_p080,400,2,0.8,0.802397,51353403,iters,33,1.138863703,1.199127461,0.05025634076,2.009745682,1.377747589e-05,3,,pmeal-hpc,2026-08-11T16:43:14,
tortuosity,gpu,assembled,16,n400_b200_p080,400,2,0.8,0.802397,51353403,iters,59,1.204024459,1.199127461,0.004083801479,3.081656589,1.491910734e-05,3,,pmeal-hpc,2026-08-11T16:43:14,
tortuosity,gpu,assembled,16,n400_b200_p080,400,2,0.8,0.802397,51353403,iters,106,1.19914828,1.199127461,1.736160518e-05,4.957384647,1.366707852e-05,3,target_reached,pmeal-hpc,2026-08-11T16:43:14,
tortuosity,gpu,assembled,16,n400_b200_p095,400,2,0.95,0.950293,60818722,iters,1,0.01145424347,1.041214741,0.9889991536,0.7059875451,0,3,,pmeal-hpc,2026-08-11T16:43:46,
tortuosity,gpu,assembled,16,n400_b200_p095,400,2,0.95,0.950293,60818722,iters,2,0.01467185599,1.041214741,0.9859089048,0.7486254241,1.110480845e-07,3,,pmeal-hpc,2026-08-11T16:43:46,
tortuosity,gpu,assembled,16,n400_b200_p095,400,2,0.95,0.950293,60818722,iters,3,0.02840807475,1.041214741,0.9727164113,0.7911893531,5.287171201e-07,3,,pmeal-hpc,2026-08-11T16:43:46,
tortuosity,gpu,assembled,16,n400_b200_p095,400,2,0.95,0.950293,60818722,iters,6,0.1431023405,1.041214741,0.8625621259,0.9261512201,2.780514059e-06,3,,pmeal-hpc,2026-08-11T16:43:46,
tortuosity,gpu,assembled,16,n400_b200_p095,400,2,0.95,0.950293,60818722,iters,10,0.2839119127,1.041214741,0.7273262647,1.109089388,2.958064235e-06,3,,pmeal-hpc,2026-08-11T16:43:46,
tortuosity,gpu,assembled,16,n400_b200_p095,400,2,0.95,0.950293,60818722,iters,18,0.5512373501,1.041214741,0.4705824569,1.465978161,7.776716129e-06,3,,pmeal-hpc,2026-08-11T16:43:46,
tortuosity,gpu,assembled,16,n400_b200_p095,400,2,0.95,0.950293,60818722,iters,33,1.0141583,1.041214741,0.0259854569,2.114600105,1.32495079e-05,3,,pmeal-hpc,2026-08-11T16:43:46,
tortuosity,gpu,assembled,16,n400_b200_p095,400,2,0.95,0.950293,60818722,iters,59,1.043949206,1.041214741,0.002626225834,3.229217685,1.067188721e-05,3,,pmeal-hpc,2026-08-11T16:43:46,
tortuosity,gpu,assembled,16,n400_b200_p095,400,2,0.95,0.950293,60818722,iters,106,1.041164709,1.041214741,4.805186583e-05,5.26670838,1.234183126e-05,3,target_reached,pmeal-hpc,2026-08-11T16:43:46,
tortuosity,gpu,assembled,16,n600_b050_p020,600,0.5,0.2,0.156443,33791688,iters,1,0.005272327089,23.43955199,0.9997750671,0.893844509,0,3,,pmeal-hpc,2026-08-12T02:31:37,
tortuosity,gpu,assembled,16,n600_b050_p020,600,0.5,0.2,0.156443,33791688,iters,2,0.007420505239,23.43955199,0.9996834195,0.91374262,1.74243688e-06,3,,pmeal-hpc,2026-08-12T02:31:37,
tortuosity,gpu,assembled,16,n600_b050_p020,600,0.5,0.2,0.156443,33791688,iters,3,0.01575347925,23.43955199,0.9993279104,0.9335696429,4.294467617e-06,3,,pmeal-hpc,2026-08-12T02:31:37,
tortuosity,gpu,assembled,16,n600_b050_p020,600,0.5,0.2,0.156443,33791688,iters,6,0.06501773337,23.43955199,0.9972261529,0.9937824929,7.172083134e-06,3,,pmeal-hpc,2026-08-12T02:31:37,
tortuosity,gpu,assembled,16,n600_b050_p020,600,0.5,0.2,0.156443,33791688,iters,10,0.1527580641,23.43955199,0.9934828932,1.074218358,8.849820511e-06,3,,pmeal-hpc,2026-08-12T02:31:37,
tortuosity,gpu,assembled,16,n600_b050_p020,600,0.5,0.2,0.156443,33791688,iters,18,0.6409823748,23.43955199,0.9726538129,1.237059853,5.270321453e-05,3,,pmeal-hpc,2026-08-12T02:31:37,
tortuosity,gpu,assembled,16,n600_b050_p020,600,0.5,0.2,0.156443,33791688,iters,33,2.001999212,23.43955199,0.9145888448,1.513164477,0.0002014335312,3,,pmeal-hpc,2026-08-12T02:31:37,
tortuosity,gpu,assembled,16,n600_b050_p020,600,0.5,0.2,0.156443,33791688,iters,59,19.6483332,23.43955199,0.1617445075,1.987539519,0.002242904252,3,,pmeal-hpc,2026-08-12T02:31:37,
tortuosity,gpu,assembled,16,n600_b050_p020,600,0.5,0.2,0.156443,33791688,iters,106,24.13379204,23.43955199,0.02961831581,2.850811015,0.002929728047,3,,pmeal-hpc,2026-08-12T02:31:37,
tortuosity,gpu,assembled,16,n600_b050_p020,600,0.5,0.2,0.156443,33791688,iters,189,23.44603695,23.43955199,0.0002766675962,4.37625531,0.003131940679,3,target_reached,pmeal-hpc,2026-08-12T02:31:37,
tortuosity,gpu,assembled,16,n600_b050_p040,600,0.5,0.4,0.393651,85028549,iters,1,0.005424514474,2.911720482,0.9981370071,1.029371019,0,3,,pmeal-hpc,2026-08-12T02:32:39,
tortuosity,gpu,assembled,16,n600_b050_p040,600,0.5,0.4,0.393651,85028549,iters,2,0.007344434847,2.911720482,0.9974776305,1.074958287,3.322688884e-07,3,,pmeal-hpc,2026-08-12T02:32:39,
tortuosity,gpu,assembled,16,n600_b050_p040,600,0.5,0.4,0.393651,85028549,iters,3,0.01489564751,2.911720482,0.9948842454,1.120644058,2.906710245e-06,3,,pmeal-hpc,2026-08-12T02:32:39,
tortuosity,gpu,assembled,16,n600_b050_p040,600,0.5,0.4,0.393651,85028549,iters,6,0.06785397225,2.911720482,0.9766962617,1.262096779,3.356480281e-06,3,,pmeal-hpc,2026-08-12T02:32:39,
tortuosity,gpu,assembled,16,n600_b050_p040,600,0.5,0.4,0.393651,85028549,iters,10,0.1335795166,2.911720482,0.9541235097,1.433867024,5.907166499e-06,3,,pmeal-hpc,2026-08-12T02:32:39,
tortuosity,gpu,assembled,16,n600_b050_p040,600,0.5,0.4,0.393651,85028549,iters,18,0.5927855926,2.911720482,0.7964139772,1.778394556,2.854348191e-05,3,,pmeal-hpc,2026-08-12T02:32:39,
tortuosity,gpu,assembled,16,n600_b050_p040,600,0.5,0.4,0.393651,85028549,iters,33,1.208211995,2.911720482,0.5850522045,2.429183778,6.33354994e-05,3,,pmeal-hpc,2026-08-12T02:32:39,
tortuosity,gpu,assembled,16,n600_b050_p040,600,0.5,0.4,0.393651,85028549,iters,59,2.776012957,2.911720482,0.04660733252,3.55195469,0.0001479962469,3,,pmeal-hpc,2026-08-12T02:32:39,
tortuosity,gpu,assembled,16,n600_b050_p040,600,0.5,0.4,0.393651,85028549,iters,106,2.915426085,2.911720482,0.001272650636,5.580314793,0.0001554992911,3,,pmeal-hpc,2026-08-12T02:32:39,
tortuosity,gpu,assembled,16,n600_b050_p040,600,0.5,0.4,0.393651,85028549,iters,189,2.912826582,2.911720482,0.0003798783329,9.161379276,0.0001353175368,3,target_reached,pmeal-hpc,2026-08-12T02:32:39,
tortuosity,gpu,assembled,16,n600_b050_p060,600,0.5,0.6,0.603327,130318526,iters,1,0.006485946473,1.644772466,0.99605663,1.157910065,0,3,,pmeal-hpc,2026-08-12T02:33:42,
tortuosity,gpu,assembled,16,n600_b050_p060,600,0.5,0.6,0.603327,130318526,iters,2,0.008513850059,1.644772466,0.9948236913,1.227928773,2.484678278e-07,3,,pmeal-hpc,2026-08-12T02:33:42,
tortuosity,gpu,assembled,16,n600_b050_p060,600,0.5,0.6,0.603327,130318526,iters,3,0.01759424836,1.644772466,0.9893029287,1.299744485,8.485710179e-07,3,,pmeal-hpc,2026-08-12T02:33:42,
tortuosity,gpu,assembled,16,n600_b050_p060,600,0.5,0.6,0.603327,130318526,iters,6,0.0840359164,1.644772466,0.9489072695,1.514543363,2.144881136e-06,3,,pmeal-hpc,2026-08-12T02:33:42,
tortuosity,gpu,assembled,16,n600_b050_p060,600,0.5,0.6,0.603327,130318526,iters,10,0.1841105742,1.644772466,0.8880631953,1.783101346,3.989778185e-06,3,,pmeal-hpc,2026-08-12T02:33:42,
tortuosity,gpu,assembled,16,n600_b050_p060,600,0.5,0.6,0.603327,130318526,iters,18,0.6313342481,1.644772466,0.6161570909,2.346501599,1.882221582e-05,3,,pmeal-hpc,2026-08-12T02:33:42,
tortuosity,gpu,assembled,16,n600_b050_p060,600,0.5,0.6,0.603327,130318526,iters,33,0.9442575508,1.644772466,0.4259038436,3.394041322,2.967226137e-05,3,,pmeal-hpc,2026-08-12T02:33:42,
tortuosity,gpu,assembled,16,n600_b050_p060,600,0.5,0.6,0.603327,130318526,iters,59,1.598173744,1.644772466,0.02833140948,5.227724707,5.396115101e-05,3,,pmeal-hpc,2026-08-12T02:33:42,
tortuosity,gpu,assembled,16,n600_b050_p060,600,0.5,0.6,0.603327,130318526,iters,106,1.646120171,1.644772466,0.0008193869886,8.541735907,4.824944076e-05,3,target_reached,pmeal-hpc,2026-08-12T02:33:42,
tortuosity,gpu,assembled,16,n600_b050_p080,600,0.5,0.8,0.801395,173101417,iters,1,0.007204941402,1.207519104,0.9940332692,1.341916966,0,3,,pmeal-hpc,2026-08-12T02:34:58,
tortuosity,gpu,assembled,16,n600_b050_p080,600,0.5,0.8,0.801395,173101417,iters,2,0.009326863592,1.207519104,0.9922760116,1.436101499,1.839891199e-07,3,,pmeal-hpc,2026-08-12T02:34:58,
tortuosity,gpu,assembled,16,n600_b050_p080,600,0.5,0.8,0.801395,173101417,iters,3,0.01930986549,1.207519104,0.984008646,1.530434448,6.693438729e-07,3,,pmeal-hpc,2026-08-12T02:34:58,
tortuosity,gpu,assembled,16,n600_b050_p080,600,0.5,0.8,0.801395,173101417,iters,6,0.09248685347,1.207519104,0.9234075443,1.83071483,3.844462226e-06,3,,pmeal-hpc,2026-08-12T02:34:58,
tortuosity,gpu,assembled,16,n600_b050_p080,600,0.5,0.8,0.801395,173101417,iters,10,0.1962483644,1.207519104,0.8374780459,2.228447559,4.597762522e-06,3,,pmeal-hpc,2026-08-12T02:34:58,
tortuosity,gpu,assembled,16,n600_b050_p080,600,0.5,0.8,0.801395,173101417,iters,18,0.6270662765,1.207519104,0.4806986702,2.978772442,1.733645876e-05,3,,pmeal-hpc,2026-08-12T02:34:58,
tortuosity,gpu,assembled,16,n600_b050_p080,600,0.5,0.8,0.801395,173101417,iters,33,0.7852944667,1.207519104,0.3496629046,4.409843605,2.158707975e-05,3,,pmeal-hpc,2026-08-12T02:34:58,
tortuosity,gpu,assembled,16,n600_b050_p080,600,0.5,0.8,0.801395,173101417,iters,59,1.185999761,1.207519104,0.01782111991,6.992425469,3.537035287e-05,3,,pmeal-hpc,2026-08-12T02:34:58,
tortuosity,gpu,assembled,16,n600_b050_p080,600,0.5,0.8,0.801395,173101417,iters,106,1.20829918,1.207519104,0.0006460157656,11.55764587,3.071402956e-05,3,target_reached,pmeal-hpc,2026-08-12T02:34:58,
tortuosity,gpu,assembled,16,n600_b050_p095,600,0.5,0.95,0.949611,205116041,iters,1,0.007372512988,1.036289257,0.9928856611,1.512649695,0,3,,pmeal-hpc,2026-08-12T02:36:25,
tortuosity,gpu,assembled,16,n600_b050_p095,600,0.5,0.95,0.949611,205116041,iters,2,0.009520247348,1.036289257,0.9908131371,1.629749445,5.867925433e-09,3,,pmeal-hpc,2026-08-12T02:36:25,
tortuosity,gpu,assembled,16,n600_b050_p095,600,0.5,0.95,0.949611,205116041,iters,3,0.01971277498,1.036289257,0.9809775361,1.762571738,4.592656802e-07,3,,pmeal-hpc,2026-08-12T02:36:25,
tortuosity,gpu,assembled,16,n600_b050_p095,600,0.5,0.95,0.949611,205116041,iters,6,0.09349773072,1.036289257,0.9097764161,2.14343772,1.782698577e-06,3,,pmeal-hpc,2026-08-12T02:36:25,
tortuosity,gpu,assembled,16,n600_b050_p095,600,0.5,0.95,0.949611,205116041,iters,10,0.2044394163,1.036289257,0.8027197379,2.606079125,3.72017792e-06,3,,pmeal-hpc,2026-08-12T02:36:25,
tortuosity,gpu,assembled,16,n600_b050_p095,600,0.5,0.95,0.949611,205116041,iters,18,0.6049656567,1.036289257,0.4162193108,3.541863101,1.634206278e-05,3,,pmeal-hpc,2026-08-12T02:36:25,
tortuosity,gpu,assembled,16,n600_b050_p095,600,0.5,0.95,0.949611,205116041,iters,33,0.7045659449,1.036289257,0.3201068716,5.350748093,1.586118509e-05,3,,pmeal-hpc,2026-08-12T02:36:25,
tortuosity,gpu,assembled,16,n600_b050_p095,600,0.5,0.95,0.949611,205116041,iters,59,1.02792672,1.036289257,0.008069693871,8.407127546,2.767800328e-05,3,,pmeal-hpc,2026-08-12T02:36:25,
tortuosity,gpu,assembled,16,n600_b050_p095,600,0.5,0.95,0.949611,205116041,iters,106,1.036580804,1.036289257,0.0002813378972,13.9119296,3.224929563e-05,3,target_reached,pmeal-hpc,2026-08-12T02:36:25,
tortuosity,gpu,assembled,16,n600_b100_p020,600,1,0.2,0.186121,40202032,iters,1,0.005621480061,12.53312864,0.9995514703,0.811872134,0,3,,pmeal-hpc,2026-08-12T02:38:16,
tortuosity,gpu,assembled,16,n600_b100_p020,600,1,0.2,0.186121,40202032,iters,2,0.007742378002,12.53312864,0.999382247,0.830058391,1.25422197e-06,3,,pmeal-hpc,2026-08-12T02:38:16,
tortuosity,gpu,assembled,16,n600_b100_p020,600,1,0.2,0.186121,40202032,iters,3,0.01415168413,12.53312864,0.9988708578,0.850195603,3.598795006e-06,3,,pmeal-hpc,2026-08-12T02:38:16,
tortuosity,gpu,assembled,16,n600_b100_p020,600,1,0.2,0.186121,40202032,iters,6,0.07126255751,12.53312864,0.9943140648,0.909416302,8.670659062e-06,3,,pmeal-hpc,2026-08-12T02:38:16,
tortuosity,gpu,assembled,16,n600_b100_p020,600,1,0.2,0.186121,40202032,iters,10,0.1369162695,12.53312864,0.9890756511,0.9918730119,1.152322248e-05,3,,pmeal-hpc,2026-08-12T02:38:16,
tortuosity,gpu,assembled,16,n600_b100_p020,600,1,0.2,0.186121,40202032,iters,18,0.6267662991,12.53312864,0.9499912339,1.156128415,5.596733455e-05,3,,pmeal-hpc,2026-08-12T02:38:16,
tortuosity,gpu,assembled,16,n600_b100_p020,600,1,0.2,0.186121,40202032,iters,33,1.819966738,12.53312864,0.8547875163,1.459893283,0.00026181318,3,,pmeal-hpc,2026-08-12T02:38:16,
tortuosity,gpu,assembled,16,n600_b100_p020,600,1,0.2,0.186121,40202032,iters,59,10.33153129,12.53312864,0.1756622317,1.960758979,0.001590014579,3,,pmeal-hpc,2026-08-12T02:38:16,
tortuosity,gpu,assembled,16,n600_b100_p020,600,1,0.2,0.186121,40202032,iters,106,12.73560635,12.53312864,0.01615540002,2.871276935,0.00199849823,3,,pmeal-hpc,2026-08-12T02:38:16,
tortuosity,gpu,assembled,16,n600_b100_p020,600,1,0.2,0.186121,40202032,iters,189,12.50965461,12.53312864,0.001872958361,4.483064781,0.002166150514,3,,pmeal-hpc,2026-08-12T02:38:16,
tortuosity,gpu,assembled,16,n600_b100_p020,600,1,0.2,0.186121,40202032,iters,339,12.57903247,12.53312864,0.003662599222,7.400557689,0.002388481255,3,,pmeal-hpc,2026-08-12T02:38:16,
tortuosity,gpu,assembled,16,n600_b100_p020,600,1,0.2,0.186121,40202032,iters,607,12.58238733,12.53312864,0.003930278544,12.7708294,0.002786419954,3,,pmeal-hpc,2026-08-12T02:38:16,
tortuosity,gpu,assembled,16,n600_b100_p020,600,1,0.2,0.186121,40202032,iters,1086,12.58433913,12.53312864,0.004086009911,22.28051293,0.002722060741,3,,pmeal-hpc,2026-08-12T02:38:16,
tortuosity,gpu,assembled,16,n600_b100_p020,600,1,0.2,0.186121,40202032,iters,1945,12.58433913,12.53312864,0.004086009911,24.13273277,0.002722060741,3,,pmeal-hpc,2026-08-12T02:38:16,
tortuosity,gpu,assembled,16,n600_b100_p020,600,1,0.2,0.186121,40202032,iters,3484,12.58433913,12.53312864,0.004086009911,24.13273277,0.002722060741,3,,pmeal-hpc,2026-08-12T02:38:16,
tortuosity,gpu,assembled,16,n600_b100_p020,600,1,0.2,0.186121,40202032,iters,6238,12.58433913,12.53312864,0.004086009911,24.13273277,0.002722060741,3,,pmeal-hpc,2026-08-12T02:38:16,
tortuosity,gpu,assembled,16,n600_b100_p020,600,1,0.2,0.186121,40202032,iters,11169,12.58433913,12.53312864,0.004086009911,24.13273277,0.002722060741,3,,pmeal-hpc,2026-08-12T02:38:16,
tortuosity,gpu,assembled,16,n600_b100_p020,600,1,0.2,0.186121,40202032,iters,20000,12.58433913,12.53312864,0.004086009911,24.13273277,0.002722060741,3,ladder_exhausted,pmeal-hpc,2026-08-12T02:38:16,
tortuosity,gpu,assembled,16,n600_b100_p040,600,1,0.4,0.400067,86414504,iters,1,0.006607294556,2.584229768,0.9974432248,1.061542323,0,3,,pmeal-hpc,2026-08-12T02:39:20,
tortuosity,gpu,assembled,16,n600_b100_p040,600,1,0.4,0.400067,86414504,iters,2,0.008732575209,2.584229768,0.9966208209,1.103133309,4.593289684e-07,3,,pmeal-hpc,2026-08-12T02:39:20,
tortuosity,gpu,assembled,16,n600_b100_p040,600,1,0.4,0.400067,86414504,iters,3,0.01609516659,2.584229768,0.9937717742,1.152141162,9.824692989e-07,3,,pmeal-hpc,2026-08-12T02:39:20,
tortuosity,gpu,assembled,16,n600_b100_p040,600,1,0.4,0.400067,86414504,iters,6,0.08546595807,2.584229768,0.9669278796,1.29466801,4.392302976e-06,3,,pmeal-hpc,2026-08-12T02:39:20,
tortuosity,gpu,assembled,16,n600_b100_p040,600,1,0.4,0.400067,86414504,iters,10,0.171717537,2.584229768,0.9335517533,1.474014053,9.490219482e-06,3,,pmeal-hpc,2026-08-12T02:39:20,
tortuosity,gpu,assembled,16,n600_b100_p040,600,1,0.4,0.400067,86414504,iters,18,0.6499066672,2.584229768,0.7485104942,1.832355903,3.115445781e-05,3,,pmeal-hpc,2026-08-12T02:39:20,
tortuosity,gpu,assembled,16,n600_b100_p040,600,1,0.4,0.400067,86414504,iters,33,1.238016945,2.584229768,0.5209338735,2.49850383,7.18341456e-05,3,,pmeal-hpc,2026-08-12T02:39:20,
tortuosity,gpu,assembled,16,n600_b100_p040,600,1,0.4,0.400067,86414504,iters,59,2.46504762,2.584229768,0.04611902139,3.66713764,0.0001717971418,3,,pmeal-hpc,2026-08-12T02:39:20,
tortuosity,gpu,assembled,16,n600_b100_p040,600,1,0.4,0.400067,86414504,iters,106,2.589556555,2.584229768,0.002061266846,5.788437463,0.000182556651,3,,pmeal-hpc,2026-08-12T02:39:20,
tortuosity,gpu,assembled,16,n600_b100_p040,600,1,0.4,0.400067,86414504,iters,189,2.583681997,2.584229768,0.0002119667141,9.47694477,0.0001925699876,3,target_reached,pmeal-hpc,2026-08-12T02:39:20,
tortuosity,gpu,assembled,16,n600_b100_p060,600,1,0.6,0.601152,129848851,iters,1,0.007181370698,1.574643825,0.9954393682,1.279140434,0,3,,pmeal-hpc,2026-08-12T02:40:45,
tortuosity,gpu,assembled,16,n600_b100_p060,600,1,0.6,0.601152,129848851,iters,2,0.00932879947,1.574643825,0.994075613,1.346763397,7.919365131e-07,3,,pmeal-hpc,2026-08-12T02:40:45,
tortuosity,gpu,assembled,16,n600_b100_p060,600,1,0.6,0.601152,129848851,iters,3,0.01832670829,1.574643825,0.9883613627,1.422480736,1.28408442e-06,3,,pmeal-hpc,2026-08-12T02:40:45,
tortuosity,gpu,assembled,16,n600_b100_p060,600,1,0.6,0.601152,129848851,iters,6,0.09249941736,1.574643825,0.9412569269,1.647163363,5.977853432e-06,3,,pmeal-hpc,2026-08-12T02:40:45,
tortuosity,gpu,assembled,16,n600_b100_p060,600,1,0.6,0.601152,129848851,iters,10,0.1821542513,1.574643825,0.884320347,1.931945126,1.333987325e-05,3,,pmeal-hpc,2026-08-12T02:40:45,
tortuosity,gpu,assembled,16,n600_b100_p060,600,1,0.6,0.601152,129848851,iters,18,0.6440602846,1.574643825,0.5909803383,2.466757246,5.674550599e-05,3,,pmeal-hpc,2026-08-12T02:40:45,
tortuosity,gpu,assembled,16,n600_b100_p060,600,1,0.6,0.601152,129848851,iters,33,0.9485562156,1.574643825,0.3976058582,3.541054535,8.452352326e-05,3,,pmeal-hpc,2026-08-12T02:40:45,
tortuosity,gpu,assembled,16,n600_b100_p060,600,1,0.6,0.601152,129848851,iters,59,1.528501769,1.574643825,0.02930316993,5.411732594,0.0001418828827,3,,pmeal-hpc,2026-08-12T02:40:45,
tortuosity,gpu,assembled,16,n600_b100_p060,600,1,0.6,0.601152,129848851,iters,106,1.576974554,1.574643825,0.001480162784,8.791126678,0.0001381359721,3,,pmeal-hpc,2026-08-12T02:40:45,
tortuosity,gpu,assembled,16,n600_b100_p060,600,1,0.6,0.601152,129848851,iters,189,1.574855756,1.574643825,0.0001345897305,14.5402506,0.0001309933616,3,target_reached,pmeal-hpc,2026-08-12T02:40:45,
tortuosity,gpu,assembled,16,n600_b100_p080,600,1,0.8,0.800675,172945908,iters,1,0.007623045801,1.194292393,0.9936171026,1.472476957,0,3,,pmeal-hpc,2026-08-12T02:42:03,
tortuosity,gpu,assembled,16,n600_b100_p080,600,1,0.8,0.800675,172945908,iters,2,0.009811367836,1.194292393,0.9917847858,1.572572247,3.157860852e-07,3,,pmeal-hpc,2026-08-12T02:42:03,
tortuosity,gpu,assembled,16,n600_b100_p080,600,1,0.8,0.800675,172945908,iters,3,0.01954608437,1.194292393,0.9836337529,1.679460385,1.035241001e-06,3,,pmeal-hpc,2026-08-12T02:42:03,
tortuosity,gpu,assembled,16,n600_b100_p080,600,1,0.8,0.800675,172945908,iters,6,0.09619987264,1.194292393,0.9194503179,1.992612144,3.222276696e-06,3,,pmeal-hpc,2026-08-12T02:42:03,
tortuosity,gpu,assembled,16,n600_b100_p080,600,1,0.8,0.800675,172945908,iters,10,0.1939191306,1.194292393,0.8376284303,2.398478916,7.868210458e-06,3,,pmeal-hpc,2026-08-12T02:42:03,
tortuosity,gpu,assembled,16,n600_b100_p080,600,1,0.8,0.800675,172945908,iters,18,0.6252240594,1.194292393,0.4764899592,3.208890275,2.843826708e-05,3,,pmeal-hpc,2026-08-12T02:42:03,
tortuosity,gpu,assembled,16,n600_b100_p080,600,1,0.8,0.800675,172945908,iters,33,0.790522168,1.194292393,0.338083226,4.731254505,3.26669827e-05,3,,pmeal-hpc,2026-08-12T02:42:03,
tortuosity,gpu,assembled,16,n600_b100_p080,600,1,0.8,0.800675,172945908,iters,59,1.171549169,1.194292393,0.01904326303,7.370537496,5.668969983e-05,3,,pmeal-hpc,2026-08-12T02:42:03,
tortuosity,gpu,assembled,16,n600_b100_p080,600,1,0.8,0.800675,172945908,iters,106,1.195277048,1.194292393,0.000824467357,12.13713403,4.937298346e-05,3,target_reached,pmeal-hpc,2026-08-12T02:42:03,
tortuosity,gpu,assembled,16,n600_b100_p095,600,1,0.95,0.950634,205336897,iters,1,0.007480495601,1.038559849,0.9927972417,1.557474175,0,3,,pmeal-hpc,2026-08-12T02:43:32,
tortuosity,gpu,assembled,16,n600_b100_p095,600,1,0.95,0.950634,205336897,iters,2,0.009647115065,1.038559849,0.9907110649,1.676186522,1.192029214e-07,3,,pmeal-hpc,2026-08-12T02:43:32,
tortuosity,gpu,assembled,16,n600_b100_p095,600,1,0.95,0.950634,205336897,iters,3,0.01967817309,1.038559849,0.9810524419,1.798181558,5.278278524e-07,3,,pmeal-hpc,2026-08-12T02:43:32,
tortuosity,gpu,assembled,16,n600_b100_p095,600,1,0.95,0.950634,205336897,iters,6,0.09445182155,1.038559849,0.9090550038,2.158786678,9.301199527e-07,3,,pmeal-hpc,2026-08-12T02:43:32,
tortuosity,gpu,assembled,16,n600_b100_p095,600,1,0.95,0.950634,205336897,iters,10,0.2014770091,1.038559849,0.8060034678,2.639074722,2.979032691e-06,3,,pmeal-hpc,2026-08-12T02:43:32,
tortuosity,gpu,assembled,16,n600_b100_p095,600,1,0.95,0.950634,205336897,iters,18,0.6043667541,1.038559849,0.4180722905,3.59626701,6.778724132e-06,3,,pmeal-hpc,2026-08-12T02:43:32,
tortuosity,gpu,assembled,16,n600_b100_p095,600,1,0.95,0.950634,205336897,iters,33,0.7080588852,1.038559849,0.3182300608,5.396207548,1.039118181e-05,3,,pmeal-hpc,2026-08-12T02:43:32,
tortuosity,gpu,assembled,16,n600_b100_p095,600,1,0.95,0.950634,205336897,iters,59,1.029774141,1.038559849,0.008459510667,8.492984209,1.618492503e-05,3,,pmeal-hpc,2026-08-12T02:43:32,
tortuosity,gpu,assembled,16,n600_b100_p095,600,1,0.95,0.950634,205336897,iters,106,1.038794237,1.038559849,0.0002256855641,14.07933276,1.709669464e-05,3,target_reached,pmeal-hpc,2026-08-12T02:43:32,
tortuosity,gpu,assembled,16,n600_b200_p020,600,2,0.2,0.19095,41245095,iters,1,0.006247012978,11.15581331,0.9994400217,0.9622228621,0,3,,pmeal-hpc,2026-08-12T02:45:51,
tortuosity,gpu,assembled,16,n600_b200_p020,600,2,0.2,0.19095,41245095,iters,2,0.008471604078,11.15581331,0.9992406108,0.9834874461,1.593841652e-06,3,,pmeal-hpc,2026-08-12T02:45:51,
tortuosity,gpu,assembled,16,n600_b200_p020,600,2,0.2,0.19095,41245095,iters,3,0.01409502761,11.15581331,0.9987365307,1.005581243,3.229315722e-07,3,,pmeal-hpc,2026-08-12T02:45:51,
tortuosity,gpu,assembled,16,n600_b200_p020,600,2,0.2,0.19095,41245095,iters,6,0.08260160542,11.15581331,0.9925956447,1.071431361,1.359444548e-05,3,,pmeal-hpc,2026-08-12T02:45:51,
tortuosity,gpu,assembled,16,n600_b200_p020,600,2,0.2,0.19095,41245095,iters,10,0.160629351,11.15581331,0.9856012873,1.164623442,1.692242727e-05,3,,pmeal-hpc,2026-08-12T02:45:51,
tortuosity,gpu,assembled,16,n600_b200_p020,600,2,0.2,0.19095,41245095,iters,18,0.7150431599,11.15581331,0.9359039866,1.356375473,9.622288121e-05,3,,pmeal-hpc,2026-08-12T02:45:51,
tortuosity,gpu,assembled,16,n600_b200_p020,600,2,0.2,0.19095,41245095,iters,33,2.0537004,11.15581331,0.8159076042,1.711900714,0.000320466999,3,,pmeal-hpc,2026-08-12T02:45:51,
tortuosity,gpu,assembled,16,n600_b200_p020,600,2,0.2,0.19095,41245095,iters,59,8.284320706,11.15581331,0.2573987682,2.326186504,0.001432893868,3,,pmeal-hpc,2026-08-12T02:45:51,
tortuosity,gpu,assembled,16,n600_b200_p020,600,2,0.2,0.19095,41245095,iters,106,10.80159513,11.15581331,0.0317518917,3.439626501,0.005064818507,3,,pmeal-hpc,2026-08-12T02:45:51,
tortuosity,gpu,assembled,16,n600_b200_p020,600,2,0.2,0.19095,41245095,iters,189,10.86081957,11.15581331,0.02644305138,5.411201802,0.002928197784,3,,pmeal-hpc,2026-08-12T02:45:51,
tortuosity,gpu,assembled,16,n600_b200_p020,600,2,0.2,0.19095,41245095,iters,339,11.12287826,11.15581331,0.002952276726,8.992085149,0.002019920168,3,,pmeal-hpc,2026-08-12T02:45:51,
tortuosity,gpu,assembled,16,n600_b200_p020,600,2,0.2,0.19095,41245095,iters,607,11.13744561,11.15581331,0.001646469165,15.54751819,0.002133096989,3,repeats_diverged,pmeal-hpc,2026-08-12T02:45:51,
tortuosity,gpu,assembled,16,n600_b200_p040,600,2,0.4,0.398822,86145631,iters,1,0.006911148309,2.58840573,0.9973299594,1.226461531,0,3,,pmeal-hpc,2026-08-12T02:46:59,
tortuosity,gpu,assembled,16,n600_b200_p040,600,2,0.4,0.398822,86145631,iters,2,0.009047513482,2.58840573,0.9965046,1.277853518,7.025474431e-07,3,,pmeal-hpc,2026-08-12T02:46:59,
tortuosity,gpu,assembled,16,n600_b200_p040,600,2,0.4,0.398822,86145631,iters,3,0.01632832784,2.58840573,0.9936917433,1.328436068,1.900736954e-06,3,,pmeal-hpc,2026-08-12T02:46:59,
tortuosity,gpu,assembled,16,n600_b200_p040,600,2,0.4,0.398822,86145631,iters,6,0.09063713283,2.58840573,0.9649834136,1.484013387,5.125412264e-06,3,,pmeal-hpc,2026-08-12T02:46:59,
tortuosity,gpu,assembled,16,n600_b200_p040,600,2,0.4,0.398822,86145631,iters,10,0.1696839124,2.58840573,0.9344446234,1.694531934,6.099727594e-06,3,,pmeal-hpc,2026-08-12T02:46:59,
tortuosity,gpu,assembled,16,n600_b200_p040,600,2,0.4,0.398822,86145631,iters,18,0.6679260056,2.58840573,0.741954672,2.116959498,3.079772189e-05,3,,pmeal-hpc,2026-08-12T02:46:59,
tortuosity,gpu,assembled,16,n600_b200_p040,600,2,0.4,0.398822,86145631,iters,33,1.313524614,2.58840573,0.4925352703,2.891992628,6.113691098e-05,3,,pmeal-hpc,2026-08-12T02:46:59,
tortuosity,gpu,assembled,16,n600_b200_p040,600,2,0.4,0.398822,86145631,iters,59,2.440691805,2.58840573,0.05706753123,4.241980189,0.0001299277984,3,,pmeal-hpc,2026-08-12T02:46:59,
tortuosity,gpu,assembled,16,n600_b200_p040,600,2,0.4,0.398822,86145631,iters,106,2.598111111,2.58840573,0.003749559221,6.656807992,0.0001380778859,3,,pmeal-hpc,2026-08-12T02:46:59,
tortuosity,gpu,assembled,16,n600_b200_p040,600,2,0.4,0.398822,86145631,iters,189,2.588135057,2.58840573,0.0001045711904,10.92628773,0.0001549063425,3,target_reached,pmeal-hpc,2026-08-12T02:46:59,
tortuosity,gpu,assembled,16,n600_b200_p060,600,2,0.6,0.600028,129606057,iters,1,0.007587346613,1.576153581,0.9951861629,1.526155036,0,3,,pmeal-hpc,2026-08-12T02:48:26,
tortuosity,gpu,assembled,16,n600_b200_p060,600,2,0.6,0.600028,129606057,iters,2,0.009787033586,1.576153581,0.9937905584,1.602154095,3.715618828e-07,3,,pmeal-hpc,2026-08-12T02:48:26,
tortuosity,gpu,assembled,16,n600_b200_p060,600,2,0.6,0.600028,129606057,iters,3,0.01830046383,1.576153581,0.988389162,1.683359902,3.298229305e-07,3,,pmeal-hpc,2026-08-12T02:48:26,
tortuosity,gpu,assembled,16,n600_b200_p060,600,2,0.6,0.600028,129606057,iters,6,0.09600222079,1.576153581,0.9390908209,1.91629644,3.536674153e-06,3,,pmeal-hpc,2026-08-12T02:48:26,
tortuosity,gpu,assembled,16,n600_b200_p060,600,2,0.6,0.600028,129606057,iters,10,0.1814664717,1.576153581,0.8848675193,2.20218143,8.836602219e-06,3,,pmeal-hpc,2026-08-12T02:48:26,
tortuosity,gpu,assembled,16,n600_b200_p060,600,2,0.6,0.600028,129606057,iters,18,0.6443381927,1.576153581,0.591195807,2.791242106,3.586075389e-05,3,,pmeal-hpc,2026-08-12T02:48:26,
tortuosity,gpu,assembled,16,n600_b200_p060,600,2,0.6,0.600028,129606057,iters,33,0.9798000214,1.576153581,0.3783600575,3.885309026,4.696354601e-05,3,,pmeal-hpc,2026-08-12T02:48:26,
tortuosity,gpu,assembled,16,n600_b200_p060,600,2,0.6,0.600028,129606057,iters,59,1.527436101,1.576153581,0.0309090946,5.776150231,8.439124848e-05,3,,pmeal-hpc,2026-08-12T02:48:26,
tortuosity,gpu,assembled,16,n600_b200_p060,600,2,0.6,0.600028,129606057,iters,106,1.579250225,1.576153581,0.001964684336,9.283220106,9.117485659e-05,3,,pmeal-hpc,2026-08-12T02:48:26,
tortuosity,gpu,assembled,16,n600_b200_p060,600,2,0.6,0.600028,129606057,iters,189,1.57631827,1.576153581,0.0001044878864,15.3846636,8.398567385e-05,3,target_reached,pmeal-hpc,2026-08-12T02:48:26,
tortuosity,gpu,assembled,16,n600_b200_p080,600,2,0.8,0.801043,173025334,iters,1,0.007903139805,1.194359614,0.9933829479,1.444764734,0,3,,pmeal-hpc,2026-08-12T02:50:13,
tortuosity,gpu,assembled,16,n600_b200_p080,600,2,0.8,0.801043,173025334,iters,2,0.01013876391,1.194359614,0.9915111297,1.54020097,4.417629805e-07,3,,pmeal-hpc,2026-08-12T02:50:13,
tortuosity,gpu,assembled,16,n600_b200_p080,600,2,0.8,0.801043,173025334,iters,3,0.01946842594,1.194359614,0.983699695,1.64428312,8.551318396e-07,3,,pmeal-hpc,2026-08-12T02:50:13,
tortuosity,gpu,assembled,16,n600_b200_p080,600,2,0.8,0.801043,173025334,iters,6,0.09822828569,1.194359614,0.9177565245,1.957296706,4.833907163e-06,3,,pmeal-hpc,2026-08-12T02:50:13,
tortuosity,gpu,assembled,16,n600_b200_p080,600,2,0.8,0.801043,173025334,iters,10,0.1915152132,1.194359614,0.8396502938,2.354135992,7.393119355e-06,3,,pmeal-hpc,2026-08-12T02:50:13,
tortuosity,gpu,assembled,16,n600_b200_p080,600,2,0.8,0.801043,173025334,iters,18,0.6198789051,1.194359614,0.4809947541,3.127701568,2.757451981e-05,3,,pmeal-hpc,2026-08-12T02:50:13,
tortuosity,gpu,assembled,16,n600_b200_p080,600,2,0.8,0.801043,173025334,iters,33,0.8041336179,1.194359614,0.3267240381,4.561605596,3.224049865e-05,3,,pmeal-hpc,2026-08-12T02:50:13,
tortuosity,gpu,assembled,16,n600_b200_p080,600,2,0.8,0.801043,173025334,iters,59,1.172978539,1.194359614,0.01790170629,7.146311383,4.451224517e-05,3,,pmeal-hpc,2026-08-12T02:50:13,
tortuosity,gpu,assembled,16,n600_b200_p080,600,2,0.8,0.801043,173025334,iters,106,1.195947626,1.194359614,0.001329593178,11.75851672,4.584032987e-05,3,,pmeal-hpc,2026-08-12T02:50:13,
tortuosity,gpu,assembled,16,n600_b200_p080,600,2,0.8,0.801043,173025334,iters,189,1.194482615,1.194359614,0.00010298528,19.96575906,4.626320387e-05,3,target_reached,pmeal-hpc,2026-08-12T02:50:13,
tortuosity,gpu,assembled,16,n600_b200_p095,600,2,0.95,0.950849,205383281,iters,1,0.007699028836,1.037615234,0.9925800734,1.580169528,0,3,,pmeal-hpc,2026-08-12T02:51:41,
tortuosity,gpu,assembled,16,n600_b200_p095,600,2,0.95,0.950849,205383281,iters,2,0.009907779818,1.037615234,0.9904513933,1.700196271,1.837467144e-07,3,,pmeal-hpc,2026-08-12T02:51:41,
tortuosity,gpu,assembled,16,n600_b200_p095,600,2,0.95,0.950849,205383281,iters,3,0.01969544569,1.037615234,0.9810185461,1.823225481,1.167580306e-06,3,,pmeal-hpc,2026-08-12T02:51:41,
tortuosity,gpu,assembled,16,n600_b200_p095,600,2,0.95,0.950849,205383281,iters,6,0.09639744332,1.037615234,0.9070971202,2.194941805,1.827851386e-06,3,,pmeal-hpc,2026-08-12T02:51:41,
tortuosity,gpu,assembled,16,n600_b200_p095,600,2,0.95,0.950849,205383281,iters,10,0.1983656609,1.037615234,0.8088254158,2.664052656,2.614446667e-06,3,,pmeal-hpc,2026-08-12T02:51:41,
tortuosity,gpu,assembled,16,n600_b200_p095,600,2,0.95,0.950849,205383281,iters,18,0.6039697185,1.037615234,0.4179251627,3.618165414,9.19333786e-06,3,,pmeal-hpc,2026-08-12T02:51:41,
tortuosity,gpu,assembled,16,n600_b200_p095,600,2,0.95,0.950849,205383281,iters,33,0.7128822702,1.037615234,0.3129608675,5.396708878,1.019092071e-05,3,,pmeal-hpc,2026-08-12T02:51:41,
tortuosity,gpu,assembled,16,n600_b200_p095,600,2,0.95,0.950849,205383281,iters,59,1.029963456,1.037615234,0.007374388242,8.476926872,2.028067078e-05,3,,pmeal-hpc,2026-08-12T02:51:41,
tortuosity,gpu,assembled,16,n600_b200_p095,600,2,0.95,0.950849,205383281,iters,106,1.038207286,1.037615234,0.0005705890196,14.02737664,2.13694065e-05,3,target_reached,pmeal-hpc,2026-08-12T02:51:41,
tortuosity,gpu,assembled,16,n800_b050_p020,800,0.5,0.2,0.174096,89137139,iters,1,0.00340912041,10.10700996,0.9996626974,1.994903196,0,3,,pmeal-hpc,2026-08-12T18:03:08,
tortuosity,gpu,assembled,16,n800_b050_p020,800,0.5,0.2,0.174096,89137139,iters,2,0.005114997472,10.10700996,0.9994939159,2.044250983,2.897216969e-06,3,,pmeal-hpc,2026-08-12T18:03:09,
tortuosity,gpu,assembled,16,n800_b050_p020,800,0.5,0.2,0.174096,89137139,iters,3,0.0102658569,10.10700996,0.9989842835,2.09678825,3.750573339e-06,3,,pmeal-hpc,2026-08-12T18:03:09,
tortuosity,gpu,assembled,16,n800_b050_p020,800,0.5,0.2,0.174096,89137139,iters,6,0.04360257161,10.10700996,0.9956859079,2.255655578,1.849265012e-05,3,,pmeal-hpc,2026-08-12T18:03:09,
tortuosity,gpu,assembled,16,n800_b050_p020,800,0.5,0.2,0.174096,89137139,iters,10,0.09466964066,10.10700996,0.9906332693,2.456785123,3.627130476e-05,3,,pmeal-hpc,2026-08-12T18:03:09,
tortuosity,gpu,assembled,16,n800_b050_p020,800,0.5,0.2,0.174096,89137139,iters,18,0.4088888816,10.10700996,0.959544031,2.863719656,0.0001526003109,3,,pmeal-hpc,2026-08-12T18:03:09,
tortuosity,gpu,assembled,16,n800_b050_p020,800,0.5,0.2,0.174096,89137139,iters,33,1.309571283,10.10700996,0.8704294061,3.592999729,0.0005215731137,3,,pmeal-hpc,2026-08-12T18:03:09,
tortuosity,gpu,assembled,16,n800_b050_p020,800,0.5,0.2,0.174096,89137139,iters,59,8.095950049,10.10700996,0.1989767418,4.842160575,0.003749791734,3,,pmeal-hpc,2026-08-12T18:03:09,
tortuosity,gpu,assembled,16,n800_b050_p020,800,0.5,0.2,0.174096,89137139,iters,106,11.92185612,10.10700996,0.1795631116,7.085446603,0.005483050468,3,,pmeal-hpc,2026-08-12T18:03:09,
tortuosity,gpu,assembled,16,n800_b050_p020,800,0.5,0.2,0.174096,89137139,iters,189,9.992075482,10.10700996,0.01137175868,11.00636647,0.004218659444,3,,pmeal-hpc,2026-08-12T18:03:09,
tortuosity,gpu,assembled,16,n800_b050_p020,800,0.5,0.2,0.174096,89137139,iters,339,10.03730902,10.10700996,0.006896296398,18.08416262,0.00449562263,3,,pmeal-hpc,2026-08-12T18:03:09,
tortuosity,gpu,assembled,16,n800_b050_p020,800,0.5,0.2,0.174096,89137139,iters,607,10.0376419,10.10700996,0.00686336092,31.00651888,0.004469792704,3,,pmeal-hpc,2026-08-12T18:03:09,
tortuosity,gpu,assembled,16,n800_b050_p020,800,0.5,0.2,0.174096,89137139,iters,1086,10.0376419,10.10700996,0.00686336092,41.44618007,0.004469792704,3,,pmeal-hpc,2026-08-12T18:03:09,
tortuosity,gpu,assembled,16,n800_b050_p020,800,0.5,0.2,0.174096,89137139,iters,1945,10.0376419,10.10700996,0.00686336092,41.44618007,0.004469792704,3,,pmeal-hpc,2026-08-12T18:03:09,
tortuosity,gpu,assembled,16,n800_b050_p020,800,0.5,0.2,0.174096,89137139,iters,3484,10.0376419,10.10700996,0.00686336092,41.44618007,0.004469792704,3,,pmeal-hpc,2026-08-12T18:03:09,
tortuosity,gpu,assembled,16,n800_b050_p020,800,0.5,0.2,0.174096,89137139,iters,6238,10.0376419,10.10700996,0.00686336092,41.44618007,0.004469792704,3,,pmeal-hpc,2026-08-12T18:03:09,
tortuosity,gpu,assembled,16,n800_b050_p020,800,0.5,0.2,0.174096,89137139,iters,11169,10.0376419,10.10700996,0.00686336092,41.44618007,0.004469792704,3,,pmeal-hpc,2026-08-12T18:03:09,
tortuosity,gpu,assembled,16,n800_b050_p020,800,0.5,0.2,0.174096,89137139,iters,20000,10.0376419,10.10700996,0.00686336092,41.44618007,0.004469792704,3,ladder_exhausted,pmeal-hpc,2026-08-12T18:03:09,
tortuosity,gpu,assembled,16,n800_b050_p040,800,0.5,0.4,0.384479,196853200,iters,1,0.004526018861,2.713834504,0.9983322421,2.245848509,0,3,,pmeal-hpc,2026-08-12T18:06:05,
tortuosity,gpu,assembled,16,n800_b050_p040,800,0.5,0.4,0.384479,196853200,iters,2,0.00611629811,2.713834504,0.9977462524,2.362576635,1.993189611e-06,3,,pmeal-hpc,2026-08-12T18:06:05,
tortuosity,gpu,assembled,16,n800_b050_p040,800,0.5,0.4,0.384479,196853200,iters,3,0.0115074982,2.713834504,0.9957596905,2.479249946,6.712674165e-06,3,,pmeal-hpc,2026-08-12T18:06:05,
tortuosity,gpu,assembled,16,n800_b050_p040,800,0.5,0.4,0.384479,196853200,iters,6,0.05761358266,2.713834504,0.9787704141,2.810848235,1.353980671e-05,3,,pmeal-hpc,2026-08-12T18:06:05,
tortuosity,gpu,assembled,16,n800_b050_p040,800,0.5,0.4,0.384479,196853200,iters,10,0.121422724,2.713834504,0.9552578745,3.251814831,2.695670396e-05,3,,pmeal-hpc,2026-08-12T18:06:05,
tortuosity,gpu,assembled,16,n800_b050_p040,800,0.5,0.4,0.384479,196853200,iters,18,0.4943347073,2.713834504,0.8178464064,4.091718095,0.0001162101801,3,,pmeal-hpc,2026-08-12T18:06:05,
tortuosity,gpu,assembled,16,n800_b050_p040,800,0.5,0.4,0.384479,196853200,iters,33,1.289549147,2.713834504,0.5248239548,5.684051336,0.0003176662263,3,,pmeal-hpc,2026-08-12T18:06:05,
tortuosity,gpu,assembled,16,n800_b050_p040,800,0.5,0.4,0.384479,196853200,iters,59,2.78038851,2.713834504,0.02452397379,8.429210048,0.0008400804222,3,,pmeal-hpc,2026-08-12T18:06:05,
tortuosity,gpu,assembled,16,n800_b050_p040,800,0.5,0.4,0.384479,196853200,iters,106,2.892353725,2.713834504,0.06578117452,13.35800399,0.0009905695049,3,,pmeal-hpc,2026-08-12T18:06:05,
tortuosity,gpu,assembled,16,n800_b050_p040,800,0.5,0.4,0.384479,196853200,iters,189,2.710562703,2.713834504,0.001205600945,21.73087059,0.0007917385064,3,repeats_diverged,pmeal-hpc,2026-08-12T18:06:05,
tortuosity,gpu,assembled,16,n800_b050_p060,800,0.5,0.6,0.59834,306349955,iters,1,0.005286066144,1.573690994,0.9966409758,2.440303409,0,3,,pmeal-hpc,2026-08-12T18:09:16,
tortuosity,gpu,assembled,16,n800_b050_p060,800,0.5,0.6,0.59834,306349955,iters,2,0.006816145563,1.573690994,0.9956686887,2.937428799,6.134870019e-07,3,,pmeal-hpc,2026-08-12T18:09:16,
tortuosity,gpu,assembled,16,n800_b050_p060,800,0.5,0.6,0.59834,306349955,iters,3,0.01383885982,1.573690994,0.9912061136,3.421444225,3.023048618e-07,3,,pmeal-hpc,2026-08-12T18:09:16,
tortuosity,gpu,assembled,16,n800_b050_p060,800,0.5,0.6,0.59834,306349955,iters,6,0.06836538063,1.573690994,0.9565573032,4.187866944,7.945887494e-06,3,,pmeal-hpc,2026-08-12T18:09:16,
tortuosity,gpu,assembled,16,n800_b050_p060,800,0.5,0.6,0.59834,306349955,iters,10,0.1477726585,1.573690994,0.9060980465,5.1342114,1.472635137e-05,3,,pmeal-hpc,2026-08-12T18:09:16,
tortuosity,gpu,assembled,16,n800_b050_p060,800,0.5,0.6,0.59834,306349955,iters,18,0.5108725555,1.573690994,0.6753666651,6.783236671,5.251382822e-05,3,,pmeal-hpc,2026-08-12T18:09:16,
tortuosity,gpu,assembled,16,n800_b050_p060,800,0.5,0.6,0.59834,306349955,iters,33,1.068901645,1.573690994,0.320767769,9.641290647,0.0001387665716,3,,pmeal-hpc,2026-08-12T18:09:16,
tortuosity,gpu,assembled,16,n800_b050_p060,800,0.5,0.6,0.59834,306349955,iters,59,1.649570454,1.573690994,0.04821750926,14.37974923,0.0002286645027,3,,pmeal-hpc,2026-08-12T18:09:16,
tortuosity,gpu,assembled,16,n800_b050_p060,800,0.5,0.6,0.59834,306349955,iters,106,1.593290201,1.573690994,0.01245429183,22.77570366,0.0002109155246,3,,pmeal-hpc,2026-08-12T18:09:16,
tortuosity,gpu,assembled,16,n800_b050_p060,800,0.5,0.6,0.59834,306349955,iters,189,1.572828317,1.573690994,0.0005481869282,37.23637436,0.0002146342952,3,target_reached,pmeal-hpc,2026-08-12T18:09:16,
tortuosity,gpu,assembled,16,n800_b050_p080,800,0.5,0.8,0.807732,413558797,iters,1,0.005661108958,1.158681783,0.9951141814,3.041098301,0,3,,pmeal-hpc,2026-08-12T18:13:40,
tortuosity,gpu,assembled,16,n800_b050_p080,800,0.5,0.8,0.807732,413558797,iters,2,0.007223498513,1.158681783,0.9937657616,3.726867174,2.022795053e-07,3,,pmeal-hpc,2026-08-12T18:13:40,
tortuosity,gpu,assembled,16,n800_b050_p080,800,0.5,0.8,0.807732,413558797,iters,3,0.01492378667,1.158681783,0.9871200299,4.333000414,1.305611695e-06,3,,pmeal-hpc,2026-08-12T18:13:40,
tortuosity,gpu,assembled,16,n800_b050_p080,800,0.5,0.8,0.807732,413558797,iters,6,0.07235471861,1.158681783,0.9375542796,5.441209828,1.172604847e-06,3,,pmeal-hpc,2026-08-12T18:13:40,
tortuosity,gpu,assembled,16,n800_b050_p080,800,0.5,0.8,0.807732,413558797,iters,10,0.1543390311,1.158681783,0.8667977408,6.839632284,3.380057945e-06,3,,pmeal-hpc,2026-08-12T18:13:40,
tortuosity,gpu,assembled,16,n800_b050_p080,800,0.5,0.8,0.807732,413558797,iters,18,0.4902289303,1.158681783,0.576908054,9.319363788,1.048140287e-05,3,,pmeal-hpc,2026-08-12T18:13:40,
tortuosity,gpu,assembled,16,n800_b050_p080,800,0.5,0.8,0.807732,413558797,iters,33,0.9018164053,1.158681783,0.2216875949,13.67071148,1.516812469e-05,3,,pmeal-hpc,2026-08-12T18:13:40,
tortuosity,gpu,assembled,16,n800_b050_p080,800,0.5,0.8,0.807732,413558797,iters,59,1.229628346,1.158681783,0.06123041222,20.97996838,2.465564694e-05,3,,pmeal-hpc,2026-08-12T18:13:40,
tortuosity,gpu,assembled,16,n800_b050_p080,800,0.5,0.8,0.807732,413558797,iters,106,1.165531822,1.158681783,0.00591192448,33.95167517,2.059344162e-05,3,,pmeal-hpc,2026-08-12T18:13:40,
tortuosity,gpu,assembled,16,n800_b050_p080,800,0.5,0.8,0.807732,413558797,iters,189,1.159357364,1.158681783,0.0005830600383,56.56808407,1.573849344e-05,3,target_reached,pmeal-hpc,2026-08-12T18:13:40,
tortuosity,gpu,assembled,16,n800_b050_p095,800,0.5,0.95,0.953798,488344573,iters,0,NaN,1.027543224,NaN,NaN,NaN,0,error,pmeal-hpc,2026-08-12T18:13:48,Out of GPU memory trying to allocate 1.819 GiB Effective GPU memory usage: 99.98% (47.257 GiB/47.268 GiB) Memory pool usage: 46.239 GiB (47.062 GiB reserved) 
tortuosity,gpu,assembled,16,n800_b100_p020,800,1,0.2,0.185425,94937803,iters,1,0.00477591109,12.62304881,0.9996216515,2.14853583,NaN,1,,pmeal-hpc,2026-08-12T18:15:27,
tortuosity,gpu,assembled,16,n800_b100_p020,800,1,0.2,0.185425,94937803,iters,2,0.007086506873,12.62304881,0.9994386058,2.191729267,NaN,1,,pmeal-hpc,2026-08-12T18:15:27,
tortuosity,gpu,assembled,16,n800_b100_p020,800,1,0.2,0.185425,94937803,iters,3,0.01282488671,12.62304881,0.9989840104,2.238983122,NaN,1,,pmeal-hpc,2026-08-12T18:15:27,
tortuosity,gpu,assembled,16,n800_b100_p020,800,1,0.2,0.185425,94937803,iters,6,0.06133829288,12.62304881,0.9951407704,2.381331198,NaN,1,,pmeal-hpc,2026-08-12T18:15:27,
tortuosity,gpu,assembled,16,n800_b100_p020,800,1,0.2,0.185425,94937803,iters,10,0.124300161,12.62304881,0.9901529208,2.568679739,NaN,1,,pmeal-hpc,2026-08-12T18:15:27,
tortuosity,gpu,assembled,16,n800_b100_p020,800,1,0.2,0.185425,94937803,iters,18,0.5459466814,12.62304881,0.9567500142,2.928102895,NaN,1,,pmeal-hpc,2026-08-12T18:15:27,
tortuosity,gpu,assembled,16,n800_b100_p020,800,1,0.2,0.185425,94937803,iters,33,1.736897953,12.62304881,0.8624026589,3.577448452,NaN,1,,pmeal-hpc,2026-08-12T18:15:27,
tortuosity,gpu,assembled,16,n800_b100_p020,800,1,0.2,0.185425,94937803,iters,59,8.338202712,12.62304881,0.3394462116,4.694061059,NaN,1,,pmeal-hpc,2026-08-12T18:15:27,
tortuosity,gpu,assembled,16,n800_b100_p020,800,1,0.2,0.185425,94937803,iters,106,16.35825743,12.62304881,0.29590384,6.751300316,NaN,1,,pmeal-hpc,2026-08-12T18:15:27,
tortuosity,gpu,assembled,16,n800_b100_p020,800,1,0.2,0.185425,94937803,iters,189,12.29148832,12.62304881,0.02626627622,10.29321558,NaN,1,,pmeal-hpc,2026-08-12T18:15:27,
tortuosity,gpu,assembled,16,n800_b100_p020,800,1,0.2,0.185425,94937803,iters,339,12.67212066,12.62304881,0.003887480155,16.82302829,NaN,1,,pmeal-hpc,2026-08-12T18:15:27,
tortuosity,gpu,assembled,16,n800_b100_p020,800,1,0.2,0.185425,94937803,iters,607,12.66459901,12.62304881,0.003291614056,28.80215418,NaN,1,,pmeal-hpc,2026-08-12T18:15:27,
tortuosity,gpu,assembled,16,n800_b100_p020,800,1,0.2,0.185425,94937803,iters,1086,12.66904754,12.62304881,0.003644026684,49.88439663,NaN,1,,pmeal-hpc,2026-08-12T18:15:27,
tortuosity,gpu,assembled,16,n800_b100_p020,800,1,0.2,0.185425,94937803,iters,1945,12.66904754,12.62304881,0.003644026684,67.02663825,NaN,1,,pmeal-hpc,2026-08-12T18:15:27,
tortuosity,gpu,assembled,16,n800_b100_p020,800,1,0.2,0.185425,94937803,iters,3484,12.66904754,12.62304881,0.003644026684,67.02663825,NaN,1,,pmeal-hpc,2026-08-12T18:15:27,
tortuosity,gpu,assembled,16,n800_b100_p020,800,1,0.2,0.185425,94937803,iters,6238,12.66904754,12.62304881,0.003644026684,67.02663825,NaN,1,,pmeal-hpc,2026-08-12T18:15:27,
tortuosity,gpu,assembled,16,n800_b100_p020,800,1,0.2,0.185425,94937803,iters,11169,12.66904754,12.62304881,0.003644026684,67.02663825,NaN,1,,pmeal-hpc,2026-08-12T18:15:27,
tortuosity,gpu,assembled,16,n800_b100_p020,800,1,0.2,0.185425,94937803,iters,20000,12.66904754,12.62304881,0.003644026684,67.02663825,NaN,1,ladder_exhausted,pmeal-hpc,2026-08-12T18:15:27,
tortuosity,gpu,assembled,16,n800_b100_p040,800,1,0.4,0.394666,202068918,iters,1,0.005520008662,2.604118691,0.9978802776,2.253340713,0,3,,pmeal-hpc,2026-08-12T18:18:45,
tortuosity,gpu,assembled,16,n800_b100_p040,800,1,0.4,0.394666,202068918,iters,2,0.007290864132,2.604118691,0.9972002566,2.365471506,3.466786825e-07,3,,pmeal-hpc,2026-08-12T18:18:45,
tortuosity,gpu,assembled,16,n800_b100_p040,800,1,0.4,0.394666,202068918,iters,3,0.01296257562,2.604118691,0.9950222793,2.479703582,1.086242466e-06,3,,pmeal-hpc,2026-08-12T18:18:45,
tortuosity,gpu,assembled,16,n800_b100_p040,800,1,0.4,0.394666,202068918,iters,6,0.07138316924,2.604118691,0.972588358,2.812464247,2.617085441e-06,3,,pmeal-hpc,2026-08-12T18:18:45,
tortuosity,gpu,assembled,16,n800_b100_p040,800,1,0.4,0.394666,202068918,iters,10,0.1449893736,2.604118691,0.9443230548,3.247844432,6.445455606e-06,3,,pmeal-hpc,2026-08-12T18:18:45,
tortuosity,gpu,assembled,16,n800_b100_p040,800,1,0.4,0.394666,202068918,iters,18,0.5542276287,2.604118691,0.7871726697,4.097876556,3.16940073e-05,3,,pmeal-hpc,2026-08-12T18:18:45,
tortuosity,gpu,assembled,16,n800_b100_p040,800,1,0.4,0.394666,202068918,iters,33,1.347594305,2.604118691,0.4825142534,5.684203701,0.0001044445262,3,,pmeal-hpc,2026-08-12T18:18:45,
tortuosity,gpu,assembled,16,n800_b100_p040,800,1,0.4,0.394666,202068918,iters,59,2.522132028,2.604118691,0.03148345875,8.425115518,0.0001933943232,3,,pmeal-hpc,2026-08-12T18:18:45,
tortuosity,gpu,assembled,16,n800_b100_p040,800,1,0.4,0.394666,202068918,iters,106,2.774047057,2.604118691,0.06525369469,13.35468057,0.0001980189433,3,,pmeal-hpc,2026-08-12T18:18:45,
tortuosity,gpu,assembled,16,n800_b100_p040,800,1,0.4,0.394666,202068918,iters,189,2.600328083,2.604118691,0.001455620473,22.04708312,0.0002362972395,3,,pmeal-hpc,2026-08-12T18:18:45,
tortuosity,gpu,assembled,16,n800_b100_p040,800,1,0.4,0.394666,202068918,iters,339,2.603974079,2.604118691,5.553195501e-05,37.80520686,0.0002593472901,3,target_reached,pmeal-hpc,2026-08-12T18:18:45,
tortuosity,gpu,assembled,16,n800_b100_p060,800,1,0.6,0.599309,306846383,iters,1,0.006027058269,1.538358863,0.9960821507,2.63428961,0,3,,pmeal-hpc,2026-08-12T18:22:06,
tortuosity,gpu,assembled,16,n800_b100_p060,800,1,0.6,0.599309,306846383,iters,2,0.007740845351,1.538358863,0.9949681147,3.129485473,3.928039714e-07,3,,pmeal-hpc,2026-08-12T18:22:06,
tortuosity,gpu,assembled,16,n800_b100_p060,800,1,0.6,0.599309,306846383,iters,3,0.01488579885,1.538358863,0.990323585,3.598912185,2.998229296e-06,3,,pmeal-hpc,2026-08-12T18:22:06,
tortuosity,gpu,assembled,16,n800_b100_p060,800,1,0.6,0.599309,306846383,iters,6,0.07689161631,1.538358863,0.9500171136,4.39639062,2.187742503e-06,3,,pmeal-hpc,2026-08-12T18:22:06,
tortuosity,gpu,assembled,16,n800_b100_p060,800,1,0.6,0.599309,306846383,iters,10,0.1528635255,1.538358863,0.9006320767,5.385566331,1.334774557e-06,3,,pmeal-hpc,2026-08-12T18:22:06,
tortuosity,gpu,assembled,16,n800_b100_p060,800,1,0.6,0.599309,306846383,iters,18,0.537096624,1.538358863,0.6508638934,7.13351108,1.157040796e-05,3,,pmeal-hpc,2026-08-12T18:22:06,
tortuosity,gpu,assembled,16,n800_b100_p060,800,1,0.6,0.599309,306846383,iters,33,1.075147252,1.538358863,0.3011076428,10.20476666,3.055409929e-05,3,,pmeal-hpc,2026-08-12T18:22:06,
tortuosity,gpu,assembled,16,n800_b100_p060,800,1,0.6,0.599309,306846383,iters,59,1.564512672,1.538358863,0.01700111073,15.37896457,5.61778863e-05,3,,pmeal-hpc,2026-08-12T18:22:06,
tortuosity,gpu,assembled,16,n800_b100_p060,800,1,0.6,0.599309,306846383,iters,106,1.565239548,1.538358863,0.01747361122,24.58542866,5.839106135e-05,3,,pmeal-hpc,2026-08-12T18:22:06,
tortuosity,gpu,assembled,16,n800_b100_p060,800,1,0.6,0.599309,306846383,iters,189,1.537648954,1.538358863,0.0004614717291,40.61778069,7.299726552e-05,3,target_reached,pmeal-hpc,2026-08-12T18:22:06,
tortuosity,gpu,assembled,16,n800_b100_p080,800,1,0.8,0.802797,411032289,iters,1,0.006115142992,1.178837076,0.9948125631,2.987333715,0,3,,pmeal-hpc,2026-08-12T18:26:26,
tortuosity,gpu,assembled,16,n800_b100_p080,800,1,0.8,0.802797,411032289,iters,2,0.007799722309,1.178837076,0.9933835451,3.675316032,4.491289451e-07,3,,pmeal-hpc,2026-08-12T18:26:26,
tortuosity,gpu,assembled,16,n800_b100_p080,800,1,0.8,0.802797,411032289,iters,3,0.01539042666,1.178837076,0.9869443989,4.254828745,2.244186902e-06,3,,pmeal-hpc,2026-08-12T18:26:26,
tortuosity,gpu,assembled,16,n800_b100_p080,800,1,0.8,0.802797,411032289,iters,6,0.0766588328,1.178837076,0.9349707993,5.355638022,4.749726654e-06,3,,pmeal-hpc,2026-08-12T18:26:26,
tortuosity,gpu,assembled,16,n800_b100_p080,800,1,0.8,0.802797,411032289,iters,10,0.156087587,1.178837076,0.8675918919,6.749383059,9.392115386e-06,3,,pmeal-hpc,2026-08-12T18:26:26,
tortuosity,gpu,assembled,16,n800_b100_p080,800,1,0.8,0.802797,411032289,iters,18,0.506330644,1.178837076,0.5704829324,9.206453555,3.243687303e-05,3,,pmeal-hpc,2026-08-12T18:26:26,
tortuosity,gpu,assembled,16,n800_b100_p080,800,1,0.8,0.802797,411032289,iters,33,0.9194857703,1.178837076,0.2200060645,13.52037036,4.397425751e-05,3,,pmeal-hpc,2026-08-12T18:26:26,
tortuosity,gpu,assembled,16,n800_b100_p080,800,1,0.8,0.802797,411032289,iters,59,1.220647354,1.178837076,0.03546739295,20.79134806,7.677847499e-05,3,,pmeal-hpc,2026-08-12T18:26:26,
tortuosity,gpu,assembled,16,n800_b100_p080,800,1,0.8,0.802797,411032289,iters,106,1.18496894,1.178837076,0.005201620907,33.57157418,7.458491867e-05,3,,pmeal-hpc,2026-08-12T18:26:26,
tortuosity,gpu,assembled,16,n800_b100_p080,800,1,0.8,0.802797,411032289,iters,189,1.17858329,1.178837076,0.0002152850818,55.95880608,7.431481957e-05,3,target_reached,pmeal-hpc,2026-08-12T18:26:26,
tortuosity,gpu,assembled,16,n800_b100_p095,800,1,0.95,0.952043,487445980,iters,0,NaN,1.033344548,NaN,NaN,NaN,0,error,pmeal-hpc,2026-08-12T18:26:34,Out of GPU memory trying to allocate 1.816 GiB Effective GPU memory usage: 99.98% (47.257 GiB/47.268 GiB) Memory pool usage: 46.128 GiB (47.062 GiB reserved) 
tortuosity,gpu,assembled,16,n800_b200_p020,800,2,0.2,0.18995,97254252,iters,1,0.00472155616,13.56020695,0.999651808,2.066440461,0,3,,pmeal-hpc,2026-08-12T18:29:47,
tortuosity,gpu,assembled,16,n800_b200_p020,800,2,0.2,0.18995,97254252,iters,2,0.006521685005,13.56020695,0.9995190571,2.115200048,1.944902411e-06,3,,pmeal-hpc,2026-08-12T18:29:47,
tortuosity,gpu,assembled,16,n800_b200_p020,800,2,0.2,0.18995,97254252,iters,3,0.01102093423,13.56020695,0.9991872591,2.162744104,3.220259165e-06,3,,pmeal-hpc,2026-08-12T18:29:47,
tortuosity,gpu,assembled,16,n800_b200_p020,800,2,0.2,0.18995,97254252,iters,6,0.06152744551,13.56020695,0.995462647,2.312010303,9.019057032e-06,3,,pmeal-hpc,2026-08-12T18:29:47,
tortuosity,gpu,assembled,16,n800_b200_p020,800,2,0.2,0.18995,97254252,iters,10,0.120402362,13.56020695,0.9911209053,2.509340621,9.88663687e-06,3,,pmeal-hpc,2026-08-12T18:29:47,
tortuosity,gpu,assembled,16,n800_b200_p020,800,2,0.2,0.18995,97254252,iters,18,0.5332898211,13.56020695,0.9606724423,2.900943228,7.639028734e-05,3,,pmeal-hpc,2026-08-12T18:29:47,
tortuosity,gpu,assembled,16,n800_b200_p020,800,2,0.2,0.18995,97254252,iters,33,1.779171731,13.56020695,0.8687946476,3.616725701,0.0002941657174,3,,pmeal-hpc,2026-08-12T18:29:47,
tortuosity,gpu,assembled,16,n800_b200_p020,800,2,0.2,0.18995,97254252,iters,59,6.664177666,13.56020695,0.5085489705,4.85522024,0.001243307919,3,,pmeal-hpc,2026-08-12T18:29:47,
tortuosity,gpu,assembled,16,n800_b200_p020,800,2,0.2,0.18995,97254252,iters,106,17.43631824,13.56020695,0.2858445528,7.081538762,0.006079045791,3,,pmeal-hpc,2026-08-12T18:29:47,
tortuosity,gpu,assembled,16,n800_b200_p020,800,2,0.2,0.18995,97254252,iters,189,12.32807339,13.56020695,0.0908639202,10.9987436,0.00371531323,3,,pmeal-hpc,2026-08-12T18:29:47,
tortuosity,gpu,assembled,16,n800_b200_p020,800,2,0.2,0.18995,97254252,iters,339,13.46723778,13.56020695,0.006856028907,18.07441519,0.002531279853,3,,pmeal-hpc,2026-08-12T18:29:47,
tortuosity,gpu,assembled,16,n800_b200_p020,800,2,0.2,0.18995,97254252,iters,607,13.55498708,13.56020695,0.0003849401744,31.06355156,0.002456541892,3,target_reached,pmeal-hpc,2026-08-12T18:29:47,
tortuosity,gpu,assembled,16,n800_b200_p040,800,2,0.4,0.3993,204441481,iters,1,0.005333168043,2.540426233,0.9979006798,2.425163607,0,3,,pmeal-hpc,2026-08-12T18:33:09,
tortuosity,gpu,assembled,16,n800_b200_p040,800,2,0.4,0.3993,204441481,iters,2,0.006967644365,2.540426233,0.9972572932,2.663331605,8.617964971e-07,3,,pmeal-hpc,2026-08-12T18:33:09,
tortuosity,gpu,assembled,16,n800_b200_p040,800,2,0.4,0.3993,204441481,iters,3,0.01266423798,2.540426233,0.9950149161,2.780836815,1.938481901e-06,3,,pmeal-hpc,2026-08-12T18:33:09,
tortuosity,gpu,assembled,16,n800_b200_p040,800,2,0.4,0.3993,204441481,iters,6,0.06919451792,2.540426233,0.9727626345,3.121546917,6.925592709e-06,3,,pmeal-hpc,2026-08-12T18:33:09,
tortuosity,gpu,assembled,16,n800_b200_p040,800,2,0.4,0.3993,204441481,iters,10,0.1323245134,2.540426233,0.9479124756,3.57356042,1.237966793e-05,3,,pmeal-hpc,2026-08-12T18:33:09,
tortuosity,gpu,assembled,16,n800_b200_p040,800,2,0.4,0.3993,204441481,iters,18,0.523632602,2.540426233,0.7938800209,4.442536612,5.277198056e-05,3,,pmeal-hpc,2026-08-12T18:33:09,
tortuosity,gpu,assembled,16,n800_b200_p040,800,2,0.4,0.3993,204441481,iters,33,1.322878672,2.540426233,0.479269008,6.088534112,0.000139180919,3,,pmeal-hpc,2026-08-12T18:33:09,
tortuosity,gpu,assembled,16,n800_b200_p040,800,2,0.4,0.3993,204441481,iters,59,2.319088903,2.540426233,0.0871260606,8.934492074,0.0002642639673,3,,pmeal-hpc,2026-08-12T18:33:09,
tortuosity,gpu,assembled,16,n800_b200_p040,800,2,0.4,0.3993,204441481,iters,106,2.695685765,2.540426233,0.06111554436,14.06948987,0.000298903802,3,,pmeal-hpc,2026-08-12T18:33:09,
tortuosity,gpu,assembled,16,n800_b200_p040,800,2,0.4,0.3993,204441481,iters,189,2.531705438,2.540426233,0.003432807833,23.06039387,0.0003077973434,3,,pmeal-hpc,2026-08-12T18:33:09,
tortuosity,gpu,assembled,16,n800_b200_p040,800,2,0.4,0.3993,204441481,iters,339,2.540160308,2.540426233,0.0001046773737,39.82731685,0.0003374614537,3,target_reached,pmeal-hpc,2026-08-12T18:33:09,
tortuosity,gpu,assembled,16,n800_b200_p060,800,2,0.6,0.602005,308226382,iters,1,0.005870865965,1.551467408,0.996215927,2.800541534,0,3,,pmeal-hpc,2026-08-12T18:36:32,
tortuosity,gpu,assembled,16,n800_b200_p060,800,2,0.6,0.602005,308226382,iters,2,0.007536091143,1.551467408,0.9951426043,3.321356677,4.869667623e-07,3,,pmeal-hpc,2026-08-12T18:36:32,
tortuosity,gpu,assembled,16,n800_b200_p060,800,2,0.6,0.602005,308226382,iters,3,0.01422519862,1.551467408,0.9908311328,3.763683129,5.260166949e-07,3,,pmeal-hpc,2026-08-12T18:36:32,
tortuosity,gpu,assembled,16,n800_b200_p060,800,2,0.6,0.602005,308226382,iters,6,0.07406479489,1.551467408,0.9522614562,4.577227703,6.47749762e-06,3,,pmeal-hpc,2026-08-12T18:36:32,
tortuosity,gpu,assembled,16,n800_b200_p060,800,2,0.6,0.602005,308226382,iters,10,0.1428187087,1.551467408,0.9079460464,5.574351667,1.106392937e-05,3,,pmeal-hpc,2026-08-12T18:36:32,
tortuosity,gpu,assembled,16,n800_b200_p060,800,2,0.6,0.602005,308226382,iters,18,0.5102873002,1.551467408,0.6710937674,7.338657659,4.247870032e-05,3,,pmeal-hpc,2026-08-12T18:36:32,
tortuosity,gpu,assembled,16,n800_b200_p060,800,2,0.6,0.602005,308226382,iters,33,1.066151553,1.551467408,0.3128108604,10.41013014,8.490213968e-05,3,,pmeal-hpc,2026-08-12T18:36:32,
tortuosity,gpu,assembled,16,n800_b200_p060,800,2,0.6,0.602005,308226382,iters,59,1.52349973,1.551467408,0.01802659736,15.60325876,0.0001297610731,3,,pmeal-hpc,2026-08-12T18:36:32,
tortuosity,gpu,assembled,16,n800_b200_p060,800,2,0.6,0.602005,308226382,iters,106,1.584053994,1.551467408,0.02100371902,24.8464805,0.0001396604297,3,,pmeal-hpc,2026-08-12T18:36:32,
tortuosity,gpu,assembled,16,n800_b200_p060,800,2,0.6,0.602005,308226382,iters,189,1.55087256,1.551467408,0.000383410218,40.96115593,0.0001459490327,3,target_reached,pmeal-hpc,2026-08-12T18:36:32,
tortuosity,gpu,assembled,16,n800_b200_p080,800,2,0.8,0.802459,410859253,iters,1,0.006037980591,1.188212956,0.9949184357,3.07211563,0,3,,pmeal-hpc,2026-08-12T18:40:51,
tortuosity,gpu,assembled,16,n800_b200_p080,800,2,0.8,0.802459,410859253,iters,2,0.007716859063,1.188212956,0.9935054916,3.743686868,4.180514871e-07,3,,pmeal-hpc,2026-08-12T18:40:51,
tortuosity,gpu,assembled,16,n800_b200_p080,800,2,0.8,0.802459,410859253,iters,3,0.0149452913,1.188212956,0.9874220431,4.337711486,1.046697315e-06,3,,pmeal-hpc,2026-08-12T18:40:51,
tortuosity,gpu,assembled,16,n800_b200_p080,800,2,0.8,0.802459,410859253,iters,6,0.07526748272,1.188212956,0.936654888,5.443524245,4.238942149e-06,3,,pmeal-hpc,2026-08-12T18:40:51,
tortuosity,gpu,assembled,16,n800_b200_p080,800,2,0.8,0.802459,410859253,iters,10,0.1498516113,1.188212956,0.8738848869,6.837779655,1.058351294e-05,3,,pmeal-hpc,2026-08-12T18:40:51,
tortuosity,gpu,assembled,16,n800_b200_p080,800,2,0.8,0.802459,410859253,iters,18,0.4916760448,1.188212956,0.5862054505,9.277751511,3.636187126e-05,3,,pmeal-hpc,2026-08-12T18:40:51,
tortuosity,gpu,assembled,16,n800_b200_p080,800,2,0.8,0.802459,410859253,iters,33,0.9172798291,1.188212956,0.2280173141,13.56726237,7.073658855e-05,3,,pmeal-hpc,2026-08-12T18:40:51,
tortuosity,gpu,assembled,16,n800_b200_p080,800,2,0.8,0.802459,410859253,iters,59,1.20484294,1.188212956,0.01399579433,20.73639998,0.0001001152763,3,,pmeal-hpc,2026-08-12T18:40:51,
tortuosity,gpu,assembled,16,n800_b200_p080,800,2,0.8,0.802459,410859253,iters,106,1.196032087,1.188212956,0.006580580458,33.46145599,0.0001014815235,3,,pmeal-hpc,2026-08-12T18:40:51,
tortuosity,gpu,assembled,16,n800_b200_p080,800,2,0.8,0.802459,410859253,iters,189,1.188326161,1.188212956,9.527349515e-05,55.74272304,0.0001033339391,3,target_reached,pmeal-hpc,2026-08-12T18:40:51,
tortuosity,gpu,assembled,16,n800_b200_p095,800,2,0.95,0.949699,486245700,iters,0,NaN,1.038427024,NaN,NaN,NaN,0,error,pmeal-hpc,2026-08-12T18:40:59,Out of GPU memory trying to allocate 1.811 GiB Effective GPU memory usage: 99.98% (47.257 GiB/47.268 GiB) Memory pool usage: 45.964 GiB (47.062 GiB reserved) 
