tool,device,variant,cpu_threads,case_id,size,blobiness,porosity_target,porosity,nnodes,knob_name,knob,tau,tau_ref,rel_error,time_s,tau_spread,repeats,stop_reason,host,measured_at,note
tortuosity,gpu,matrixfree,16,n200_b050_p020,200,0.5,0.2,0.161462,1291692,iters,1,0.01340797703,33.93155464,0.9996048523,0.166168675,0,3,,pmeal-hpc,2026-08-20T12:57:29,
tortuosity,gpu,matrixfree,16,n200_b050_p020,200,0.5,0.2,0.161462,1291692,iters,2,0.01769771703,33.93155464,0.9994784289,0.167269303,0,3,,pmeal-hpc,2026-08-20T12:57:29,
tortuosity,gpu,matrixfree,16,n200_b050_p020,200,0.5,0.2,0.161462,1291692,iters,3,0.02953243289,33.93155464,0.9991296469,0.168378569,0,3,,pmeal-hpc,2026-08-20T12:57:29,
tortuosity,gpu,matrixfree,16,n200_b050_p020,200,0.5,0.2,0.161462,1291692,iters,6,0.1690552228,33.93155464,0.9950177578,0.171201134,0,3,,pmeal-hpc,2026-08-20T12:57:29,
tortuosity,gpu,matrixfree,16,n200_b050_p020,200,0.5,0.2,0.161462,1291692,iters,10,0.3169496684,33.93155464,0.9906591469,0.174865953,0,3,,pmeal-hpc,2026-08-20T12:57:29,
tortuosity,gpu,matrixfree,16,n200_b050_p020,200,0.5,0.2,0.161462,1291692,iters,18,16.00264434,33.93155464,0.5283845816,0.181762422,0,3,,pmeal-hpc,2026-08-20T12:57:29,
tortuosity,gpu,matrixfree,16,n200_b050_p020,200,0.5,0.2,0.161462,1291692,iters,33,24.51535377,33.93155464,0.2775057308,0.194604929,0,3,,pmeal-hpc,2026-08-20T12:57:29,
tortuosity,gpu,matrixfree,16,n200_b050_p020,200,0.5,0.2,0.161462,1291692,iters,59,33.84829869,33.93155464,0.002453643902,0.216899632,0,3,,pmeal-hpc,2026-08-20T12:57:29,
tortuosity,gpu,matrixfree,16,n200_b050_p020,200,0.5,0.2,0.161462,1291692,iters,106,33.88780432,33.93155464,0.001289369654,0.256450294,0,3,,pmeal-hpc,2026-08-20T12:57:29,
tortuosity,gpu,matrixfree,16,n200_b050_p020,200,0.5,0.2,0.161462,1291692,iters,189,33.93181232,33.93155464,7.594011961e-06,0.372074024,0,3,target_reached,pmeal-hpc,2026-08-20T12:57:29,
tortuosity,gpu,matrixfree,16,n200_b050_p040,200,0.5,0.4,0.399036,3192287,iters,1,0.02024748664,2.920079096,0.9930661171,0.259714145,0,3,,pmeal-hpc,2026-08-20T12:57:32,
tortuosity,gpu,matrixfree,16,n200_b050_p040,200,0.5,0.4,0.399036,3192287,iters,2,0.0255495314,2.920079096,0.9912503975,0.264084846,0,3,,pmeal-hpc,2026-08-20T12:57:32,
tortuosity,gpu,matrixfree,16,n200_b050_p040,200,0.5,0.4,0.399036,3192287,iters,3,0.04648375567,2.920079096,0.9840813368,0.268428445,0,3,,pmeal-hpc,2026-08-20T12:57:32,
tortuosity,gpu,matrixfree,16,n200_b050_p040,200,0.5,0.4,0.399036,3192287,iters,6,0.2535610999,2.920079096,0.913166359,0.278564013,0,3,,pmeal-hpc,2026-08-20T12:57:32,
tortuosity,gpu,matrixfree,16,n200_b050_p040,200,0.5,0.4,0.399036,3192287,iters,10,0.4263872205,2.920079096,0.8539809346,0.291639023,0,3,,pmeal-hpc,2026-08-20T12:57:32,
tortuosity,gpu,matrixfree,16,n200_b050_p040,200,0.5,0.4,0.399036,3192287,iters,18,3.135927955,2.920079096,0.07391883982,0.316474562,0,3,,pmeal-hpc,2026-08-20T12:57:32,
tortuosity,gpu,matrixfree,16,n200_b050_p040,200,0.5,0.4,0.399036,3192287,iters,33,2.901930806,2.920079096,0.006214999499,0.362356293,0,3,,pmeal-hpc,2026-08-20T12:57:32,
tortuosity,gpu,matrixfree,16,n200_b050_p040,200,0.5,0.4,0.399036,3192287,iters,59,2.920349128,2.920079096,9.247414297e-05,0.443467424,0,3,target_reached,pmeal-hpc,2026-08-20T12:57:32,
tortuosity,gpu,matrixfree,16,n200_b050_p060,200,0.5,0.6,0.609627,4877016,iters,1,0.02208608458,1.551550164,0.9857651495,0.287403557,0,3,,pmeal-hpc,2026-08-20T12:57:35,
tortuosity,gpu,matrixfree,16,n200_b050_p060,200,0.5,0.6,0.609627,4877016,iters,2,0.02814001564,1.551550164,0.9818632898,0.293951896,0,3,,pmeal-hpc,2026-08-20T12:57:35,
tortuosity,gpu,matrixfree,16,n200_b050_p060,200,0.5,0.6,0.609627,4877016,iters,3,0.05304719046,1.551550164,0.9658101996,0.300958431,0,3,,pmeal-hpc,2026-08-20T12:57:35,
tortuosity,gpu,matrixfree,16,n200_b050_p060,200,0.5,0.6,0.609627,4877016,iters,6,0.2691310763,1.551550164,0.8265405254,0.317312126,0,3,,pmeal-hpc,2026-08-20T12:57:35,
tortuosity,gpu,matrixfree,16,n200_b050_p060,200,0.5,0.6,0.609627,4877016,iters,10,0.4128126612,1.551550164,0.7339353437,0.338550015,0,3,,pmeal-hpc,2026-08-20T12:57:35,
tortuosity,gpu,matrixfree,16,n200_b050_p060,200,0.5,0.6,0.609627,4877016,iters,18,1.845372224,1.551550164,0.1893732261,0.37845564,0,3,,pmeal-hpc,2026-08-20T12:57:35,
tortuosity,gpu,matrixfree,16,n200_b050_p060,200,0.5,0.6,0.609627,4877016,iters,33,1.548884241,1.551550164,0.001718231971,0.459675425,0,3,,pmeal-hpc,2026-08-20T12:57:35,
tortuosity,gpu,matrixfree,16,n200_b050_p060,200,0.5,0.6,0.609627,4877016,iters,59,1.551571656,1.551550164,1.385222278e-05,0.588922813,0,3,target_reached,pmeal-hpc,2026-08-20T12:57:35,
tortuosity,gpu,matrixfree,16,n200_b050_p080,200,0.5,0.8,0.81175,6494003,iters,1,0.02298408409,1.170581237,0.9803652379,0.355095877,0,3,,pmeal-hpc,2026-08-20T12:57:38,
tortuosity,gpu,matrixfree,16,n200_b050_p080,200,0.5,0.8,0.81175,6494003,iters,2,0.02965499787,1.170581237,0.9746664333,0.36610415,0,3,,pmeal-hpc,2026-08-20T12:57:38,
tortuosity,gpu,matrixfree,16,n200_b050_p080,200,0.5,0.8,0.81175,6494003,iters,3,0.05627417716,1.170581237,0.9519262949,0.377337036,0,3,,pmeal-hpc,2026-08-20T12:57:38,
tortuosity,gpu,matrixfree,16,n200_b050_p080,200,0.5,0.8,0.81175,6494003,iters,6,0.2742813813,1.170581237,0.7656878715,0.401550578,0,3,,pmeal-hpc,2026-08-20T12:57:38,
tortuosity,gpu,matrixfree,16,n200_b050_p080,200,0.5,0.8,0.81175,6494003,iters,10,0.4019717292,1.170581237,0.6566050126,0.432612174,0,3,,pmeal-hpc,2026-08-20T12:57:38,
tortuosity,gpu,matrixfree,16,n200_b050_p080,200,0.5,0.8,0.81175,6494003,iters,18,1.452976759,1.170581237,0.2412438478,0.494012273,0,3,,pmeal-hpc,2026-08-20T12:57:38,
tortuosity,gpu,matrixfree,16,n200_b050_p080,200,0.5,0.8,0.81175,6494003,iters,33,1.168793862,1.170581237,0.001526912132,0.614957107,0,3,,pmeal-hpc,2026-08-20T12:57:38,
tortuosity,gpu,matrixfree,16,n200_b050_p080,200,0.5,0.8,0.81175,6494003,iters,59,1.170573407,1.170581237,6.689292624e-06,0.815124187,0,3,target_reached,pmeal-hpc,2026-08-20T12:57:38,
tortuosity,gpu,matrixfree,16,n200_b050_p095,200,0.5,0.95,0.948977,7591813,iters,1,0.02291454614,1.035044249,0.9778612884,0.390336311,0,3,,pmeal-hpc,2026-08-20T12:57:43,
tortuosity,gpu,matrixfree,16,n200_b050_p095,200,0.5,0.95,0.948977,7591813,iters,2,0.03001558078,1.035044249,0.9710006787,0.401259568,0,3,,pmeal-hpc,2026-08-20T12:57:43,
tortuosity,gpu,matrixfree,16,n200_b050_p095,200,0.5,0.95,0.948977,7591813,iters,3,0.05752607133,1.035044249,0.9444216309,0.41225628,0,3,,pmeal-hpc,2026-08-20T12:57:43,
tortuosity,gpu,matrixfree,16,n200_b050_p095,200,0.5,0.95,0.948977,7591813,iters,6,0.2729209351,1.035044249,0.7363195483,0.441606441,0,3,,pmeal-hpc,2026-08-20T12:57:43,
tortuosity,gpu,matrixfree,16,n200_b050_p095,200,0.5,0.95,0.948977,7591813,iters,10,0.3940155912,1.035044249,0.6193248825,0.480267496,0,3,,pmeal-hpc,2026-08-20T12:57:43,
tortuosity,gpu,matrixfree,16,n200_b050_p095,200,0.5,0.95,0.948977,7591813,iters,18,1.332239053,1.035044249,0.287132463,0.555821361,0,3,,pmeal-hpc,2026-08-20T12:57:43,
tortuosity,gpu,matrixfree,16,n200_b050_p095,200,0.5,0.95,0.948977,7591813,iters,33,1.033218434,1.035044249,0.001763996913,0.70219803,0,3,,pmeal-hpc,2026-08-20T12:57:43,
tortuosity,gpu,matrixfree,16,n200_b050_p095,200,0.5,0.95,0.948977,7591813,iters,59,1.035095893,1.035044249,4.989504278e-05,0.9498238,0,3,target_reached,pmeal-hpc,2026-08-20T12:57:43,
tortuosity,gpu,matrixfree,16,n200_b100_p020,200,1,0.2,0.171209,1369672,iters,1,0.01820013148,13.93255227,0.9986936972,0.142465754,0,3,,pmeal-hpc,2026-08-20T12:57:44,
tortuosity,gpu,matrixfree,16,n200_b100_p020,200,1,0.2,0.171209,1369672,iters,2,0.02420038023,13.93255227,0.9982630332,0.143778968,0,3,,pmeal-hpc,2026-08-20T12:57:44,
tortuosity,gpu,matrixfree,16,n200_b100_p020,200,1,0.2,0.171209,1369672,iters,3,0.03822872319,13.93255227,0.9972561579,0.14508512,0,3,,pmeal-hpc,2026-08-20T12:57:44,
tortuosity,gpu,matrixfree,16,n200_b100_p020,200,1,0.2,0.171209,1369672,iters,6,0.2471168106,13.93255227,0.9822633495,0.148854611,0,3,,pmeal-hpc,2026-08-20T12:57:44,
tortuosity,gpu,matrixfree,16,n200_b100_p020,200,1,0.2,0.171209,1369672,iters,10,0.4542841294,13.93255227,0.9673940481,0.153730743,0,3,,pmeal-hpc,2026-08-20T12:57:44,
tortuosity,gpu,matrixfree,16,n200_b100_p020,200,1,0.2,0.171209,1369672,iters,18,4.469646432,13.93255227,0.6791939951,0.163482288,0,3,,pmeal-hpc,2026-08-20T12:57:44,
tortuosity,gpu,matrixfree,16,n200_b100_p020,200,1,0.2,0.171209,1369672,iters,33,11.20767612,13.93255227,0.195576237,0.187320361,0,3,,pmeal-hpc,2026-08-20T12:57:44,
tortuosity,gpu,matrixfree,16,n200_b100_p020,200,1,0.2,0.171209,1369672,iters,59,13.58631222,13.93255227,0.02485115761,0.2174253,0,3,,pmeal-hpc,2026-08-20T12:57:44,
tortuosity,gpu,matrixfree,16,n200_b100_p020,200,1,0.2,0.171209,1369672,iters,106,13.94211276,13.93255227,0.000686198226,0.275057153,0,3,target_reached,pmeal-hpc,2026-08-20T12:57:44,
tortuosity,gpu,matrixfree,16,n200_b100_p040,200,1,0.4,0.399225,3193802,iters,1,0.02006938714,2.644709479,0.9924114965,0.263902106,0,3,,pmeal-hpc,2026-08-20T12:57:47,
tortuosity,gpu,matrixfree,16,n200_b100_p040,200,1,0.4,0.399225,3193802,iters,2,0.02583520029,2.644709479,0.9902313655,0.269363157,0,3,,pmeal-hpc,2026-08-20T12:57:47,
tortuosity,gpu,matrixfree,16,n200_b100_p040,200,1,0.4,0.399225,3193802,iters,3,0.04439024655,2.644709479,0.9832154545,0.274788696,0,3,,pmeal-hpc,2026-08-20T12:57:47,
tortuosity,gpu,matrixfree,16,n200_b100_p040,200,1,0.4,0.399225,3193802,iters,6,0.2592992519,2.644709479,0.9019554874,0.28996655,0,3,,pmeal-hpc,2026-08-20T12:57:47,
tortuosity,gpu,matrixfree,16,n200_b100_p040,200,1,0.4,0.399225,3193802,iters,10,0.4317942863,2.644709479,0.8367328095,0.309354,0,3,,pmeal-hpc,2026-08-20T12:57:47,
tortuosity,gpu,matrixfree,16,n200_b100_p040,200,1,0.4,0.399225,3193802,iters,18,2.305514572,2.644709479,0.1282541277,0.341017041,0,3,,pmeal-hpc,2026-08-20T12:57:47,
tortuosity,gpu,matrixfree,16,n200_b100_p040,200,1,0.4,0.399225,3193802,iters,33,2.644812819,2.644709479,3.907405781e-05,0.397871778,0,3,target_reached,pmeal-hpc,2026-08-20T12:57:47,
tortuosity,gpu,matrixfree,16,n200_b100_p060,200,1,0.6,0.603465,4827722,iters,1,0.02265304975,1.571435764,0.9855844889,0.337859184,0,3,,pmeal-hpc,2026-08-20T12:57:50,
tortuosity,gpu,matrixfree,16,n200_b100_p060,200,1,0.6,0.603465,4827722,iters,2,0.02907426056,1.571435764,0.9814982825,0.346347229,0,3,,pmeal-hpc,2026-08-20T12:57:50,
tortuosity,gpu,matrixfree,16,n200_b100_p060,200,1,0.6,0.603465,4827722,iters,3,0.05157681113,1.571435764,0.9671785431,0.354846002,0,3,,pmeal-hpc,2026-08-20T12:57:50,
tortuosity,gpu,matrixfree,16,n200_b100_p060,200,1,0.6,0.603465,4827722,iters,6,0.270712356,1.571435764,0.8277292892,0.379373348,0,3,,pmeal-hpc,2026-08-20T12:57:50,
tortuosity,gpu,matrixfree,16,n200_b100_p060,200,1,0.6,0.603465,4827722,iters,10,0.4251936444,1.571435764,0.7294234648,0.408072676,0,3,,pmeal-hpc,2026-08-20T12:57:50,
tortuosity,gpu,matrixfree,16,n200_b100_p060,200,1,0.6,0.603465,4827722,iters,18,1.654301615,1.571435764,0.05273257298,0.463579216,0,3,,pmeal-hpc,2026-08-20T12:57:50,
tortuosity,gpu,matrixfree,16,n200_b100_p060,200,1,0.6,0.603465,4827722,iters,33,1.577205422,1.571435764,0.003671583587,0.566205451,0,3,,pmeal-hpc,2026-08-20T12:57:50,
tortuosity,gpu,matrixfree,16,n200_b100_p060,200,1,0.6,0.603465,4827722,iters,59,1.571164289,1.571435764,0.0001727562814,0.742859195,0,3,target_reached,pmeal-hpc,2026-08-20T12:57:50,
tortuosity,gpu,matrixfree,16,n200_b100_p080,200,1,0.8,0.80445,6435598,iters,1,0.02345964611,1.193638864,0.9803461107,0.4022491,0,3,,pmeal-hpc,2026-08-20T12:57:53,
tortuosity,gpu,matrixfree,16,n200_b100_p080,200,1,0.8,0.80445,6435598,iters,2,0.03030907395,1.193638864,0.9746078359,0.4128054,0,3,,pmeal-hpc,2026-08-20T12:57:53,
tortuosity,gpu,matrixfree,16,n200_b100_p080,200,1,0.8,0.80445,6435598,iters,3,0.0549084284,1.193638864,0.9539991282,0.42335742,0,3,,pmeal-hpc,2026-08-20T12:57:53,
tortuosity,gpu,matrixfree,16,n200_b100_p080,200,1,0.8,0.80445,6435598,iters,6,0.2745837607,1.193638864,0.7699607738,0.453336391,0,3,,pmeal-hpc,2026-08-20T12:57:53,
tortuosity,gpu,matrixfree,16,n200_b100_p080,200,1,0.8,0.80445,6435598,iters,10,0.403721183,1.193638864,0.6617727563,0.489752159,0,3,,pmeal-hpc,2026-08-20T12:57:53,
tortuosity,gpu,matrixfree,16,n200_b100_p080,200,1,0.8,0.80445,6435598,iters,18,1.382642276,1.193638864,0.1583422068,0.561649474,0,3,,pmeal-hpc,2026-08-20T12:57:53,
tortuosity,gpu,matrixfree,16,n200_b100_p080,200,1,0.8,0.80445,6435598,iters,33,1.192678288,1.193638864,0.0008047460833,0.69641997,0,3,target_reached,pmeal-hpc,2026-08-20T12:57:53,
tortuosity,gpu,matrixfree,16,n200_b100_p095,200,1,0.95,0.949833,7598661,iters,1,0.02282258901,1.040405134,0.9780637482,0.405841809,0,3,,pmeal-hpc,2026-08-20T12:57:57,
tortuosity,gpu,matrixfree,16,n200_b100_p095,200,1,0.95,0.949833,7598661,iters,2,0.02983891229,1.040405134,0.9713199106,0.416791992,0,3,,pmeal-hpc,2026-08-20T12:57:57,
tortuosity,gpu,matrixfree,16,n200_b100_p095,200,1,0.95,0.949833,7598661,iters,3,0.05572582878,1.040405134,0.9464383374,0.427697007,0,3,,pmeal-hpc,2026-08-20T12:57:57,
tortuosity,gpu,matrixfree,16,n200_b100_p095,200,1,0.95,0.949833,7598661,iters,6,0.2688822967,1.040405134,0.7415600059,0.456950956,0,3,,pmeal-hpc,2026-08-20T12:57:57,
tortuosity,gpu,matrixfree,16,n200_b100_p095,200,1,0.95,0.949833,7598661,iters,10,0.3873025416,1.040405134,0.6277387251,0.495355009,0,3,,pmeal-hpc,2026-08-20T12:57:57,
tortuosity,gpu,matrixfree,16,n200_b100_p095,200,1,0.95,0.949833,7598661,iters,18,1.303376747,1.040405134,0.2527588574,0.57255335,0,3,,pmeal-hpc,2026-08-20T12:57:57,
tortuosity,gpu,matrixfree,16,n200_b100_p095,200,1,0.95,0.949833,7598661,iters,33,1.038812191,1.040405134,0.001531079715,0.71533274,0,3,,pmeal-hpc,2026-08-20T12:57:57,
tortuosity,gpu,matrixfree,16,n200_b100_p095,200,1,0.95,0.949833,7598661,iters,59,1.04044286,1.040405134,3.626045637e-05,0.962059492,0,3,target_reached,pmeal-hpc,2026-08-20T12:57:57,
tortuosity,gpu,matrixfree,16,n200_b200_p020,200,2,0.2,0.187312,1498500,iters,1,0.02014483038,13.5328383,0.9985114113,0.190009398,0,3,,pmeal-hpc,2026-08-20T12:58:01,
tortuosity,gpu,matrixfree,16,n200_b200_p020,200,2,0.2,0.187312,1498500,iters,2,0.02634241993,13.5328383,0.9980534446,0.195619004,0,3,,pmeal-hpc,2026-08-20T12:58:01,
tortuosity,gpu,matrixfree,16,n200_b200_p020,200,2,0.2,0.187312,1498500,iters,3,0.04100793063,13.5328383,0.9969697465,0.201233916,0,3,,pmeal-hpc,2026-08-20T12:58:01,
tortuosity,gpu,matrixfree,16,n200_b200_p020,200,2,0.2,0.187312,1498500,iters,6,0.2955617597,13.5328383,0.9781596622,0.217310574,0,3,,pmeal-hpc,2026-08-20T12:58:01,
tortuosity,gpu,matrixfree,16,n200_b200_p020,200,2,0.2,0.187312,1498500,iters,10,0.6389590501,13.5328383,0.95278455,0.232815152,0,3,,pmeal-hpc,2026-08-20T12:58:01,
tortuosity,gpu,matrixfree,16,n200_b200_p020,200,2,0.2,0.187312,1498500,iters,18,3.29303298,13.5328383,0.756663539,0.259604302,0,3,,pmeal-hpc,2026-08-20T12:58:01,
tortuosity,gpu,matrixfree,16,n200_b200_p020,200,2,0.2,0.187312,1498500,iters,33,8.210982561,13.5328383,0.3932549566,0.308117052,0,3,,pmeal-hpc,2026-08-20T12:58:01,
tortuosity,gpu,matrixfree,16,n200_b200_p020,200,2,0.2,0.187312,1498500,iters,59,11.99657519,13.5328383,0.1135211307,0.389901439,0,3,,pmeal-hpc,2026-08-20T12:58:01,
tortuosity,gpu,matrixfree,16,n200_b200_p020,200,2,0.2,0.187312,1498500,iters,106,13.55310895,13.5328383,0.001497886414,0.538672234,0,3,,pmeal-hpc,2026-08-20T12:58:01,
tortuosity,gpu,matrixfree,16,n200_b200_p020,200,2,0.2,0.187312,1498500,iters,189,13.53440713,13.5328383,0.0001159277925,0.801910922,0,3,target_reached,pmeal-hpc,2026-08-20T12:58:01,
tortuosity,gpu,matrixfree,16,n200_b200_p040,200,2,0.4,0.398236,3185884,iters,1,0.02176401913,2.755382291,0.9921012706,0.30027672,0,3,,pmeal-hpc,2026-08-20T12:58:05,
tortuosity,gpu,matrixfree,16,n200_b200_p040,200,2,0.4,0.398236,3185884,iters,2,0.02812952462,2.755382291,0.9897910629,0.311103108,0,3,,pmeal-hpc,2026-08-20T12:58:05,
tortuosity,gpu,matrixfree,16,n200_b200_p040,200,2,0.4,0.398236,3185884,iters,3,0.04596142285,2.755382291,0.9833194025,0.322074238,0,3,,pmeal-hpc,2026-08-20T12:58:05,
tortuosity,gpu,matrixfree,16,n200_b200_p040,200,2,0.4,0.398236,3185884,iters,6,0.2721777835,2.755382291,0.9012195932,0.347829694,0,3,,pmeal-hpc,2026-08-20T12:58:05,
tortuosity,gpu,matrixfree,16,n200_b200_p040,200,2,0.4,0.398236,3185884,iters,10,0.5096171432,2.755382291,0.8150466653,0.377713714,0,3,,pmeal-hpc,2026-08-20T12:58:05,
tortuosity,gpu,matrixfree,16,n200_b200_p040,200,2,0.4,0.398236,3185884,iters,18,1.781402221,2.755382291,0.3534827356,0.43816148,0,3,,pmeal-hpc,2026-08-20T12:58:05,
tortuosity,gpu,matrixfree,16,n200_b200_p040,200,2,0.4,0.398236,3185884,iters,33,2.706567754,2.755382291,0.01771606706,0.553931658,0,3,,pmeal-hpc,2026-08-20T12:58:05,
tortuosity,gpu,matrixfree,16,n200_b200_p040,200,2,0.4,0.398236,3185884,iters,59,2.744118697,2.755382291,0.004087851621,0.751494887,0,3,,pmeal-hpc,2026-08-20T12:58:05,
tortuosity,gpu,matrixfree,16,n200_b200_p040,200,2,0.4,0.398236,3185884,iters,106,2.755939734,2.755382291,0.0002023104114,1.090658313,0,3,target_reached,pmeal-hpc,2026-08-20T12:58:05,
tortuosity,gpu,matrixfree,16,n200_b200_p060,200,2,0.6,0.600363,4802905,iters,1,0.02344081155,1.645395218,0.9857536893,0.37014716,0,3,,pmeal-hpc,2026-08-20T12:58:08,
tortuosity,gpu,matrixfree,16,n200_b200_p060,200,2,0.6,0.600363,4802905,iters,2,0.03022265419,1.645395218,0.9816319788,0.380797854,0,3,,pmeal-hpc,2026-08-20T12:58:08,
tortuosity,gpu,matrixfree,16,n200_b200_p060,200,2,0.6,0.600363,4802905,iters,3,0.0503327494,1.645395218,0.9694099333,0.391427301,0,3,,pmeal-hpc,2026-08-20T12:58:08,
tortuosity,gpu,matrixfree,16,n200_b200_p060,200,2,0.6,0.600363,4802905,iters,6,0.2716198397,1.645395218,0.8349212173,0.422596222,0,3,,pmeal-hpc,2026-08-20T12:58:08,
tortuosity,gpu,matrixfree,16,n200_b200_p060,200,2,0.6,0.600363,4802905,iters,10,0.4563936017,1.645395218,0.7226237218,0.460789664,0,3,,pmeal-hpc,2026-08-20T12:58:08,
tortuosity,gpu,matrixfree,16,n200_b200_p060,200,2,0.6,0.600363,4802905,iters,18,1.39425109,1.645395218,0.1526345317,0.533867291,0,3,,pmeal-hpc,2026-08-20T12:58:08,
tortuosity,gpu,matrixfree,16,n200_b200_p060,200,2,0.6,0.600363,4802905,iters,33,1.645641471,1.645395218,0.0001496619229,0.671310632,0,3,target_reached,pmeal-hpc,2026-08-20T12:58:08,
tortuosity,gpu,matrixfree,16,n200_b200_p080,200,2,0.8,0.800969,6407751,iters,1,0.0237019444,1.226770933,0.980679405,0.387241295,0,3,,pmeal-hpc,2026-08-20T12:58:12,
tortuosity,gpu,matrixfree,16,n200_b200_p080,200,2,0.8,0.800969,6407751,iters,2,0.03059305568,1.226770933,0.9750621287,0.400830567,0,3,,pmeal-hpc,2026-08-20T12:58:12,
tortuosity,gpu,matrixfree,16,n200_b200_p080,200,2,0.8,0.800969,6407751,iters,3,0.05234923676,1.226770933,0.9573276189,0.411602597,0,3,,pmeal-hpc,2026-08-20T12:58:12,
tortuosity,gpu,matrixfree,16,n200_b200_p080,200,2,0.8,0.800969,6407751,iters,6,0.2698885919,1.226770933,0.780000826,0.439703088,0,3,,pmeal-hpc,2026-08-20T12:58:12,
tortuosity,gpu,matrixfree,16,n200_b200_p080,200,2,0.8,0.800969,6407751,iters,10,0.4079149719,1.226770933,0.6674888841,0.47672491,0,3,,pmeal-hpc,2026-08-20T12:58:12,
tortuosity,gpu,matrixfree,16,n200_b200_p080,200,2,0.8,0.800969,6407751,iters,18,1.268366024,1.226770933,0.03390615959,0.550440419,0,3,,pmeal-hpc,2026-08-20T12:58:12,
tortuosity,gpu,matrixfree,16,n200_b200_p080,200,2,0.8,0.800969,6407751,iters,33,1.224792896,1.226770933,0.001612393467,0.687797585,0,3,,pmeal-hpc,2026-08-20T12:58:12,
tortuosity,gpu,matrixfree,16,n200_b200_p080,200,2,0.8,0.800969,6407751,iters,59,1.22681704,1.226770933,3.75844341e-05,0.926032395,0,3,target_reached,pmeal-hpc,2026-08-20T12:58:12,
tortuosity,gpu,matrixfree,16,n200_b200_p095,200,2,0.95,0.950886,7607091,iters,1,0.02286227136,1.045952896,0.9781421597,0.408549246,0,3,,pmeal-hpc,2026-08-20T12:58:16,
tortuosity,gpu,matrixfree,16,n200_b200_p095,200,2,0.95,0.950886,7607091,iters,2,0.02977081187,1.045952896,0.971537139,0.419909472,0,3,,pmeal-hpc,2026-08-20T12:58:16,
tortuosity,gpu,matrixfree,16,n200_b200_p095,200,2,0.95,0.950886,7607091,iters,3,0.0535935153,1.045952896,0.9487610623,0.4311628,0,3,,pmeal-hpc,2026-08-20T12:58:16,
tortuosity,gpu,matrixfree,16,n200_b200_p095,200,2,0.95,0.950886,7607091,iters,6,0.2649481575,1.045952896,0.7466920752,0.460295594,0,3,,pmeal-hpc,2026-08-20T12:58:16,
tortuosity,gpu,matrixfree,16,n200_b200_p095,200,2,0.95,0.950886,7607091,iters,10,0.3806435546,1.045952896,0.6360796399,0.498915544,0,3,,pmeal-hpc,2026-08-20T12:58:16,
tortuosity,gpu,matrixfree,16,n200_b200_p095,200,2,0.95,0.950886,7607091,iters,18,1.265149263,1.045952896,0.2095661937,0.575239818,0,3,,pmeal-hpc,2026-08-20T12:58:16,
tortuosity,gpu,matrixfree,16,n200_b200_p095,200,2,0.95,0.950886,7607091,iters,33,1.043304581,1.045952896,0.002531964189,0.726886832,0,3,,pmeal-hpc,2026-08-20T12:58:16,
tortuosity,gpu,matrixfree,16,n200_b200_p095,200,2,0.95,0.950886,7607091,iters,59,1.045985477,1.045952896,3.114943459e-05,0.976317199,0,3,target_reached,pmeal-hpc,2026-08-20T12:58:16,
tortuosity,gpu,matrixfree,16,n400_b050_p020,400,0.5,0.2,0.168664,10794487,iters,1,0.008108543997,9.103906374,0.9991093335,0.274559792,0,3,,pmeal-hpc,2026-08-20T12:58:29,
tortuosity,gpu,matrixfree,16,n400_b050_p020,400,0.5,0.2,0.168664,10794487,iters,2,0.0107822454,9.103906374,0.9988156463,0.286198579,0,3,,pmeal-hpc,2026-08-20T12:58:29,
tortuosity,gpu,matrixfree,16,n400_b050_p020,400,0.5,0.2,0.168664,10794487,iters,3,0.02055802797,9.103906374,0.9977418454,0.297864148,0,3,,pmeal-hpc,2026-08-20T12:58:29,
tortuosity,gpu,matrixfree,16,n400_b050_p020,400,0.5,0.2,0.168664,10794487,iters,6,0.102592267,9.103906374,0.988730962,0.331078627,0,3,,pmeal-hpc,2026-08-20T12:58:29,
tortuosity,gpu,matrixfree,16,n400_b050_p020,400,0.5,0.2,0.168664,10794487,iters,10,0.1949104262,9.103906374,0.9785904624,0.379055396,0,3,,pmeal-hpc,2026-08-20T12:58:29,
tortuosity,gpu,matrixfree,16,n400_b050_p020,400,0.5,0.2,0.168664,10794487,iters,18,36.55412521,9.103906374,3.015213218,0.466594526,0,3,,pmeal-hpc,2026-08-20T12:58:29,
tortuosity,gpu,matrixfree,16,n400_b050_p020,400,0.5,0.2,0.168664,10794487,iters,33,8.196501131,9.103906374,0.09967207548,0.62615868,0,3,,pmeal-hpc,2026-08-20T12:58:29,
tortuosity,gpu,matrixfree,16,n400_b050_p020,400,0.5,0.2,0.168664,10794487,iters,59,9.137237671,9.103906374,0.003661208215,0.901329592,0,3,,pmeal-hpc,2026-08-20T12:58:29,
tortuosity,gpu,matrixfree,16,n400_b050_p020,400,0.5,0.2,0.168664,10794487,iters,106,9.106955009,9.103906374,0.0003348710477,1.405723685,0,3,target_reached,pmeal-hpc,2026-08-20T12:58:29,
tortuosity,gpu,matrixfree,16,n400_b050_p040,400,0.5,0.4,0.391726,25070495,iters,1,0.00844141761,2.60655752,0.9967614689,0.392757501,0,3,,pmeal-hpc,2026-08-20T12:58:44,
tortuosity,gpu,matrixfree,16,n400_b050_p040,400,0.5,0.4,0.391726,25070495,iters,2,0.01018058502,2.60655752,0.9960942412,0.405416933,0,3,,pmeal-hpc,2026-08-20T12:58:44,
tortuosity,gpu,matrixfree,16,n400_b050_p040,400,0.5,0.4,0.391726,25070495,iters,3,0.01378566883,2.60655752,0.9947111588,0.41775781,0,3,,pmeal-hpc,2026-08-20T12:58:44,
tortuosity,gpu,matrixfree,16,n400_b050_p040,400,0.5,0.4,0.391726,25070495,iters,6,0.08687845831,2.60655752,0.9666692725,0.46100852,0,3,,pmeal-hpc,2026-08-20T12:58:44,
tortuosity,gpu,matrixfree,16,n400_b050_p040,400,0.5,0.4,0.391726,25070495,iters,10,0.1328984344,2.60655752,0.949013811,0.513589865,0,3,,pmeal-hpc,2026-08-20T12:58:44,
tortuosity,gpu,matrixfree,16,n400_b050_p040,400,0.5,0.4,0.391726,25070495,iters,18,-4.2991489,2.60655752,2.649358921,0.638322892,-0,3,,pmeal-hpc,2026-08-20T12:58:44,
tortuosity,gpu,matrixfree,16,n400_b050_p040,400,0.5,0.4,0.391726,25070495,iters,33,2.483696096,2.60655752,0.04713551238,0.858487562,0,3,,pmeal-hpc,2026-08-20T12:58:44,
tortuosity,gpu,matrixfree,16,n400_b050_p040,400,0.5,0.4,0.391726,25070495,iters,59,2.603574287,2.60655752,0.001144510568,1.231303031,0,3,,pmeal-hpc,2026-08-20T12:58:44,
tortuosity,gpu,matrixfree,16,n400_b050_p040,400,0.5,0.4,0.391726,25070495,iters,106,2.606821289,2.60655752,0.0001011942353,1.892285056,0,3,target_reached,pmeal-hpc,2026-08-20T12:58:44,
tortuosity,gpu,matrixfree,16,n400_b050_p060,400,0.5,0.6,0.60417,38666899,iters,1,0.009621804944,1.563851568,0.9938473669,0.48143075,0,3,,pmeal-hpc,2026-08-20T12:59:00,
tortuosity,gpu,matrixfree,16,n400_b050_p060,400,0.5,0.6,0.60417,38666899,iters,2,0.01161439279,1.563851568,0.9925732128,0.500625078,0,3,,pmeal-hpc,2026-08-20T12:59:00,
tortuosity,gpu,matrixfree,16,n400_b050_p060,400,0.5,0.6,0.60417,38666899,iters,3,0.01595694449,1.563851568,0.9897963817,0.523280744,0,3,,pmeal-hpc,2026-08-20T12:59:00,
tortuosity,gpu,matrixfree,16,n400_b050_p060,400,0.5,0.6,0.60417,38666899,iters,6,0.09775626511,1.563851568,0.9374900616,0.58589932,0,3,,pmeal-hpc,2026-08-20T12:59:00,
tortuosity,gpu,matrixfree,16,n400_b050_p060,400,0.5,0.6,0.60417,38666899,iters,10,0.1437498333,1.563851568,0.9080796182,0.669011574,0,3,,pmeal-hpc,2026-08-20T12:59:00,
tortuosity,gpu,matrixfree,16,n400_b050_p060,400,0.5,0.6,0.60417,38666899,iters,18,11.59584303,1.563851568,6.414925599,0.848743011,0,3,,pmeal-hpc,2026-08-20T12:59:00,
tortuosity,gpu,matrixfree,16,n400_b050_p060,400,0.5,0.6,0.60417,38666899,iters,33,1.508360407,1.563851568,0.03548364947,1.170268733,0,3,,pmeal-hpc,2026-08-20T12:59:00,
tortuosity,gpu,matrixfree,16,n400_b050_p060,400,0.5,0.6,0.60417,38666899,iters,59,1.563204791,1.563851568,0.0004135796513,1.751521215,0,3,target_reached,pmeal-hpc,2026-08-20T12:59:00,
tortuosity,gpu,matrixfree,16,n400_b050_p080,400,0.5,0.8,0.809146,51785369,iters,1,0.01030546018,1.177273609,0.9912463338,0.599253608,0,3,,pmeal-hpc,2026-08-20T12:59:19,
tortuosity,gpu,matrixfree,16,n400_b050_p080,400,0.5,0.8,0.809146,51785369,iters,2,0.01245807401,1.177273609,0.9894178601,0.623284464,0,3,,pmeal-hpc,2026-08-20T12:59:19,
tortuosity,gpu,matrixfree,16,n400_b050_p080,400,0.5,0.8,0.809146,51785369,iters,3,0.01778644717,1.177273609,0.9848918322,0.648059936,0,3,,pmeal-hpc,2026-08-20T12:59:19,
tortuosity,gpu,matrixfree,16,n400_b050_p080,400,0.5,0.8,0.809146,51785369,iters,6,0.1048423879,1.177273609,0.9109447565,0.721979168,0,3,,pmeal-hpc,2026-08-20T12:59:19,
tortuosity,gpu,matrixfree,16,n400_b050_p080,400,0.5,0.8,0.809146,51785369,iters,10,0.148247667,1.177273609,0.8740754351,0.83338322,0,3,,pmeal-hpc,2026-08-20T12:59:19,
tortuosity,gpu,matrixfree,16,n400_b050_p080,400,0.5,0.8,0.809146,51785369,iters,18,3.391492422,1.177273609,1.880802216,1.054591823,0,3,,pmeal-hpc,2026-08-20T12:59:19,
tortuosity,gpu,matrixfree,16,n400_b050_p080,400,0.5,0.8,0.809146,51785369,iters,33,1.145020338,1.177273609,0.02739658016,1.47856451,0,3,,pmeal-hpc,2026-08-20T12:59:19,
tortuosity,gpu,matrixfree,16,n400_b050_p080,400,0.5,0.8,0.809146,51785369,iters,59,1.176657194,1.177273609,0.0005235950449,2.193135083,0,3,target_reached,pmeal-hpc,2026-08-20T12:59:19,
tortuosity,gpu,matrixfree,16,n400_b050_p095,400,0.5,0.95,0.949928,60795412,iters,1,0.01032898153,1.038538585,0.9900543112,0.687648042,0,3,,pmeal-hpc,2026-08-20T12:59:39,
tortuosity,gpu,matrixfree,16,n400_b050_p095,400,0.5,0.95,0.949928,60795412,iters,2,0.01248876738,1.038538585,0.9879746718,0.716277475,0,3,,pmeal-hpc,2026-08-20T12:59:39,
tortuosity,gpu,matrixfree,16,n400_b050_p095,400,0.5,0.95,0.949928,60795412,iters,3,0.01901785545,1.038538585,0.9816878682,0.744851345,0,3,,pmeal-hpc,2026-08-20T12:59:39,
tortuosity,gpu,matrixfree,16,n400_b050_p095,400,0.5,0.95,0.949928,60795412,iters,6,0.1061012116,1.038538585,0.8978360427,0.838599179,0,3,,pmeal-hpc,2026-08-20T12:59:39,
tortuosity,gpu,matrixfree,16,n400_b050_p095,400,0.5,0.95,0.949928,60795412,iters,10,0.1475030888,1.038538585,0.8579705261,0.960623038,0,3,,pmeal-hpc,2026-08-20T12:59:39,
tortuosity,gpu,matrixfree,16,n400_b050_p095,400,0.5,0.95,0.949928,60795412,iters,18,2.703642593,1.038538585,1.603314535,1.194555864,0,3,,pmeal-hpc,2026-08-20T12:59:39,
tortuosity,gpu,matrixfree,16,n400_b050_p095,400,0.5,0.95,0.949928,60795412,iters,33,1.016144985,1.038538585,0.02156260769,1.663207327,0,3,,pmeal-hpc,2026-08-20T12:59:39,
tortuosity,gpu,matrixfree,16,n400_b050_p095,400,0.5,0.95,0.949928,60795412,iters,59,1.038431495,1.038538585,0.0001031159622,2.483026391,0,3,target_reached,pmeal-hpc,2026-08-20T12:59:39,
tortuosity,gpu,matrixfree,16,n400_b100_p020,400,1,0.2,0.183379,11736271,iters,1,0.008280748312,10.24145804,0.9991914483,0.209774791,0,3,,pmeal-hpc,2026-08-20T12:59:49,
tortuosity,gpu,matrixfree,16,n400_b100_p020,400,1,0.2,0.183379,11736271,iters,2,0.009907766299,10.24145804,0.9990325824,0.216929505,0,3,,pmeal-hpc,2026-08-20T12:59:49,
tortuosity,gpu,matrixfree,16,n400_b100_p020,400,1,0.2,0.183379,11736271,iters,3,0.01281573945,10.24145804,0.9987486411,0.224143631,0,3,,pmeal-hpc,2026-08-20T12:59:49,
tortuosity,gpu,matrixfree,16,n400_b100_p020,400,1,0.2,0.183379,11736271,iters,6,0.08249018673,10.24145804,0.9919454646,0.245347008,0,3,,pmeal-hpc,2026-08-20T12:59:49,
tortuosity,gpu,matrixfree,16,n400_b100_p020,400,1,0.2,0.183379,11736271,iters,10,0.1382600604,10.24145804,0.9864999632,0.273579064,0,3,,pmeal-hpc,2026-08-20T12:59:49,
tortuosity,gpu,matrixfree,16,n400_b100_p020,400,1,0.2,0.183379,11736271,iters,18,-3.748234142,10.24145804,1.365986379,0.33898092,-0,3,,pmeal-hpc,2026-08-20T12:59:49,
tortuosity,gpu,matrixfree,16,n400_b100_p020,400,1,0.2,0.183379,11736271,iters,33,8.560013339,10.24145804,0.164180207,0.463263382,0,3,,pmeal-hpc,2026-08-20T12:59:49,
tortuosity,gpu,matrixfree,16,n400_b100_p020,400,1,0.2,0.183379,11736271,iters,59,10.26715466,10.24145804,0.002509078011,0.695125333,0,3,,pmeal-hpc,2026-08-20T12:59:49,
tortuosity,gpu,matrixfree,16,n400_b100_p020,400,1,0.2,0.183379,11736271,iters,106,10.24966283,10.24145804,0.0008011345038,1.060972055,0,3,target_reached,pmeal-hpc,2026-08-20T12:59:49,
tortuosity,gpu,matrixfree,16,n400_b100_p040,400,1,0.4,0.394417,25242705,iters,1,0.009596805179,2.558566376,0.9962491475,0.394635462,0,3,,pmeal-hpc,2026-08-20T13:00:02,
tortuosity,gpu,matrixfree,16,n400_b100_p040,400,1,0.4,0.394417,25242705,iters,2,0.01150865641,2.558566376,0.9955019121,0.410834706,0,3,,pmeal-hpc,2026-08-20T13:00:02,
tortuosity,gpu,matrixfree,16,n400_b100_p040,400,1,0.4,0.394417,25242705,iters,3,0.01457041685,2.558566376,0.9943052418,0.426328046,0,3,,pmeal-hpc,2026-08-20T13:00:02,
tortuosity,gpu,matrixfree,16,n400_b100_p040,400,1,0.4,0.394417,25242705,iters,6,0.09252833375,2.558566376,0.9638358674,0.482387592,0,3,,pmeal-hpc,2026-08-20T13:00:02,
tortuosity,gpu,matrixfree,16,n400_b100_p040,400,1,0.4,0.394417,25242705,iters,10,0.1477673474,2.558566376,0.9422460372,0.559032294,0,3,,pmeal-hpc,2026-08-20T13:00:02,
tortuosity,gpu,matrixfree,16,n400_b100_p040,400,1,0.4,0.394417,25242705,iters,18,-73.27640303,2.558566376,29.6396334,0.691572911,-0,3,,pmeal-hpc,2026-08-20T13:00:02,
tortuosity,gpu,matrixfree,16,n400_b100_p040,400,1,0.4,0.394417,25242705,iters,33,2.479539458,2.558566376,0.03088718699,0.969051838,0,3,,pmeal-hpc,2026-08-20T13:00:02,
tortuosity,gpu,matrixfree,16,n400_b100_p040,400,1,0.4,0.394417,25242705,iters,59,2.557533569,2.558566376,0.0004036661912,1.443855812,0,3,target_reached,pmeal-hpc,2026-08-20T13:00:02,
tortuosity,gpu,matrixfree,16,n400_b100_p060,400,1,0.6,0.602502,38560157,iters,1,0.01055106568,1.558485087,0.9932299219,0.518641543,0,3,,pmeal-hpc,2026-08-20T13:00:18,
tortuosity,gpu,matrixfree,16,n400_b100_p060,400,1,0.6,0.602502,38560157,iters,2,0.01265391891,1.558485087,0.9918806288,0.540688967,0,3,,pmeal-hpc,2026-08-20T13:00:18,
tortuosity,gpu,matrixfree,16,n400_b100_p060,400,1,0.6,0.602502,38560157,iters,3,0.01608586387,1.558485087,0.9896785256,0.562914805,0,3,,pmeal-hpc,2026-08-20T13:00:18,
tortuosity,gpu,matrixfree,16,n400_b100_p060,400,1,0.6,0.602502,38560157,iters,6,0.1000192037,1.558485087,0.9358228035,0.635311562,0,3,,pmeal-hpc,2026-08-20T13:00:18,
tortuosity,gpu,matrixfree,16,n400_b100_p060,400,1,0.6,0.602502,38560157,iters,10,0.1523422998,1.558485087,0.9022497546,0.722856925,0,3,,pmeal-hpc,2026-08-20T13:00:18,
tortuosity,gpu,matrixfree,16,n400_b100_p060,400,1,0.6,0.602502,38560157,iters,18,4.881418271,1.558485087,2.132155907,0.923373148,0,3,,pmeal-hpc,2026-08-20T13:00:18,
tortuosity,gpu,matrixfree,16,n400_b100_p060,400,1,0.6,0.602502,38560157,iters,33,1.520883374,1.558485087,0.02412709166,1.310586746,0,3,,pmeal-hpc,2026-08-20T13:00:18,
tortuosity,gpu,matrixfree,16,n400_b100_p060,400,1,0.6,0.602502,38560157,iters,59,1.557910611,1.558485087,0.0003686119196,1.955331044,0,3,target_reached,pmeal-hpc,2026-08-20T13:00:18,
tortuosity,gpu,matrixfree,16,n400_b100_p080,400,1,0.8,0.807589,51685723,iters,1,0.01103811717,1.175919941,0.9906132069,0.617860917,0,3,,pmeal-hpc,2026-08-20T13:00:38,
tortuosity,gpu,matrixfree,16,n400_b100_p080,400,1,0.8,0.807589,51685723,iters,2,0.0132669637,1.175919941,0.9887178002,0.644757634,0,3,,pmeal-hpc,2026-08-20T13:00:38,
tortuosity,gpu,matrixfree,16,n400_b100_p080,400,1,0.8,0.807589,51685723,iters,3,0.0172485669,1.175919941,0.9853318527,0.674487564,0,3,,pmeal-hpc,2026-08-20T13:00:38,
tortuosity,gpu,matrixfree,16,n400_b100_p080,400,1,0.8,0.807589,51685723,iters,6,0.1062314371,1.175919941,0.9096609953,0.761741179,0,3,,pmeal-hpc,2026-08-20T13:00:38,
tortuosity,gpu,matrixfree,16,n400_b100_p080,400,1,0.8,0.807589,51685723,iters,10,0.1531041138,1.175919941,0.8698005634,0.878400761,0,3,,pmeal-hpc,2026-08-20T13:00:38,
tortuosity,gpu,matrixfree,16,n400_b100_p080,400,1,0.8,0.807589,51685723,iters,18,2.655537242,1.175919941,1.258263636,1.106163135,0,3,,pmeal-hpc,2026-08-20T13:00:38,
tortuosity,gpu,matrixfree,16,n400_b100_p080,400,1,0.8,0.807589,51685723,iters,33,1.148072405,1.175919941,0.02368148992,1.546491355,0,3,,pmeal-hpc,2026-08-20T13:00:38,
tortuosity,gpu,matrixfree,16,n400_b100_p080,400,1,0.8,0.807589,51685723,iters,59,1.175569729,1.175919941,0.0002978199355,2.296220556,0,3,target_reached,pmeal-hpc,2026-08-20T13:00:38,
tortuosity,gpu,matrixfree,16,n400_b100_p095,400,1,0.95,0.950994,60863603,iters,1,0.0108423209,1.036462383,0.9895391081,0.658859446,0,3,,pmeal-hpc,2026-08-20T13:00:57,
tortuosity,gpu,matrixfree,16,n400_b100_p095,400,1,0.95,0.950994,60863603,iters,2,0.01307496843,1.036462383,0.9873850044,0.686267906,0,3,,pmeal-hpc,2026-08-20T13:00:57,
tortuosity,gpu,matrixfree,16,n400_b100_p095,400,1,0.95,0.950994,60863603,iters,3,0.01820904377,1.036462383,0.982431544,0.714976612,0,3,,pmeal-hpc,2026-08-20T13:00:57,
tortuosity,gpu,matrixfree,16,n400_b100_p095,400,1,0.95,0.950994,60863603,iters,6,0.1080903215,1.036462383,0.8957122581,0.800374057,0,3,,pmeal-hpc,2026-08-20T13:00:57,
tortuosity,gpu,matrixfree,16,n400_b100_p095,400,1,0.95,0.950994,60863603,iters,10,0.1502270575,1.036462383,0.8550578777,0.916460843,0,3,,pmeal-hpc,2026-08-20T13:00:57,
tortuosity,gpu,matrixfree,16,n400_b100_p095,400,1,0.95,0.950994,60863603,iters,18,2.421499241,1.036462383,1.336311747,1.168388443,0,3,,pmeal-hpc,2026-08-20T13:00:57,
tortuosity,gpu,matrixfree,16,n400_b100_p095,400,1,0.95,0.950994,60863603,iters,33,1.010687899,1.036462383,0.02486774648,1.64136712,0,3,,pmeal-hpc,2026-08-20T13:00:57,
tortuosity,gpu,matrixfree,16,n400_b100_p095,400,1,0.95,0.950994,60863603,iters,59,1.036413456,1.036462383,4.720534329e-05,2.434800533,0,3,target_reached,pmeal-hpc,2026-08-20T13:00:57,
tortuosity,gpu,matrixfree,16,n400_b200_p020,400,2,0.2,0.18948,12126729,iters,1,0.008265395621,10.76863104,0.9992324562,0.261413095,0,3,,pmeal-hpc,2026-08-20T13:01:13,
tortuosity,gpu,matrixfree,16,n400_b200_p020,400,2,0.2,0.18948,12126729,iters,2,0.009909713452,10.76863104,0.9990797611,0.274589738,0,3,,pmeal-hpc,2026-08-20T13:01:13,
tortuosity,gpu,matrixfree,16,n400_b200_p020,400,2,0.2,0.18948,12126729,iters,3,0.01275541063,10.76863104,0.998815503,0.287229971,0,3,,pmeal-hpc,2026-08-20T13:01:13,
tortuosity,gpu,matrixfree,16,n400_b200_p020,400,2,0.2,0.18948,12126729,iters,6,0.07920044077,10.76863104,0.9926452638,0.324941371,0,3,,pmeal-hpc,2026-08-20T13:01:13,
tortuosity,gpu,matrixfree,16,n400_b200_p020,400,2,0.2,0.18948,12126729,iters,10,0.1539573095,10.76863104,0.9857031679,0.376019069,0,3,,pmeal-hpc,2026-08-20T13:01:13,
tortuosity,gpu,matrixfree,16,n400_b200_p020,400,2,0.2,0.18948,12126729,iters,18,18.82583595,10.76863104,0.7482106947,0.478847061,0,3,,pmeal-hpc,2026-08-20T13:01:13,
tortuosity,gpu,matrixfree,16,n400_b200_p020,400,2,0.2,0.18948,12126729,iters,33,8.153256425,10.76863104,0.2428697395,0.700921503,0,3,,pmeal-hpc,2026-08-20T13:01:13,
tortuosity,gpu,matrixfree,16,n400_b200_p020,400,2,0.2,0.18948,12126729,iters,59,10.68788137,10.76863104,0.00749860138,1.073203232,0,3,,pmeal-hpc,2026-08-20T13:01:13,
tortuosity,gpu,matrixfree,16,n400_b200_p020,400,2,0.2,0.18948,12126729,iters,106,10.79311778,10.76863104,0.002273895035,1.747795835,0,3,,pmeal-hpc,2026-08-20T13:01:13,
tortuosity,gpu,matrixfree,16,n400_b200_p020,400,2,0.2,0.18948,12126729,iters,189,10.77254893,10.76863104,0.0003638244487,2.93487001,0,3,target_reached,pmeal-hpc,2026-08-20T13:01:13,
tortuosity,gpu,matrixfree,16,n400_b200_p040,400,2,0.4,0.399236,25551094,iters,1,0.009843899477,2.608420127,0.9962261066,0.459505581,0,3,,pmeal-hpc,2026-08-20T13:01:32,
tortuosity,gpu,matrixfree,16,n400_b200_p040,400,2,0.4,0.399236,25551094,iters,2,0.01178543654,2.608420127,0.9954817721,0.480852231,0,3,,pmeal-hpc,2026-08-20T13:01:32,
tortuosity,gpu,matrixfree,16,n400_b200_p040,400,2,0.4,0.399236,25551094,iters,3,0.01472238163,2.608420127,0.9943558242,0.502703304,0,3,,pmeal-hpc,2026-08-20T13:01:32,
tortuosity,gpu,matrixfree,16,n400_b200_p040,400,2,0.4,0.399236,25551094,iters,6,0.08869590083,2.608420127,0.9659963133,0.576344896,0,3,,pmeal-hpc,2026-08-20T13:01:32,
tortuosity,gpu,matrixfree,16,n400_b200_p040,400,2,0.4,0.399236,25551094,iters,10,0.1566077593,2.608420127,0.9399606844,0.674121446,0,3,,pmeal-hpc,2026-08-20T13:01:32,
tortuosity,gpu,matrixfree,16,n400_b200_p040,400,2,0.4,0.399236,25551094,iters,18,4.609721061,2.608420127,0.767246393,0.859074929,0,3,,pmeal-hpc,2026-08-20T13:01:32,
tortuosity,gpu,matrixfree,16,n400_b200_p040,400,2,0.4,0.399236,25551094,iters,33,2.569726521,2.608420127,0.01483411553,1.209818599,0,3,,pmeal-hpc,2026-08-20T13:01:32,
tortuosity,gpu,matrixfree,16,n400_b200_p040,400,2,0.4,0.399236,25551094,iters,59,2.605509804,2.608420127,0.00111574183,1.804990062,0,3,,pmeal-hpc,2026-08-20T13:01:32,
tortuosity,gpu,matrixfree,16,n400_b200_p040,400,2,0.4,0.399236,25551094,iters,106,2.608777119,2.608420127,0.0001368612107,2.93494734,0,3,target_reached,pmeal-hpc,2026-08-20T13:01:32,
tortuosity,gpu,matrixfree,16,n400_b200_p060,400,2,0.6,0.601874,38519921,iters,1,0.01102109992,1.574940918,0.9930022137,0.556802594,0,3,,pmeal-hpc,2026-08-20T13:01:49,
tortuosity,gpu,matrixfree,16,n400_b200_p060,400,2,0.6,0.601874,38519921,iters,2,0.01316961306,1.574940918,0.9916380272,0.582024611,0,3,,pmeal-hpc,2026-08-20T13:01:49,
tortuosity,gpu,matrixfree,16,n400_b200_p060,400,2,0.6,0.601874,38519921,iters,3,0.01624375658,1.574940918,0.9896861169,0.608632579,0,3,,pmeal-hpc,2026-08-20T13:01:49,
tortuosity,gpu,matrixfree,16,n400_b200_p060,400,2,0.6,0.601874,38519921,iters,6,0.0975486476,1.574940918,0.9380620273,0.689451971,0,3,,pmeal-hpc,2026-08-20T13:01:49,
tortuosity,gpu,matrixfree,16,n400_b200_p060,400,2,0.6,0.601874,38519921,iters,10,0.1602038732,1.574940918,0.8982794393,0.808093272,0,3,,pmeal-hpc,2026-08-20T13:01:49,
tortuosity,gpu,matrixfree,16,n400_b200_p060,400,2,0.6,0.601874,38519921,iters,18,2.422819451,1.574940918,0.5383557713,1.042315137,0,3,,pmeal-hpc,2026-08-20T13:01:49,
tortuosity,gpu,matrixfree,16,n400_b200_p060,400,2,0.6,0.601874,38519921,iters,33,1.559218626,1.574940918,0.009982781973,1.470457727,0,3,,pmeal-hpc,2026-08-20T13:01:49,
tortuosity,gpu,matrixfree,16,n400_b200_p060,400,2,0.6,0.601874,38519921,iters,59,1.574006799,1.574940918,0.000593113545,2.173915881,0,3,target_reached,pmeal-hpc,2026-08-20T13:01:49,
tortuosity,gpu,matrixfree,16,n400_b200_p080,400,2,0.8,0.802397,51353403,iters,1,0.01155589289,1.199127461,0.9903630821,0.632262561,0,3,,pmeal-hpc,2026-08-20T13:02:08,
tortuosity,gpu,matrixfree,16,n400_b200_p080,400,2,0.8,0.802397,51353403,iters,2,0.01379970393,1.199127461,0.988491879,0.65981848,0,3,,pmeal-hpc,2026-08-20T13:02:08,
tortuosity,gpu,matrixfree,16,n400_b200_p080,400,2,0.8,0.802397,51353403,iters,3,0.01711404873,1.199127461,0.9857279153,0.690579457,0,3,,pmeal-hpc,2026-08-20T13:02:08,
tortuosity,gpu,matrixfree,16,n400_b200_p080,400,2,0.8,0.802397,51353403,iters,6,0.1060515807,1.199127461,0.9115593761,0.781362652,0,3,,pmeal-hpc,2026-08-20T13:02:08,
tortuosity,gpu,matrixfree,16,n400_b200_p080,400,2,0.8,0.802397,51353403,iters,10,0.1589966967,1.199127461,0.8674063418,0.899132403,0,3,,pmeal-hpc,2026-08-20T13:02:08,
tortuosity,gpu,matrixfree,16,n400_b200_p080,400,2,0.8,0.802397,51353403,iters,18,1.889106143,1.199127461,0.5754006176,1.134110207,0,3,,pmeal-hpc,2026-08-20T13:02:08,
tortuosity,gpu,matrixfree,16,n400_b200_p080,400,2,0.8,0.802397,51353403,iters,33,1.179004022,1.199127461,0.01678173451,1.60829747,0,3,,pmeal-hpc,2026-08-20T13:02:08,
tortuosity,gpu,matrixfree,16,n400_b200_p080,400,2,0.8,0.802397,51353403,iters,59,1.198814387,1.199127461,0.0002610850847,2.388503407,0,3,target_reached,pmeal-hpc,2026-08-20T13:02:08,
tortuosity,gpu,matrixfree,16,n400_b200_p095,400,2,0.95,0.950293,60818722,iters,1,0.01121877105,1.041214741,0.9892253052,0.684928106,0,3,,pmeal-hpc,2026-08-20T13:02:29,
tortuosity,gpu,matrixfree,16,n400_b200_p095,400,2,0.95,0.950293,60818722,iters,2,0.01345769807,1.041214741,0.9870750024,0.713224288,0,3,,pmeal-hpc,2026-08-20T13:02:29,
tortuosity,gpu,matrixfree,16,n400_b200_p095,400,2,0.95,0.950293,60818722,iters,3,0.01755753408,1.041214741,0.9831374515,0.741561009,0,3,,pmeal-hpc,2026-08-20T13:02:29,
tortuosity,gpu,matrixfree,16,n400_b200_p095,400,2,0.95,0.950293,60818722,iters,6,0.1092295993,1.041214741,0.8950940714,0.829492884,0,3,,pmeal-hpc,2026-08-20T13:02:29,
tortuosity,gpu,matrixfree,16,n400_b200_p095,400,2,0.95,0.950293,60818722,iters,10,0.1526884794,1.041214741,0.8533554383,0.953656093,0,3,,pmeal-hpc,2026-08-20T13:02:29,
tortuosity,gpu,matrixfree,16,n400_b200_p095,400,2,0.95,0.950293,60818722,iters,18,2.017087819,1.041214741,0.9372447775,1.209164211,0,3,,pmeal-hpc,2026-08-20T13:02:29,
tortuosity,gpu,matrixfree,16,n400_b200_p095,400,2,0.95,0.950293,60818722,iters,33,1.01910424,1.041214741,0.02123529356,1.680563597,0,3,,pmeal-hpc,2026-08-20T13:02:29,
tortuosity,gpu,matrixfree,16,n400_b200_p095,400,2,0.95,0.950293,60818722,iters,59,1.041026868,1.041214741,0.0001804367441,2.504069163,0,3,target_reached,pmeal-hpc,2026-08-20T13:02:29,
tortuosity,gpu,matrixfree,16,n600_b050_p020,600,0.5,0.2,0.156443,33791688,iters,1,0.00514427227,23.43955199,0.9997805303,0.665693648,0,3,,pmeal-hpc,2026-08-20T13:03:00,
tortuosity,gpu,matrixfree,16,n600_b050_p020,600,0.5,0.2,0.156443,33791688,iters,2,0.006217712869,23.43955199,0.9997347341,0.68306459,0,3,,pmeal-hpc,2026-08-20T13:03:00,
tortuosity,gpu,matrixfree,16,n600_b050_p020,600,0.5,0.2,0.156443,33791688,iters,3,0.008293607086,23.43955199,0.9996461704,0.700631579,0,3,,pmeal-hpc,2026-08-20T13:03:00,
tortuosity,gpu,matrixfree,16,n600_b050_p020,600,0.5,0.2,0.156443,33791688,iters,6,0.05312704283,23.43955199,0.9977334446,0.755274686,0,3,,pmeal-hpc,2026-08-20T13:03:00,
tortuosity,gpu,matrixfree,16,n600_b050_p020,600,0.5,0.2,0.156443,33791688,iters,10,0.08573990502,23.43955199,0.9963420843,0.832441864,0,3,,pmeal-hpc,2026-08-20T13:03:00,
tortuosity,gpu,matrixfree,16,n600_b050_p020,600,0.5,0.2,0.156443,33791688,iters,18,-0.942168629,23.43955199,1.040195676,0.990084332,-0,3,,pmeal-hpc,2026-08-20T13:03:00,
tortuosity,gpu,matrixfree,16,n600_b050_p020,600,0.5,0.2,0.156443,33791688,iters,33,8.278041301,23.43955199,0.6468344913,1.275435502,0,3,,pmeal-hpc,2026-08-20T13:03:00,
tortuosity,gpu,matrixfree,16,n600_b050_p020,600,0.5,0.2,0.156443,33791688,iters,59,21.5083943,23.43955199,0.08238884807,1.764055413,0,3,,pmeal-hpc,2026-08-20T13:03:00,
tortuosity,gpu,matrixfree,16,n600_b050_p020,600,0.5,0.2,0.156443,33791688,iters,106,23.42306489,23.43955199,0.000703388173,2.662627965,0,3,target_reached,pmeal-hpc,2026-08-20T13:03:00,
tortuosity,gpu,matrixfree,16,n600_b050_p040,600,0.5,0.4,0.393651,85028549,iters,1,0.005300574966,2.911720482,0.9981795729,1.175603716,0,3,,pmeal-hpc,2026-08-20T13:03:48,
tortuosity,gpu,matrixfree,16,n600_b050_p040,600,0.5,0.4,0.393651,85028549,iters,2,0.00640664126,2.911720482,0.9977997059,1.220943553,0,3,,pmeal-hpc,2026-08-20T13:03:48,
tortuosity,gpu,matrixfree,16,n600_b050_p040,600,0.5,0.4,0.393651,85028549,iters,3,0.008966962365,2.911720482,0.9969203904,1.264077073,0,3,,pmeal-hpc,2026-08-20T13:03:48,
tortuosity,gpu,matrixfree,16,n600_b050_p040,600,0.5,0.4,0.393651,85028549,iters,6,0.0558094195,2.911720482,0.9808328375,1.391771335,0,3,,pmeal-hpc,2026-08-20T13:03:48,
tortuosity,gpu,matrixfree,16,n600_b050_p040,600,0.5,0.4,0.393651,85028549,iters,10,0.08429094262,2.911720482,0.9710511558,1.557012799,0,3,,pmeal-hpc,2026-08-20T13:03:48,
tortuosity,gpu,matrixfree,16,n600_b050_p040,600,0.5,0.4,0.393651,85028549,iters,18,-1.156684981,2.911720482,1.397251381,1.929249317,-0,3,,pmeal-hpc,2026-08-20T13:03:48,
tortuosity,gpu,matrixfree,16,n600_b050_p040,600,0.5,0.4,0.393651,85028549,iters,33,2.538865528,2.911720482,0.1280531412,2.618588002,0,3,,pmeal-hpc,2026-08-20T13:03:48,
tortuosity,gpu,matrixfree,16,n600_b050_p040,600,0.5,0.4,0.393651,85028549,iters,59,2.902899235,2.911720482,0.003029565216,3.781994792,0,3,,pmeal-hpc,2026-08-20T13:03:48,
tortuosity,gpu,matrixfree,16,n600_b050_p040,600,0.5,0.4,0.393651,85028549,iters,106,2.910961967,2.911720482,0.0002605042029,5.888493828,0,3,target_reached,pmeal-hpc,2026-08-20T13:03:48,
tortuosity,gpu,matrixfree,16,n600_b050_p060,600,0.5,0.6,0.603327,130318526,iters,1,0.006313821713,1.644772466,0.9961612795,1.383093728,0,3,,pmeal-hpc,2026-08-20T13:04:33,
tortuosity,gpu,matrixfree,16,n600_b050_p060,600,0.5,0.6,0.603327,130318526,iters,2,0.007737748925,1.644772466,0.9952955505,1.43341963,0,3,,pmeal-hpc,2026-08-20T13:04:33,
tortuosity,gpu,matrixfree,16,n600_b050_p060,600,0.5,0.6,0.603327,130318526,iters,3,0.01010912496,1.644772466,0.9938537851,1.48291258,0,3,,pmeal-hpc,2026-08-20T13:04:33,
tortuosity,gpu,matrixfree,16,n600_b050_p060,600,0.5,0.6,0.603327,130318526,iters,6,0.0548433269,1.644772466,0.9666559795,1.630841141,0,3,,pmeal-hpc,2026-08-20T13:04:33,
tortuosity,gpu,matrixfree,16,n600_b050_p060,600,0.5,0.6,0.603327,130318526,iters,10,0.07782329537,1.644772466,0.9526844612,1.824533512,0,3,,pmeal-hpc,2026-08-20T13:04:33,
tortuosity,gpu,matrixfree,16,n600_b050_p060,600,0.5,0.6,0.603327,130318526,iters,18,-0.4892281899,1.644772466,1.297444297,2.225763066,-0,3,,pmeal-hpc,2026-08-20T13:04:33,
tortuosity,gpu,matrixfree,16,n600_b050_p060,600,0.5,0.6,0.603327,130318526,iters,33,1.406234428,1.644772466,0.1450279857,3.000358587,0,3,,pmeal-hpc,2026-08-20T13:04:33,
tortuosity,gpu,matrixfree,16,n600_b050_p060,600,0.5,0.6,0.603327,130318526,iters,59,1.645294594,1.644772466,0.0003174472371,4.324140021,0,3,target_reached,pmeal-hpc,2026-08-20T13:04:33,
tortuosity,gpu,matrixfree,16,n600_b050_p080,600,0.5,0.8,0.801395,173101417,iters,1,0.007027681824,1.207519104,0.9941800657,1.561167588,0,3,,pmeal-hpc,2026-08-20T13:05:25,
tortuosity,gpu,matrixfree,16,n600_b050_p080,600,0.5,0.8,0.801395,173101417,iters,2,0.008628737929,1.207519104,0.9928541603,1.624588131,0,3,,pmeal-hpc,2026-08-20T13:05:25,
tortuosity,gpu,matrixfree,16,n600_b050_p080,600,0.5,0.8,0.801395,173101417,iters,3,0.01148112736,1.207519104,0.9904919704,1.688552426,0,3,,pmeal-hpc,2026-08-20T13:05:25,
tortuosity,gpu,matrixfree,16,n600_b050_p080,600,0.5,0.8,0.801395,173101417,iters,6,0.0607849771,1.207519104,0.9496612709,1.87890897,0,3,,pmeal-hpc,2026-08-20T13:05:25,
tortuosity,gpu,matrixfree,16,n600_b050_p080,600,0.5,0.8,0.801395,173101417,iters,10,0.08455032524,1.207519104,0.9299801345,2.133957632,0,3,,pmeal-hpc,2026-08-20T13:05:25,
tortuosity,gpu,matrixfree,16,n600_b050_p080,600,0.5,0.8,0.801395,173101417,iters,18,-0.6677722406,1.207519104,1.55301174,2.643502214,-0,3,,pmeal-hpc,2026-08-20T13:05:25,
tortuosity,gpu,matrixfree,16,n600_b050_p080,600,0.5,0.8,0.801395,173101417,iters,33,1.075738868,1.207519104,0.1091330447,3.583890615,0,3,,pmeal-hpc,2026-08-20T13:05:25,
tortuosity,gpu,matrixfree,16,n600_b050_p080,600,0.5,0.8,0.801395,173101417,iters,59,1.207905232,1.207519104,0.0003197700807,5.215076912,0,3,target_reached,pmeal-hpc,2026-08-20T13:05:25,
tortuosity,gpu,matrixfree,16,n600_b050_p095,600,0.5,0.95,0.949611,205116041,iters,1,0.007199404686,1.036289257,0.9930527074,1.820747044,0,3,,pmeal-hpc,2026-08-20T13:06:23,
tortuosity,gpu,matrixfree,16,n600_b050_p095,600,0.5,0.95,0.949611,205116041,iters,2,0.008840113551,1.036289257,0.9914694536,1.890671814,0,3,,pmeal-hpc,2026-08-20T13:06:23,
tortuosity,gpu,matrixfree,16,n600_b050_p095,600,0.5,0.95,0.949611,205116041,iters,3,0.01189236965,1.036289257,0.9885240829,1.962496112,0,3,,pmeal-hpc,2026-08-20T13:06:23,
tortuosity,gpu,matrixfree,16,n600_b050_p095,600,0.5,0.95,0.949611,205116041,iters,6,0.06231104212,1.036289257,0.9398709948,2.183855609,0,3,,pmeal-hpc,2026-08-20T13:06:23,
tortuosity,gpu,matrixfree,16,n600_b050_p095,600,0.5,0.95,0.949611,205116041,iters,10,0.08574067334,1.036289257,0.9172618333,2.464013737,0,3,,pmeal-hpc,2026-08-20T13:06:23,
tortuosity,gpu,matrixfree,16,n600_b050_p095,600,0.5,0.95,0.949611,205116041,iters,18,-0.7728475876,1.036289257,1.745783653,3.051090338,-0,3,,pmeal-hpc,2026-08-20T13:06:23,
tortuosity,gpu,matrixfree,16,n600_b050_p095,600,0.5,0.95,0.949611,205116041,iters,33,0.9323236049,1.036289257,0.1003249347,4.132460658,0,3,,pmeal-hpc,2026-08-20T13:06:23,
tortuosity,gpu,matrixfree,16,n600_b050_p095,600,0.5,0.95,0.949611,205116041,iters,59,1.036371374,1.036289257,7.924179847e-05,6.0029412,0,3,target_reached,pmeal-hpc,2026-08-20T13:06:23,
tortuosity,gpu,matrixfree,16,n600_b100_p020,600,1,0.2,0.186121,40202032,iters,1,0.005483338563,12.53312864,0.9995624924,0.7589116,0,3,,pmeal-hpc,2026-08-20T13:07:05,
tortuosity,gpu,matrixfree,16,n600_b100_p020,600,1,0.2,0.186121,40202032,iters,2,0.006582850385,12.53312864,0.999474764,0.782028491,0,3,,pmeal-hpc,2026-08-20T13:07:05,
tortuosity,gpu,matrixfree,16,n600_b100_p020,600,1,0.2,0.186121,40202032,iters,3,0.008369254591,12.53312864,0.9993322294,0.808817338,0,3,,pmeal-hpc,2026-08-20T13:07:05,
tortuosity,gpu,matrixfree,16,n600_b100_p020,600,1,0.2,0.186121,40202032,iters,6,0.05370251011,12.53312864,0.9957151553,0.878840898,0,3,,pmeal-hpc,2026-08-20T13:07:05,
tortuosity,gpu,matrixfree,16,n600_b100_p020,600,1,0.2,0.186121,40202032,iters,10,0.08689790905,12.53312864,0.993066543,0.977193302,0,3,,pmeal-hpc,2026-08-20T13:07:05,
tortuosity,gpu,matrixfree,16,n600_b100_p020,600,1,0.2,0.186121,40202032,iters,18,-1.264771322,12.53312864,1.100914254,1.184636111,-0,3,,pmeal-hpc,2026-08-20T13:07:05,
tortuosity,gpu,matrixfree,16,n600_b100_p020,600,1,0.2,0.186121,40202032,iters,33,6.14983084,12.53312864,0.5093139936,1.556581924,0,3,,pmeal-hpc,2026-08-20T13:07:05,
tortuosity,gpu,matrixfree,16,n600_b100_p020,600,1,0.2,0.186121,40202032,iters,59,11.92214602,12.53312864,0.04874940955,2.330873408,0,3,,pmeal-hpc,2026-08-20T13:07:05,
tortuosity,gpu,matrixfree,16,n600_b100_p020,600,1,0.2,0.186121,40202032,iters,106,12.50104853,12.53312864,0.002559625159,3.509800287,0,3,,pmeal-hpc,2026-08-20T13:07:05,
tortuosity,gpu,matrixfree,16,n600_b100_p020,600,1,0.2,0.186121,40202032,iters,189,12.53768075,12.53312864,0.0003632061009,5.589134704,0,3,target_reached,pmeal-hpc,2026-08-20T13:07:05,
tortuosity,gpu,matrixfree,16,n600_b100_p040,600,1,0.4,0.400067,86414504,iters,1,0.006410843804,2.584229768,0.9975192439,1.082226871,0,3,,pmeal-hpc,2026-08-20T13:07:44,
tortuosity,gpu,matrixfree,16,n600_b100_p040,600,1,0.4,0.400067,86414504,iters,2,0.007763258685,2.584229768,0.99699591,1.122097397,0,3,,pmeal-hpc,2026-08-20T13:07:44,
tortuosity,gpu,matrixfree,16,n600_b100_p040,600,1,0.4,0.400067,86414504,iters,3,0.009536198883,2.584229768,0.9963098487,1.16241044,0,3,,pmeal-hpc,2026-08-20T13:07:44,
tortuosity,gpu,matrixfree,16,n600_b100_p040,600,1,0.4,0.400067,86414504,iters,6,0.0533399871,2.584229768,0.9793594255,1.293184167,0,3,,pmeal-hpc,2026-08-20T13:07:44,
tortuosity,gpu,matrixfree,16,n600_b100_p040,600,1,0.4,0.400067,86414504,iters,10,0.08013389976,2.584229768,0.9689911862,1.462769317,0,3,,pmeal-hpc,2026-08-20T13:07:44,
tortuosity,gpu,matrixfree,16,n600_b100_p040,600,1,0.4,0.400067,86414504,iters,18,-0.5079086033,2.584229768,1.196541581,1.801735157,-0,3,,pmeal-hpc,2026-08-20T13:07:44,
tortuosity,gpu,matrixfree,16,n600_b100_p040,600,1,0.4,0.400067,86414504,iters,33,2.249335556,2.584229768,0.1295915,2.440770468,0,3,,pmeal-hpc,2026-08-20T13:07:44,
tortuosity,gpu,matrixfree,16,n600_b100_p040,600,1,0.4,0.400067,86414504,iters,59,2.585173743,2.584229768,0.0003652828899,3.538850569,0,3,target_reached,pmeal-hpc,2026-08-20T13:07:44,
tortuosity,gpu,matrixfree,16,n600_b100_p060,600,1,0.6,0.601152,129848851,iters,1,0.00698455444,1.574643825,0.9955643592,1.382951378,0,3,,pmeal-hpc,2026-08-20T13:08:30,
tortuosity,gpu,matrixfree,16,n600_b100_p060,600,1,0.6,0.601152,129848851,iters,2,0.008494447491,1.574643825,0.9946054801,1.433713307,0,3,,pmeal-hpc,2026-08-20T13:08:30,
tortuosity,gpu,matrixfree,16,n600_b100_p060,600,1,0.6,0.601152,129848851,iters,3,0.01057981194,1.574643825,0.9932811397,1.492153574,0,3,,pmeal-hpc,2026-08-20T13:08:30,
tortuosity,gpu,matrixfree,16,n600_b100_p060,600,1,0.6,0.601152,129848851,iters,6,0.05834616773,1.574643825,0.9629464347,1.656800191,0,3,,pmeal-hpc,2026-08-20T13:08:30,
tortuosity,gpu,matrixfree,16,n600_b100_p060,600,1,0.6,0.601152,129848851,iters,10,0.08448195364,1.574643825,0.9463485315,1.875360675,0,3,,pmeal-hpc,2026-08-20T13:08:30,
tortuosity,gpu,matrixfree,16,n600_b100_p060,600,1,0.6,0.601152,129848851,iters,18,-0.5956362749,1.574643825,1.378267304,2.309315143,-0,3,,pmeal-hpc,2026-08-20T13:08:30,
tortuosity,gpu,matrixfree,16,n600_b100_p060,600,1,0.6,0.601152,129848851,iters,33,1.417926288,1.574643825,0.09952570529,3.133642222,0,3,,pmeal-hpc,2026-08-20T13:08:30,
tortuosity,gpu,matrixfree,16,n600_b100_p060,600,1,0.6,0.601152,129848851,iters,59,1.575575297,1.574643825,0.0005915445904,4.591385836,0,3,target_reached,pmeal-hpc,2026-08-20T13:08:30,
tortuosity,gpu,matrixfree,16,n600_b100_p080,600,1,0.8,0.800675,172945908,iters,1,0.007428019523,1.194292393,0.9937804012,1.628510711,0,3,,pmeal-hpc,2026-08-20T13:09:23,
tortuosity,gpu,matrixfree,16,n600_b100_p080,600,1,0.8,0.800675,172945908,iters,2,0.009057233427,1.194292393,0.9924162345,1.691334925,0,3,,pmeal-hpc,2026-08-20T13:09:23,
tortuosity,gpu,matrixfree,16,n600_b100_p080,600,1,0.8,0.800675,172945908,iters,3,0.01135578982,1.194292393,0.9904916167,1.757890871,0,3,,pmeal-hpc,2026-08-20T13:09:23,
tortuosity,gpu,matrixfree,16,n600_b100_p080,600,1,0.8,0.800675,172945908,iters,6,0.06176026606,1.194292393,0.9482871478,1.959467081,0,3,,pmeal-hpc,2026-08-20T13:09:23,
tortuosity,gpu,matrixfree,16,n600_b100_p080,600,1,0.8,0.800675,172945908,iters,10,0.08787976603,1.194292393,0.9264168753,2.220937032,0,3,,pmeal-hpc,2026-08-20T13:09:23,
tortuosity,gpu,matrixfree,16,n600_b100_p080,600,1,0.8,0.800675,172945908,iters,18,-0.7007262518,1.194292393,1.586729226,2.746173612,-0,3,,pmeal-hpc,2026-08-20T13:09:23,
tortuosity,gpu,matrixfree,16,n600_b100_p080,600,1,0.8,0.800675,172945908,iters,33,1.081129857,1.194292393,0.09475278969,3.747700236,0,3,,pmeal-hpc,2026-08-20T13:09:23,
tortuosity,gpu,matrixfree,16,n600_b100_p080,600,1,0.8,0.800675,172945908,iters,59,1.19471033,1.194292393,0.0003499451393,5.479655528,0,3,target_reached,pmeal-hpc,2026-08-20T13:09:23,
tortuosity,gpu,matrixfree,16,n600_b100_p095,600,1,0.95,0.950634,205336897,iters,1,0.007300652167,1.038559849,0.9929704078,1.775031705,0,3,,pmeal-hpc,2026-08-20T13:10:20,
tortuosity,gpu,matrixfree,16,n600_b100_p095,600,1,0.95,0.950634,205336897,iters,2,0.008939153708,1.038559849,0.9913927409,1.851253959,0,3,,pmeal-hpc,2026-08-20T13:10:20,
tortuosity,gpu,matrixfree,16,n600_b100_p095,600,1,0.95,0.950634,205336897,iters,3,0.01160361369,1.038559849,0.9888272075,1.921569329,0,3,,pmeal-hpc,2026-08-20T13:10:20,
tortuosity,gpu,matrixfree,16,n600_b100_p095,600,1,0.95,0.950634,205336897,iters,6,0.06205884426,1.038559849,0.9402452884,2.139848922,0,3,,pmeal-hpc,2026-08-20T13:10:20,
tortuosity,gpu,matrixfree,16,n600_b100_p095,600,1,0.95,0.950634,205336897,iters,10,0.08623919713,1.038559849,0.9169627083,2.424115752,0,3,,pmeal-hpc,2026-08-20T13:10:20,
tortuosity,gpu,matrixfree,16,n600_b100_p095,600,1,0.95,0.950634,205336897,iters,18,-0.7592415313,1.038559849,1.731052266,3.004447746,-0,3,,pmeal-hpc,2026-08-20T13:10:20,
tortuosity,gpu,matrixfree,16,n600_b100_p095,600,1,0.95,0.950634,205336897,iters,33,0.9363136737,1.038559849,0.09844995971,4.096776338,0,3,,pmeal-hpc,2026-08-20T13:10:20,
tortuosity,gpu,matrixfree,16,n600_b100_p095,600,1,0.95,0.950634,205336897,iters,59,1.038796207,1.038559849,0.0002275825216,5.964159819,0,3,target_reached,pmeal-hpc,2026-08-20T13:10:20,
tortuosity,gpu,matrixfree,16,n600_b200_p020,600,2,0.2,0.19095,41245095,iters,1,0.006070409519,11.15581331,0.9994558524,0.824040473,0,3,,pmeal-hpc,2026-08-20T13:11:07,
tortuosity,gpu,matrixfree,16,n600_b200_p020,600,2,0.2,0.19095,41245095,iters,2,0.007260190906,11.15581331,0.9993492011,0.854095547,0,3,,pmeal-hpc,2026-08-20T13:11:07,
tortuosity,gpu,matrixfree,16,n600_b200_p020,600,2,0.2,0.19095,41245095,iters,3,0.009113400289,11.15581331,0.9991830806,0.884822821,0,3,,pmeal-hpc,2026-08-20T13:11:07,
tortuosity,gpu,matrixfree,16,n600_b200_p020,600,2,0.2,0.19095,41245095,iters,6,0.04919450247,11.15581331,0.9955902361,0.984974584,0,3,,pmeal-hpc,2026-08-20T13:11:07,
tortuosity,gpu,matrixfree,16,n600_b200_p020,600,2,0.2,0.19095,41245095,iters,10,0.08606911769,11.15581331,0.9922848191,1.100073257,0,3,,pmeal-hpc,2026-08-20T13:11:07,
tortuosity,gpu,matrixfree,16,n600_b200_p020,600,2,0.2,0.19095,41245095,iters,18,-0.7135084463,11.15581331,1.063958443,1.355727228,-0,3,,pmeal-hpc,2026-08-20T13:11:07,
tortuosity,gpu,matrixfree,16,n600_b200_p020,600,2,0.2,0.19095,41245095,iters,33,9.104500003,11.15581331,0.1838784184,1.814571317,0,3,,pmeal-hpc,2026-08-20T13:11:07,
tortuosity,gpu,matrixfree,16,n600_b200_p020,600,2,0.2,0.19095,41245095,iters,59,11.36990127,11.15581331,0.01919070837,2.616888753,0,3,,pmeal-hpc,2026-08-20T13:11:07,
tortuosity,gpu,matrixfree,16,n600_b200_p020,600,2,0.2,0.19095,41245095,iters,106,11.08072724,11.15581331,0.006730667091,4.065218355,0,3,,pmeal-hpc,2026-08-20T13:11:07,
tortuosity,gpu,matrixfree,16,n600_b200_p020,600,2,0.2,0.19095,41245095,iters,189,11.16536536,11.15581331,0.0008562396183,6.728068815,0,3,target_reached,pmeal-hpc,2026-08-20T13:11:07,
tortuosity,gpu,matrixfree,16,n600_b200_p040,600,2,0.4,0.398822,86145631,iters,1,0.006713914243,2.58840573,0.9974061585,1.163016328,0,3,,pmeal-hpc,2026-08-20T13:11:57,
tortuosity,gpu,matrixfree,16,n600_b200_p040,600,2,0.4,0.398822,86145631,iters,2,0.00804874758,2.58840573,0.9968904614,1.209519112,0,3,,pmeal-hpc,2026-08-20T13:11:57,
tortuosity,gpu,matrixfree,16,n600_b200_p040,600,2,0.4,0.398822,86145631,iters,3,0.009961419854,2.58840573,0.996151523,1.257279681,0,3,,pmeal-hpc,2026-08-20T13:11:57,
tortuosity,gpu,matrixfree,16,n600_b200_p040,600,2,0.4,0.398822,86145631,iters,6,0.05301338984,2.58840573,0.9795189026,1.401725593,0,3,,pmeal-hpc,2026-08-20T13:11:57,
tortuosity,gpu,matrixfree,16,n600_b200_p040,600,2,0.4,0.398822,86145631,iters,10,0.08670491382,2.58840573,0.96650258,1.600931243,0,3,,pmeal-hpc,2026-08-20T13:11:57,
tortuosity,gpu,matrixfree,16,n600_b200_p040,600,2,0.4,0.398822,86145631,iters,18,-0.6645082964,2.58840573,1.256724936,1.982659419,-0,3,,pmeal-hpc,2026-08-20T13:11:57,
tortuosity,gpu,matrixfree,16,n600_b200_p040,600,2,0.4,0.398822,86145631,iters,33,2.610057157,2.58840573,0.008364773113,2.698217519,0,3,,pmeal-hpc,2026-08-20T13:11:57,
tortuosity,gpu,matrixfree,16,n600_b200_p040,600,2,0.4,0.398822,86145631,iters,59,2.592756225,2.58840573,0.001680762465,3.955819794,0,3,,pmeal-hpc,2026-08-20T13:11:57,
tortuosity,gpu,matrixfree,16,n600_b200_p040,600,2,0.4,0.398822,86145631,iters,106,2.588680613,2.58840573,0.0001061976634,6.216953774,0,3,target_reached,pmeal-hpc,2026-08-20T13:11:57,
tortuosity,gpu,matrixfree,16,n600_b200_p060,600,2,0.6,0.600028,129606057,iters,1,0.007376623943,1.576153581,0.9953198571,1.448184626,0,3,,pmeal-hpc,2026-08-20T13:12:44,
tortuosity,gpu,matrixfree,16,n600_b200_p060,600,2,0.6,0.600028,129606057,iters,2,0.008882102742,1.576153581,0.9943646972,1.505480308,0,3,,pmeal-hpc,2026-08-20T13:12:44,
tortuosity,gpu,matrixfree,16,n600_b200_p060,600,2,0.6,0.600028,129606057,iters,3,0.0108774645,1.576153581,0.9930987281,1.562730521,0,3,,pmeal-hpc,2026-08-20T13:12:44,
tortuosity,gpu,matrixfree,16,n600_b200_p060,600,2,0.6,0.600028,129606057,iters,6,0.05828244699,1.576153581,0.9630223554,1.744853378,0,3,,pmeal-hpc,2026-08-20T13:12:44,
tortuosity,gpu,matrixfree,16,n600_b200_p060,600,2,0.6,0.600028,129606057,iters,10,0.08999060728,1.576153581,0.9429049248,1.97862102,0,3,,pmeal-hpc,2026-08-20T13:12:44,
tortuosity,gpu,matrixfree,16,n600_b200_p060,600,2,0.6,0.600028,129606057,iters,18,-0.7359679828,1.576153581,1.466939258,2.452670557,-0,3,,pmeal-hpc,2026-08-20T13:12:44,
tortuosity,gpu,matrixfree,16,n600_b200_p060,600,2,0.6,0.600028,129606057,iters,33,1.555548565,1.576153581,0.01307297505,3.359479695,0,3,,pmeal-hpc,2026-08-20T13:12:44,
tortuosity,gpu,matrixfree,16,n600_b200_p060,600,2,0.6,0.600028,129606057,iters,59,1.577276903,1.576153581,0.0007126985779,4.922689522,0,3,target_reached,pmeal-hpc,2026-08-20T13:12:44,
tortuosity,gpu,matrixfree,16,n600_b200_p080,600,2,0.8,0.801043,173025334,iters,1,0.007692829308,1.194359614,0.9935590343,1.63352781,0,3,,pmeal-hpc,2026-08-20T13:13:38,
tortuosity,gpu,matrixfree,16,n600_b200_p080,600,2,0.8,0.801043,173025334,iters,2,0.009305086415,1.194359614,0.9922091418,1.701571108,0,3,,pmeal-hpc,2026-08-20T13:13:38,
tortuosity,gpu,matrixfree,16,n600_b200_p080,600,2,0.8,0.801043,173025334,iters,3,0.011393848,1.194359614,0.9904602869,1.768278883,0,3,,pmeal-hpc,2026-08-20T13:13:38,
tortuosity,gpu,matrixfree,16,n600_b200_p080,600,2,0.8,0.801043,173025334,iters,6,0.0614418663,1.194359614,0.9485566444,1.974132579,0,3,,pmeal-hpc,2026-08-20T13:13:38,
tortuosity,gpu,matrixfree,16,n600_b200_p080,600,2,0.8,0.801043,173025334,iters,10,0.09063079816,1.194359614,0.9241176635,2.24140155,0,3,,pmeal-hpc,2026-08-20T13:13:38,
tortuosity,gpu,matrixfree,16,n600_b200_p080,600,2,0.8,0.801043,173025334,iters,18,-0.7961183585,1.194359614,1.666565035,2.779105675,-0,3,,pmeal-hpc,2026-08-20T13:13:38,
tortuosity,gpu,matrixfree,16,n600_b200_p080,600,2,0.8,0.801043,173025334,iters,33,1.135027484,1.194359614,0.04967693898,3.812563487,0,3,,pmeal-hpc,2026-08-20T13:13:38,
tortuosity,gpu,matrixfree,16,n600_b200_p080,600,2,0.8,0.801043,173025334,iters,59,1.194832913,1.194359614,0.0003962781657,5.593880098,0,3,target_reached,pmeal-hpc,2026-08-20T13:13:38,
tortuosity,gpu,matrixfree,16,n600_b200_p095,600,2,0.95,0.950849,205383281,iters,1,0.007504884585,1.037615234,0.9927671796,1.780034638,0,3,,pmeal-hpc,2026-08-20T13:14:36,
tortuosity,gpu,matrixfree,16,n600_b200_p095,600,2,0.95,0.950849,205383281,iters,2,0.009135553411,1.037615234,0.9911956252,1.856084577,0,3,,pmeal-hpc,2026-08-20T13:14:36,
tortuosity,gpu,matrixfree,16,n600_b200_p095,600,2,0.95,0.950849,205383281,iters,3,0.011395509,1.037615234,0.9890175967,1.93034128,0,3,,pmeal-hpc,2026-08-20T13:14:36,
tortuosity,gpu,matrixfree,16,n600_b200_p095,600,2,0.95,0.950849,205383281,iters,6,0.06191342385,1.037615234,0.9403310381,2.150431574,0,3,,pmeal-hpc,2026-08-20T13:14:36,
tortuosity,gpu,matrixfree,16,n600_b200_p095,600,2,0.95,0.950849,205383281,iters,10,0.08784057596,1.037615234,0.9153437873,2.442041871,0,3,,pmeal-hpc,2026-08-20T13:14:36,
tortuosity,gpu,matrixfree,16,n600_b200_p095,600,2,0.95,0.950849,205383281,iters,18,-0.8053715562,1.037615234,1.776175532,3.018559968,-0,3,,pmeal-hpc,2026-08-20T13:14:36,
tortuosity,gpu,matrixfree,16,n600_b200_p095,600,2,0.95,0.950849,205383281,iters,33,0.9592713785,1.037615234,0.07550376377,4.124867412,0,3,,pmeal-hpc,2026-08-20T13:14:36,
tortuosity,gpu,matrixfree,16,n600_b200_p095,600,2,0.95,0.950849,205383281,iters,59,1.037772915,1.037615234,0.0001519647037,6.007511874,0,3,target_reached,pmeal-hpc,2026-08-20T13:14:36,
tortuosity,gpu,matrixfree,16,n800_b050_p020,800,0.5,0.2,0.174096,89137139,iters,1,0.003305385345,10.10700996,0.9996729611,1.645775302,0,3,,pmeal-hpc,2026-08-20T13:16:03,
tortuosity,gpu,matrixfree,16,n800_b050_p020,800,0.5,0.2,0.174096,89137139,iters,2,0.004051098859,10.10700996,0.9995991793,1.686731346,0,3,,pmeal-hpc,2026-08-20T13:16:03,
tortuosity,gpu,matrixfree,16,n800_b050_p020,800,0.5,0.2,0.174096,89137139,iters,3,0.005165671915,10.10700996,0.9994889021,1.728251568,0,3,,pmeal-hpc,2026-08-20T13:16:03,
tortuosity,gpu,matrixfree,16,n800_b050_p020,800,0.5,0.2,0.174096,89137139,iters,6,0.02931768765,10.10700996,0.9970992719,1.85445474,0,3,,pmeal-hpc,2026-08-20T13:16:03,
tortuosity,gpu,matrixfree,16,n800_b050_p020,800,0.5,0.2,0.174096,89137139,iters,10,0.04324063806,10.10700996,0.9957217181,2.025682817,0,3,,pmeal-hpc,2026-08-20T13:16:03,
tortuosity,gpu,matrixfree,16,n800_b050_p020,800,0.5,0.2,0.174096,89137139,iters,18,-0.2230642732,10.10700996,1.022070254,2.36481474,-0,3,,pmeal-hpc,2026-08-20T13:16:03,
tortuosity,gpu,matrixfree,16,n800_b050_p020,800,0.5,0.2,0.174096,89137139,iters,33,3.13372344,10.10700996,0.6899455474,2.984705269,0,3,,pmeal-hpc,2026-08-20T13:16:03,
tortuosity,gpu,matrixfree,16,n800_b050_p020,800,0.5,0.2,0.174096,89137139,iters,59,8.781870272,10.10700996,0.131110951,4.05786268,0,3,,pmeal-hpc,2026-08-20T13:16:03,
tortuosity,gpu,matrixfree,16,n800_b050_p020,800,0.5,0.2,0.174096,89137139,iters,106,9.928852214,10.10700996,0.01762714656,6.00599392,0,3,,pmeal-hpc,2026-08-20T13:16:03,
tortuosity,gpu,matrixfree,16,n800_b050_p020,800,0.5,0.2,0.174096,89137139,iters,189,10.1119474,10.10700996,0.000488516277,9.414349304,0,3,target_reached,pmeal-hpc,2026-08-20T13:16:03,
tortuosity,gpu,matrixfree,16,n800_b050_p040,800,0.5,0.4,0.384479,196853200,iters,1,0.004398564502,2.713834504,0.9983792068,2.384355521,0,3,,pmeal-hpc,2026-08-20T13:17:42,
tortuosity,gpu,matrixfree,16,n800_b050_p040,800,0.5,0.4,0.384479,196853200,iters,2,0.005391964334,2.713834504,0.9980131565,2.464001377,0,3,,pmeal-hpc,2026-08-20T13:17:42,
tortuosity,gpu,matrixfree,16,n800_b050_p040,800,0.5,0.4,0.384479,196853200,iters,3,0.006905534787,2.713834504,0.9974554326,2.543749773,0,3,,pmeal-hpc,2026-08-20T13:17:42,
tortuosity,gpu,matrixfree,16,n800_b050_p040,800,0.5,0.4,0.384479,196853200,iters,6,0.03812432447,2.713834504,0.985951861,2.786185651,0,3,,pmeal-hpc,2026-08-20T13:17:42,
tortuosity,gpu,matrixfree,16,n800_b050_p040,800,0.5,0.4,0.384479,196853200,iters,10,0.0551439247,2.713834504,0.9796804394,3.108480232,0,3,,pmeal-hpc,2026-08-20T13:17:42,
tortuosity,gpu,matrixfree,16,n800_b050_p040,800,0.5,0.4,0.384479,196853200,iters,18,-0.2961156275,2.713834504,1.10911337,3.753453543,-0,3,,pmeal-hpc,2026-08-20T13:17:42,
tortuosity,gpu,matrixfree,16,n800_b050_p040,800,0.5,0.4,0.384479,196853200,iters,33,1.818765467,2.713834504,0.3298171042,4.947660877,0,3,,pmeal-hpc,2026-08-20T13:17:42,
tortuosity,gpu,matrixfree,16,n800_b050_p040,800,0.5,0.4,0.384479,196853200,iters,59,2.687634233,2.713834504,0.009654336435,6.987407252,0,3,,pmeal-hpc,2026-08-20T13:17:42,
tortuosity,gpu,matrixfree,16,n800_b050_p040,800,0.5,0.4,0.384479,196853200,iters,106,2.71395421,2.713834504,4.410947603e-05,10.71458073,0,3,target_reached,pmeal-hpc,2026-08-20T13:17:42,
tortuosity,gpu,matrixfree,16,n800_b050_p060,800,0.5,0.6,0.59834,306349955,iters,1,0.005151108649,1.573690994,0.9967267344,3.07399448,0,3,,pmeal-hpc,2026-08-20T13:19:45,
tortuosity,gpu,matrixfree,16,n800_b050_p060,800,0.5,0.6,0.59834,306349955,iters,2,0.006320214462,1.573690994,0.9959838275,3.19259874,0,3,,pmeal-hpc,2026-08-20T13:19:45,
tortuosity,gpu,matrixfree,16,n800_b050_p060,800,0.5,0.6,0.59834,306349955,iters,3,0.008207176389,1.573690994,0.9947847599,3.310660362,0,3,,pmeal-hpc,2026-08-20T13:19:45,
tortuosity,gpu,matrixfree,16,n800_b050_p060,800,0.5,0.6,0.59834,306349955,iters,6,0.04437138447,1.573690994,0.9718042585,3.653417073,0,3,,pmeal-hpc,2026-08-20T13:19:45,
tortuosity,gpu,matrixfree,16,n800_b050_p060,800,0.5,0.6,0.59834,306349955,iters,10,0.062885327,1.573690994,0.9600395966,4.125304144,0,3,,pmeal-hpc,2026-08-20T13:19:45,
tortuosity,gpu,matrixfree,16,n800_b050_p060,800,0.5,0.6,0.59834,306349955,iters,18,-0.374545879,1.573690994,1.238004717,5.045520415,-0,3,,pmeal-hpc,2026-08-20T13:19:45,
tortuosity,gpu,matrixfree,16,n800_b050_p060,800,0.5,0.6,0.59834,306349955,iters,33,1.270426304,1.573690994,0.1927091732,6.751846781,0,3,,pmeal-hpc,2026-08-20T13:19:45,
tortuosity,gpu,matrixfree,16,n800_b050_p060,800,0.5,0.6,0.59834,306349955,iters,59,1.571881139,1.573690994,0.001150069839,9.698043606,0,3,,pmeal-hpc,2026-08-20T13:19:45,
tortuosity,gpu,matrixfree,16,n800_b050_p060,800,0.5,0.6,0.59834,306349955,iters,106,1.574088481,1.573690994,0.0002525823566,15.07023147,0,3,target_reached,pmeal-hpc,2026-08-20T13:19:45,
tortuosity,gpu,matrixfree,16,n800_b050_p080,800,0.5,0.8,0.807732,413558797,iters,1,0.005527272376,1.158681783,0.9952296891,3.992773815,0,3,,pmeal-hpc,2026-08-20T13:21:43,
tortuosity,gpu,matrixfree,16,n800_b050_p080,800,0.5,0.8,0.807732,413558797,iters,2,0.006784291102,1.158681783,0.9941448194,4.142164127,0,3,,pmeal-hpc,2026-08-20T13:21:43,
tortuosity,gpu,matrixfree,16,n800_b050_p080,800,0.5,0.8,0.807732,413558797,iters,3,0.008949366709,1.158681783,0.9922762515,4.288684179,0,3,,pmeal-hpc,2026-08-20T13:21:43,
tortuosity,gpu,matrixfree,16,n800_b050_p080,800,0.5,0.8,0.807732,413558797,iters,6,0.04762810196,1.158681783,0.9588945795,4.73259785,0,3,,pmeal-hpc,2026-08-20T13:21:43,
tortuosity,gpu,matrixfree,16,n800_b050_p080,800,0.5,0.8,0.807732,413558797,iters,10,0.06615947876,1.158681783,0.9429010797,5.322028646,0,3,,pmeal-hpc,2026-08-20T13:21:43,
tortuosity,gpu,matrixfree,16,n800_b050_p080,800,0.5,0.8,0.807732,413558797,iters,18,-0.4479215788,1.158681783,1.386578598,6.480094172,-0,3,,pmeal-hpc,2026-08-20T13:21:43,
tortuosity,gpu,matrixfree,16,n800_b050_p080,800,0.5,0.8,0.807732,413558797,iters,33,0.9856690657,1.158681783,0.1493185789,8.659045484,0,3,,pmeal-hpc,2026-08-20T13:21:43,
tortuosity,gpu,matrixfree,16,n800_b050_p080,800,0.5,0.8,0.807732,413558797,iters,59,1.159051226,1.158681783,0.0003188477057,12.422222,0,3,target_reached,pmeal-hpc,2026-08-20T13:21:43,
tortuosity,gpu,matrixfree,16,n800_b050_p095,800,0.5,0.95,0.953798,488344573,iters,1,0.005443515836,1.027543224,0.9947023972,4.685299492,0,3,,pmeal-hpc,2026-08-20T13:23:53,
tortuosity,gpu,matrixfree,16,n800_b050_p095,800,0.5,0.95,0.953798,488344573,iters,2,0.006684889702,1.027543224,0.9934942983,4.870481674,0,3,,pmeal-hpc,2026-08-20T13:23:53,
tortuosity,gpu,matrixfree,16,n800_b050_p095,800,0.5,0.95,0.953798,488344573,iters,3,0.009008955892,1.027543224,0.9912325285,5.035573828,0,3,,pmeal-hpc,2026-08-20T13:23:53,
tortuosity,gpu,matrixfree,16,n800_b050_p095,800,0.5,0.95,0.953798,488344573,iters,6,0.04733251635,1.027543224,0.9539362284,5.544431261,0,3,,pmeal-hpc,2026-08-20T13:23:53,
tortuosity,gpu,matrixfree,16,n800_b050_p095,800,0.5,0.95,0.953798,488344573,iters,10,0.06522548534,1.027543224,0.9365228792,6.190000724,0,3,,pmeal-hpc,2026-08-20T13:23:53,
tortuosity,gpu,matrixfree,16,n800_b050_p095,800,0.5,0.95,0.953798,488344573,iters,18,-0.4810644491,1.027543224,1.46816955,7.508897332,-0,3,,pmeal-hpc,2026-08-20T13:23:53,
tortuosity,gpu,matrixfree,16,n800_b050_p095,800,0.5,0.95,0.953798,488344573,iters,33,0.8925113313,1.027543224,0.1314123723,9.970853376,0,3,,pmeal-hpc,2026-08-20T13:23:53,
tortuosity,gpu,matrixfree,16,n800_b050_p095,800,0.5,0.95,0.953798,488344573,iters,59,1.027223188,1.027543224,0.0003114574512,14.21861189,0,3,target_reached,pmeal-hpc,2026-08-20T13:23:53,
tortuosity,gpu,matrixfree,16,n800_b100_p020,800,1,0.2,0.185425,94937803,iters,1,0.004628692631,12.62304881,0.9996333142,1.670426294,0,3,,pmeal-hpc,2026-08-20T13:25:27,
tortuosity,gpu,matrixfree,16,n800_b100_p020,800,1,0.2,0.185425,94937803,iters,2,0.00563651825,12.62304881,0.9995534741,1.717231944,0,3,,pmeal-hpc,2026-08-20T13:25:27,
tortuosity,gpu,matrixfree,16,n800_b100_p020,800,1,0.2,0.185425,94937803,iters,3,0.007034363185,12.62304881,0.9994427366,1.766116212,0,3,,pmeal-hpc,2026-08-20T13:25:27,
tortuosity,gpu,matrixfree,16,n800_b100_p020,800,1,0.2,0.185425,94937803,iters,6,0.04029060144,12.62304881,0.9968081719,1.919541171,0,3,,pmeal-hpc,2026-08-20T13:25:27,
tortuosity,gpu,matrixfree,16,n800_b100_p020,800,1,0.2,0.185425,94937803,iters,10,0.06018516706,12.62304881,0.9952321212,2.123744602,0,3,,pmeal-hpc,2026-08-20T13:25:27,
tortuosity,gpu,matrixfree,16,n800_b100_p020,800,1,0.2,0.185425,94937803,iters,18,-0.3358677117,12.62304881,1.026607495,2.514992554,-0,3,,pmeal-hpc,2026-08-20T13:25:27,
tortuosity,gpu,matrixfree,16,n800_b100_p020,800,1,0.2,0.185425,94937803,iters,33,4.036059094,12.62304881,0.6802627357,3.257444205,0,3,,pmeal-hpc,2026-08-20T13:25:27,
tortuosity,gpu,matrixfree,16,n800_b100_p020,800,1,0.2,0.185425,94937803,iters,59,10.37823546,12.62304881,0.1778344822,4.548696531,0,3,,pmeal-hpc,2026-08-20T13:25:27,
tortuosity,gpu,matrixfree,16,n800_b100_p020,800,1,0.2,0.185425,94937803,iters,106,12.31320861,12.62304881,0.0245455918,6.886284989,0,3,,pmeal-hpc,2026-08-20T13:25:27,
tortuosity,gpu,matrixfree,16,n800_b100_p020,800,1,0.2,0.185425,94937803,iters,189,12.62121495,12.62304881,0.0001452786522,10.9760252,0,3,target_reached,pmeal-hpc,2026-08-20T13:25:27,
tortuosity,gpu,matrixfree,16,n800_b100_p040,800,1,0.4,0.394666,202068918,iters,1,0.005363619439,2.604118691,0.9979403322,2.46171135,0,3,,pmeal-hpc,2026-08-20T13:27:10,
tortuosity,gpu,matrixfree,16,n800_b100_p040,800,1,0.4,0.394666,202068918,iters,2,0.006534465517,2.604118691,0.997490719,2.559686572,0,3,,pmeal-hpc,2026-08-20T13:27:10,
tortuosity,gpu,matrixfree,16,n800_b100_p040,800,1,0.4,0.394666,202068918,iters,3,0.00810084277,2.604118691,0.9968892191,2.653302951,0,3,,pmeal-hpc,2026-08-20T13:27:10,
tortuosity,gpu,matrixfree,16,n800_b100_p040,800,1,0.4,0.394666,202068918,iters,6,0.0451055251,2.604118691,0.9826791593,2.920241734,0,3,,pmeal-hpc,2026-08-20T13:27:10,
tortuosity,gpu,matrixfree,16,n800_b100_p040,800,1,0.4,0.394666,202068918,iters,10,0.06628281709,2.604118691,0.9745469293,3.278850303,0,3,,pmeal-hpc,2026-08-20T13:27:10,
tortuosity,gpu,matrixfree,16,n800_b100_p040,800,1,0.4,0.394666,202068918,iters,18,-0.3784799391,2.604118691,1.145338974,4.003618688,-0,3,,pmeal-hpc,2026-08-20T13:27:10,
tortuosity,gpu,matrixfree,16,n800_b100_p040,800,1,0.4,0.394666,202068918,iters,33,1.991654863,2.604118691,0.2351904428,5.370948449,0,3,,pmeal-hpc,2026-08-20T13:27:10,
tortuosity,gpu,matrixfree,16,n800_b100_p040,800,1,0.4,0.394666,202068918,iters,59,2.597515364,2.604118691,0.002535724309,7.725189044,0,3,,pmeal-hpc,2026-08-20T13:27:10,
tortuosity,gpu,matrixfree,16,n800_b100_p040,800,1,0.4,0.394666,202068918,iters,106,2.603795254,2.604118691,0.000124202123,11.93053842,0,3,target_reached,pmeal-hpc,2026-08-20T13:27:10,
tortuosity,gpu,matrixfree,16,n800_b100_p060,800,1,0.6,0.599309,306846383,iters,1,0.005871014327,1.538358863,0.996183586,3.224058817,0,3,,pmeal-hpc,2026-08-20T13:28:52,
tortuosity,gpu,matrixfree,16,n800_b100_p060,800,1,0.6,0.599309,306846383,iters,2,0.007173799293,1.538358863,0.9953367192,3.347650276,0,3,,pmeal-hpc,2026-08-20T13:28:52,
tortuosity,gpu,matrixfree,16,n800_b100_p060,800,1,0.6,0.599309,306846383,iters,3,0.00899526149,1.538358863,0.9941526898,3.46817069,0,3,,pmeal-hpc,2026-08-20T13:28:52,
tortuosity,gpu,matrixfree,16,n800_b100_p060,800,1,0.6,0.599309,306846383,iters,6,0.04900080094,1.538358863,0.9681473536,3.83658365,0,3,,pmeal-hpc,2026-08-20T13:28:52,
tortuosity,gpu,matrixfree,16,n800_b100_p060,800,1,0.6,0.599309,306846383,iters,10,0.07039808371,1.538358863,0.9542381915,4.341221716,0,3,,pmeal-hpc,2026-08-20T13:28:52,
tortuosity,gpu,matrixfree,16,n800_b100_p060,800,1,0.6,0.599309,306846383,iters,18,-0.4382375196,1.538358863,1.2848734,5.343924941,-0,3,,pmeal-hpc,2026-08-20T13:28:52,
tortuosity,gpu,matrixfree,16,n800_b100_p060,800,1,0.6,0.599309,306846383,iters,33,1.301994391,1.538358863,0.1536471614,7.16925245,0,3,,pmeal-hpc,2026-08-20T13:28:52,
tortuosity,gpu,matrixfree,16,n800_b100_p060,800,1,0.6,0.599309,306846383,iters,59,1.53855259,1.538358863,0.000125931125,10.37699973,0,3,target_reached,pmeal-hpc,2026-08-20T13:28:52,
tortuosity,gpu,matrixfree,16,n800_b100_p080,800,1,0.8,0.802797,411032289,iters,1,0.005968061112,1.178837076,0.9949373317,4.081612376,0,3,,pmeal-hpc,2026-08-20T13:30:51,
tortuosity,gpu,matrixfree,16,n800_b100_p080,800,1,0.8,0.802797,411032289,iters,2,0.007302643732,1.178837076,0.9938052137,4.228019919,0,3,,pmeal-hpc,2026-08-20T13:30:51,
tortuosity,gpu,matrixfree,16,n800_b100_p080,800,1,0.8,0.802797,411032289,iters,3,0.009244523963,1.178837076,0.9921579291,4.385125402,0,3,,pmeal-hpc,2026-08-20T13:30:51,
tortuosity,gpu,matrixfree,16,n800_b100_p080,800,1,0.8,0.802797,411032289,iters,6,0.04986895321,1.178837076,0.9576964839,4.821793228,0,3,,pmeal-hpc,2026-08-20T13:30:51,
tortuosity,gpu,matrixfree,16,n800_b100_p080,800,1,0.8,0.802797,411032289,iters,10,0.07049484848,1.178837076,0.940199668,5.428813658,0,3,,pmeal-hpc,2026-08-20T13:30:51,
tortuosity,gpu,matrixfree,16,n800_b100_p080,800,1,0.8,0.802797,411032289,iters,18,-0.4733159384,1.178837076,1.401510903,6.614074892,-0,3,,pmeal-hpc,2026-08-20T13:30:51,
tortuosity,gpu,matrixfree,16,n800_b100_p080,800,1,0.8,0.802797,411032289,iters,33,1.02287667,1.178837076,0.1323002212,8.852369276,0,3,,pmeal-hpc,2026-08-20T13:30:51,
tortuosity,gpu,matrixfree,16,n800_b100_p080,800,1,0.8,0.802797,411032289,iters,59,1.179090032,1.178837076,0.0002145810255,12.72913222,0,3,target_reached,pmeal-hpc,2026-08-20T13:30:51,
tortuosity,gpu,matrixfree,16,n800_b100_p095,800,1,0.95,0.952043,487445980,iters,1,0.005600830195,1.033344548,0.9945799006,4.58792716,0,3,,pmeal-hpc,2026-08-20T13:33:01,
tortuosity,gpu,matrixfree,16,n800_b100_p095,800,1,0.95,0.952043,487445980,iters,2,0.006866968898,1.033344548,0.9933546183,4.757349156,0,3,,pmeal-hpc,2026-08-20T13:33:01,
tortuosity,gpu,matrixfree,16,n800_b100_p095,800,1,0.95,0.952043,487445980,iters,3,0.008949475032,1.033344548,0.9913393117,4.924916283,0,3,,pmeal-hpc,2026-08-20T13:33:01,
tortuosity,gpu,matrixfree,16,n800_b100_p095,800,1,0.95,0.952043,487445980,iters,6,0.04777988815,1.033344548,0.9537619004,5.422594426,0,3,,pmeal-hpc,2026-08-20T13:33:01,
tortuosity,gpu,matrixfree,16,n800_b100_p095,800,1,0.95,0.952043,487445980,iters,10,0.06640186872,1.033344548,0.9357408244,6.103359048,0,3,,pmeal-hpc,2026-08-20T13:33:01,
tortuosity,gpu,matrixfree,16,n800_b100_p095,800,1,0.95,0.952043,487445980,iters,18,-0.4710324498,1.033344548,1.455832908,7.433812981,-0,3,,pmeal-hpc,2026-08-20T13:33:01,
tortuosity,gpu,matrixfree,16,n800_b100_p095,800,1,0.95,0.952043,487445980,iters,33,0.9015524124,1.033344548,0.1275393922,9.899516912,0,3,,pmeal-hpc,2026-08-20T13:33:01,
tortuosity,gpu,matrixfree,16,n800_b100_p095,800,1,0.95,0.952043,487445980,iters,59,1.032963485,1.033344548,0.0003687663069,14.18350826,0,3,target_reached,pmeal-hpc,2026-08-20T13:33:01,
tortuosity,gpu,matrixfree,16,n800_b200_p020,800,2,0.2,0.18995,97254252,iters,1,0.004592355941,13.56020695,0.9996613359,1.831028942,0,3,,pmeal-hpc,2026-08-20T13:34:43,
tortuosity,gpu,matrixfree,16,n800_b200_p020,800,2,0.2,0.18995,97254252,iters,2,0.005515819677,13.56020695,0.9995932348,1.895891873,0,3,,pmeal-hpc,2026-08-20T13:34:43,
tortuosity,gpu,matrixfree,16,n800_b200_p020,800,2,0.2,0.18995,97254252,iters,3,0.00695468794,13.56020695,0.9994871252,1.960815692,0,3,,pmeal-hpc,2026-08-20T13:34:43,
tortuosity,gpu,matrixfree,16,n800_b200_p020,800,2,0.2,0.18995,97254252,iters,6,0.03930890489,13.56020695,0.9971011575,2.150904602,0,3,,pmeal-hpc,2026-08-20T13:34:43,
tortuosity,gpu,matrixfree,16,n800_b200_p020,800,2,0.2,0.18995,97254252,iters,10,0.0641556254,13.56020695,0.9952688314,2.406489208,0,3,,pmeal-hpc,2026-08-20T13:34:43,
tortuosity,gpu,matrixfree,16,n800_b200_p020,800,2,0.2,0.18995,97254252,iters,18,-0.4671882252,13.56020695,1.034452883,2.919410246,-0,3,,pmeal-hpc,2026-08-20T13:34:43,
tortuosity,gpu,matrixfree,16,n800_b200_p020,800,2,0.2,0.18995,97254252,iters,33,5.854456749,13.56020695,0.5682619911,3.880819852,0,3,,pmeal-hpc,2026-08-20T13:34:43,
tortuosity,gpu,matrixfree,16,n800_b200_p020,800,2,0.2,0.18995,97254252,iters,59,12.52778557,13.56020695,0.07613610762,5.518712186,0,3,,pmeal-hpc,2026-08-20T13:34:43,
tortuosity,gpu,matrixfree,16,n800_b200_p020,800,2,0.2,0.18995,97254252,iters,106,13.28134918,13.56020695,0.02056441813,8.461850989,0,3,,pmeal-hpc,2026-08-20T13:34:43,
tortuosity,gpu,matrixfree,16,n800_b200_p020,800,2,0.2,0.18995,97254252,iters,189,13.56816219,13.56020695,0.0005866607732,13.67988589,0,3,target_reached,pmeal-hpc,2026-08-20T13:34:43,
tortuosity,gpu,matrixfree,16,n800_b200_p040,800,2,0.4,0.3993,204441481,iters,1,0.005188135627,2.540426233,0.9979577696,2.659788799,0,3,,pmeal-hpc,2026-08-20T13:36:32,
tortuosity,gpu,matrixfree,16,n800_b200_p040,800,2,0.4,0.3993,204441481,iters,2,0.006246637701,2.540426233,0.9975411064,2.769197111,0,3,,pmeal-hpc,2026-08-20T13:36:32,
tortuosity,gpu,matrixfree,16,n800_b200_p040,800,2,0.4,0.3993,204441481,iters,3,0.007747435201,2.540426233,0.9969503404,2.878866232,0,3,,pmeal-hpc,2026-08-20T13:36:32,
tortuosity,gpu,matrixfree,16,n800_b200_p040,800,2,0.4,0.3993,204441481,iters,6,0.04270432101,2.540426233,0.983190096,3.191600713,0,3,,pmeal-hpc,2026-08-20T13:36:32,
tortuosity,gpu,matrixfree,16,n800_b200_p040,800,2,0.4,0.3993,204441481,iters,10,0.06654407815,2.540426233,0.9738059396,3.621424156,0,3,,pmeal-hpc,2026-08-20T13:36:32,
tortuosity,gpu,matrixfree,16,n800_b200_p040,800,2,0.4,0.3993,204441481,iters,18,-0.4478131042,2.540426233,1.176274791,4.475972345,-0,3,,pmeal-hpc,2026-08-20T13:36:32,
tortuosity,gpu,matrixfree,16,n800_b200_p040,800,2,0.4,0.3993,204441481,iters,33,2.150689718,2.540426233,0.1534138288,6.03695244,0,3,,pmeal-hpc,2026-08-20T13:36:32,
tortuosity,gpu,matrixfree,16,n800_b200_p040,800,2,0.4,0.3993,204441481,iters,59,2.543438363,2.540426233,0.001185679179,8.770923768,0,3,,pmeal-hpc,2026-08-20T13:36:32,
tortuosity,gpu,matrixfree,16,n800_b200_p040,800,2,0.4,0.3993,204441481,iters,106,2.540573565,2.540426233,5.799493921e-05,13.76770681,0,3,target_reached,pmeal-hpc,2026-08-20T13:36:32,
tortuosity,gpu,matrixfree,16,n800_b200_p060,800,2,0.6,0.602005,308226382,iters,1,0.005716526002,1.551467408,0.996315407,3.252481428,0,3,,pmeal-hpc,2026-08-20T13:38:17,
tortuosity,gpu,matrixfree,16,n800_b200_p060,800,2,0.6,0.602005,308226382,iters,2,0.006908796666,1.551467408,0.9955469276,3.388556563,0,3,,pmeal-hpc,2026-08-20T13:38:17,
tortuosity,gpu,matrixfree,16,n800_b200_p060,800,2,0.6,0.602005,308226382,iters,3,0.008522201847,1.551467408,0.9945070056,3.528004549,0,3,,pmeal-hpc,2026-08-20T13:38:17,
tortuosity,gpu,matrixfree,16,n800_b200_p060,800,2,0.6,0.602005,308226382,iters,6,0.04640736537,1.551467408,0.9700880823,3.941794308,0,3,,pmeal-hpc,2026-08-20T13:38:17,
tortuosity,gpu,matrixfree,16,n800_b200_p060,800,2,0.6,0.602005,308226382,iters,10,0.06969364048,1.551467408,0.9550788885,4.462925402,0,3,,pmeal-hpc,2026-08-20T13:38:17,
tortuosity,gpu,matrixfree,16,n800_b200_p060,800,2,0.6,0.602005,308226382,iters,18,-0.4663674104,1.551467408,1.30059762,5.528234406,-0,3,,pmeal-hpc,2026-08-20T13:38:17,
tortuosity,gpu,matrixfree,16,n800_b200_p060,800,2,0.6,0.602005,308226382,iters,33,1.393707426,1.551467408,0.1016843673,7.517090773,0,3,,pmeal-hpc,2026-08-20T13:38:17,
tortuosity,gpu,matrixfree,16,n800_b200_p060,800,2,0.6,0.602005,308226382,iters,59,1.552210655,1.551467408,0.0004790607178,10.98492237,0,3,target_reached,pmeal-hpc,2026-08-20T13:38:17,
tortuosity,gpu,matrixfree,16,n800_b200_p080,800,2,0.8,0.802459,410859253,iters,1,0.005883900766,1.188212956,0.9950481092,4.151422735,0,3,,pmeal-hpc,2026-08-20T13:40:18,
tortuosity,gpu,matrixfree,16,n800_b200_p080,800,2,0.8,0.802459,410859253,iters,2,0.007138047337,1.188212956,0.9939926195,4.316806348,0,3,,pmeal-hpc,2026-08-20T13:40:18,
tortuosity,gpu,matrixfree,16,n800_b200_p080,800,2,0.8,0.802459,410859253,iters,3,0.008804955393,1.188212956,0.9925897497,4.474895547,0,3,,pmeal-hpc,2026-08-20T13:40:18,
tortuosity,gpu,matrixfree,16,n800_b200_p080,800,2,0.8,0.802459,410859253,iters,6,0.04783689699,1.188212956,0.9597404685,4.949335016,0,3,,pmeal-hpc,2026-08-20T13:40:18,
tortuosity,gpu,matrixfree,16,n800_b200_p080,800,2,0.8,0.802459,410859253,iters,10,0.06976339413,1.188212956,0.9412871289,5.58402327,0,3,,pmeal-hpc,2026-08-20T13:40:18,
tortuosity,gpu,matrixfree,16,n800_b200_p080,800,2,0.8,0.802459,410859253,iters,18,-0.4816954541,1.188212956,1.405394885,6.833997339,-0,3,,pmeal-hpc,2026-08-20T13:40:18,
tortuosity,gpu,matrixfree,16,n800_b200_p080,800,2,0.8,0.802459,410859253,iters,33,1.067732393,1.188212956,0.1013964397,9.170731802,0,3,,pmeal-hpc,2026-08-20T13:40:18,
tortuosity,gpu,matrixfree,16,n800_b200_p080,800,2,0.8,0.802459,410859253,iters,59,1.188840551,1.188212956,0.0005281839447,13.21293852,0,3,target_reached,pmeal-hpc,2026-08-20T13:40:18,
tortuosity,gpu,matrixfree,16,n800_b200_p095,800,2,0.95,0.949699,486245700,iters,1,0.005614001389,1.038427024,0.9945937449,4.614195589,0,3,,pmeal-hpc,2026-08-20T13:42:28,
tortuosity,gpu,matrixfree,16,n800_b200_p095,800,2,0.95,0.949699,486245700,iters,2,0.006847707003,1.038427024,0.9934056926,4.782021895,0,3,,pmeal-hpc,2026-08-20T13:42:28,
tortuosity,gpu,matrixfree,16,n800_b200_p095,800,2,0.95,0.949699,486245700,iters,3,0.00861583645,1.038427024,0.9917029928,4.953073132,0,3,,pmeal-hpc,2026-08-20T13:42:28,
tortuosity,gpu,matrixfree,16,n800_b200_p095,800,2,0.95,0.949699,486245700,iters,6,0.04679881415,1.038427024,0.9549329774,5.457474724,0,3,,pmeal-hpc,2026-08-20T13:42:28,
tortuosity,gpu,matrixfree,16,n800_b200_p095,800,2,0.95,0.949699,486245700,iters,10,0.06623239051,1.038427024,0.9362185411,6.123754226,0,3,,pmeal-hpc,2026-08-20T13:42:28,
tortuosity,gpu,matrixfree,16,n800_b200_p095,800,2,0.95,0.949699,486245700,iters,18,-0.4656216329,1.038427024,1.44839129,7.458492475,-0,3,,pmeal-hpc,2026-08-20T13:42:28,
tortuosity,gpu,matrixfree,16,n800_b200_p095,800,2,0.95,0.949699,486245700,iters,33,0.9193324878,1.038427024,0.1146874392,9.97801924,0,3,,pmeal-hpc,2026-08-20T13:42:28,
tortuosity,gpu,matrixfree,16,n800_b200_p095,800,2,0.95,0.949699,486245700,iters,59,1.037828471,1.038427024,0.0005764037913,14.31576857,0,3,target_reached,pmeal-hpc,2026-08-20T13:42:28,
tortuosity,gpu,matrixfree,16,n1000_b050_p040,1000,0.5,0.4,0.389098,389098003,iters,1,0.00388118831,3.244818259,0.9988038811,4.953839403,0,3,,pmeal-hpc,2026-08-20T13:45:35,
tortuosity,gpu,matrixfree,16,n1000_b050_p040,1000,0.5,0.4,0.389098,389098003,iters,2,0.00476664893,3.244818259,0.9985309966,5.104504354,0,3,,pmeal-hpc,2026-08-20T13:45:35,
tortuosity,gpu,matrixfree,16,n1000_b050_p040,1000,0.5,0.4,0.389098,389098003,iters,3,0.006221611203,3.244818259,0.998082601,5.256692367,0,3,,pmeal-hpc,2026-08-20T13:45:35,
tortuosity,gpu,matrixfree,16,n1000_b050_p040,1000,0.5,0.4,0.389098,389098003,iters,6,0.03411112546,3.244818259,0.9894875082,5.721470914,0,3,,pmeal-hpc,2026-08-20T13:45:35,
tortuosity,gpu,matrixfree,16,n1000_b050_p040,1000,0.5,0.4,0.389098,389098003,iters,10,0.04902406823,3.244818259,0.9848915827,6.328794203,0,3,,pmeal-hpc,2026-08-20T13:45:35,
tortuosity,gpu,matrixfree,16,n1000_b050_p040,1000,0.5,0.4,0.389098,389098003,iters,18,-0.2556107739,3.244818259,1.078775066,7.518876181,-0,3,,pmeal-hpc,2026-08-20T13:45:35,
tortuosity,gpu,matrixfree,16,n1000_b050_p040,1000,0.5,0.4,0.389098,389098003,iters,33,1.95453487,3.244818259,0.3976442704,9.727228279,0,3,,pmeal-hpc,2026-08-20T13:45:35,
tortuosity,gpu,matrixfree,16,n1000_b050_p040,1000,0.5,0.4,0.389098,389098003,iters,59,3.17193156,3.244818259,0.02246249048,13.56740504,0,3,,pmeal-hpc,2026-08-20T13:45:35,
tortuosity,gpu,matrixfree,16,n1000_b050_p040,1000,0.5,0.4,0.389098,389098003,iters,106,3.24322169,3.244818259,0.0004920365811,20.56683921,0,3,target_reached,pmeal-hpc,2026-08-20T13:45:35,
tortuosity,gpu,matrixfree,16,n1000_b050_p060,1000,0.5,0.6,0.600543,600543162,iters,1,0.004401568285,1.529751146,0.99712269,6.441261902,0,3,,pmeal-hpc,2026-08-20T13:48:41,
tortuosity,gpu,matrixfree,16,n1000_b050_p060,1000,0.5,0.6,0.600543,600543162,iters,2,0.005405684365,1.529751146,0.9964662982,7.021501923,0,3,,pmeal-hpc,2026-08-20T13:48:41,
tortuosity,gpu,matrixfree,16,n1000_b050_p060,1000,0.5,0.6,0.600543,600543162,iters,3,0.007133415773,1.529751146,0.9953368783,7.651935091,0,3,,pmeal-hpc,2026-08-20T13:48:41,
tortuosity,gpu,matrixfree,16,n1000_b050_p060,1000,0.5,0.6,0.600543,600543162,iters,6,0.0384178659,1.529751146,0.974886199,8.630866849,0,3,,pmeal-hpc,2026-08-20T13:48:41,
tortuosity,gpu,matrixfree,16,n1000_b050_p060,1000,0.5,0.6,0.600543,600543162,iters,10,0.05412245654,1.529751146,0.9646200909,9.830629914,0,3,,pmeal-hpc,2026-08-20T13:48:41,
tortuosity,gpu,matrixfree,16,n1000_b050_p060,1000,0.5,0.6,0.600543,600543162,iters,18,-0.3167104291,1.529751146,1.207033954,11.87350621,-0,3,,pmeal-hpc,2026-08-20T13:48:41,
tortuosity,gpu,matrixfree,16,n1000_b050_p060,1000,0.5,0.6,0.600543,600543162,iters,33,1.156676971,1.529751146,0.2438789968,15.42912177,0,3,,pmeal-hpc,2026-08-20T13:48:41,
tortuosity,gpu,matrixfree,16,n1000_b050_p060,1000,0.5,0.6,0.600543,600543162,iters,59,1.528540472,1.529751146,0.0007914187997,21.30796521,0,3,target_reached,pmeal-hpc,2026-08-20T13:48:41,
tortuosity,gpu,matrixfree,16,n1000_b050_p080,1000,0.5,0.8,0.808622,808621670,iters,1,0.004667097042,1.174130449,0.9960250609,7.989996405,0,3,,pmeal-hpc,2026-08-20T13:52:22,
tortuosity,gpu,matrixfree,16,n1000_b050_p080,1000,0.5,0.8,0.808622,808621670,iters,2,0.005733944309,1.174130449,0.9951164333,8.686414249,0,3,,pmeal-hpc,2026-08-20T13:52:22,
tortuosity,gpu,matrixfree,16,n1000_b050_p080,1000,0.5,0.8,0.808622,808621670,iters,3,0.007634725977,1.174130449,0.9934975488,9.406608268,0,3,,pmeal-hpc,2026-08-20T13:52:22,
tortuosity,gpu,matrixfree,16,n1000_b050_p080,1000,0.5,0.8,0.808622,808621670,iters,6,0.04056780359,1.174130449,0.9654486402,10.61054942,0,3,,pmeal-hpc,2026-08-20T13:52:22,
tortuosity,gpu,matrixfree,16,n1000_b050_p080,1000,0.5,0.8,0.808622,808621670,iters,10,0.05633911437,1.174130449,0.9520163075,12.0936701,0,3,,pmeal-hpc,2026-08-20T13:52:22,
tortuosity,gpu,matrixfree,16,n1000_b050_p080,1000,0.5,0.8,0.808622,808621670,iters,18,-0.3590058627,1.174130449,1.305763182,14.6872795,-0,3,,pmeal-hpc,2026-08-20T13:52:22,
tortuosity,gpu,matrixfree,16,n1000_b050_p080,1000,0.5,0.8,0.808622,808621670,iters,33,0.9541619995,1.174130449,0.1873458351,19.21060817,0,3,,pmeal-hpc,2026-08-20T13:52:22,
tortuosity,gpu,matrixfree,16,n1000_b050_p080,1000,0.5,0.8,0.808622,808621670,iters,59,1.173782334,1.174130449,0.0002964871513,26.80344093,0,3,target_reached,pmeal-hpc,2026-08-20T13:52:22,
tortuosity,gpu,matrixfree,16,n1000_b050_p095,1000,0.5,0.95,0.951714,951714034,iters,1,0.004550433328,1.035720079,0.9956065027,8.842300281,0,3,,pmeal-hpc,2026-08-20T13:57:25,
tortuosity,gpu,matrixfree,16,n1000_b050_p095,1000,0.5,0.95,0.951714,951714034,iters,2,0.005571673792,1.035720079,0.994620483,9.589834403,0,3,,pmeal-hpc,2026-08-20T13:57:25,
tortuosity,gpu,matrixfree,16,n1000_b050_p095,1000,0.5,0.95,0.951714,951714034,iters,3,0.00742575997,1.035720079,0.9928303408,10.34986512,0,3,,pmeal-hpc,2026-08-20T13:57:25,
tortuosity,gpu,matrixfree,16,n1000_b050_p095,1000,0.5,0.95,0.951714,951714034,iters,6,0.03738569436,1.035720079,0.9639036694,11.64661715,0,3,,pmeal-hpc,2026-08-20T13:57:25,
tortuosity,gpu,matrixfree,16,n1000_b050_p095,1000,0.5,0.95,0.951714,951714034,iters,10,0.04871802123,1.035720079,0.9529621736,13.23466685,0,3,,pmeal-hpc,2026-08-20T13:57:25,
tortuosity,gpu,matrixfree,16,n1000_b050_p095,1000,0.5,0.95,0.951714,951714034,iters,18,-0.2188957941,1.035720079,1.211346481,16.03519099,-0,3,,pmeal-hpc,2026-08-20T13:57:25,
tortuosity,gpu,matrixfree,16,n1000_b050_p095,1000,0.5,0.95,0.951714,951714034,iters,33,0.7623543144,1.035720079,0.2639378826,20.90552747,0,3,,pmeal-hpc,2026-08-20T13:57:25,
tortuosity,gpu,matrixfree,16,n1000_b050_p095,1000,0.5,0.95,0.951714,951714034,iters,59,1.033544864,1.035720079,0.00210019587,29.07601396,0,3,,pmeal-hpc,2026-08-20T13:57:25,
tortuosity,gpu,matrixfree,16,n1000_b050_p095,1000,0.5,0.95,0.951714,951714034,iters,106,1.035809079,1.035720079,8.593080651e-05,43.57065629,0,3,target_reached,pmeal-hpc,2026-08-20T13:57:25,
tortuosity,gpu,matrixfree,16,n1000_b100_p020,1000,1,0.2,0.184187,184187030,iters,1,0.003404599278,13.16595545,0.9997414089,3.340130104,NaN,1,,pmeal-hpc,2026-08-20T14:00:22,
tortuosity,gpu,matrixfree,16,n1000_b100_p020,1000,1,0.2,0.184187,184187030,iters,2,0.004150088014,13.16595545,0.9996847864,3.43036748,NaN,1,,pmeal-hpc,2026-08-20T14:00:22,
tortuosity,gpu,matrixfree,16,n1000_b100_p020,1000,1,0.2,0.184187,184187030,iters,3,0.005190550214,13.16595545,0.9996057597,3.525322577,NaN,1,,pmeal-hpc,2026-08-20T14:00:22,
tortuosity,gpu,matrixfree,16,n1000_b100_p020,1000,1,0.2,0.184187,184187030,iters,6,0.0295950614,13.16595545,0.9977521524,3.784110217,NaN,1,,pmeal-hpc,2026-08-20T14:00:22,
tortuosity,gpu,matrixfree,16,n1000_b100_p020,1000,1,0.2,0.184187,184187030,iters,10,0.04406284581,13.16595545,0.996653274,4.152669646,NaN,1,,pmeal-hpc,2026-08-20T14:00:22,
tortuosity,gpu,matrixfree,16,n1000_b100_p020,1000,1,0.2,0.184187,184187030,iters,18,-0.2315587029,13.16595545,1.017587687,4.868751132,NaN,1,,pmeal-hpc,2026-08-20T14:00:22,
tortuosity,gpu,matrixfree,16,n1000_b100_p020,1000,1,0.2,0.184187,184187030,iters,33,3.332105642,13.16595545,0.7469150147,6.19859793,NaN,1,,pmeal-hpc,2026-08-20T14:00:22,
tortuosity,gpu,matrixfree,16,n1000_b100_p020,1000,1,0.2,0.184187,184187030,iters,59,9.648050196,13.16595545,0.2671971106,8.489410748,NaN,1,,pmeal-hpc,2026-08-20T14:00:22,
tortuosity,gpu,matrixfree,16,n1000_b100_p020,1000,1,0.2,0.184187,184187030,iters,106,12.88312982,13.16595545,0.02148158798,12.5768005,NaN,1,,pmeal-hpc,2026-08-20T14:00:22,
tortuosity,gpu,matrixfree,16,n1000_b100_p020,1000,1,0.2,0.184187,184187030,iters,189,13.15077515,13.16595545,0.00115299628,19.8552573,NaN,1,,pmeal-hpc,2026-08-20T14:00:22,
tortuosity,gpu,matrixfree,16,n1000_b100_p020,1000,1,0.2,0.184187,184187030,iters,339,13.18509081,13.16595545,0.001453397179,32.95198509,NaN,1,,pmeal-hpc,2026-08-20T14:00:22,
tortuosity,gpu,matrixfree,16,n1000_b100_p020,1000,1,0.2,0.184187,184187030,iters,607,13.16601053,13.16595545,4.183170802e-06,72.00636567,NaN,1,target_reached,pmeal-hpc,2026-08-20T14:00:22,
tortuosity,gpu,matrixfree,16,n1000_b100_p040,1000,1,0.4,0.395251,395251340,iters,1,0.004071768496,2.652234457,0.9984647781,5.131800575,0,3,,pmeal-hpc,2026-08-20T14:03:36,
tortuosity,gpu,matrixfree,16,n1000_b100_p040,1000,1,0.4,0.395251,395251340,iters,2,0.004977013432,2.652234457,0.998123464,5.310529547,0,3,,pmeal-hpc,2026-08-20T14:03:36,
tortuosity,gpu,matrixfree,16,n1000_b100_p040,1000,1,0.4,0.395251,395251340,iters,3,0.00628520303,2.652234457,0.9976302234,5.473564016,0,3,,pmeal-hpc,2026-08-20T14:03:36,
tortuosity,gpu,matrixfree,16,n1000_b100_p040,1000,1,0.4,0.395251,395251340,iters,6,0.03510778718,2.652234457,0.9867629398,5.959462627,0,3,,pmeal-hpc,2026-08-20T14:03:36,
tortuosity,gpu,matrixfree,16,n1000_b100_p040,1000,1,0.4,0.395251,395251340,iters,10,0.05111646449,2.652234457,0.9807270189,6.624290587,0,3,,pmeal-hpc,2026-08-20T14:03:36,
tortuosity,gpu,matrixfree,16,n1000_b100_p040,1000,1,0.4,0.395251,395251340,iters,18,-0.2771421059,2.652234457,1.104493818,7.963920667,-0,3,,pmeal-hpc,2026-08-20T14:03:36,
tortuosity,gpu,matrixfree,16,n1000_b100_p040,1000,1,0.4,0.395251,395251340,iters,33,1.658124506,2.652234457,0.3748197859,10.39545134,0,3,,pmeal-hpc,2026-08-20T14:03:36,
tortuosity,gpu,matrixfree,16,n1000_b100_p040,1000,1,0.4,0.395251,395251340,iters,59,2.631337322,2.652234457,0.007879067704,14.64356486,0,3,,pmeal-hpc,2026-08-20T14:03:36,
tortuosity,gpu,matrixfree,16,n1000_b100_p040,1000,1,0.4,0.395251,395251340,iters,106,2.652465059,2.652234457,8.694636344e-05,22.28617571,0,3,target_reached,pmeal-hpc,2026-08-20T14:03:36,
tortuosity,gpu,matrixfree,16,n1000_b100_p060,1000,1,0.6,0.601834,601833672,iters,1,0.004558804558,1.541790971,0.997043176,6.620729607,0,3,,pmeal-hpc,2026-08-20T14:06:47,
tortuosity,gpu,matrixfree,16,n1000_b100_p060,1000,1,0.6,0.601834,601833672,iters,2,0.005579666963,1.541790971,0.9963810484,7.233545093,0,3,,pmeal-hpc,2026-08-20T14:06:47,
tortuosity,gpu,matrixfree,16,n1000_b100_p060,1000,1,0.6,0.601834,601833672,iters,3,0.007100695293,1.541790971,0.9953945149,7.889955524,0,3,,pmeal-hpc,2026-08-20T14:06:47,
tortuosity,gpu,matrixfree,16,n1000_b100_p060,1000,1,0.6,0.601834,601833672,iters,6,0.0388765194,1.541790971,0.9747848313,8.915698397,0,3,,pmeal-hpc,2026-08-20T14:06:47,
tortuosity,gpu,matrixfree,16,n1000_b100_p060,1000,1,0.6,0.601834,601833672,iters,10,0.05546268546,1.541790971,0.9640271045,10.17138316,0,3,,pmeal-hpc,2026-08-20T14:06:47,
tortuosity,gpu,matrixfree,16,n1000_b100_p060,1000,1,0.6,0.601834,601833672,iters,18,-0.3196187084,1.541790971,1.207303528,12.3601041,-0,3,,pmeal-hpc,2026-08-20T14:06:47,
tortuosity,gpu,matrixfree,16,n1000_b100_p060,1000,1,0.6,0.601834,601833672,iters,33,1.151366242,1.541790971,0.2532280552,16.21021566,0,3,,pmeal-hpc,2026-08-20T14:06:47,
tortuosity,gpu,matrixfree,16,n1000_b100_p060,1000,1,0.6,0.601834,601833672,iters,59,1.542880604,1.541790971,0.0007067319454,22.66205506,0,3,target_reached,pmeal-hpc,2026-08-20T14:06:47,
tortuosity,gpu,matrixfree,16,n1000_b100_p080,1000,1,0.8,0.805227,805226521,iters,1,0.004758196259,1.177749756,0.9959599259,7.592108573,0,3,,pmeal-hpc,2026-08-20T14:11:22,
tortuosity,gpu,matrixfree,16,n1000_b100_p080,1000,1,0.8,0.805227,805226521,iters,2,0.00580901763,1.177749756,0.9950676979,8.266892762,0,3,,pmeal-hpc,2026-08-20T14:11:22,
tortuosity,gpu,matrixfree,16,n1000_b100_p080,1000,1,0.8,0.805227,805226521,iters,3,0.007429167833,1.177749756,0.9936920659,8.994952146,0,3,,pmeal-hpc,2026-08-20T14:11:22,
tortuosity,gpu,matrixfree,16,n1000_b100_p080,1000,1,0.8,0.805227,805226521,iters,6,0.03789418984,1.177749756,0.9678249224,10.18890994,0,3,,pmeal-hpc,2026-08-20T14:11:22,
tortuosity,gpu,matrixfree,16,n1000_b100_p080,1000,1,0.8,0.805227,805226521,iters,10,0.0508602768,1.177749756,0.9568157187,11.63334817,0,3,,pmeal-hpc,2026-08-20T14:11:22,
tortuosity,gpu,matrixfree,16,n1000_b100_p080,1000,1,0.8,0.805227,805226521,iters,18,-0.2229859846,1.177749756,1.189332227,14.19000576,-0,3,,pmeal-hpc,2026-08-20T14:11:22,
tortuosity,gpu,matrixfree,16,n1000_b100_p080,1000,1,0.8,0.805227,805226521,iters,33,0.8400317786,1.177749756,0.2867485013,18.58942601,0,3,,pmeal-hpc,2026-08-20T14:11:22,
tortuosity,gpu,matrixfree,16,n1000_b100_p080,1000,1,0.8,0.805227,805226521,iters,59,1.174996928,1.177749756,0.00233736204,25.99323056,0,3,,pmeal-hpc,2026-08-20T14:11:22,
tortuosity,gpu,matrixfree,16,n1000_b100_p080,1000,1,0.8,0.805227,805226521,iters,106,1.177887351,1.177749756,0.0001168289564,38.99033642,0,3,target_reached,pmeal-hpc,2026-08-20T14:11:22,
tortuosity,gpu,matrixfree,16,n1000_b100_p095,1000,1,0.95,0.950636,950636264,iters,1,0.004566819851,1.034226161,0.9955843122,8.821681988,0,3,,pmeal-hpc,2026-08-20T14:16:23,
tortuosity,gpu,matrixfree,16,n1000_b100_p095,1000,1,0.95,0.950636,950636264,iters,2,0.005588089228,1.034226161,0.9945968402,9.574916848,0,3,,pmeal-hpc,2026-08-20T14:16:23,
tortuosity,gpu,matrixfree,16,n1000_b100_p095,1000,1,0.95,0.950636,950636264,iters,3,0.007296380165,1.034226161,0.9929450826,10.35793335,0,3,,pmeal-hpc,2026-08-20T14:16:23,
tortuosity,gpu,matrixfree,16,n1000_b100_p095,1000,1,0.95,0.950636,950636264,iters,6,0.03687724605,1.034226161,0.964343151,11.6854113,0,3,,pmeal-hpc,2026-08-20T14:16:23,
tortuosity,gpu,matrixfree,16,n1000_b100_p095,1000,1,0.95,0.950636,950636264,iters,10,0.04860459209,1.034226161,0.9530039039,13.28165781,0,3,,pmeal-hpc,2026-08-20T14:16:23,
tortuosity,gpu,matrixfree,16,n1000_b100_p095,1000,1,0.95,0.950636,950636264,iters,18,-0.2127462245,1.034226161,1.205705708,16.09225727,-0,3,,pmeal-hpc,2026-08-20T14:16:23,
tortuosity,gpu,matrixfree,16,n1000_b100_p095,1000,1,0.95,0.950636,950636264,iters,33,0.7627685407,1.034226161,0.2624741382,21.01417241,0,3,,pmeal-hpc,2026-08-20T14:16:23,
tortuosity,gpu,matrixfree,16,n1000_b100_p095,1000,1,0.95,0.950636,950636264,iters,59,1.031876308,1.034226161,0.002272088546,29.21809451,0,3,,pmeal-hpc,2026-08-20T14:16:23,
tortuosity,gpu,matrixfree,16,n1000_b100_p095,1000,1,0.95,0.950636,950636264,iters,106,1.034303304,1.034226161,7.459033848e-05,43.76864633,0,3,target_reached,pmeal-hpc,2026-08-20T14:16:23,
tortuosity,gpu,matrixfree,16,n1000_b200_p020,1000,2,0.2,0.190252,190252394,iters,1,0.003431018292,10.17284166,0.9996627276,3.471326319,0,3,,pmeal-hpc,2026-08-20T14:19:31,
tortuosity,gpu,matrixfree,16,n1000_b200_p020,1000,2,0.2,0.190252,190252394,iters,2,0.004134356238,10.17284166,0.9995935889,3.586778177,0,3,,pmeal-hpc,2026-08-20T14:19:31,
tortuosity,gpu,matrixfree,16,n1000_b200_p020,1000,2,0.2,0.190252,190252394,iters,3,0.005220584062,10.17284166,0.9994868116,3.703086209,0,3,,pmeal-hpc,2026-08-20T14:19:31,
tortuosity,gpu,matrixfree,16,n1000_b200_p020,1000,2,0.2,0.190252,190252394,iters,6,0.03023813252,10.17284166,0.9970275628,4.03739813,0,3,,pmeal-hpc,2026-08-20T14:19:31,
tortuosity,gpu,matrixfree,16,n1000_b200_p020,1000,2,0.2,0.190252,190252394,iters,10,0.04699618967,10.17284166,0.9953802299,4.489617637,0,3,,pmeal-hpc,2026-08-20T14:19:31,
tortuosity,gpu,matrixfree,16,n1000_b200_p020,1000,2,0.2,0.190252,190252394,iters,18,-0.3120169086,10.17284166,1.030671559,5.397634681,-0,3,,pmeal-hpc,2026-08-20T14:19:31,
tortuosity,gpu,matrixfree,16,n1000_b200_p020,1000,2,0.2,0.190252,190252394,iters,33,3.558984379,10.17284166,0.6501484543,7.044361633,0,3,,pmeal-hpc,2026-08-20T14:19:31,
tortuosity,gpu,matrixfree,16,n1000_b200_p020,1000,2,0.2,0.190252,190252394,iters,59,9.725255335,10.17284166,0.04399816094,9.891912476,0,3,,pmeal-hpc,2026-08-20T14:19:31,
tortuosity,gpu,matrixfree,16,n1000_b200_p020,1000,2,0.2,0.190252,190252394,iters,106,10.06315475,10.17284166,0.01078232784,15.05956809,0,3,,pmeal-hpc,2026-08-20T14:19:31,
tortuosity,gpu,matrixfree,16,n1000_b200_p020,1000,2,0.2,0.190252,190252394,iters,189,10.18211021,10.17284166,0.0009111074247,24.14479994,0,3,target_reached,pmeal-hpc,2026-08-20T14:19:31,
tortuosity,gpu,matrixfree,16,n1000_b200_p040,1000,2,0.4,0.398291,398291423,iters,1,0.004101194308,2.506045383,0.9983634796,5.081860202,0,3,,pmeal-hpc,2026-08-20T14:22:50,
tortuosity,gpu,matrixfree,16,n1000_b200_p040,1000,2,0.4,0.398291,398291423,iters,2,0.004941009202,2.506045383,0.998028364,5.265051521,0,3,,pmeal-hpc,2026-08-20T14:22:50,
tortuosity,gpu,matrixfree,16,n1000_b200_p040,1000,2,0.4,0.398291,398291423,iters,3,0.006150281576,2.506045383,0.9975458219,5.454124124,0,3,,pmeal-hpc,2026-08-20T14:22:50,
tortuosity,gpu,matrixfree,16,n1000_b200_p040,1000,2,0.4,0.398291,398291423,iters,6,0.03250171265,2.506045383,0.9870306768,5.997230642,0,3,,pmeal-hpc,2026-08-20T14:22:50,
tortuosity,gpu,matrixfree,16,n1000_b200_p040,1000,2,0.4,0.398291,398291423,iters,10,0.04858517202,2.506045383,0.9806128124,6.72738759,0,3,,pmeal-hpc,2026-08-20T14:22:50,
tortuosity,gpu,matrixfree,16,n1000_b200_p040,1000,2,0.4,0.398291,398291423,iters,18,-0.2725411139,2.506045383,1.108753463,8.138864021,-0,3,,pmeal-hpc,2026-08-20T14:22:50,
tortuosity,gpu,matrixfree,16,n1000_b200_p040,1000,2,0.4,0.398291,398291423,iters,33,1.251717131,2.506045383,0.5005209642,10.77290176,0,3,,pmeal-hpc,2026-08-20T14:22:50,
tortuosity,gpu,matrixfree,16,n1000_b200_p040,1000,2,0.4,0.398291,398291423,iters,59,2.385247108,2.506045383,0.04820274845,15.39976175,0,3,,pmeal-hpc,2026-08-20T14:22:50,
tortuosity,gpu,matrixfree,16,n1000_b200_p040,1000,2,0.4,0.398291,398291423,iters,106,2.506021516,2.506045383,9.523818057e-06,23.69340781,0,3,target_reached,pmeal-hpc,2026-08-20T14:22:50,
tortuosity,gpu,matrixfree,16,n1000_b200_p060,1000,2,0.6,0.601128,601127844,iters,1,0.004439916996,1.539069636,0.9971151942,6.422729267,0,3,,pmeal-hpc,2026-08-20T14:26:48,
tortuosity,gpu,matrixfree,16,n1000_b200_p060,1000,2,0.6,0.601128,601127844,iters,2,0.005366060801,1.539069636,0.9965134386,7.01582396,0,3,,pmeal-hpc,2026-08-20T14:26:48,
tortuosity,gpu,matrixfree,16,n1000_b200_p060,1000,2,0.6,0.601128,601127844,iters,3,0.006674428527,1.539069636,0.9956633356,7.65514966,0,3,,pmeal-hpc,2026-08-20T14:26:48,
tortuosity,gpu,matrixfree,16,n1000_b200_p060,1000,2,0.6,0.601128,601127844,iters,6,0.03454667339,1.539069636,0.9775535346,8.655971567,0,3,,pmeal-hpc,2026-08-20T14:26:48,
tortuosity,gpu,matrixfree,16,n1000_b200_p060,1000,2,0.6,0.601128,601127844,iters,10,0.04972816102,1.539069636,0.9676894665,9.903763556,0,3,,pmeal-hpc,2026-08-20T14:26:48,
tortuosity,gpu,matrixfree,16,n1000_b200_p060,1000,2,0.6,0.601128,601127844,iters,18,-0.2452155039,1.539069636,1.159327101,12.08494394,-0,3,,pmeal-hpc,2026-08-20T14:26:48,
tortuosity,gpu,matrixfree,16,n1000_b200_p060,1000,2,0.6,0.601128,601127844,iters,33,0.9863448948,1.539069636,0.3591291312,15.88677096,0,3,,pmeal-hpc,2026-08-20T14:26:48,
tortuosity,gpu,matrixfree,16,n1000_b200_p060,1000,2,0.6,0.601128,601127844,iters,59,1.527052576,1.539069636,0.007808002576,22.2994359,0,3,,pmeal-hpc,2026-08-20T14:26:48,
tortuosity,gpu,matrixfree,16,n1000_b200_p060,1000,2,0.6,0.601128,601127844,iters,106,1.539245199,1.539069636,0.0001140708668,33.59424111,0,3,target_reached,pmeal-hpc,2026-08-20T14:26:48,
tortuosity,gpu,matrixfree,16,n1000_b200_p080,1000,2,0.8,0.802364,802363965,iters,1,0.004614357172,1.181214812,0.9960935495,7.951789382,0,3,,pmeal-hpc,2026-08-20T14:31:25,
tortuosity,gpu,matrixfree,16,n1000_b200_p080,1000,2,0.8,0.802364,802363965,iters,2,0.005596629751,1.181214812,0.9952619712,8.587284254,0,3,,pmeal-hpc,2026-08-20T14:31:25,
tortuosity,gpu,matrixfree,16,n1000_b200_p080,1000,2,0.8,0.802364,802363965,iters,3,0.006989961792,1.181214812,0.9940823957,9.214133908,0,3,,pmeal-hpc,2026-08-20T14:31:25,
tortuosity,gpu,matrixfree,16,n1000_b200_p080,1000,2,0.8,0.802364,802363965,iters,6,0.03587943308,1.181214812,0.9696249719,10.41575478,0,3,,pmeal-hpc,2026-08-20T14:31:25,
tortuosity,gpu,matrixfree,16,n1000_b200_p080,1000,2,0.8,0.802364,802363965,iters,10,0.04976492048,1.181214812,0.9578697118,11.88959776,0,3,,pmeal-hpc,2026-08-20T14:31:25,
tortuosity,gpu,matrixfree,16,n1000_b200_p080,1000,2,0.8,0.802364,802363965,iters,18,-0.2261290376,1.181214812,1.191437692,14.47521828,-0,3,,pmeal-hpc,2026-08-20T14:31:25,
tortuosity,gpu,matrixfree,16,n1000_b200_p080,1000,2,0.8,0.802364,802363965,iters,33,0.8430560189,1.181214812,0.2862805221,19.03814881,0,3,,pmeal-hpc,2026-08-20T14:31:25,
tortuosity,gpu,matrixfree,16,n1000_b200_p080,1000,2,0.8,0.802364,802363965,iters,59,1.177863813,1.181214812,0.002836909322,26.68491026,0,3,,pmeal-hpc,2026-08-20T14:31:25,
tortuosity,gpu,matrixfree,16,n1000_b200_p080,1000,2,0.8,0.802364,802363965,iters,106,1.181313648,1.181214812,8.367358188e-05,40.21423531,0,3,target_reached,pmeal-hpc,2026-08-20T14:31:25,
tortuosity,gpu,matrixfree,16,n1000_b200_p095,1000,2,0.95,0.950179,950179051,iters,1,0.004465822218,1.036268195,0.9956904764,8.979388755,0,3,,pmeal-hpc,2026-08-20T14:36:28,
tortuosity,gpu,matrixfree,16,n1000_b200_p095,1000,2,0.95,0.950179,950179051,iters,2,0.005443841701,1.036268195,0.9947466865,9.673018714,0,3,,pmeal-hpc,2026-08-20T14:36:28,
tortuosity,gpu,matrixfree,16,n1000_b200_p095,1000,2,0.95,0.950179,950179051,iters,3,0.006967529852,1.036268195,0.9932763257,10.38350628,0,3,,pmeal-hpc,2026-08-20T14:36:28,
tortuosity,gpu,matrixfree,16,n1000_b200_p095,1000,2,0.95,0.950179,950179051,iters,6,0.03560741286,1.036268195,0.9656388056,11.69019371,0,3,,pmeal-hpc,2026-08-20T14:36:28,
tortuosity,gpu,matrixfree,16,n1000_b200_p095,1000,2,0.95,0.950179,950179051,iters,10,0.04759443088,1.036268195,0.9540713195,13.30408546,0,3,,pmeal-hpc,2026-08-20T14:36:28,
tortuosity,gpu,matrixfree,16,n1000_b200_p095,1000,2,0.95,0.950179,950179051,iters,18,-0.2071339725,1.036268195,1.199884522,16.15923764,-0,3,,pmeal-hpc,2026-08-20T14:36:28,
tortuosity,gpu,matrixfree,16,n1000_b200_p095,1000,2,0.95,0.950179,950179051,iters,33,0.7624036021,1.036268195,0.2642796471,21.14788766,0,3,,pmeal-hpc,2026-08-20T14:36:28,
tortuosity,gpu,matrixfree,16,n1000_b200_p095,1000,2,0.95,0.950179,950179051,iters,59,1.033065967,1.036268195,0.00309015365,29.48884074,0,3,,pmeal-hpc,2026-08-20T14:36:28,
tortuosity,gpu,matrixfree,16,n1000_b200_p095,1000,2,0.95,0.950179,950179051,iters,106,1.03633236,1.036268195,6.191914148e-05,44.22966031,0,3,target_reached,pmeal-hpc,2026-08-20T14:36:28,
