tool,device,variant,cpu_threads,case_id,size,blobiness,porosity_target,porosity,nnodes,knob_name,knob,tau,tau_ref,rel_error,time_s,tau_spread,repeats,stop_reason,host,measured_at,note
tortuosity,gpu,matrixfree,16,n200_b050_p020,200,0.5,0.2,0.161462,1291692,iters,1,0.01340797703,33.93155464,0.9996048523,0.17579119,0,3,,pmeal-hpc,2026-08-17T13:33:40,
tortuosity,gpu,matrixfree,16,n200_b050_p020,200,0.5,0.2,0.161462,1291692,iters,2,0.01769771703,33.93155464,0.9994784289,0.176961903,0,3,,pmeal-hpc,2026-08-17T13:33:41,
tortuosity,gpu,matrixfree,16,n200_b050_p020,200,0.5,0.2,0.161462,1291692,iters,3,0.02953243289,33.93155464,0.9991296469,0.1781987411,0,3,,pmeal-hpc,2026-08-17T13:33:41,
tortuosity,gpu,matrixfree,16,n200_b050_p020,200,0.5,0.2,0.161462,1291692,iters,6,0.1690552228,33.93155464,0.9950177578,0.1812544928,0,3,,pmeal-hpc,2026-08-17T13:33:41,
tortuosity,gpu,matrixfree,16,n200_b050_p020,200,0.5,0.2,0.161462,1291692,iters,10,0.3169496684,33.93155464,0.9906591469,0.1853383128,0,3,,pmeal-hpc,2026-08-17T13:33:41,
tortuosity,gpu,matrixfree,16,n200_b050_p020,200,0.5,0.2,0.161462,1291692,iters,18,16.00264434,33.93155464,0.5283845816,0.1930603879,0,3,,pmeal-hpc,2026-08-17T13:33:41,
tortuosity,gpu,matrixfree,16,n200_b050_p020,200,0.5,0.2,0.161462,1291692,iters,33,24.51535377,33.93155464,0.2775057308,0.2072927908,0,3,,pmeal-hpc,2026-08-17T13:33:41,
tortuosity,gpu,matrixfree,16,n200_b050_p020,200,0.5,0.2,0.161462,1291692,iters,59,33.84829869,33.93155464,0.002453643902,0.2318068598,0,3,,pmeal-hpc,2026-08-17T13:33:41,
tortuosity,gpu,matrixfree,16,n200_b050_p020,200,0.5,0.2,0.161462,1291692,iters,106,33.88780432,33.93155464,0.001289369654,0.2824294439,0,3,,pmeal-hpc,2026-08-17T13:33:41,
tortuosity,gpu,matrixfree,16,n200_b050_p020,200,0.5,0.2,0.161462,1291692,iters,189,33.88715896,33.93155464,0.001308389214,0.3609799971,0,3,,pmeal-hpc,2026-08-17T13:33:41,
tortuosity,gpu,matrixfree,16,n200_b050_p020,200,0.5,0.2,0.161462,1291692,iters,339,33.88715896,33.93155464,0.001308389214,0.3609799971,0,3,,pmeal-hpc,2026-08-17T13:33:41,
tortuosity,gpu,matrixfree,16,n200_b050_p020,200,0.5,0.2,0.161462,1291692,iters,607,33.88715896,33.93155464,0.001308389214,0.3609799971,0,3,,pmeal-hpc,2026-08-17T13:33:41,
tortuosity,gpu,matrixfree,16,n200_b050_p020,200,0.5,0.2,0.161462,1291692,iters,1086,33.88715896,33.93155464,0.001308389214,0.3609799971,0,3,,pmeal-hpc,2026-08-17T13:33:41,
tortuosity,gpu,matrixfree,16,n200_b050_p020,200,0.5,0.2,0.161462,1291692,iters,1945,33.88715896,33.93155464,0.001308389214,0.3609799971,0,3,,pmeal-hpc,2026-08-17T13:33:41,
tortuosity,gpu,matrixfree,16,n200_b050_p020,200,0.5,0.2,0.161462,1291692,iters,3484,33.88715896,33.93155464,0.001308389214,0.3609799971,0,3,,pmeal-hpc,2026-08-17T13:33:41,
tortuosity,gpu,matrixfree,16,n200_b050_p020,200,0.5,0.2,0.161462,1291692,iters,6238,33.88715896,33.93155464,0.001308389214,0.3609799971,0,3,,pmeal-hpc,2026-08-17T13:33:41,
tortuosity,gpu,matrixfree,16,n200_b050_p020,200,0.5,0.2,0.161462,1291692,iters,11169,33.88715896,33.93155464,0.001308389214,0.3609799971,0,3,,pmeal-hpc,2026-08-17T13:33:41,
tortuosity,gpu,matrixfree,16,n200_b050_p020,200,0.5,0.2,0.161462,1291692,iters,20000,33.88715896,33.93155464,0.001308389214,0.3609799971,0,3,ladder_exhausted,pmeal-hpc,2026-08-17T13:33:41,
tortuosity,gpu,matrixfree,16,n200_b050_p040,200,0.5,0.4,0.399036,3192287,iters,1,0.02024748664,2.920079096,0.9930661171,0.230183667,0,3,,pmeal-hpc,2026-08-17T13:33:43,
tortuosity,gpu,matrixfree,16,n200_b050_p040,200,0.5,0.4,0.399036,3192287,iters,2,0.0255495314,2.920079096,0.9912503975,0.2353529932,0,3,,pmeal-hpc,2026-08-17T13:33:43,
tortuosity,gpu,matrixfree,16,n200_b050_p040,200,0.5,0.4,0.399036,3192287,iters,3,0.04648375567,2.920079096,0.9840813368,0.2408658052,0,3,,pmeal-hpc,2026-08-17T13:33:43,
tortuosity,gpu,matrixfree,16,n200_b050_p040,200,0.5,0.4,0.399036,3192287,iters,6,0.2535610999,2.920079096,0.913166359,0.2541015421,0,3,,pmeal-hpc,2026-08-17T13:33:43,
tortuosity,gpu,matrixfree,16,n200_b050_p040,200,0.5,0.4,0.399036,3192287,iters,10,0.4263872205,2.920079096,0.8539809346,0.267259625,0,3,,pmeal-hpc,2026-08-17T13:33:43,
tortuosity,gpu,matrixfree,16,n200_b050_p040,200,0.5,0.4,0.399036,3192287,iters,18,3.135927955,2.920079096,0.07391883982,0.29248269,0,3,,pmeal-hpc,2026-08-17T13:33:43,
tortuosity,gpu,matrixfree,16,n200_b050_p040,200,0.5,0.4,0.399036,3192287,iters,33,2.901930806,2.920079096,0.006214999499,0.337571857,0,3,,pmeal-hpc,2026-08-17T13:33:43,
tortuosity,gpu,matrixfree,16,n200_b050_p040,200,0.5,0.4,0.399036,3192287,iters,59,2.920349128,2.920079096,9.247414297e-05,0.4166034749,0,3,target_reached,pmeal-hpc,2026-08-17T13:33:43,
tortuosity,gpu,matrixfree,16,n200_b050_p060,200,0.5,0.6,0.609627,4877016,iters,1,0.02208608458,1.551550164,0.9857651495,0.3607780822,0,3,,pmeal-hpc,2026-08-17T13:33:47,
tortuosity,gpu,matrixfree,16,n200_b050_p060,200,0.5,0.6,0.609627,4877016,iters,2,0.02814001564,1.551550164,0.9818632898,0.367651151,0,3,,pmeal-hpc,2026-08-17T13:33:47,
tortuosity,gpu,matrixfree,16,n200_b050_p060,200,0.5,0.6,0.609627,4877016,iters,3,0.05304719046,1.551550164,0.9658101996,0.3745866572,0,3,,pmeal-hpc,2026-08-17T13:33:47,
tortuosity,gpu,matrixfree,16,n200_b050_p060,200,0.5,0.6,0.609627,4877016,iters,6,0.2691310763,1.551550164,0.8265405254,0.3909014212,0,3,,pmeal-hpc,2026-08-17T13:33:47,
tortuosity,gpu,matrixfree,16,n200_b050_p060,200,0.5,0.6,0.609627,4877016,iters,10,0.4128126612,1.551550164,0.7339353437,0.4121038914,0,3,,pmeal-hpc,2026-08-17T13:33:47,
tortuosity,gpu,matrixfree,16,n200_b050_p060,200,0.5,0.6,0.609627,4877016,iters,18,1.845372224,1.551550164,0.1893732261,0.4524792605,0,3,,pmeal-hpc,2026-08-17T13:33:47,
tortuosity,gpu,matrixfree,16,n200_b050_p060,200,0.5,0.6,0.609627,4877016,iters,33,1.548884241,1.551550164,0.001718231971,0.5264291635,0,3,,pmeal-hpc,2026-08-17T13:33:47,
tortuosity,gpu,matrixfree,16,n200_b050_p060,200,0.5,0.6,0.609627,4877016,iters,59,1.551571656,1.551550164,1.385222278e-05,0.6535162285,0,3,target_reached,pmeal-hpc,2026-08-17T13:33:47,
tortuosity,gpu,matrixfree,16,n200_b050_p080,200,0.5,0.8,0.81175,6494003,iters,1,0.02298408409,1.170581237,0.9803652379,0.4255976169,0,3,,pmeal-hpc,2026-08-17T13:33:51,
tortuosity,gpu,matrixfree,16,n200_b050_p080,200,0.5,0.8,0.81175,6494003,iters,2,0.02965499787,1.170581237,0.9746664333,0.4350538179,0,3,,pmeal-hpc,2026-08-17T13:33:51,
tortuosity,gpu,matrixfree,16,n200_b050_p080,200,0.5,0.8,0.81175,6494003,iters,3,0.05627417716,1.170581237,0.9519262949,0.4442502661,0,3,,pmeal-hpc,2026-08-17T13:33:51,
tortuosity,gpu,matrixfree,16,n200_b050_p080,200,0.5,0.8,0.81175,6494003,iters,6,0.2742813813,1.170581237,0.7656878715,0.468543971,0,3,,pmeal-hpc,2026-08-17T13:33:51,
tortuosity,gpu,matrixfree,16,n200_b050_p080,200,0.5,0.8,0.81175,6494003,iters,10,0.4019717292,1.170581237,0.6566050126,0.4994944509,0,3,,pmeal-hpc,2026-08-17T13:33:51,
tortuosity,gpu,matrixfree,16,n200_b050_p080,200,0.5,0.8,0.81175,6494003,iters,18,1.452976759,1.170581237,0.2412438478,0.561881941,0,3,,pmeal-hpc,2026-08-17T13:33:51,
tortuosity,gpu,matrixfree,16,n200_b050_p080,200,0.5,0.8,0.81175,6494003,iters,33,1.168793862,1.170581237,0.001526912132,0.6768805129,0,3,,pmeal-hpc,2026-08-17T13:33:51,
tortuosity,gpu,matrixfree,16,n200_b050_p080,200,0.5,0.8,0.81175,6494003,iters,59,1.170573407,1.170581237,6.689292624e-06,0.8843759808,0,3,target_reached,pmeal-hpc,2026-08-17T13:33:51,
tortuosity,gpu,matrixfree,16,n200_b050_p095,200,0.5,0.95,0.948977,7591813,iters,1,0.02291454614,1.035044249,0.9778612884,0.436593971,0,3,,pmeal-hpc,2026-08-17T13:33:55,
tortuosity,gpu,matrixfree,16,n200_b050_p095,200,0.5,0.95,0.948977,7591813,iters,2,0.03001558078,1.035044249,0.9710006787,0.4477269158,0,3,,pmeal-hpc,2026-08-17T13:33:55,
tortuosity,gpu,matrixfree,16,n200_b050_p095,200,0.5,0.95,0.948977,7591813,iters,3,0.05752607133,1.035044249,0.9444216309,0.4589266989,0,3,,pmeal-hpc,2026-08-17T13:33:55,
tortuosity,gpu,matrixfree,16,n200_b050_p095,200,0.5,0.95,0.948977,7591813,iters,6,0.2729209351,1.035044249,0.7363195483,0.4891488438,0,3,,pmeal-hpc,2026-08-17T13:33:55,
tortuosity,gpu,matrixfree,16,n200_b050_p095,200,0.5,0.95,0.948977,7591813,iters,10,0.3940155912,1.035044249,0.6193248825,0.530176485,0,3,,pmeal-hpc,2026-08-17T13:33:55,
tortuosity,gpu,matrixfree,16,n200_b050_p095,200,0.5,0.95,0.948977,7591813,iters,18,1.332239053,1.035044249,0.287132463,0.613258722,0,3,,pmeal-hpc,2026-08-17T13:33:55,
tortuosity,gpu,matrixfree,16,n200_b050_p095,200,0.5,0.95,0.948977,7591813,iters,33,1.033218434,1.035044249,0.001763996913,0.760650347,0,3,,pmeal-hpc,2026-08-17T13:33:55,
tortuosity,gpu,matrixfree,16,n200_b050_p095,200,0.5,0.95,0.948977,7591813,iters,59,1.035095893,1.035044249,4.989504278e-05,1.00537203,0,3,target_reached,pmeal-hpc,2026-08-17T13:33:55,
tortuosity,gpu,matrixfree,16,n200_b100_p020,200,1,0.2,0.171209,1369672,iters,1,0.01820013148,13.93255227,0.9986936972,0.170231947,0,3,,pmeal-hpc,2026-08-17T13:33:57,
tortuosity,gpu,matrixfree,16,n200_b100_p020,200,1,0.2,0.171209,1369672,iters,2,0.02420038023,13.93255227,0.9982630332,0.171541668,0,3,,pmeal-hpc,2026-08-17T13:33:57,
tortuosity,gpu,matrixfree,16,n200_b100_p020,200,1,0.2,0.171209,1369672,iters,3,0.03822872319,13.93255227,0.9972561579,0.1728993841,0,3,,pmeal-hpc,2026-08-17T13:33:57,
tortuosity,gpu,matrixfree,16,n200_b100_p020,200,1,0.2,0.171209,1369672,iters,6,0.2471168106,13.93255227,0.9822633495,0.1765951461,0,3,,pmeal-hpc,2026-08-17T13:33:57,
tortuosity,gpu,matrixfree,16,n200_b100_p020,200,1,0.2,0.171209,1369672,iters,10,0.4542841294,13.93255227,0.9673940481,0.1814497001,0,3,,pmeal-hpc,2026-08-17T13:33:57,
tortuosity,gpu,matrixfree,16,n200_b100_p020,200,1,0.2,0.171209,1369672,iters,18,4.469646432,13.93255227,0.6791939951,0.1908525822,0,3,,pmeal-hpc,2026-08-17T13:33:57,
tortuosity,gpu,matrixfree,16,n200_b100_p020,200,1,0.2,0.171209,1369672,iters,33,11.20767612,13.93255227,0.195576237,0.2085196213,0,3,,pmeal-hpc,2026-08-17T13:33:57,
tortuosity,gpu,matrixfree,16,n200_b100_p020,200,1,0.2,0.171209,1369672,iters,59,13.58631222,13.93255227,0.02485115761,0.2386947544,0,3,,pmeal-hpc,2026-08-17T13:33:57,
tortuosity,gpu,matrixfree,16,n200_b100_p020,200,1,0.2,0.171209,1369672,iters,106,13.94211276,13.93255227,0.000686198226,0.2930422532,0,3,target_reached,pmeal-hpc,2026-08-17T13:33:57,
tortuosity,gpu,matrixfree,16,n200_b100_p040,200,1,0.4,0.399225,3193802,iters,1,0.02006938714,2.644709479,0.9924114965,0.2589481471,0,3,,pmeal-hpc,2026-08-17T13:33:59,
tortuosity,gpu,matrixfree,16,n200_b100_p040,200,1,0.4,0.399225,3193802,iters,2,0.02583520029,2.644709479,0.9902313655,0.265628912,0,3,,pmeal-hpc,2026-08-17T13:33:59,
tortuosity,gpu,matrixfree,16,n200_b100_p040,200,1,0.4,0.399225,3193802,iters,3,0.04439024655,2.644709479,0.9832154545,0.272780641,0,3,,pmeal-hpc,2026-08-17T13:33:59,
tortuosity,gpu,matrixfree,16,n200_b100_p040,200,1,0.4,0.399225,3193802,iters,6,0.2592992519,2.644709479,0.9019554874,0.2930340779,0,3,,pmeal-hpc,2026-08-17T13:33:59,
tortuosity,gpu,matrixfree,16,n200_b100_p040,200,1,0.4,0.399225,3193802,iters,10,0.4317942863,2.644709479,0.8367328095,0.3159446439,0,3,,pmeal-hpc,2026-08-17T13:33:59,
tortuosity,gpu,matrixfree,16,n200_b100_p040,200,1,0.4,0.399225,3193802,iters,18,2.305514572,2.644709479,0.1282541277,0.3521069321,0,3,,pmeal-hpc,2026-08-17T13:33:59,
tortuosity,gpu,matrixfree,16,n200_b100_p040,200,1,0.4,0.399225,3193802,iters,33,2.644812819,2.644709479,3.907405781e-05,0.412760539,0,3,target_reached,pmeal-hpc,2026-08-17T13:33:59,
tortuosity,gpu,matrixfree,16,n200_b100_p060,200,1,0.6,0.603465,4827722,iters,1,0.02265304975,1.571435764,0.9855844889,0.3327084261,0,3,,pmeal-hpc,2026-08-17T13:34:03,
tortuosity,gpu,matrixfree,16,n200_b100_p060,200,1,0.6,0.603465,4827722,iters,2,0.02907426056,1.571435764,0.9814982825,0.3411990942,0,3,,pmeal-hpc,2026-08-17T13:34:03,
tortuosity,gpu,matrixfree,16,n200_b100_p060,200,1,0.6,0.603465,4827722,iters,3,0.05157681113,1.571435764,0.9671785431,0.3496653843,0,3,,pmeal-hpc,2026-08-17T13:34:03,
tortuosity,gpu,matrixfree,16,n200_b100_p060,200,1,0.6,0.603465,4827722,iters,6,0.270712356,1.571435764,0.8277292892,0.3740773564,0,3,,pmeal-hpc,2026-08-17T13:34:03,
tortuosity,gpu,matrixfree,16,n200_b100_p060,200,1,0.6,0.603465,4827722,iters,10,0.4251936444,1.571435764,0.7294234648,0.4031838884,0,3,,pmeal-hpc,2026-08-17T13:34:03,
tortuosity,gpu,matrixfree,16,n200_b100_p060,200,1,0.6,0.603465,4827722,iters,18,1.654301615,1.571435764,0.05273257298,0.4578196635,0,3,,pmeal-hpc,2026-08-17T13:34:03,
tortuosity,gpu,matrixfree,16,n200_b100_p060,200,1,0.6,0.603465,4827722,iters,33,1.577205422,1.571435764,0.003671583587,0.5599867385,0,3,,pmeal-hpc,2026-08-17T13:34:03,
tortuosity,gpu,matrixfree,16,n200_b100_p060,200,1,0.6,0.603465,4827722,iters,59,1.571164289,1.571435764,0.0001727562814,0.7452329341,0,3,target_reached,pmeal-hpc,2026-08-17T13:34:03,
tortuosity,gpu,matrixfree,16,n200_b100_p080,200,1,0.8,0.80445,6435598,iters,1,0.02345964611,1.193638864,0.9803461107,0.4061125289,0,3,,pmeal-hpc,2026-08-17T13:34:06,
tortuosity,gpu,matrixfree,16,n200_b100_p080,200,1,0.8,0.80445,6435598,iters,2,0.03030907395,1.193638864,0.9746078359,0.4166297948,0,3,,pmeal-hpc,2026-08-17T13:34:06,
tortuosity,gpu,matrixfree,16,n200_b100_p080,200,1,0.8,0.80445,6435598,iters,3,0.0549084284,1.193638864,0.9539991282,0.4272098928,0,3,,pmeal-hpc,2026-08-17T13:34:06,
tortuosity,gpu,matrixfree,16,n200_b100_p080,200,1,0.8,0.80445,6435598,iters,6,0.2745837607,1.193638864,0.7699607738,0.4564618347,0,3,,pmeal-hpc,2026-08-17T13:34:06,
tortuosity,gpu,matrixfree,16,n200_b100_p080,200,1,0.8,0.80445,6435598,iters,10,0.403721183,1.193638864,0.6617727563,0.4951382356,0,3,,pmeal-hpc,2026-08-17T13:34:06,
tortuosity,gpu,matrixfree,16,n200_b100_p080,200,1,0.8,0.80445,6435598,iters,18,1.382642276,1.193638864,0.1583422068,0.5708949396,0,3,,pmeal-hpc,2026-08-17T13:34:06,
tortuosity,gpu,matrixfree,16,n200_b100_p080,200,1,0.8,0.80445,6435598,iters,33,1.192678288,1.193638864,0.0008047460833,0.7155615685,0,3,target_reached,pmeal-hpc,2026-08-17T13:34:06,
tortuosity,gpu,matrixfree,16,n200_b100_p095,200,1,0.95,0.949833,7598661,iters,1,0.02282258901,1.040405134,0.9780637482,0.4317313761,0,3,,pmeal-hpc,2026-08-17T13:34:10,
tortuosity,gpu,matrixfree,16,n200_b100_p095,200,1,0.95,0.949833,7598661,iters,2,0.02983891229,1.040405134,0.9713199106,0.4450035843,0,3,,pmeal-hpc,2026-08-17T13:34:10,
tortuosity,gpu,matrixfree,16,n200_b100_p095,200,1,0.95,0.949833,7598661,iters,3,0.05572582878,1.040405134,0.9464383374,0.4560876105,0,3,,pmeal-hpc,2026-08-17T13:34:10,
tortuosity,gpu,matrixfree,16,n200_b100_p095,200,1,0.95,0.949833,7598661,iters,6,0.2688822967,1.040405134,0.7415600059,0.4854110666,0,3,,pmeal-hpc,2026-08-17T13:34:10,
tortuosity,gpu,matrixfree,16,n200_b100_p095,200,1,0.95,0.949833,7598661,iters,10,0.3873025416,1.040405134,0.6277387251,0.5238382157,0,3,,pmeal-hpc,2026-08-17T13:34:10,
tortuosity,gpu,matrixfree,16,n200_b100_p095,200,1,0.95,0.949833,7598661,iters,18,1.303376747,1.040405134,0.2527588574,0.6001742098,0,3,,pmeal-hpc,2026-08-17T13:34:10,
tortuosity,gpu,matrixfree,16,n200_b100_p095,200,1,0.95,0.949833,7598661,iters,33,1.038812191,1.040405134,0.001531079715,0.7422995486,0,3,,pmeal-hpc,2026-08-17T13:34:10,
tortuosity,gpu,matrixfree,16,n200_b100_p095,200,1,0.95,0.949833,7598661,iters,59,1.04044286,1.040405134,3.626045637e-05,0.9896711486,0,3,target_reached,pmeal-hpc,2026-08-17T13:34:10,
tortuosity,gpu,matrixfree,16,n200_b200_p020,200,2,0.2,0.187312,1498500,iters,1,0.02014483038,13.5328383,0.9985114113,0.1933588909,0,3,,pmeal-hpc,2026-08-17T13:34:14,
tortuosity,gpu,matrixfree,16,n200_b200_p020,200,2,0.2,0.187312,1498500,iters,2,0.02634241993,13.5328383,0.9980534446,0.197618952,0,3,,pmeal-hpc,2026-08-17T13:34:14,
tortuosity,gpu,matrixfree,16,n200_b200_p020,200,2,0.2,0.187312,1498500,iters,3,0.04100793063,13.5328383,0.9969697465,0.2018293592,0,3,,pmeal-hpc,2026-08-17T13:34:14,
tortuosity,gpu,matrixfree,16,n200_b200_p020,200,2,0.2,0.187312,1498500,iters,6,0.2955617597,13.5328383,0.9781596622,0.213892814,0,3,,pmeal-hpc,2026-08-17T13:34:14,
tortuosity,gpu,matrixfree,16,n200_b200_p020,200,2,0.2,0.187312,1498500,iters,10,0.6389590501,13.5328383,0.95278455,0.2298349519,0,3,,pmeal-hpc,2026-08-17T13:34:14,
tortuosity,gpu,matrixfree,16,n200_b200_p020,200,2,0.2,0.187312,1498500,iters,18,3.29303298,13.5328383,0.756663539,0.2562885678,0,3,,pmeal-hpc,2026-08-17T13:34:14,
tortuosity,gpu,matrixfree,16,n200_b200_p020,200,2,0.2,0.187312,1498500,iters,33,8.210982561,13.5328383,0.3932549566,0.3044664017,0,3,,pmeal-hpc,2026-08-17T13:34:14,
tortuosity,gpu,matrixfree,16,n200_b200_p020,200,2,0.2,0.187312,1498500,iters,59,11.99657519,13.5328383,0.1135211307,0.3893623054,0,3,,pmeal-hpc,2026-08-17T13:34:14,
tortuosity,gpu,matrixfree,16,n200_b200_p020,200,2,0.2,0.187312,1498500,iters,106,13.55310895,13.5328383,0.001497886414,0.5428837463,0,3,,pmeal-hpc,2026-08-17T13:34:14,
tortuosity,gpu,matrixfree,16,n200_b200_p020,200,2,0.2,0.187312,1498500,iters,189,13.53440713,13.5328383,0.0001159277925,0.8031074225,0,3,target_reached,pmeal-hpc,2026-08-17T13:34:14,
tortuosity,gpu,matrixfree,16,n200_b200_p040,200,2,0.4,0.398236,3185884,iters,1,0.02176401913,2.755382291,0.9921012706,0.3257298269,0,3,,pmeal-hpc,2026-08-17T13:34:18,
tortuosity,gpu,matrixfree,16,n200_b200_p040,200,2,0.4,0.398236,3185884,iters,2,0.02812952462,2.755382291,0.9897910629,0.334881207,0,3,,pmeal-hpc,2026-08-17T13:34:18,
tortuosity,gpu,matrixfree,16,n200_b200_p040,200,2,0.4,0.398236,3185884,iters,3,0.04596142285,2.755382291,0.9833194025,0.3440460409,0,3,,pmeal-hpc,2026-08-17T13:34:18,
tortuosity,gpu,matrixfree,16,n200_b200_p040,200,2,0.4,0.398236,3185884,iters,6,0.2721777835,2.755382291,0.9012195932,0.3707780109,0,3,,pmeal-hpc,2026-08-17T13:34:18,
tortuosity,gpu,matrixfree,16,n200_b200_p040,200,2,0.4,0.398236,3185884,iters,10,0.5096171432,2.755382291,0.8150466653,0.4034792958,0,3,,pmeal-hpc,2026-08-17T13:34:18,
tortuosity,gpu,matrixfree,16,n200_b200_p040,200,2,0.4,0.398236,3185884,iters,18,1.781402221,2.755382291,0.3534827356,0.4663472229,0,3,,pmeal-hpc,2026-08-17T13:34:18,
tortuosity,gpu,matrixfree,16,n200_b200_p040,200,2,0.4,0.398236,3185884,iters,33,2.706567754,2.755382291,0.01771606706,0.576853513,0,3,,pmeal-hpc,2026-08-17T13:34:18,
tortuosity,gpu,matrixfree,16,n200_b200_p040,200,2,0.4,0.398236,3185884,iters,59,2.744118697,2.755382291,0.004087851621,0.7760064343,0,3,,pmeal-hpc,2026-08-17T13:34:18,
tortuosity,gpu,matrixfree,16,n200_b200_p040,200,2,0.4,0.398236,3185884,iters,106,2.755939734,2.755382291,0.0002023104114,1.114207255,0,3,target_reached,pmeal-hpc,2026-08-17T13:34:18,
tortuosity,gpu,matrixfree,16,n200_b200_p060,200,2,0.6,0.600363,4802905,iters,1,0.02344081155,1.645395218,0.9857536893,0.390733242,0,3,,pmeal-hpc,2026-08-17T13:34:21,
tortuosity,gpu,matrixfree,16,n200_b200_p060,200,2,0.6,0.600363,4802905,iters,2,0.03022265419,1.645395218,0.9816319788,0.404119038,0,3,,pmeal-hpc,2026-08-17T13:34:21,
tortuosity,gpu,matrixfree,16,n200_b200_p060,200,2,0.6,0.600363,4802905,iters,3,0.0503327494,1.645395218,0.9694099333,0.414683261,0,3,,pmeal-hpc,2026-08-17T13:34:21,
tortuosity,gpu,matrixfree,16,n200_b200_p060,200,2,0.6,0.600363,4802905,iters,6,0.2716198397,1.645395218,0.8349212173,0.444506739,0,3,,pmeal-hpc,2026-08-17T13:34:21,
tortuosity,gpu,matrixfree,16,n200_b200_p060,200,2,0.6,0.600363,4802905,iters,10,0.4563936017,1.645395218,0.7226237218,0.4821066011,0,3,,pmeal-hpc,2026-08-17T13:34:21,
tortuosity,gpu,matrixfree,16,n200_b200_p060,200,2,0.6,0.600363,4802905,iters,18,1.39425109,1.645395218,0.1526345317,0.5572871203,0,3,,pmeal-hpc,2026-08-17T13:34:21,
tortuosity,gpu,matrixfree,16,n200_b200_p060,200,2,0.6,0.600363,4802905,iters,33,1.645641471,1.645395218,0.0001496619229,0.7164318822,0,3,target_reached,pmeal-hpc,2026-08-17T13:34:21,
tortuosity,gpu,matrixfree,16,n200_b200_p080,200,2,0.8,0.800969,6407751,iters,1,0.0237019444,1.226770933,0.980679405,0.4324899209,0,3,,pmeal-hpc,2026-08-17T13:34:25,
tortuosity,gpu,matrixfree,16,n200_b200_p080,200,2,0.8,0.800969,6407751,iters,2,0.03059305568,1.226770933,0.9750621287,0.4431493897,0,3,,pmeal-hpc,2026-08-17T13:34:25,
tortuosity,gpu,matrixfree,16,n200_b200_p080,200,2,0.8,0.800969,6407751,iters,3,0.05234923676,1.226770933,0.9573276189,0.4537490746,0,3,,pmeal-hpc,2026-08-17T13:34:25,
tortuosity,gpu,matrixfree,16,n200_b200_p080,200,2,0.8,0.800969,6407751,iters,6,0.2698885919,1.226770933,0.780000826,0.4829877967,0,3,,pmeal-hpc,2026-08-17T13:34:25,
tortuosity,gpu,matrixfree,16,n200_b200_p080,200,2,0.8,0.800969,6407751,iters,10,0.4079149719,1.226770933,0.6674888841,0.5201794098,0,3,,pmeal-hpc,2026-08-17T13:34:25,
tortuosity,gpu,matrixfree,16,n200_b200_p080,200,2,0.8,0.800969,6407751,iters,18,1.268366024,1.226770933,0.03390615959,0.5936079437,0,3,,pmeal-hpc,2026-08-17T13:34:25,
tortuosity,gpu,matrixfree,16,n200_b200_p080,200,2,0.8,0.800969,6407751,iters,33,1.224792896,1.226770933,0.001612393467,0.7302527868,0,3,,pmeal-hpc,2026-08-17T13:34:25,
tortuosity,gpu,matrixfree,16,n200_b200_p080,200,2,0.8,0.800969,6407751,iters,59,1.22681704,1.226770933,3.75844341e-05,0.9683840917,0,3,target_reached,pmeal-hpc,2026-08-17T13:34:25,
tortuosity,gpu,matrixfree,16,n200_b200_p095,200,2,0.95,0.950886,7607091,iters,1,0.02286227136,1.045952896,0.9781421597,0.4428663941,0,3,,pmeal-hpc,2026-08-17T13:34:30,
tortuosity,gpu,matrixfree,16,n200_b200_p095,200,2,0.95,0.950886,7607091,iters,2,0.02977081187,1.045952896,0.971537139,0.4538835781,0,3,,pmeal-hpc,2026-08-17T13:34:30,
tortuosity,gpu,matrixfree,16,n200_b200_p095,200,2,0.95,0.950886,7607091,iters,3,0.0535935153,1.045952896,0.9487610623,0.4640612139,0,3,,pmeal-hpc,2026-08-17T13:34:30,
tortuosity,gpu,matrixfree,16,n200_b200_p095,200,2,0.95,0.950886,7607091,iters,6,0.2649481575,1.045952896,0.7466920752,0.493182119,0,3,,pmeal-hpc,2026-08-17T13:34:30,
tortuosity,gpu,matrixfree,16,n200_b200_p095,200,2,0.95,0.950886,7607091,iters,10,0.3806435546,1.045952896,0.6360796399,0.531589472,0,3,,pmeal-hpc,2026-08-17T13:34:30,
tortuosity,gpu,matrixfree,16,n200_b200_p095,200,2,0.95,0.950886,7607091,iters,18,1.265149263,1.045952896,0.2095661937,0.6074966781,0,3,,pmeal-hpc,2026-08-17T13:34:30,
tortuosity,gpu,matrixfree,16,n200_b200_p095,200,2,0.95,0.950886,7607091,iters,33,1.043304581,1.045952896,0.002531964189,0.7506269671,0,3,,pmeal-hpc,2026-08-17T13:34:30,
tortuosity,gpu,matrixfree,16,n200_b200_p095,200,2,0.95,0.950886,7607091,iters,59,1.045985477,1.045952896,3.114943459e-05,0.9976130342,0,3,target_reached,pmeal-hpc,2026-08-17T13:34:30,
tortuosity,gpu,matrixfree,16,n400_b050_p020,400,0.5,0.2,0.168664,10794487,iters,1,0.008108543997,9.103906374,0.9991093335,0.338094142,0,3,,pmeal-hpc,2026-08-17T14:07:30,
tortuosity,gpu,matrixfree,16,n400_b050_p020,400,0.5,0.2,0.168664,10794487,iters,2,0.0107822454,9.103906374,0.9988156463,0.3497857549,0,3,,pmeal-hpc,2026-08-17T14:07:31,
tortuosity,gpu,matrixfree,16,n400_b050_p020,400,0.5,0.2,0.168664,10794487,iters,3,0.02055802797,9.103906374,0.9977418454,0.3619799279,0,3,,pmeal-hpc,2026-08-17T14:07:31,
tortuosity,gpu,matrixfree,16,n400_b050_p020,400,0.5,0.2,0.168664,10794487,iters,6,0.102592267,9.103906374,0.988730962,0.3975404799,0,3,,pmeal-hpc,2026-08-17T14:07:31,
tortuosity,gpu,matrixfree,16,n400_b050_p020,400,0.5,0.2,0.168664,10794487,iters,10,0.1949104262,9.103906374,0.9785904624,0.4428347389,0,3,,pmeal-hpc,2026-08-17T14:07:31,
tortuosity,gpu,matrixfree,16,n400_b050_p020,400,0.5,0.2,0.168664,10794487,iters,18,36.55412521,9.103906374,3.015213218,0.5322438278,0,3,,pmeal-hpc,2026-08-17T14:07:31,
tortuosity,gpu,matrixfree,16,n400_b050_p020,400,0.5,0.2,0.168664,10794487,iters,33,8.196501131,9.103906374,0.09967207548,0.6927959607,0,3,,pmeal-hpc,2026-08-17T14:07:31,
tortuosity,gpu,matrixfree,16,n400_b050_p020,400,0.5,0.2,0.168664,10794487,iters,59,9.137237671,9.103906374,0.003661208215,0.9790361498,0,3,,pmeal-hpc,2026-08-17T14:07:31,
tortuosity,gpu,matrixfree,16,n400_b050_p020,400,0.5,0.2,0.168664,10794487,iters,106,9.106955009,9.103906374,0.0003348710477,1.481293272,0,3,target_reached,pmeal-hpc,2026-08-17T14:07:31,
tortuosity,gpu,matrixfree,16,n400_b050_p040,400,0.5,0.4,0.391726,25070495,iters,1,0.00844141761,2.60655752,0.9967614689,0.375079016,0,3,,pmeal-hpc,2026-08-17T14:07:48,
tortuosity,gpu,matrixfree,16,n400_b050_p040,400,0.5,0.4,0.391726,25070495,iters,2,0.01018058502,2.60655752,0.9960942412,0.3880673009,0,3,,pmeal-hpc,2026-08-17T14:07:48,
tortuosity,gpu,matrixfree,16,n400_b050_p040,400,0.5,0.4,0.391726,25070495,iters,3,0.01378566883,2.60655752,0.9947111588,0.4010045589,0,3,,pmeal-hpc,2026-08-17T14:07:48,
tortuosity,gpu,matrixfree,16,n400_b050_p040,400,0.5,0.4,0.391726,25070495,iters,6,0.08687845831,2.60655752,0.9666692725,0.439926801,0,3,,pmeal-hpc,2026-08-17T14:07:48,
tortuosity,gpu,matrixfree,16,n400_b050_p040,400,0.5,0.4,0.391726,25070495,iters,10,0.1328984344,2.60655752,0.949013811,0.5009979992,0,3,,pmeal-hpc,2026-08-17T14:07:48,
tortuosity,gpu,matrixfree,16,n400_b050_p040,400,0.5,0.4,0.391726,25070495,iters,18,-4.2991489,2.60655752,2.649358921,0.6169942452,-0,3,,pmeal-hpc,2026-08-17T14:07:48,
tortuosity,gpu,matrixfree,16,n400_b050_p040,400,0.5,0.4,0.391726,25070495,iters,33,2.483696096,2.60655752,0.04713551238,0.8322152458,0,3,,pmeal-hpc,2026-08-17T14:07:48,
tortuosity,gpu,matrixfree,16,n400_b050_p040,400,0.5,0.4,0.391726,25070495,iters,59,2.603574287,2.60655752,0.001144510568,1.206642435,0,3,,pmeal-hpc,2026-08-17T14:07:48,
tortuosity,gpu,matrixfree,16,n400_b050_p040,400,0.5,0.4,0.391726,25070495,iters,106,2.606821289,2.60655752,0.0001011942353,1.883437587,0,3,target_reached,pmeal-hpc,2026-08-17T14:07:48,
tortuosity,gpu,matrixfree,16,n400_b050_p060,400,0.5,0.6,0.60417,38666899,iters,1,0.009621804944,1.563851568,0.9938473669,0.497204294,0,3,,pmeal-hpc,2026-08-17T14:08:04,
tortuosity,gpu,matrixfree,16,n400_b050_p060,400,0.5,0.6,0.60417,38666899,iters,2,0.01161439279,1.563851568,0.9925732128,0.5161017429,0,3,,pmeal-hpc,2026-08-17T14:08:04,
tortuosity,gpu,matrixfree,16,n400_b050_p060,400,0.5,0.6,0.60417,38666899,iters,3,0.01595694449,1.563851568,0.9897963817,0.5355220959,0,3,,pmeal-hpc,2026-08-17T14:08:04,
tortuosity,gpu,matrixfree,16,n400_b050_p060,400,0.5,0.6,0.60417,38666899,iters,6,0.09775626511,1.563851568,0.9374900616,0.600113695,0,3,,pmeal-hpc,2026-08-17T14:08:04,
tortuosity,gpu,matrixfree,16,n400_b050_p060,400,0.5,0.6,0.60417,38666899,iters,10,0.1437498333,1.563851568,0.9080796182,0.6801976161,0,3,,pmeal-hpc,2026-08-17T14:08:04,
tortuosity,gpu,matrixfree,16,n400_b050_p060,400,0.5,0.6,0.60417,38666899,iters,18,11.59584303,1.563851568,6.414925599,0.8561647299,0,3,,pmeal-hpc,2026-08-17T14:08:04,
tortuosity,gpu,matrixfree,16,n400_b050_p060,400,0.5,0.6,0.60417,38666899,iters,33,1.508360407,1.563851568,0.03548364947,1.195454185,0,3,,pmeal-hpc,2026-08-17T14:08:04,
tortuosity,gpu,matrixfree,16,n400_b050_p060,400,0.5,0.6,0.60417,38666899,iters,59,1.563204791,1.563851568,0.0004135796513,1.7386632,0,3,target_reached,pmeal-hpc,2026-08-17T14:08:04,
tortuosity,gpu,matrixfree,16,n400_b050_p080,400,0.5,0.8,0.809146,51785369,iters,1,0.01030546018,1.177273609,0.9912463338,0.684511025,0,3,,pmeal-hpc,2026-08-17T14:08:24,
tortuosity,gpu,matrixfree,16,n400_b050_p080,400,0.5,0.8,0.809146,51785369,iters,2,0.01245807401,1.177273609,0.9894178601,0.7102109231,0,3,,pmeal-hpc,2026-08-17T14:08:24,
tortuosity,gpu,matrixfree,16,n400_b050_p080,400,0.5,0.8,0.809146,51785369,iters,3,0.01778644717,1.177273609,0.9848918322,0.735278164,0,3,,pmeal-hpc,2026-08-17T14:08:24,
tortuosity,gpu,matrixfree,16,n400_b050_p080,400,0.5,0.8,0.809146,51785369,iters,6,0.1048423879,1.177273609,0.9109447565,0.8139883562,0,3,,pmeal-hpc,2026-08-17T14:08:24,
tortuosity,gpu,matrixfree,16,n400_b050_p080,400,0.5,0.8,0.809146,51785369,iters,10,0.148247667,1.177273609,0.8740754351,0.9290106171,0,3,,pmeal-hpc,2026-08-17T14:08:24,
tortuosity,gpu,matrixfree,16,n400_b050_p080,400,0.5,0.8,0.809146,51785369,iters,18,3.391492422,1.177273609,1.880802216,1.150305481,0,3,,pmeal-hpc,2026-08-17T14:08:24,
tortuosity,gpu,matrixfree,16,n400_b050_p080,400,0.5,0.8,0.809146,51785369,iters,33,1.145020338,1.177273609,0.02739658016,1.55362406,0,3,,pmeal-hpc,2026-08-17T14:08:24,
tortuosity,gpu,matrixfree,16,n400_b050_p080,400,0.5,0.8,0.809146,51785369,iters,59,1.176657194,1.177273609,0.0005235950449,2.253018241,0,3,target_reached,pmeal-hpc,2026-08-17T14:08:24,
tortuosity,gpu,matrixfree,16,n400_b050_p095,400,0.5,0.95,0.949928,60795412,iters,1,0.01032898153,1.038538585,0.9900543112,0.782628526,0,3,,pmeal-hpc,2026-08-17T14:08:46,
tortuosity,gpu,matrixfree,16,n400_b050_p095,400,0.5,0.95,0.949928,60795412,iters,2,0.01248876738,1.038538585,0.9879746718,0.810733279,0,3,,pmeal-hpc,2026-08-17T14:08:46,
tortuosity,gpu,matrixfree,16,n400_b050_p095,400,0.5,0.95,0.949928,60795412,iters,3,0.01901785545,1.038538585,0.9816878682,0.8390849559,0,3,,pmeal-hpc,2026-08-17T14:08:46,
tortuosity,gpu,matrixfree,16,n400_b050_p095,400,0.5,0.95,0.949928,60795412,iters,6,0.1061012116,1.038538585,0.8978360427,0.923944352,0,3,,pmeal-hpc,2026-08-17T14:08:46,
tortuosity,gpu,matrixfree,16,n400_b050_p095,400,0.5,0.95,0.949928,60795412,iters,10,0.1475030888,1.038538585,0.8579705261,1.042277939,0,3,,pmeal-hpc,2026-08-17T14:08:46,
tortuosity,gpu,matrixfree,16,n400_b050_p095,400,0.5,0.95,0.949928,60795412,iters,18,2.703642593,1.038538585,1.603314535,1.284241346,0,3,,pmeal-hpc,2026-08-17T14:08:46,
tortuosity,gpu,matrixfree,16,n400_b050_p095,400,0.5,0.95,0.949928,60795412,iters,33,1.016144985,1.038538585,0.02156260769,1.760672954,0,3,,pmeal-hpc,2026-08-17T14:08:46,
tortuosity,gpu,matrixfree,16,n400_b050_p095,400,0.5,0.95,0.949928,60795412,iters,59,1.038431495,1.038538585,0.0001031159622,2.564085117,0,3,target_reached,pmeal-hpc,2026-08-17T14:08:46,
tortuosity,gpu,matrixfree,16,n400_b100_p020,400,1,0.2,0.183379,11736271,iters,1,0.008280748312,10.24145804,0.9991914483,0.2482807559,0,3,,pmeal-hpc,2026-08-17T14:08:58,
tortuosity,gpu,matrixfree,16,n400_b100_p020,400,1,0.2,0.183379,11736271,iters,2,0.009907766299,10.24145804,0.9990325824,0.2558286639,0,3,,pmeal-hpc,2026-08-17T14:08:58,
tortuosity,gpu,matrixfree,16,n400_b100_p020,400,1,0.2,0.183379,11736271,iters,3,0.01281573945,10.24145804,0.9987486411,0.2629653411,0,3,,pmeal-hpc,2026-08-17T14:08:58,
tortuosity,gpu,matrixfree,16,n400_b100_p020,400,1,0.2,0.183379,11736271,iters,6,0.08249018673,10.24145804,0.9919454646,0.2836828663,0,3,,pmeal-hpc,2026-08-17T14:08:58,
tortuosity,gpu,matrixfree,16,n400_b100_p020,400,1,0.2,0.183379,11736271,iters,10,0.1382600604,10.24145804,0.9864999632,0.3168660123,0,3,,pmeal-hpc,2026-08-17T14:08:58,
tortuosity,gpu,matrixfree,16,n400_b100_p020,400,1,0.2,0.183379,11736271,iters,18,-3.748234142,10.24145804,1.365986379,0.3785698563,-0,3,,pmeal-hpc,2026-08-17T14:08:58,
tortuosity,gpu,matrixfree,16,n400_b100_p020,400,1,0.2,0.183379,11736271,iters,33,8.560013339,10.24145804,0.164180207,0.5027332674,0,3,,pmeal-hpc,2026-08-17T14:08:58,
tortuosity,gpu,matrixfree,16,n400_b100_p020,400,1,0.2,0.183379,11736271,iters,59,10.26715466,10.24145804,0.002509078011,0.7192220155,0,3,,pmeal-hpc,2026-08-17T14:08:58,
tortuosity,gpu,matrixfree,16,n400_b100_p020,400,1,0.2,0.183379,11736271,iters,106,10.24966283,10.24145804,0.0008011345038,1.105933172,0,3,target_reached,pmeal-hpc,2026-08-17T14:08:58,
tortuosity,gpu,matrixfree,16,n400_b100_p040,400,1,0.4,0.394417,25242705,iters,1,0.009596805179,2.558566376,0.9962491475,0.423645163,0,3,,pmeal-hpc,2026-08-17T14:09:12,
tortuosity,gpu,matrixfree,16,n400_b100_p040,400,1,0.4,0.394417,25242705,iters,2,0.01150865641,2.558566376,0.9955019121,0.4393079069,0,3,,pmeal-hpc,2026-08-17T14:09:12,
tortuosity,gpu,matrixfree,16,n400_b100_p040,400,1,0.4,0.394417,25242705,iters,3,0.01457041685,2.558566376,0.9943052418,0.457593905,0,3,,pmeal-hpc,2026-08-17T14:09:12,
tortuosity,gpu,matrixfree,16,n400_b100_p040,400,1,0.4,0.394417,25242705,iters,6,0.09252833375,2.558566376,0.9638358674,0.5067603309,0,3,,pmeal-hpc,2026-08-17T14:09:12,
tortuosity,gpu,matrixfree,16,n400_b100_p040,400,1,0.4,0.394417,25242705,iters,10,0.1477673474,2.558566376,0.9422460372,0.5768036887,0,3,,pmeal-hpc,2026-08-17T14:09:12,
tortuosity,gpu,matrixfree,16,n400_b100_p040,400,1,0.4,0.394417,25242705,iters,18,-73.27640303,2.558566376,29.6396334,0.7170215857,-0,3,,pmeal-hpc,2026-08-17T14:09:12,
tortuosity,gpu,matrixfree,16,n400_b100_p040,400,1,0.4,0.394417,25242705,iters,33,2.479539458,2.558566376,0.03088718699,0.9941428597,0,3,,pmeal-hpc,2026-08-17T14:09:12,
tortuosity,gpu,matrixfree,16,n400_b100_p040,400,1,0.4,0.394417,25242705,iters,59,2.557533569,2.558566376,0.0004036661912,1.453875035,0,3,target_reached,pmeal-hpc,2026-08-17T14:09:12,
tortuosity,gpu,matrixfree,16,n400_b100_p060,400,1,0.6,0.602502,38560157,iters,1,0.01055106568,1.558485087,0.9932299219,0.576706022,0,3,,pmeal-hpc,2026-08-17T14:09:29,
tortuosity,gpu,matrixfree,16,n400_b100_p060,400,1,0.6,0.602502,38560157,iters,2,0.01265391891,1.558485087,0.9918806288,0.5985079631,0,3,,pmeal-hpc,2026-08-17T14:09:29,
tortuosity,gpu,matrixfree,16,n400_b100_p060,400,1,0.6,0.602502,38560157,iters,3,0.01608586387,1.558485087,0.9896785256,0.6201683581,0,3,,pmeal-hpc,2026-08-17T14:09:29,
tortuosity,gpu,matrixfree,16,n400_b100_p060,400,1,0.6,0.602502,38560157,iters,6,0.1000192037,1.558485087,0.9358228035,0.6882402012,0,3,,pmeal-hpc,2026-08-17T14:09:29,
tortuosity,gpu,matrixfree,16,n400_b100_p060,400,1,0.6,0.602502,38560157,iters,10,0.1523422998,1.558485087,0.9022497546,0.7831009072,0,3,,pmeal-hpc,2026-08-17T14:09:29,
tortuosity,gpu,matrixfree,16,n400_b100_p060,400,1,0.6,0.602502,38560157,iters,18,4.881418271,1.558485087,2.132155907,0.9821541174,0,3,,pmeal-hpc,2026-08-17T14:09:29,
tortuosity,gpu,matrixfree,16,n400_b100_p060,400,1,0.6,0.602502,38560157,iters,33,1.520883374,1.558485087,0.02412709166,1.338139935,0,3,,pmeal-hpc,2026-08-17T14:09:29,
tortuosity,gpu,matrixfree,16,n400_b100_p060,400,1,0.6,0.602502,38560157,iters,59,1.557910611,1.558485087,0.0003686119196,1.97165799,0,3,target_reached,pmeal-hpc,2026-08-17T14:09:29,
tortuosity,gpu,matrixfree,16,n400_b100_p080,400,1,0.8,0.807589,51685723,iters,1,0.01103811717,1.175919941,0.9906132069,0.659657245,0,3,,pmeal-hpc,2026-08-17T14:09:49,
tortuosity,gpu,matrixfree,16,n400_b100_p080,400,1,0.8,0.807589,51685723,iters,2,0.0132669637,1.175919941,0.9887178002,0.6913683773,0,3,,pmeal-hpc,2026-08-17T14:09:49,
tortuosity,gpu,matrixfree,16,n400_b100_p080,400,1,0.8,0.807589,51685723,iters,3,0.0172485669,1.175919941,0.9853318527,0.7183940664,0,3,,pmeal-hpc,2026-08-17T14:09:49,
tortuosity,gpu,matrixfree,16,n400_b100_p080,400,1,0.8,0.807589,51685723,iters,6,0.1062314371,1.175919941,0.9096609953,0.8000947419,0,3,,pmeal-hpc,2026-08-17T14:09:49,
tortuosity,gpu,matrixfree,16,n400_b100_p080,400,1,0.8,0.807589,51685723,iters,10,0.1531041138,1.175919941,0.8698005634,0.9099210179,0,3,,pmeal-hpc,2026-08-17T14:09:49,
tortuosity,gpu,matrixfree,16,n400_b100_p080,400,1,0.8,0.807589,51685723,iters,18,2.655537242,1.175919941,1.258263636,1.134328628,0,3,,pmeal-hpc,2026-08-17T14:09:49,
tortuosity,gpu,matrixfree,16,n400_b100_p080,400,1,0.8,0.807589,51685723,iters,33,1.148072405,1.175919941,0.02368148992,1.592437395,0,3,,pmeal-hpc,2026-08-17T14:09:49,
tortuosity,gpu,matrixfree,16,n400_b100_p080,400,1,0.8,0.807589,51685723,iters,59,1.175569729,1.175919941,0.0002978199355,2.343472085,0,3,target_reached,pmeal-hpc,2026-08-17T14:09:49,
tortuosity,gpu,matrixfree,16,n400_b100_p095,400,1,0.95,0.950994,60863603,iters,1,0.0108423209,1.036462383,0.9895391081,0.718961793,0,3,,pmeal-hpc,2026-08-17T14:10:10,
tortuosity,gpu,matrixfree,16,n400_b100_p095,400,1,0.95,0.950994,60863603,iters,2,0.01307496843,1.036462383,0.9873850044,0.746450267,0,3,,pmeal-hpc,2026-08-17T14:10:10,
tortuosity,gpu,matrixfree,16,n400_b100_p095,400,1,0.95,0.950994,60863603,iters,3,0.01820904377,1.036462383,0.982431544,0.779587958,0,3,,pmeal-hpc,2026-08-17T14:10:10,
tortuosity,gpu,matrixfree,16,n400_b100_p095,400,1,0.95,0.950994,60863603,iters,6,0.1080903215,1.036462383,0.8957122581,0.86919993,0,3,,pmeal-hpc,2026-08-17T14:10:10,
tortuosity,gpu,matrixfree,16,n400_b100_p095,400,1,0.95,0.950994,60863603,iters,10,0.1502270575,1.036462383,0.8550578777,0.989218924,0,3,,pmeal-hpc,2026-08-17T14:10:10,
tortuosity,gpu,matrixfree,16,n400_b100_p095,400,1,0.95,0.950994,60863603,iters,18,2.421499241,1.036462383,1.336311747,1.233887912,0,3,,pmeal-hpc,2026-08-17T14:10:10,
tortuosity,gpu,matrixfree,16,n400_b100_p095,400,1,0.95,0.950994,60863603,iters,33,1.010687899,1.036462383,0.02486774648,1.685562101,0,3,,pmeal-hpc,2026-08-17T14:10:10,
tortuosity,gpu,matrixfree,16,n400_b100_p095,400,1,0.95,0.950994,60863603,iters,59,1.036413456,1.036462383,4.720534329e-05,2.475086063,0,3,target_reached,pmeal-hpc,2026-08-17T14:10:10,
tortuosity,gpu,matrixfree,16,n400_b200_p020,400,2,0.2,0.18948,12126729,iters,1,0.008265395621,10.76863104,0.9992324562,0.3114615059,0,3,,pmeal-hpc,2026-08-17T14:10:29,
tortuosity,gpu,matrixfree,16,n400_b200_p020,400,2,0.2,0.18948,12126729,iters,2,0.009909713452,10.76863104,0.9990797611,0.3246520241,0,3,,pmeal-hpc,2026-08-17T14:10:29,
tortuosity,gpu,matrixfree,16,n400_b200_p020,400,2,0.2,0.18948,12126729,iters,3,0.01275541063,10.76863104,0.998815503,0.3373575022,0,3,,pmeal-hpc,2026-08-17T14:10:29,
tortuosity,gpu,matrixfree,16,n400_b200_p020,400,2,0.2,0.18948,12126729,iters,6,0.07920044077,10.76863104,0.9926452638,0.3754379242,0,3,,pmeal-hpc,2026-08-17T14:10:29,
tortuosity,gpu,matrixfree,16,n400_b200_p020,400,2,0.2,0.18948,12126729,iters,10,0.1539573095,10.76863104,0.9857031679,0.4288915351,0,3,,pmeal-hpc,2026-08-17T14:10:29,
tortuosity,gpu,matrixfree,16,n400_b200_p020,400,2,0.2,0.18948,12126729,iters,18,18.82583595,10.76863104,0.7482106947,0.5576516378,0,3,,pmeal-hpc,2026-08-17T14:10:29,
tortuosity,gpu,matrixfree,16,n400_b200_p020,400,2,0.2,0.18948,12126729,iters,33,8.153256425,10.76863104,0.2428697395,0.7656566079,0,3,,pmeal-hpc,2026-08-17T14:10:29,
tortuosity,gpu,matrixfree,16,n400_b200_p020,400,2,0.2,0.18948,12126729,iters,59,10.68788137,10.76863104,0.00749860138,1.132569937,0,3,,pmeal-hpc,2026-08-17T14:10:29,
tortuosity,gpu,matrixfree,16,n400_b200_p020,400,2,0.2,0.18948,12126729,iters,106,10.79311778,10.76863104,0.002273895035,1.788282169,0,3,,pmeal-hpc,2026-08-17T14:10:29,
tortuosity,gpu,matrixfree,16,n400_b200_p020,400,2,0.2,0.18948,12126729,iters,189,10.77254893,10.76863104,0.0003638244487,2.932594575,0,3,target_reached,pmeal-hpc,2026-08-17T14:10:29,
tortuosity,gpu,matrixfree,16,n400_b200_p040,400,2,0.4,0.399236,25551094,iters,1,0.009843899477,2.608420127,0.9962261066,0.526568519,0,3,,pmeal-hpc,2026-08-17T14:10:48,
tortuosity,gpu,matrixfree,16,n400_b200_p040,400,2,0.4,0.399236,25551094,iters,2,0.01178543654,2.608420127,0.9954817721,0.5515810179,0,3,,pmeal-hpc,2026-08-17T14:10:48,
tortuosity,gpu,matrixfree,16,n400_b200_p040,400,2,0.4,0.399236,25551094,iters,3,0.01472238163,2.608420127,0.9943558242,0.5723076358,0,3,,pmeal-hpc,2026-08-17T14:10:48,
tortuosity,gpu,matrixfree,16,n400_b200_p040,400,2,0.4,0.399236,25551094,iters,6,0.08869590083,2.608420127,0.9659963133,0.6472953637,0,3,,pmeal-hpc,2026-08-17T14:10:48,
tortuosity,gpu,matrixfree,16,n400_b200_p040,400,2,0.4,0.399236,25551094,iters,10,0.1566077593,2.608420127,0.9399606844,0.7413650153,0,3,,pmeal-hpc,2026-08-17T14:10:48,
tortuosity,gpu,matrixfree,16,n400_b200_p040,400,2,0.4,0.399236,25551094,iters,18,4.609721061,2.608420127,0.767246393,0.9258617696,0,3,,pmeal-hpc,2026-08-17T14:10:48,
tortuosity,gpu,matrixfree,16,n400_b200_p040,400,2,0.4,0.399236,25551094,iters,33,2.569726521,2.608420127,0.01483411553,1.288558976,0,3,,pmeal-hpc,2026-08-17T14:10:48,
tortuosity,gpu,matrixfree,16,n400_b200_p040,400,2,0.4,0.399236,25551094,iters,59,2.605509804,2.608420127,0.00111574183,1.886700078,0,3,,pmeal-hpc,2026-08-17T14:10:48,
tortuosity,gpu,matrixfree,16,n400_b200_p040,400,2,0.4,0.399236,25551094,iters,106,2.608777119,2.608420127,0.0001368612107,2.985652308,0,3,target_reached,pmeal-hpc,2026-08-17T14:10:48,
tortuosity,gpu,matrixfree,16,n400_b200_p060,400,2,0.6,0.601874,38519921,iters,1,0.01102109992,1.574940918,0.9930022137,0.6104291719,0,3,,pmeal-hpc,2026-08-17T14:11:06,
tortuosity,gpu,matrixfree,16,n400_b200_p060,400,2,0.6,0.601874,38519921,iters,2,0.01316961306,1.574940918,0.9916380272,0.6351289519,0,3,,pmeal-hpc,2026-08-17T14:11:06,
tortuosity,gpu,matrixfree,16,n400_b200_p060,400,2,0.6,0.601874,38519921,iters,3,0.01624375658,1.574940918,0.9896861169,0.6617123168,0,3,,pmeal-hpc,2026-08-17T14:11:06,
tortuosity,gpu,matrixfree,16,n400_b200_p060,400,2,0.6,0.601874,38519921,iters,6,0.0975486476,1.574940918,0.9380620273,0.744405326,0,3,,pmeal-hpc,2026-08-17T14:11:06,
tortuosity,gpu,matrixfree,16,n400_b200_p060,400,2,0.6,0.601874,38519921,iters,10,0.1602038732,1.574940918,0.8982794393,0.8546022219,0,3,,pmeal-hpc,2026-08-17T14:11:06,
tortuosity,gpu,matrixfree,16,n400_b200_p060,400,2,0.6,0.601874,38519921,iters,18,2.422819451,1.574940918,0.5383557713,1.075634196,0,3,,pmeal-hpc,2026-08-17T14:11:06,
tortuosity,gpu,matrixfree,16,n400_b200_p060,400,2,0.6,0.601874,38519921,iters,33,1.559218626,1.574940918,0.009982781973,1.514994587,0,3,,pmeal-hpc,2026-08-17T14:11:06,
tortuosity,gpu,matrixfree,16,n400_b200_p060,400,2,0.6,0.601874,38519921,iters,59,1.574006799,1.574940918,0.000593113545,2.220025754,0,3,target_reached,pmeal-hpc,2026-08-17T14:11:06,
tortuosity,gpu,matrixfree,16,n400_b200_p080,400,2,0.8,0.802397,51353403,iters,1,0.01155589289,1.199127461,0.9903630821,0.6513580352,0,3,,pmeal-hpc,2026-08-17T14:11:26,
tortuosity,gpu,matrixfree,16,n400_b200_p080,400,2,0.8,0.802397,51353403,iters,2,0.01379970393,1.199127461,0.988491879,0.6796697262,0,3,,pmeal-hpc,2026-08-17T14:11:26,
tortuosity,gpu,matrixfree,16,n400_b200_p080,400,2,0.8,0.802397,51353403,iters,3,0.01711404873,1.199127461,0.9857279153,0.7089168853,0,3,,pmeal-hpc,2026-08-17T14:11:26,
tortuosity,gpu,matrixfree,16,n400_b200_p080,400,2,0.8,0.802397,51353403,iters,6,0.1060515807,1.199127461,0.9115593761,0.7920294905,0,3,,pmeal-hpc,2026-08-17T14:11:26,
tortuosity,gpu,matrixfree,16,n400_b200_p080,400,2,0.8,0.802397,51353403,iters,10,0.1589966967,1.199127461,0.8674063418,0.9193390785,0,3,,pmeal-hpc,2026-08-17T14:11:26,
tortuosity,gpu,matrixfree,16,n400_b200_p080,400,2,0.8,0.802397,51353403,iters,18,1.889106143,1.199127461,0.5754006176,1.151125968,0,3,,pmeal-hpc,2026-08-17T14:11:26,
tortuosity,gpu,matrixfree,16,n400_b200_p080,400,2,0.8,0.802397,51353403,iters,33,1.179004022,1.199127461,0.01678173451,1.618331487,0,3,,pmeal-hpc,2026-08-17T14:11:26,
tortuosity,gpu,matrixfree,16,n400_b200_p080,400,2,0.8,0.802397,51353403,iters,59,1.198814387,1.199127461,0.0002610850847,2.403167672,0,3,target_reached,pmeal-hpc,2026-08-17T14:11:26,
tortuosity,gpu,matrixfree,16,n400_b200_p095,400,2,0.95,0.950293,60818722,iters,1,0.01121877105,1.041214741,0.9892253052,0.6999956721,0,3,,pmeal-hpc,2026-08-17T14:11:48,
tortuosity,gpu,matrixfree,16,n400_b200_p095,400,2,0.95,0.950293,60818722,iters,2,0.01345769807,1.041214741,0.9870750024,0.7281993921,0,3,,pmeal-hpc,2026-08-17T14:11:48,
tortuosity,gpu,matrixfree,16,n400_b200_p095,400,2,0.95,0.950293,60818722,iters,3,0.01755753408,1.041214741,0.9831374515,0.757318893,0,3,,pmeal-hpc,2026-08-17T14:11:48,
tortuosity,gpu,matrixfree,16,n400_b200_p095,400,2,0.95,0.950293,60818722,iters,6,0.1092295993,1.041214741,0.8950940714,0.8465867159,0,3,,pmeal-hpc,2026-08-17T14:11:48,
tortuosity,gpu,matrixfree,16,n400_b200_p095,400,2,0.95,0.950293,60818722,iters,10,0.1526884794,1.041214741,0.8533554383,0.9714165858,0,3,,pmeal-hpc,2026-08-17T14:11:48,
tortuosity,gpu,matrixfree,16,n400_b200_p095,400,2,0.95,0.950293,60818722,iters,18,2.017087819,1.041214741,0.9372447775,1.211431414,0,3,,pmeal-hpc,2026-08-17T14:11:48,
tortuosity,gpu,matrixfree,16,n400_b200_p095,400,2,0.95,0.950293,60818722,iters,33,1.01910424,1.041214741,0.02123529356,1.680368433,0,3,,pmeal-hpc,2026-08-17T14:11:48,
tortuosity,gpu,matrixfree,16,n400_b200_p095,400,2,0.95,0.950293,60818722,iters,59,1.041026868,1.041214741,0.0001804367441,2.50314196,0,3,target_reached,pmeal-hpc,2026-08-17T14:11:48,
tortuosity,gpu,matrixfree,16,n600_b050_p020,600,0.5,0.2,0.156443,33791688,iters,1,0.00514427227,23.43955199,0.9997805303,0.845461186,0,3,,pmeal-hpc,2026-08-17T15:55:15,
tortuosity,gpu,matrixfree,16,n600_b050_p020,600,0.5,0.2,0.156443,33791688,iters,2,0.006217712869,23.43955199,0.9997347341,0.8628103919,0,3,,pmeal-hpc,2026-08-17T15:55:15,
tortuosity,gpu,matrixfree,16,n600_b050_p020,600,0.5,0.2,0.156443,33791688,iters,3,0.008293607086,23.43955199,0.9996461704,0.8803289351,0,3,,pmeal-hpc,2026-08-17T15:55:15,
tortuosity,gpu,matrixfree,16,n600_b050_p020,600,0.5,0.2,0.156443,33791688,iters,6,0.05312704283,23.43955199,0.9977334446,0.9393895762,0,3,,pmeal-hpc,2026-08-17T15:55:15,
tortuosity,gpu,matrixfree,16,n600_b050_p020,600,0.5,0.2,0.156443,33791688,iters,10,0.08573990502,23.43955199,0.9963420843,1.016574726,0,3,,pmeal-hpc,2026-08-17T15:55:15,
tortuosity,gpu,matrixfree,16,n600_b050_p020,600,0.5,0.2,0.156443,33791688,iters,18,-0.942168629,23.43955199,1.040195676,1.174070016,-0,3,,pmeal-hpc,2026-08-17T15:55:15,
tortuosity,gpu,matrixfree,16,n600_b050_p020,600,0.5,0.2,0.156443,33791688,iters,33,8.278041301,23.43955199,0.6468344913,1.473245481,0,3,,pmeal-hpc,2026-08-17T15:55:15,
tortuosity,gpu,matrixfree,16,n600_b050_p020,600,0.5,0.2,0.156443,33791688,iters,59,21.5083943,23.43955199,0.08238884807,1.951441175,0,3,,pmeal-hpc,2026-08-17T15:55:15,
tortuosity,gpu,matrixfree,16,n600_b050_p020,600,0.5,0.2,0.156443,33791688,iters,106,23.42306489,23.43955199,0.000703388173,2.841441066,0,3,target_reached,pmeal-hpc,2026-08-17T15:55:15,
tortuosity,gpu,matrixfree,16,n600_b050_p040,600,0.5,0.4,0.393651,85028549,iters,1,0.005300574966,2.911720482,0.9981795729,1.413828045,0,3,,pmeal-hpc,2026-08-17T15:56:06,
tortuosity,gpu,matrixfree,16,n600_b050_p040,600,0.5,0.4,0.393651,85028549,iters,2,0.00640664126,2.911720482,0.9977997059,1.460217942,0,3,,pmeal-hpc,2026-08-17T15:56:06,
tortuosity,gpu,matrixfree,16,n600_b050_p040,600,0.5,0.4,0.393651,85028549,iters,3,0.008966962365,2.911720482,0.9969203904,1.502857733,0,3,,pmeal-hpc,2026-08-17T15:56:06,
tortuosity,gpu,matrixfree,16,n600_b050_p040,600,0.5,0.4,0.393651,85028549,iters,6,0.0558094195,2.911720482,0.9808328375,1.635816507,0,3,,pmeal-hpc,2026-08-17T15:56:06,
tortuosity,gpu,matrixfree,16,n600_b050_p040,600,0.5,0.4,0.393651,85028549,iters,10,0.08429094262,2.911720482,0.9710511558,1.813584713,0,3,,pmeal-hpc,2026-08-17T15:56:06,
tortuosity,gpu,matrixfree,16,n600_b050_p040,600,0.5,0.4,0.393651,85028549,iters,18,-1.156684981,2.911720482,1.397251381,2.167799278,-0,3,,pmeal-hpc,2026-08-17T15:56:06,
tortuosity,gpu,matrixfree,16,n600_b050_p040,600,0.5,0.4,0.393651,85028549,iters,33,2.538865528,2.911720482,0.1280531412,2.803792577,0,3,,pmeal-hpc,2026-08-17T15:56:06,
tortuosity,gpu,matrixfree,16,n600_b050_p040,600,0.5,0.4,0.393651,85028549,iters,59,2.902899235,2.911720482,0.003029565216,3.946494126,0,3,,pmeal-hpc,2026-08-17T15:56:06,
tortuosity,gpu,matrixfree,16,n600_b050_p040,600,0.5,0.4,0.393651,85028549,iters,106,2.910961967,2.911720482,0.0002605042029,6.04285251,0,3,target_reached,pmeal-hpc,2026-08-17T15:56:06,
tortuosity,gpu,matrixfree,16,n600_b050_p060,600,0.5,0.6,0.603327,130318526,iters,1,0.006313821713,1.644772466,0.9961612795,1.474811094,0,3,,pmeal-hpc,2026-08-17T15:56:53,
tortuosity,gpu,matrixfree,16,n600_b050_p060,600,0.5,0.6,0.603327,130318526,iters,2,0.007737748925,1.644772466,0.9952955505,1.530197829,0,3,,pmeal-hpc,2026-08-17T15:56:53,
tortuosity,gpu,matrixfree,16,n600_b050_p060,600,0.5,0.6,0.603327,130318526,iters,3,0.01010912496,1.644772466,0.9938537851,1.584106561,0,3,,pmeal-hpc,2026-08-17T15:56:53,
tortuosity,gpu,matrixfree,16,n600_b050_p060,600,0.5,0.6,0.603327,130318526,iters,6,0.0548433269,1.644772466,0.9666559795,1.73103897,0,3,,pmeal-hpc,2026-08-17T15:56:53,
tortuosity,gpu,matrixfree,16,n600_b050_p060,600,0.5,0.6,0.603327,130318526,iters,10,0.07782329537,1.644772466,0.9526844612,1.938602151,0,3,,pmeal-hpc,2026-08-17T15:56:53,
tortuosity,gpu,matrixfree,16,n600_b050_p060,600,0.5,0.6,0.603327,130318526,iters,18,-0.4892281899,1.644772466,1.297444297,2.348649723,-0,3,,pmeal-hpc,2026-08-17T15:56:53,
tortuosity,gpu,matrixfree,16,n600_b050_p060,600,0.5,0.6,0.603327,130318526,iters,33,1.406234428,1.644772466,0.1450279857,3.106247378,0,3,,pmeal-hpc,2026-08-17T15:56:53,
tortuosity,gpu,matrixfree,16,n600_b050_p060,600,0.5,0.6,0.603327,130318526,iters,59,1.645294594,1.644772466,0.0003174472371,4.435131804,0,3,target_reached,pmeal-hpc,2026-08-17T15:56:53,
tortuosity,gpu,matrixfree,16,n600_b050_p080,600,0.5,0.8,0.801395,173101417,iters,1,0.007027681824,1.207519104,0.9941800657,1.732372719,0,3,,pmeal-hpc,2026-08-17T15:57:48,
tortuosity,gpu,matrixfree,16,n600_b050_p080,600,0.5,0.8,0.801395,173101417,iters,2,0.008628737929,1.207519104,0.9928541603,1.799058904,0,3,,pmeal-hpc,2026-08-17T15:57:48,
tortuosity,gpu,matrixfree,16,n600_b050_p080,600,0.5,0.8,0.801395,173101417,iters,3,0.01148112736,1.207519104,0.9904919704,1.861855097,0,3,,pmeal-hpc,2026-08-17T15:57:48,
tortuosity,gpu,matrixfree,16,n600_b050_p080,600,0.5,0.8,0.801395,173101417,iters,6,0.0607849771,1.207519104,0.9496612709,2.057336757,0,3,,pmeal-hpc,2026-08-17T15:57:48,
tortuosity,gpu,matrixfree,16,n600_b050_p080,600,0.5,0.8,0.801395,173101417,iters,10,0.08455032524,1.207519104,0.9299801345,2.306465716,0,3,,pmeal-hpc,2026-08-17T15:57:48,
tortuosity,gpu,matrixfree,16,n600_b050_p080,600,0.5,0.8,0.801395,173101417,iters,18,-0.6677722406,1.207519104,1.55301174,2.812385997,-0,3,,pmeal-hpc,2026-08-17T15:57:48,
tortuosity,gpu,matrixfree,16,n600_b050_p080,600,0.5,0.8,0.801395,173101417,iters,33,1.075738868,1.207519104,0.1091330447,3.761149415,0,3,,pmeal-hpc,2026-08-17T15:57:48,
tortuosity,gpu,matrixfree,16,n600_b050_p080,600,0.5,0.8,0.801395,173101417,iters,59,1.207905232,1.207519104,0.0003197700807,5.420295212,0,3,target_reached,pmeal-hpc,2026-08-17T15:57:48,
tortuosity,gpu,matrixfree,16,n600_b050_p095,600,0.5,0.95,0.949611,205116041,iters,1,0.007199404686,1.036289257,0.9930527074,1.925206766,0,3,,pmeal-hpc,2026-08-17T15:58:48,
tortuosity,gpu,matrixfree,16,n600_b050_p095,600,0.5,0.95,0.949611,205116041,iters,2,0.008840113551,1.036289257,0.9914694536,1.995904601,0,3,,pmeal-hpc,2026-08-17T15:58:48,
tortuosity,gpu,matrixfree,16,n600_b050_p095,600,0.5,0.95,0.949611,205116041,iters,3,0.01189236965,1.036289257,0.9885240829,2.065398775,0,3,,pmeal-hpc,2026-08-17T15:58:48,
tortuosity,gpu,matrixfree,16,n600_b050_p095,600,0.5,0.95,0.949611,205116041,iters,6,0.06231104212,1.036289257,0.9398709948,2.291023877,0,3,,pmeal-hpc,2026-08-17T15:58:48,
tortuosity,gpu,matrixfree,16,n600_b050_p095,600,0.5,0.95,0.949611,205116041,iters,10,0.08574067334,1.036289257,0.9172618333,2.583291857,0,3,,pmeal-hpc,2026-08-17T15:58:48,
tortuosity,gpu,matrixfree,16,n600_b050_p095,600,0.5,0.95,0.949611,205116041,iters,18,-0.7728475876,1.036289257,1.745783653,3.169226227,-0,3,,pmeal-hpc,2026-08-17T15:58:48,
tortuosity,gpu,matrixfree,16,n600_b050_p095,600,0.5,0.95,0.949611,205116041,iters,33,0.9323236049,1.036289257,0.1003249347,4.233235634,0,3,,pmeal-hpc,2026-08-17T15:58:48,
tortuosity,gpu,matrixfree,16,n600_b050_p095,600,0.5,0.95,0.949611,205116041,iters,59,1.036371374,1.036289257,7.924179847e-05,6.095108452,0,3,target_reached,pmeal-hpc,2026-08-17T15:58:48,
tortuosity,gpu,matrixfree,16,n600_b100_p020,600,1,0.2,0.186121,40202032,iters,1,0.005483338563,12.53312864,0.9995624924,0.7825822011,0,3,,pmeal-hpc,2026-08-17T15:59:34,
tortuosity,gpu,matrixfree,16,n600_b100_p020,600,1,0.2,0.186121,40202032,iters,2,0.006582850385,12.53312864,0.999474764,0.8048020981,0,3,,pmeal-hpc,2026-08-17T15:59:34,
tortuosity,gpu,matrixfree,16,n600_b100_p020,600,1,0.2,0.186121,40202032,iters,3,0.008369254591,12.53312864,0.9993322294,0.828678499,0,3,,pmeal-hpc,2026-08-17T15:59:34,
tortuosity,gpu,matrixfree,16,n600_b100_p020,600,1,0.2,0.186121,40202032,iters,6,0.05370251011,12.53312864,0.9957151553,0.898538274,0,3,,pmeal-hpc,2026-08-17T15:59:34,
tortuosity,gpu,matrixfree,16,n600_b100_p020,600,1,0.2,0.186121,40202032,iters,10,0.08689790905,12.53312864,0.993066543,1.000475537,0,3,,pmeal-hpc,2026-08-17T15:59:34,
tortuosity,gpu,matrixfree,16,n600_b100_p020,600,1,0.2,0.186121,40202032,iters,18,-1.264771322,12.53312864,1.100914254,1.206432599,-0,3,,pmeal-hpc,2026-08-17T15:59:34,
tortuosity,gpu,matrixfree,16,n600_b100_p020,600,1,0.2,0.186121,40202032,iters,33,6.14983084,12.53312864,0.5093139936,1.575182894,0,3,,pmeal-hpc,2026-08-17T15:59:34,
tortuosity,gpu,matrixfree,16,n600_b100_p020,600,1,0.2,0.186121,40202032,iters,59,11.92214602,12.53312864,0.04874940955,2.208940734,0,3,,pmeal-hpc,2026-08-17T15:59:34,
tortuosity,gpu,matrixfree,16,n600_b100_p020,600,1,0.2,0.186121,40202032,iters,106,12.50104853,12.53312864,0.002559625159,3.378317433,0,3,,pmeal-hpc,2026-08-17T15:59:34,
tortuosity,gpu,matrixfree,16,n600_b100_p020,600,1,0.2,0.186121,40202032,iters,189,12.53768075,12.53312864,0.0003632061009,5.452872977,0,3,target_reached,pmeal-hpc,2026-08-17T15:59:34,
tortuosity,gpu,matrixfree,16,n600_b100_p040,600,1,0.4,0.400067,86414504,iters,1,0.006410843804,2.584229768,0.9975192439,1.106614716,0,3,,pmeal-hpc,2026-08-17T16:00:14,
tortuosity,gpu,matrixfree,16,n600_b100_p040,600,1,0.4,0.400067,86414504,iters,2,0.007763258685,2.584229768,0.99699591,1.147004609,0,3,,pmeal-hpc,2026-08-17T16:00:14,
tortuosity,gpu,matrixfree,16,n600_b100_p040,600,1,0.4,0.400067,86414504,iters,3,0.009536198883,2.584229768,0.9963098487,1.18777333,0,3,,pmeal-hpc,2026-08-17T16:00:14,
tortuosity,gpu,matrixfree,16,n600_b100_p040,600,1,0.4,0.400067,86414504,iters,6,0.0533399871,2.584229768,0.9793594255,1.317468851,0,3,,pmeal-hpc,2026-08-17T16:00:14,
tortuosity,gpu,matrixfree,16,n600_b100_p040,600,1,0.4,0.400067,86414504,iters,10,0.08013389976,2.584229768,0.9689911862,1.488325042,0,3,,pmeal-hpc,2026-08-17T16:00:14,
tortuosity,gpu,matrixfree,16,n600_b100_p040,600,1,0.4,0.400067,86414504,iters,18,-0.5079086033,2.584229768,1.196541581,1.831253503,-0,3,,pmeal-hpc,2026-08-17T16:00:14,
tortuosity,gpu,matrixfree,16,n600_b100_p040,600,1,0.4,0.400067,86414504,iters,33,2.249335556,2.584229768,0.1295915,2.445744113,0,3,,pmeal-hpc,2026-08-17T16:00:14,
tortuosity,gpu,matrixfree,16,n600_b100_p040,600,1,0.4,0.400067,86414504,iters,59,2.585173743,2.584229768,0.0003652828899,3.517140633,0,3,target_reached,pmeal-hpc,2026-08-17T16:00:14,
tortuosity,gpu,matrixfree,16,n600_b100_p060,600,1,0.6,0.601152,129848851,iters,1,0.00698455444,1.574643825,0.9955643592,1.46200966,0,3,,pmeal-hpc,2026-08-17T16:01:02,
tortuosity,gpu,matrixfree,16,n600_b100_p060,600,1,0.6,0.601152,129848851,iters,2,0.008494447491,1.574643825,0.9946054801,1.517333697,0,3,,pmeal-hpc,2026-08-17T16:01:02,
tortuosity,gpu,matrixfree,16,n600_b100_p060,600,1,0.6,0.601152,129848851,iters,3,0.01057981194,1.574643825,0.9932811397,1.571713857,0,3,,pmeal-hpc,2026-08-17T16:01:02,
tortuosity,gpu,matrixfree,16,n600_b100_p060,600,1,0.6,0.601152,129848851,iters,6,0.05834616773,1.574643825,0.9629464347,1.733951799,0,3,,pmeal-hpc,2026-08-17T16:01:02,
tortuosity,gpu,matrixfree,16,n600_b100_p060,600,1,0.6,0.601152,129848851,iters,10,0.08448195364,1.574643825,0.9463485315,1.956933307,0,3,,pmeal-hpc,2026-08-17T16:01:02,
tortuosity,gpu,matrixfree,16,n600_b100_p060,600,1,0.6,0.601152,129848851,iters,18,-0.5956362749,1.574643825,1.378267304,2.393516567,-0,3,,pmeal-hpc,2026-08-17T16:01:02,
tortuosity,gpu,matrixfree,16,n600_b100_p060,600,1,0.6,0.601152,129848851,iters,33,1.417926288,1.574643825,0.09952570529,3.218956308,0,3,,pmeal-hpc,2026-08-17T16:01:02,
tortuosity,gpu,matrixfree,16,n600_b100_p060,600,1,0.6,0.601152,129848851,iters,59,1.575575297,1.574643825,0.0005915445904,4.656119087,0,3,target_reached,pmeal-hpc,2026-08-17T16:01:02,
tortuosity,gpu,matrixfree,16,n600_b100_p080,600,1,0.8,0.800675,172945908,iters,1,0.007428019523,1.194292393,0.9937804012,1.743492425,0,3,,pmeal-hpc,2026-08-17T16:01:57,
tortuosity,gpu,matrixfree,16,n600_b100_p080,600,1,0.8,0.800675,172945908,iters,2,0.009057233427,1.194292393,0.9924162345,1.810214825,0,3,,pmeal-hpc,2026-08-17T16:01:57,
tortuosity,gpu,matrixfree,16,n600_b100_p080,600,1,0.8,0.800675,172945908,iters,3,0.01135578982,1.194292393,0.9904916167,1.875914794,0,3,,pmeal-hpc,2026-08-17T16:01:57,
tortuosity,gpu,matrixfree,16,n600_b100_p080,600,1,0.8,0.800675,172945908,iters,6,0.06176026606,1.194292393,0.9482871478,2.081391193,0,3,,pmeal-hpc,2026-08-17T16:01:57,
tortuosity,gpu,matrixfree,16,n600_b100_p080,600,1,0.8,0.800675,172945908,iters,10,0.08787976603,1.194292393,0.9264168753,2.338587782,0,3,,pmeal-hpc,2026-08-17T16:01:57,
tortuosity,gpu,matrixfree,16,n600_b100_p080,600,1,0.8,0.800675,172945908,iters,18,-0.7007262518,1.194292393,1.586729226,2.861677608,-0,3,,pmeal-hpc,2026-08-17T16:01:57,
tortuosity,gpu,matrixfree,16,n600_b100_p080,600,1,0.8,0.800675,172945908,iters,33,1.081129857,1.194292393,0.09475278969,3.8577312,0,3,,pmeal-hpc,2026-08-17T16:01:57,
tortuosity,gpu,matrixfree,16,n600_b100_p080,600,1,0.8,0.800675,172945908,iters,59,1.19471033,1.194292393,0.0003499451393,5.558863541,0,3,target_reached,pmeal-hpc,2026-08-17T16:01:57,
tortuosity,gpu,matrixfree,16,n600_b100_p095,600,1,0.95,0.950634,205336897,iters,1,0.007300652167,1.038559849,0.9929704078,1.857399066,0,3,,pmeal-hpc,2026-08-17T16:02:57,
tortuosity,gpu,matrixfree,16,n600_b100_p095,600,1,0.95,0.950634,205336897,iters,2,0.008939153708,1.038559849,0.9913927409,1.927145571,0,3,,pmeal-hpc,2026-08-17T16:02:57,
tortuosity,gpu,matrixfree,16,n600_b100_p095,600,1,0.95,0.950634,205336897,iters,3,0.01160361369,1.038559849,0.9888272075,1.999218487,0,3,,pmeal-hpc,2026-08-17T16:02:57,
tortuosity,gpu,matrixfree,16,n600_b100_p095,600,1,0.95,0.950634,205336897,iters,6,0.06205884426,1.038559849,0.9402452884,2.220287115,0,3,,pmeal-hpc,2026-08-17T16:02:57,
tortuosity,gpu,matrixfree,16,n600_b100_p095,600,1,0.95,0.950634,205336897,iters,10,0.08623919713,1.038559849,0.9169627083,2.50473816,0,3,,pmeal-hpc,2026-08-17T16:02:57,
tortuosity,gpu,matrixfree,16,n600_b100_p095,600,1,0.95,0.950634,205336897,iters,18,-0.7592415313,1.038559849,1.731052266,3.077586329,-0,3,,pmeal-hpc,2026-08-17T16:02:57,
tortuosity,gpu,matrixfree,16,n600_b100_p095,600,1,0.95,0.950634,205336897,iters,33,0.9363136737,1.038559849,0.09844995971,4.157040366,0,3,,pmeal-hpc,2026-08-17T16:02:57,
tortuosity,gpu,matrixfree,16,n600_b100_p095,600,1,0.95,0.950634,205336897,iters,59,1.038796207,1.038559849,0.0002275825216,6.043033084,0,3,target_reached,pmeal-hpc,2026-08-17T16:02:57,
tortuosity,gpu,matrixfree,16,n600_b200_p020,600,2,0.2,0.19095,41245095,iters,1,0.006070409519,11.15581331,0.9994558524,0.85041301,0,3,,pmeal-hpc,2026-08-17T16:03:47,
tortuosity,gpu,matrixfree,16,n600_b200_p020,600,2,0.2,0.19095,41245095,iters,2,0.007260190906,11.15581331,0.9993492011,0.878818641,0,3,,pmeal-hpc,2026-08-17T16:03:47,
tortuosity,gpu,matrixfree,16,n600_b200_p020,600,2,0.2,0.19095,41245095,iters,3,0.009113400289,11.15581331,0.9991830806,0.9088066819,0,3,,pmeal-hpc,2026-08-17T16:03:47,
tortuosity,gpu,matrixfree,16,n600_b200_p020,600,2,0.2,0.19095,41245095,iters,6,0.04919450247,11.15581331,0.9955902361,0.9981009299,0,3,,pmeal-hpc,2026-08-17T16:03:47,
tortuosity,gpu,matrixfree,16,n600_b200_p020,600,2,0.2,0.19095,41245095,iters,10,0.08606911769,11.15581331,0.9922848191,1.125256234,0,3,,pmeal-hpc,2026-08-17T16:03:47,
tortuosity,gpu,matrixfree,16,n600_b200_p020,600,2,0.2,0.19095,41245095,iters,18,-0.7135084463,11.15581331,1.063958443,1.379388929,-0,3,,pmeal-hpc,2026-08-17T16:03:47,
tortuosity,gpu,matrixfree,16,n600_b200_p020,600,2,0.2,0.19095,41245095,iters,33,9.104500003,11.15581331,0.1838784184,1.845460114,0,3,,pmeal-hpc,2026-08-17T16:03:47,
tortuosity,gpu,matrixfree,16,n600_b200_p020,600,2,0.2,0.19095,41245095,iters,59,11.36990127,11.15581331,0.01919070837,2.625198814,0,3,,pmeal-hpc,2026-08-17T16:03:47,
tortuosity,gpu,matrixfree,16,n600_b200_p020,600,2,0.2,0.19095,41245095,iters,106,11.08072724,11.15581331,0.006730667091,4.076430717,0,3,,pmeal-hpc,2026-08-17T16:03:47,
tortuosity,gpu,matrixfree,16,n600_b200_p020,600,2,0.2,0.19095,41245095,iters,189,11.16536536,11.15581331,0.0008562396183,6.658952916,0,3,target_reached,pmeal-hpc,2026-08-17T16:03:47,
tortuosity,gpu,matrixfree,16,n600_b200_p040,600,2,0.4,0.398822,86145631,iters,1,0.006713914243,2.58840573,0.9974061585,1.189466693,0,3,,pmeal-hpc,2026-08-17T16:04:39,
tortuosity,gpu,matrixfree,16,n600_b200_p040,600,2,0.4,0.398822,86145631,iters,2,0.00804874758,2.58840573,0.9968904614,1.235633118,0,3,,pmeal-hpc,2026-08-17T16:04:39,
tortuosity,gpu,matrixfree,16,n600_b200_p040,600,2,0.4,0.398822,86145631,iters,3,0.009961419854,2.58840573,0.996151523,1.283617468,0,3,,pmeal-hpc,2026-08-17T16:04:39,
tortuosity,gpu,matrixfree,16,n600_b200_p040,600,2,0.4,0.398822,86145631,iters,6,0.05301338984,2.58840573,0.9795189026,1.433114118,0,3,,pmeal-hpc,2026-08-17T16:04:39,
tortuosity,gpu,matrixfree,16,n600_b200_p040,600,2,0.4,0.398822,86145631,iters,10,0.08670491382,2.58840573,0.96650258,1.627899856,0,3,,pmeal-hpc,2026-08-17T16:04:39,
tortuosity,gpu,matrixfree,16,n600_b200_p040,600,2,0.4,0.398822,86145631,iters,18,-0.6645082964,2.58840573,1.256724936,2.01539895,-0,3,,pmeal-hpc,2026-08-17T16:04:39,
tortuosity,gpu,matrixfree,16,n600_b200_p040,600,2,0.4,0.398822,86145631,iters,33,2.610057157,2.58840573,0.008364773113,2.721425242,0,3,,pmeal-hpc,2026-08-17T16:04:39,
tortuosity,gpu,matrixfree,16,n600_b200_p040,600,2,0.4,0.398822,86145631,iters,59,2.592756225,2.58840573,0.001680762465,3.974690599,0,3,,pmeal-hpc,2026-08-17T16:04:39,
tortuosity,gpu,matrixfree,16,n600_b200_p040,600,2,0.4,0.398822,86145631,iters,106,2.588680613,2.58840573,0.0001061976634,6.245962539,0,3,target_reached,pmeal-hpc,2026-08-17T16:04:39,
tortuosity,gpu,matrixfree,16,n600_b200_p060,600,2,0.6,0.600028,129606057,iters,1,0.007376623943,1.576153581,0.9953198571,1.425564003,0,3,,pmeal-hpc,2026-08-17T16:05:28,
tortuosity,gpu,matrixfree,16,n600_b200_p060,600,2,0.6,0.600028,129606057,iters,2,0.008882102742,1.576153581,0.9943646972,1.488457326,0,3,,pmeal-hpc,2026-08-17T16:05:28,
tortuosity,gpu,matrixfree,16,n600_b200_p060,600,2,0.6,0.600028,129606057,iters,3,0.0108774645,1.576153581,0.9930987281,1.551623947,0,3,,pmeal-hpc,2026-08-17T16:05:28,
tortuosity,gpu,matrixfree,16,n600_b200_p060,600,2,0.6,0.600028,129606057,iters,6,0.05828244699,1.576153581,0.9630223554,1.733088467,0,3,,pmeal-hpc,2026-08-17T16:05:28,
tortuosity,gpu,matrixfree,16,n600_b200_p060,600,2,0.6,0.600028,129606057,iters,10,0.08999060728,1.576153581,0.9429049248,1.978318095,0,3,,pmeal-hpc,2026-08-17T16:05:28,
tortuosity,gpu,matrixfree,16,n600_b200_p060,600,2,0.6,0.600028,129606057,iters,18,-0.7359679828,1.576153581,1.466939258,2.433874141,-0,3,,pmeal-hpc,2026-08-17T16:05:28,
tortuosity,gpu,matrixfree,16,n600_b200_p060,600,2,0.6,0.600028,129606057,iters,33,1.555548565,1.576153581,0.01307297505,3.344813139,0,3,,pmeal-hpc,2026-08-17T16:05:28,
tortuosity,gpu,matrixfree,16,n600_b200_p060,600,2,0.6,0.600028,129606057,iters,59,1.577276903,1.576153581,0.0007126985779,4.893662111,0,3,target_reached,pmeal-hpc,2026-08-17T16:05:28,
tortuosity,gpu,matrixfree,16,n600_b200_p080,600,2,0.8,0.801043,173025334,iters,1,0.007692829308,1.194359614,0.9935590343,1.778533422,0,3,,pmeal-hpc,2026-08-17T16:06:24,
tortuosity,gpu,matrixfree,16,n600_b200_p080,600,2,0.8,0.801043,173025334,iters,2,0.009305086415,1.194359614,0.9922091418,1.843183597,0,3,,pmeal-hpc,2026-08-17T16:06:24,
tortuosity,gpu,matrixfree,16,n600_b200_p080,600,2,0.8,0.801043,173025334,iters,3,0.011393848,1.194359614,0.9904602869,1.911055716,0,3,,pmeal-hpc,2026-08-17T16:06:24,
tortuosity,gpu,matrixfree,16,n600_b200_p080,600,2,0.8,0.801043,173025334,iters,6,0.0614418663,1.194359614,0.9485566444,2.115898854,0,3,,pmeal-hpc,2026-08-17T16:06:24,
tortuosity,gpu,matrixfree,16,n600_b200_p080,600,2,0.8,0.801043,173025334,iters,10,0.09063079816,1.194359614,0.9241176635,2.384335312,0,3,,pmeal-hpc,2026-08-17T16:06:24,
tortuosity,gpu,matrixfree,16,n600_b200_p080,600,2,0.8,0.801043,173025334,iters,18,-0.7961183585,1.194359614,1.666565035,2.932282277,-0,3,,pmeal-hpc,2026-08-17T16:06:24,
tortuosity,gpu,matrixfree,16,n600_b200_p080,600,2,0.8,0.801043,173025334,iters,33,1.135027484,1.194359614,0.04967693898,3.957397905,0,3,,pmeal-hpc,2026-08-17T16:06:24,
tortuosity,gpu,matrixfree,16,n600_b200_p080,600,2,0.8,0.801043,173025334,iters,59,1.194832913,1.194359614,0.0003962781657,5.758937519,0,3,target_reached,pmeal-hpc,2026-08-17T16:06:24,
tortuosity,gpu,matrixfree,16,n600_b200_p095,600,2,0.95,0.950849,205383281,iters,1,0.007504884585,1.037615234,0.9927671796,1.936454019,0,3,,pmeal-hpc,2026-08-17T16:07:24,
tortuosity,gpu,matrixfree,16,n600_b200_p095,600,2,0.95,0.950849,205383281,iters,2,0.009135553411,1.037615234,0.9911956252,2.008534767,0,3,,pmeal-hpc,2026-08-17T16:07:24,
tortuosity,gpu,matrixfree,16,n600_b200_p095,600,2,0.95,0.950849,205383281,iters,3,0.011395509,1.037615234,0.9890175967,2.088279445,0,3,,pmeal-hpc,2026-08-17T16:07:24,
tortuosity,gpu,matrixfree,16,n600_b200_p095,600,2,0.95,0.950849,205383281,iters,6,0.06191342385,1.037615234,0.9403310381,2.315376212,0,3,,pmeal-hpc,2026-08-17T16:07:24,
tortuosity,gpu,matrixfree,16,n600_b200_p095,600,2,0.95,0.950849,205383281,iters,10,0.08784057596,1.037615234,0.9153437873,2.607300002,0,3,,pmeal-hpc,2026-08-17T16:07:24,
tortuosity,gpu,matrixfree,16,n600_b200_p095,600,2,0.95,0.950849,205383281,iters,18,-0.8053715562,1.037615234,1.776175532,3.195046189,-0,3,,pmeal-hpc,2026-08-17T16:07:24,
tortuosity,gpu,matrixfree,16,n600_b200_p095,600,2,0.95,0.950849,205383281,iters,33,0.9592713785,1.037615234,0.07550376377,4.295871492,0,3,,pmeal-hpc,2026-08-17T16:07:24,
tortuosity,gpu,matrixfree,16,n600_b200_p095,600,2,0.95,0.950849,205383281,iters,59,1.037772915,1.037615234,0.0001519647037,6.206239453,0,3,target_reached,pmeal-hpc,2026-08-17T16:07:24,
tortuosity,gpu,matrixfree,16,n800_b050_p020,800,0.5,0.2,0.174096,89137139,iters,1,0.003305385345,10.10700996,0.9996729611,1.937725122,0,3,,pmeal-hpc,2026-08-17T18:55:40,
tortuosity,gpu,matrixfree,16,n800_b050_p020,800,0.5,0.2,0.174096,89137139,iters,2,0.004051098859,10.10700996,0.9995991793,1.978210626,0,3,,pmeal-hpc,2026-08-17T18:55:41,
tortuosity,gpu,matrixfree,16,n800_b050_p020,800,0.5,0.2,0.174096,89137139,iters,3,0.005165671915,10.10700996,0.9994889021,2.020077944,0,3,,pmeal-hpc,2026-08-17T18:55:41,
tortuosity,gpu,matrixfree,16,n800_b050_p020,800,0.5,0.2,0.174096,89137139,iters,6,0.02931768765,10.10700996,0.9970992719,2.14481035,0,3,,pmeal-hpc,2026-08-17T18:55:41,
tortuosity,gpu,matrixfree,16,n800_b050_p020,800,0.5,0.2,0.174096,89137139,iters,10,0.04324063806,10.10700996,0.9957217181,2.319114638,0,3,,pmeal-hpc,2026-08-17T18:55:41,
tortuosity,gpu,matrixfree,16,n800_b050_p020,800,0.5,0.2,0.174096,89137139,iters,18,-0.2230642732,10.10700996,1.022070254,2.665879437,-0,3,,pmeal-hpc,2026-08-17T18:55:41,
tortuosity,gpu,matrixfree,16,n800_b050_p020,800,0.5,0.2,0.174096,89137139,iters,33,3.13372344,10.10700996,0.6899455474,3.294876157,0,3,,pmeal-hpc,2026-08-17T18:55:41,
tortuosity,gpu,matrixfree,16,n800_b050_p020,800,0.5,0.2,0.174096,89137139,iters,59,8.781870272,10.10700996,0.131110951,4.386677409,0,3,,pmeal-hpc,2026-08-17T18:55:41,
tortuosity,gpu,matrixfree,16,n800_b050_p020,800,0.5,0.2,0.174096,89137139,iters,106,9.928852214,10.10700996,0.01762714656,6.314657859,0,3,,pmeal-hpc,2026-08-17T18:55:41,
tortuosity,gpu,matrixfree,16,n800_b050_p020,800,0.5,0.2,0.174096,89137139,iters,189,10.1119474,10.10700996,0.000488516277,9.697880794,0,3,target_reached,pmeal-hpc,2026-08-17T18:55:41,
tortuosity,gpu,matrixfree,16,n800_b050_p040,800,0.5,0.4,0.384479,196853200,iters,1,0.004398564502,2.713834504,0.9983792068,2.766601249,0,3,,pmeal-hpc,2026-08-17T18:57:24,
tortuosity,gpu,matrixfree,16,n800_b050_p040,800,0.5,0.4,0.384479,196853200,iters,2,0.005391964334,2.713834504,0.9980131565,2.84790021,0,3,,pmeal-hpc,2026-08-17T18:57:24,
tortuosity,gpu,matrixfree,16,n800_b050_p040,800,0.5,0.4,0.384479,196853200,iters,3,0.006905534787,2.713834504,0.9974554326,2.925686257,0,3,,pmeal-hpc,2026-08-17T18:57:24,
tortuosity,gpu,matrixfree,16,n800_b050_p040,800,0.5,0.4,0.384479,196853200,iters,6,0.03812432447,2.713834504,0.985951861,3.167828041,0,3,,pmeal-hpc,2026-08-17T18:57:24,
tortuosity,gpu,matrixfree,16,n800_b050_p040,800,0.5,0.4,0.384479,196853200,iters,10,0.0551439247,2.713834504,0.9796804394,3.493048953,0,3,,pmeal-hpc,2026-08-17T18:57:24,
tortuosity,gpu,matrixfree,16,n800_b050_p040,800,0.5,0.4,0.384479,196853200,iters,18,-0.2961156275,2.713834504,1.10911337,4.136678562,-0,3,,pmeal-hpc,2026-08-17T18:57:24,
tortuosity,gpu,matrixfree,16,n800_b050_p040,800,0.5,0.4,0.384479,196853200,iters,33,1.818765467,2.713834504,0.3298171042,5.320087622,0,3,,pmeal-hpc,2026-08-17T18:57:24,
tortuosity,gpu,matrixfree,16,n800_b050_p040,800,0.5,0.4,0.384479,196853200,iters,59,2.687634233,2.713834504,0.009654336435,7.392897239,0,3,,pmeal-hpc,2026-08-17T18:57:24,
tortuosity,gpu,matrixfree,16,n800_b050_p040,800,0.5,0.4,0.384479,196853200,iters,106,2.71395421,2.713834504,4.410947603e-05,11.12121448,0,3,target_reached,pmeal-hpc,2026-08-17T18:57:24,
tortuosity,gpu,matrixfree,16,n800_b050_p060,800,0.5,0.6,0.59834,306349955,iters,1,0.005151108649,1.573690994,0.9967267344,3.772855391,0,3,,pmeal-hpc,2026-08-17T18:59:35,
tortuosity,gpu,matrixfree,16,n800_b050_p060,800,0.5,0.6,0.59834,306349955,iters,2,0.006320214462,1.573690994,0.9959838275,3.885302534,0,3,,pmeal-hpc,2026-08-17T18:59:35,
tortuosity,gpu,matrixfree,16,n800_b050_p060,800,0.5,0.6,0.59834,306349955,iters,3,0.008207176389,1.573690994,0.9947847599,4.0040285,0,3,,pmeal-hpc,2026-08-17T18:59:35,
tortuosity,gpu,matrixfree,16,n800_b050_p060,800,0.5,0.6,0.59834,306349955,iters,6,0.04437138447,1.573690994,0.9718042585,4.349485734,0,3,,pmeal-hpc,2026-08-17T18:59:35,
tortuosity,gpu,matrixfree,16,n800_b050_p060,800,0.5,0.6,0.59834,306349955,iters,10,0.062885327,1.573690994,0.9600395966,4.815271107,0,3,,pmeal-hpc,2026-08-17T18:59:35,
tortuosity,gpu,matrixfree,16,n800_b050_p060,800,0.5,0.6,0.59834,306349955,iters,18,-0.374545879,1.573690994,1.238004717,5.738861403,-0,3,,pmeal-hpc,2026-08-17T18:59:35,
tortuosity,gpu,matrixfree,16,n800_b050_p060,800,0.5,0.6,0.59834,306349955,iters,33,1.270426304,1.573690994,0.1927091732,7.469895263,0,3,,pmeal-hpc,2026-08-17T18:59:35,
tortuosity,gpu,matrixfree,16,n800_b050_p060,800,0.5,0.6,0.59834,306349955,iters,59,1.571881139,1.573690994,0.001150069839,10.4515387,0,3,,pmeal-hpc,2026-08-17T18:59:35,
tortuosity,gpu,matrixfree,16,n800_b050_p060,800,0.5,0.6,0.59834,306349955,iters,106,1.574088481,1.573690994,0.0002525823566,15.79517459,0,3,target_reached,pmeal-hpc,2026-08-17T18:59:35,
tortuosity,gpu,matrixfree,16,n800_b050_p080,800,0.5,0.8,0.807732,413558797,iters,1,0.005527272376,1.158681783,0.9952296891,4.396762657,0,3,,pmeal-hpc,2026-08-17T19:01:38,
tortuosity,gpu,matrixfree,16,n800_b050_p080,800,0.5,0.8,0.807732,413558797,iters,2,0.006784291102,1.158681783,0.9941448194,4.547610878,0,3,,pmeal-hpc,2026-08-17T19:01:38,
tortuosity,gpu,matrixfree,16,n800_b050_p080,800,0.5,0.8,0.807732,413558797,iters,3,0.008949366709,1.158681783,0.9922762515,4.693087225,0,3,,pmeal-hpc,2026-08-17T19:01:38,
tortuosity,gpu,matrixfree,16,n800_b050_p080,800,0.5,0.8,0.807732,413558797,iters,6,0.04762810196,1.158681783,0.9588945795,5.125709421,0,3,,pmeal-hpc,2026-08-17T19:01:38,
tortuosity,gpu,matrixfree,16,n800_b050_p080,800,0.5,0.8,0.807732,413558797,iters,10,0.06615947876,1.158681783,0.9429010797,5.717398185,0,3,,pmeal-hpc,2026-08-17T19:01:38,
tortuosity,gpu,matrixfree,16,n800_b050_p080,800,0.5,0.8,0.807732,413558797,iters,18,-0.4479215788,1.158681783,1.386578598,6.878187491,-0,3,,pmeal-hpc,2026-08-17T19:01:38,
tortuosity,gpu,matrixfree,16,n800_b050_p080,800,0.5,0.8,0.807732,413558797,iters,33,0.9856690657,1.158681783,0.1493185789,9.085931662,0,3,,pmeal-hpc,2026-08-17T19:01:38,
tortuosity,gpu,matrixfree,16,n800_b050_p080,800,0.5,0.8,0.807732,413558797,iters,59,1.159051226,1.158681783,0.0003188477057,12.87594458,0,3,target_reached,pmeal-hpc,2026-08-17T19:01:38,
tortuosity,gpu,matrixfree,16,n800_b050_p095,800,0.5,0.95,0.953798,488344573,iters,1,0.005443515836,1.027543224,0.9947023972,5.171329722,0,3,,pmeal-hpc,2026-08-17T19:03:55,
tortuosity,gpu,matrixfree,16,n800_b050_p095,800,0.5,0.95,0.953798,488344573,iters,2,0.006684889702,1.027543224,0.9934942983,5.346895542,0,3,,pmeal-hpc,2026-08-17T19:03:55,
tortuosity,gpu,matrixfree,16,n800_b050_p095,800,0.5,0.95,0.953798,488344573,iters,3,0.009008955892,1.027543224,0.9912325285,5.508639649,0,3,,pmeal-hpc,2026-08-17T19:03:55,
tortuosity,gpu,matrixfree,16,n800_b050_p095,800,0.5,0.95,0.953798,488344573,iters,6,0.04733251635,1.027543224,0.9539362284,6.004357397,0,3,,pmeal-hpc,2026-08-17T19:03:55,
tortuosity,gpu,matrixfree,16,n800_b050_p095,800,0.5,0.95,0.953798,488344573,iters,10,0.06522548534,1.027543224,0.9365228792,6.696745108,0,3,,pmeal-hpc,2026-08-17T19:03:55,
tortuosity,gpu,matrixfree,16,n800_b050_p095,800,0.5,0.95,0.953798,488344573,iters,18,-0.4810644491,1.027543224,1.46816955,8.006076318,-0,3,,pmeal-hpc,2026-08-17T19:03:55,
tortuosity,gpu,matrixfree,16,n800_b050_p095,800,0.5,0.95,0.953798,488344573,iters,33,0.8925113313,1.027543224,0.1314123723,10.4665324,0,3,,pmeal-hpc,2026-08-17T19:03:55,
tortuosity,gpu,matrixfree,16,n800_b050_p095,800,0.5,0.95,0.953798,488344573,iters,59,1.027223188,1.027543224,0.0003114574512,14.71568734,0,3,target_reached,pmeal-hpc,2026-08-17T19:03:55,
tortuosity,gpu,matrixfree,16,n800_b100_p020,800,1,0.2,0.185425,94937803,iters,1,0.004628692631,12.62304881,0.9996333142,1.903947069,0,3,,pmeal-hpc,2026-08-17T19:05:33,
tortuosity,gpu,matrixfree,16,n800_b100_p020,800,1,0.2,0.185425,94937803,iters,2,0.00563651825,12.62304881,0.9995534741,1.955654875,0,3,,pmeal-hpc,2026-08-17T19:05:33,
tortuosity,gpu,matrixfree,16,n800_b100_p020,800,1,0.2,0.185425,94937803,iters,3,0.007034363185,12.62304881,0.9994427366,2.004690571,0,3,,pmeal-hpc,2026-08-17T19:05:33,
tortuosity,gpu,matrixfree,16,n800_b100_p020,800,1,0.2,0.185425,94937803,iters,6,0.04029060144,12.62304881,0.9968081719,2.152228056,0,3,,pmeal-hpc,2026-08-17T19:05:33,
tortuosity,gpu,matrixfree,16,n800_b100_p020,800,1,0.2,0.185425,94937803,iters,10,0.06018516706,12.62304881,0.9952321212,2.354812227,0,3,,pmeal-hpc,2026-08-17T19:05:33,
tortuosity,gpu,matrixfree,16,n800_b100_p020,800,1,0.2,0.185425,94937803,iters,18,-0.3358677117,12.62304881,1.026607495,2.751509805,-0,3,,pmeal-hpc,2026-08-17T19:05:33,
tortuosity,gpu,matrixfree,16,n800_b100_p020,800,1,0.2,0.185425,94937803,iters,33,4.036059094,12.62304881,0.6802627357,3.481050016,0,3,,pmeal-hpc,2026-08-17T19:05:33,
tortuosity,gpu,matrixfree,16,n800_b100_p020,800,1,0.2,0.185425,94937803,iters,59,10.37823546,12.62304881,0.1778344822,4.765086064,0,3,,pmeal-hpc,2026-08-17T19:05:33,
tortuosity,gpu,matrixfree,16,n800_b100_p020,800,1,0.2,0.185425,94937803,iters,106,12.31320861,12.62304881,0.0245455918,7.109182482,0,3,,pmeal-hpc,2026-08-17T19:05:33,
tortuosity,gpu,matrixfree,16,n800_b100_p020,800,1,0.2,0.185425,94937803,iters,189,12.62121495,12.62304881,0.0001452786522,11.18080606,0,3,target_reached,pmeal-hpc,2026-08-17T19:05:33,
tortuosity,gpu,matrixfree,16,n800_b100_p040,800,1,0.4,0.394666,202068918,iters,1,0.005363619439,2.604118691,0.9979403322,2.679657232,0,3,,pmeal-hpc,2026-08-17T19:07:20,
tortuosity,gpu,matrixfree,16,n800_b100_p040,800,1,0.4,0.394666,202068918,iters,2,0.006534465517,2.604118691,0.997490719,2.773259414,0,3,,pmeal-hpc,2026-08-17T19:07:20,
tortuosity,gpu,matrixfree,16,n800_b100_p040,800,1,0.4,0.394666,202068918,iters,3,0.00810084277,2.604118691,0.9968892191,2.865386588,0,3,,pmeal-hpc,2026-08-17T19:07:20,
tortuosity,gpu,matrixfree,16,n800_b100_p040,800,1,0.4,0.394666,202068918,iters,6,0.0451055251,2.604118691,0.9826791593,3.141213493,0,3,,pmeal-hpc,2026-08-17T19:07:20,
tortuosity,gpu,matrixfree,16,n800_b100_p040,800,1,0.4,0.394666,202068918,iters,10,0.06628281709,2.604118691,0.9745469293,3.499526681,0,3,,pmeal-hpc,2026-08-17T19:07:20,
tortuosity,gpu,matrixfree,16,n800_b100_p040,800,1,0.4,0.394666,202068918,iters,18,-0.3784799391,2.604118691,1.145338974,4.221639268,-0,3,,pmeal-hpc,2026-08-17T19:07:20,
tortuosity,gpu,matrixfree,16,n800_b100_p040,800,1,0.4,0.394666,202068918,iters,33,1.991654863,2.604118691,0.2351904428,5.569343478,0,3,,pmeal-hpc,2026-08-17T19:07:20,
tortuosity,gpu,matrixfree,16,n800_b100_p040,800,1,0.4,0.394666,202068918,iters,59,2.597515364,2.604118691,0.002535724309,7.902748858,0,3,,pmeal-hpc,2026-08-17T19:07:20,
tortuosity,gpu,matrixfree,16,n800_b100_p040,800,1,0.4,0.394666,202068918,iters,106,2.603795254,2.604118691,0.000124202123,12.08817869,0,3,target_reached,pmeal-hpc,2026-08-17T19:07:20,
tortuosity,gpu,matrixfree,16,n800_b100_p060,800,1,0.6,0.599309,306846383,iters,1,0.005871014327,1.538358863,0.996183586,3.653638225,0,3,,pmeal-hpc,2026-08-17T19:09:06,
tortuosity,gpu,matrixfree,16,n800_b100_p060,800,1,0.6,0.599309,306846383,iters,2,0.007173799293,1.538358863,0.9953367192,3.78334637,0,3,,pmeal-hpc,2026-08-17T19:09:06,
tortuosity,gpu,matrixfree,16,n800_b100_p060,800,1,0.6,0.599309,306846383,iters,3,0.00899526149,1.538358863,0.9941526898,3.90417829,0,3,,pmeal-hpc,2026-08-17T19:09:06,
tortuosity,gpu,matrixfree,16,n800_b100_p060,800,1,0.6,0.599309,306846383,iters,6,0.04900080094,1.538358863,0.9681473536,4.275791467,0,3,,pmeal-hpc,2026-08-17T19:09:06,
tortuosity,gpu,matrixfree,16,n800_b100_p060,800,1,0.6,0.599309,306846383,iters,10,0.07039808371,1.538358863,0.9542381915,4.76224686,0,3,,pmeal-hpc,2026-08-17T19:09:06,
tortuosity,gpu,matrixfree,16,n800_b100_p060,800,1,0.6,0.599309,306846383,iters,18,-0.4382375196,1.538358863,1.2848734,5.727074662,-0,3,,pmeal-hpc,2026-08-17T19:09:06,
tortuosity,gpu,matrixfree,16,n800_b100_p060,800,1,0.6,0.599309,306846383,iters,33,1.301994391,1.538358863,0.1536471614,7.570102121,0,3,,pmeal-hpc,2026-08-17T19:09:06,
tortuosity,gpu,matrixfree,16,n800_b100_p060,800,1,0.6,0.599309,306846383,iters,59,1.53855259,1.538358863,0.000125931125,10.74694884,0,3,target_reached,pmeal-hpc,2026-08-17T19:09:06,
tortuosity,gpu,matrixfree,16,n800_b100_p080,800,1,0.8,0.802797,411032289,iters,1,0.005968061112,1.178837076,0.9949373317,4.428288969,0,3,,pmeal-hpc,2026-08-17T19:11:10,
tortuosity,gpu,matrixfree,16,n800_b100_p080,800,1,0.8,0.802797,411032289,iters,2,0.007302643732,1.178837076,0.9938052137,4.582663644,0,3,,pmeal-hpc,2026-08-17T19:11:10,
tortuosity,gpu,matrixfree,16,n800_b100_p080,800,1,0.8,0.802797,411032289,iters,3,0.009244523963,1.178837076,0.9921579291,4.733678258,0,3,,pmeal-hpc,2026-08-17T19:11:10,
tortuosity,gpu,matrixfree,16,n800_b100_p080,800,1,0.8,0.802797,411032289,iters,6,0.04986895321,1.178837076,0.9576964839,5.189634885,0,3,,pmeal-hpc,2026-08-17T19:11:10,
tortuosity,gpu,matrixfree,16,n800_b100_p080,800,1,0.8,0.802797,411032289,iters,10,0.07049484848,1.178837076,0.940199668,5.792100732,0,3,,pmeal-hpc,2026-08-17T19:11:10,
tortuosity,gpu,matrixfree,16,n800_b100_p080,800,1,0.8,0.802797,411032289,iters,18,-0.4733159384,1.178837076,1.401510903,6.966595936,-0,3,,pmeal-hpc,2026-08-17T19:11:10,
tortuosity,gpu,matrixfree,16,n800_b100_p080,800,1,0.8,0.802797,411032289,iters,33,1.02287667,1.178837076,0.1323002212,9.252632849,0,3,,pmeal-hpc,2026-08-17T19:11:10,
tortuosity,gpu,matrixfree,16,n800_b100_p080,800,1,0.8,0.802797,411032289,iters,59,1.179090032,1.178837076,0.0002145810255,13.15799704,0,3,target_reached,pmeal-hpc,2026-08-17T19:11:10,
tortuosity,gpu,matrixfree,16,n800_b100_p095,800,1,0.95,0.952043,487445980,iters,1,0.005600830195,1.033344548,0.9945799006,4.962240444,0,3,,pmeal-hpc,2026-08-17T19:13:26,
tortuosity,gpu,matrixfree,16,n800_b100_p095,800,1,0.95,0.952043,487445980,iters,2,0.006866968898,1.033344548,0.9933546183,5.137712592,0,3,,pmeal-hpc,2026-08-17T19:13:26,
tortuosity,gpu,matrixfree,16,n800_b100_p095,800,1,0.95,0.952043,487445980,iters,3,0.008949475032,1.033344548,0.9913393117,5.30172331,0,3,,pmeal-hpc,2026-08-17T19:13:26,
tortuosity,gpu,matrixfree,16,n800_b100_p095,800,1,0.95,0.952043,487445980,iters,6,0.04777988815,1.033344548,0.9537619004,5.806328412,0,3,,pmeal-hpc,2026-08-17T19:13:26,
tortuosity,gpu,matrixfree,16,n800_b100_p095,800,1,0.95,0.952043,487445980,iters,10,0.06640186872,1.033344548,0.9357408244,6.456433878,0,3,,pmeal-hpc,2026-08-17T19:13:26,
tortuosity,gpu,matrixfree,16,n800_b100_p095,800,1,0.95,0.952043,487445980,iters,18,-0.4710324498,1.033344548,1.455832908,7.800242556,-0,3,,pmeal-hpc,2026-08-17T19:13:26,
tortuosity,gpu,matrixfree,16,n800_b100_p095,800,1,0.95,0.952043,487445980,iters,33,0.9015524124,1.033344548,0.1275393922,10.29602705,0,3,,pmeal-hpc,2026-08-17T19:13:26,
tortuosity,gpu,matrixfree,16,n800_b100_p095,800,1,0.95,0.952043,487445980,iters,59,1.032963485,1.033344548,0.0003687663069,14.59161175,0,3,target_reached,pmeal-hpc,2026-08-17T19:13:26,
tortuosity,gpu,matrixfree,16,n800_b200_p020,800,2,0.2,0.18995,97254252,iters,1,0.004592355941,13.56020695,0.9996613359,2.121204073,0,3,,pmeal-hpc,2026-08-17T19:15:13,
tortuosity,gpu,matrixfree,16,n800_b200_p020,800,2,0.2,0.18995,97254252,iters,2,0.005515819677,13.56020695,0.9995932348,2.182682288,0,3,,pmeal-hpc,2026-08-17T19:15:13,
tortuosity,gpu,matrixfree,16,n800_b200_p020,800,2,0.2,0.18995,97254252,iters,3,0.00695468794,13.56020695,0.9994871252,2.243080515,0,3,,pmeal-hpc,2026-08-17T19:15:13,
tortuosity,gpu,matrixfree,16,n800_b200_p020,800,2,0.2,0.18995,97254252,iters,6,0.03930890489,13.56020695,0.9971011575,2.425523037,0,3,,pmeal-hpc,2026-08-17T19:15:13,
tortuosity,gpu,matrixfree,16,n800_b200_p020,800,2,0.2,0.18995,97254252,iters,10,0.0641556254,13.56020695,0.9952688314,2.680762112,0,3,,pmeal-hpc,2026-08-17T19:15:13,
tortuosity,gpu,matrixfree,16,n800_b200_p020,800,2,0.2,0.18995,97254252,iters,18,-0.4671882252,13.56020695,1.034452883,3.184045422,-0,3,,pmeal-hpc,2026-08-17T19:15:13,
tortuosity,gpu,matrixfree,16,n800_b200_p020,800,2,0.2,0.18995,97254252,iters,33,5.854456749,13.56020695,0.5682619911,4.127312456,0,3,,pmeal-hpc,2026-08-17T19:15:13,
tortuosity,gpu,matrixfree,16,n800_b200_p020,800,2,0.2,0.18995,97254252,iters,59,12.52778557,13.56020695,0.07613610762,5.783035079,0,3,,pmeal-hpc,2026-08-17T19:15:13,
tortuosity,gpu,matrixfree,16,n800_b200_p020,800,2,0.2,0.18995,97254252,iters,106,13.28134918,13.56020695,0.02056441813,8.764021112,0,3,,pmeal-hpc,2026-08-17T19:15:13,
tortuosity,gpu,matrixfree,16,n800_b200_p020,800,2,0.2,0.18995,97254252,iters,189,13.56816219,13.56020695,0.0005866607732,14.00893513,0,3,target_reached,pmeal-hpc,2026-08-17T19:15:13,
tortuosity,gpu,matrixfree,16,n800_b200_p040,800,2,0.4,0.3993,204441481,iters,1,0.005188135627,2.540426233,0.9979577696,3.018616437,0,3,,pmeal-hpc,2026-08-17T19:17:06,
tortuosity,gpu,matrixfree,16,n800_b200_p040,800,2,0.4,0.3993,204441481,iters,2,0.006246637701,2.540426233,0.9975411064,3.129411419,0,3,,pmeal-hpc,2026-08-17T19:17:06,
tortuosity,gpu,matrixfree,16,n800_b200_p040,800,2,0.4,0.3993,204441481,iters,3,0.007747435201,2.540426233,0.9969503404,3.243316376,0,3,,pmeal-hpc,2026-08-17T19:17:06,
tortuosity,gpu,matrixfree,16,n800_b200_p040,800,2,0.4,0.3993,204441481,iters,6,0.04270432101,2.540426233,0.983190096,3.562237237,0,3,,pmeal-hpc,2026-08-17T19:17:06,
tortuosity,gpu,matrixfree,16,n800_b200_p040,800,2,0.4,0.3993,204441481,iters,10,0.06654407815,2.540426233,0.9738059396,3.982423404,0,3,,pmeal-hpc,2026-08-17T19:17:06,
tortuosity,gpu,matrixfree,16,n800_b200_p040,800,2,0.4,0.3993,204441481,iters,18,-0.4478131042,2.540426233,1.176274791,4.824644759,-0,3,,pmeal-hpc,2026-08-17T19:17:06,
tortuosity,gpu,matrixfree,16,n800_b200_p040,800,2,0.4,0.3993,204441481,iters,33,2.150689718,2.540426233,0.1534138288,6.375521935,0,3,,pmeal-hpc,2026-08-17T19:17:06,
tortuosity,gpu,matrixfree,16,n800_b200_p040,800,2,0.4,0.3993,204441481,iters,59,2.543438363,2.540426233,0.001185679179,9.119770128,0,3,,pmeal-hpc,2026-08-17T19:17:06,
tortuosity,gpu,matrixfree,16,n800_b200_p040,800,2,0.4,0.3993,204441481,iters,106,2.540573565,2.540426233,5.799493921e-05,14.09190542,0,3,target_reached,pmeal-hpc,2026-08-17T19:17:06,
tortuosity,gpu,matrixfree,16,n800_b200_p060,800,2,0.6,0.602005,308226382,iters,1,0.005716526002,1.551467408,0.996315407,3.670784295,0,3,,pmeal-hpc,2026-08-17T19:18:55,
tortuosity,gpu,matrixfree,16,n800_b200_p060,800,2,0.6,0.602005,308226382,iters,2,0.006908796666,1.551467408,0.9955469276,3.805182237,0,3,,pmeal-hpc,2026-08-17T19:18:55,
tortuosity,gpu,matrixfree,16,n800_b200_p060,800,2,0.6,0.602005,308226382,iters,3,0.008522201847,1.551467408,0.9945070056,3.946930241,0,3,,pmeal-hpc,2026-08-17T19:18:55,
tortuosity,gpu,matrixfree,16,n800_b200_p060,800,2,0.6,0.602005,308226382,iters,6,0.04640736537,1.551467408,0.9700880823,4.358008276,0,3,,pmeal-hpc,2026-08-17T19:18:55,
tortuosity,gpu,matrixfree,16,n800_b200_p060,800,2,0.6,0.602005,308226382,iters,10,0.06969364048,1.551467408,0.9550788885,4.890936303,0,3,,pmeal-hpc,2026-08-17T19:18:55,
tortuosity,gpu,matrixfree,16,n800_b200_p060,800,2,0.6,0.602005,308226382,iters,18,-0.4663674104,1.551467408,1.30059762,5.953562645,-0,3,,pmeal-hpc,2026-08-17T19:18:55,
tortuosity,gpu,matrixfree,16,n800_b200_p060,800,2,0.6,0.602005,308226382,iters,33,1.393707426,1.551467408,0.1016843673,7.955158009,0,3,,pmeal-hpc,2026-08-17T19:18:55,
tortuosity,gpu,matrixfree,16,n800_b200_p060,800,2,0.6,0.602005,308226382,iters,59,1.552210655,1.551467408,0.0004790607178,11.43732812,0,3,target_reached,pmeal-hpc,2026-08-17T19:18:55,
tortuosity,gpu,matrixfree,16,n800_b200_p080,800,2,0.8,0.802459,410859253,iters,1,0.005883900766,1.188212956,0.9950481092,4.511013732,0,3,,pmeal-hpc,2026-08-17T19:21:01,
tortuosity,gpu,matrixfree,16,n800_b200_p080,800,2,0.8,0.802459,410859253,iters,2,0.007138047337,1.188212956,0.9939926195,4.671725694,0,3,,pmeal-hpc,2026-08-17T19:21:01,
tortuosity,gpu,matrixfree,16,n800_b200_p080,800,2,0.8,0.802459,410859253,iters,3,0.008804955393,1.188212956,0.9925897497,4.824553932,0,3,,pmeal-hpc,2026-08-17T19:21:01,
tortuosity,gpu,matrixfree,16,n800_b200_p080,800,2,0.8,0.802459,410859253,iters,6,0.04783689699,1.188212956,0.9597404685,5.299505713,0,3,,pmeal-hpc,2026-08-17T19:21:01,
tortuosity,gpu,matrixfree,16,n800_b200_p080,800,2,0.8,0.802459,410859253,iters,10,0.06976339413,1.188212956,0.9412871289,5.920118416,0,3,,pmeal-hpc,2026-08-17T19:21:01,
tortuosity,gpu,matrixfree,16,n800_b200_p080,800,2,0.8,0.802459,410859253,iters,18,-0.4816954541,1.188212956,1.405394885,7.157673905,-0,3,,pmeal-hpc,2026-08-17T19:21:01,
tortuosity,gpu,matrixfree,16,n800_b200_p080,800,2,0.8,0.802459,410859253,iters,33,1.067732393,1.188212956,0.1013964397,9.502044123,0,3,,pmeal-hpc,2026-08-17T19:21:01,
tortuosity,gpu,matrixfree,16,n800_b200_p080,800,2,0.8,0.802459,410859253,iters,59,1.188840551,1.188212956,0.0005281839447,13.50662853,0,3,target_reached,pmeal-hpc,2026-08-17T19:21:01,
tortuosity,gpu,matrixfree,16,n800_b200_p095,800,2,0.95,0.949699,486245700,iters,1,0.005614001389,1.038427024,0.9945937449,4.924888843,0,3,,pmeal-hpc,2026-08-17T19:23:17,
tortuosity,gpu,matrixfree,16,n800_b200_p095,800,2,0.95,0.949699,486245700,iters,2,0.006847707003,1.038427024,0.9934056926,5.089599827,0,3,,pmeal-hpc,2026-08-17T19:23:17,
tortuosity,gpu,matrixfree,16,n800_b200_p095,800,2,0.95,0.949699,486245700,iters,3,0.00861583645,1.038427024,0.9917029928,5.256171242,0,3,,pmeal-hpc,2026-08-17T19:23:17,
tortuosity,gpu,matrixfree,16,n800_b200_p095,800,2,0.95,0.949699,486245700,iters,6,0.04679881415,1.038427024,0.9549329774,5.774432964,0,3,,pmeal-hpc,2026-08-17T19:23:17,
tortuosity,gpu,matrixfree,16,n800_b200_p095,800,2,0.95,0.949699,486245700,iters,10,0.06623239051,1.038427024,0.9362185411,6.448457594,0,3,,pmeal-hpc,2026-08-17T19:23:17,
tortuosity,gpu,matrixfree,16,n800_b200_p095,800,2,0.95,0.949699,486245700,iters,18,-0.4656216329,1.038427024,1.44839129,7.78981685,-0,3,,pmeal-hpc,2026-08-17T19:23:17,
tortuosity,gpu,matrixfree,16,n800_b200_p095,800,2,0.95,0.949699,486245700,iters,33,0.9193324878,1.038427024,0.1146874392,10.28649728,0,3,,pmeal-hpc,2026-08-17T19:23:17,
tortuosity,gpu,matrixfree,16,n800_b200_p095,800,2,0.95,0.949699,486245700,iters,59,1.037828471,1.038427024,0.0005764037913,14.65922835,0,3,target_reached,pmeal-hpc,2026-08-17T19:23:17,
tortuosity,gpu,matrixfree,16,n1000_b050_p040,1000,0.5,0.4,0.389098,389098003,iters,1,0.00388118831,3.244818259,0.9988038811,5.454837495,0,3,,pmeal-hpc,2026-08-18T01:54:43,
tortuosity,gpu,matrixfree,16,n1000_b050_p040,1000,0.5,0.4,0.389098,389098003,iters,2,0.00476664893,3.244818259,0.9985309966,5.611973757,0,3,,pmeal-hpc,2026-08-18T01:54:43,
tortuosity,gpu,matrixfree,16,n1000_b050_p040,1000,0.5,0.4,0.389098,389098003,iters,3,0.006221611203,3.244818259,0.998082601,5.764782997,0,3,,pmeal-hpc,2026-08-18T01:54:43,
tortuosity,gpu,matrixfree,16,n1000_b050_p040,1000,0.5,0.4,0.389098,389098003,iters,6,0.03411112546,3.244818259,0.9894875082,6.226132828,0,3,,pmeal-hpc,2026-08-18T01:54:43,
tortuosity,gpu,matrixfree,16,n1000_b050_p040,1000,0.5,0.4,0.389098,389098003,iters,10,0.04902406823,3.244818259,0.9848915827,6.823436695,0,3,,pmeal-hpc,2026-08-18T01:54:43,
tortuosity,gpu,matrixfree,16,n1000_b050_p040,1000,0.5,0.4,0.389098,389098003,iters,18,-0.2556107739,3.244818259,1.078775066,8.03629998,-0,3,,pmeal-hpc,2026-08-18T01:54:43,
tortuosity,gpu,matrixfree,16,n1000_b050_p040,1000,0.5,0.4,0.389098,389098003,iters,33,1.95453487,3.244818259,0.3976442704,10.28988857,0,3,,pmeal-hpc,2026-08-18T01:54:43,
tortuosity,gpu,matrixfree,16,n1000_b050_p040,1000,0.5,0.4,0.389098,389098003,iters,59,3.17193156,3.244818259,0.02246249048,14.16475161,0,3,,pmeal-hpc,2026-08-18T01:54:43,
tortuosity,gpu,matrixfree,16,n1000_b050_p040,1000,0.5,0.4,0.389098,389098003,iters,106,3.24322169,3.244818259,0.0004920365811,21.17733577,0,3,target_reached,pmeal-hpc,2026-08-18T01:54:43,
tortuosity,gpu,matrixfree,16,n1000_b050_p060,1000,0.5,0.6,0.600543,600543162,iters,1,0.004401568285,1.529751146,0.99712269,6.458530478,0,3,,pmeal-hpc,2026-08-18T01:57:56,
tortuosity,gpu,matrixfree,16,n1000_b050_p060,1000,0.5,0.6,0.600543,600543162,iters,2,0.005405684365,1.529751146,0.9964662982,7.189120547,0,3,,pmeal-hpc,2026-08-18T01:57:56,
tortuosity,gpu,matrixfree,16,n1000_b050_p060,1000,0.5,0.6,0.600543,600543162,iters,3,0.007133415773,1.529751146,0.9953368783,7.96016924,0,3,,pmeal-hpc,2026-08-18T01:57:56,
tortuosity,gpu,matrixfree,16,n1000_b050_p060,1000,0.5,0.6,0.600543,600543162,iters,6,0.0384178659,1.529751146,0.974886199,9.076410034,0,3,,pmeal-hpc,2026-08-18T01:57:56,
tortuosity,gpu,matrixfree,16,n1000_b050_p060,1000,0.5,0.6,0.600543,600543162,iters,10,0.05412245654,1.529751146,0.9646200909,10.40641229,0,3,,pmeal-hpc,2026-08-18T01:57:56,
tortuosity,gpu,matrixfree,16,n1000_b050_p060,1000,0.5,0.6,0.600543,600543162,iters,18,-0.3167104291,1.529751146,1.207033954,12.59997938,-0,3,,pmeal-hpc,2026-08-18T01:57:56,
tortuosity,gpu,matrixfree,16,n1000_b050_p060,1000,0.5,0.6,0.600543,600543162,iters,33,1.156676971,1.529751146,0.2438789968,16.31041227,0,3,,pmeal-hpc,2026-08-18T01:57:56,
tortuosity,gpu,matrixfree,16,n1000_b050_p060,1000,0.5,0.6,0.600543,600543162,iters,59,1.528540472,1.529751146,0.0007914187997,22.37688924,0,3,target_reached,pmeal-hpc,2026-08-18T01:57:56,
tortuosity,gpu,matrixfree,16,n1000_b050_p080,1000,0.5,0.8,0.808622,808621670,iters,1,0.004667097042,1.174130449,0.9960250609,8.314049293,0,3,,pmeal-hpc,2026-08-18T02:01:45,
tortuosity,gpu,matrixfree,16,n1000_b050_p080,1000,0.5,0.8,0.808622,808621670,iters,2,0.005733944309,1.174130449,0.9951164333,9.161524158,0,3,,pmeal-hpc,2026-08-18T02:01:45,
tortuosity,gpu,matrixfree,16,n1000_b050_p080,1000,0.5,0.8,0.808622,808621670,iters,3,0.007634725977,1.174130449,0.9934975488,10.05615124,0,3,,pmeal-hpc,2026-08-18T02:01:45,
tortuosity,gpu,matrixfree,16,n1000_b050_p080,1000,0.5,0.8,0.808622,808621670,iters,6,0.04056780359,1.174130449,0.9654486402,11.40688997,0,3,,pmeal-hpc,2026-08-18T02:01:45,
tortuosity,gpu,matrixfree,16,n1000_b050_p080,1000,0.5,0.8,0.808622,808621670,iters,10,0.05633911437,1.174130449,0.9520163075,13.05606558,0,3,,pmeal-hpc,2026-08-18T02:01:45,
tortuosity,gpu,matrixfree,16,n1000_b050_p080,1000,0.5,0.8,0.808622,808621670,iters,18,-0.3590058627,1.174130449,1.305763182,15.83712807,-0,3,,pmeal-hpc,2026-08-18T02:01:45,
tortuosity,gpu,matrixfree,16,n1000_b050_p080,1000,0.5,0.8,0.808622,808621670,iters,33,0.9541619995,1.174130449,0.1873458351,20.51287132,0,3,,pmeal-hpc,2026-08-18T02:01:45,
tortuosity,gpu,matrixfree,16,n1000_b050_p080,1000,0.5,0.8,0.808622,808621670,iters,59,1.173782334,1.174130449,0.0002964871513,28.25124058,0,3,target_reached,pmeal-hpc,2026-08-18T02:01:45,
tortuosity,gpu,matrixfree,16,n1000_b050_p095,1000,0.5,0.95,0.951714,951714034,iters,1,0.004550433328,1.035720079,0.9956065027,8.972230255,0,3,,pmeal-hpc,2026-08-18T02:06:57,
tortuosity,gpu,matrixfree,16,n1000_b050_p095,1000,0.5,0.95,0.951714,951714034,iters,2,0.005571673792,1.035720079,0.994620483,9.893382874,0,3,,pmeal-hpc,2026-08-18T02:06:57,
tortuosity,gpu,matrixfree,16,n1000_b050_p095,1000,0.5,0.95,0.951714,951714034,iters,3,0.00742575997,1.035720079,0.9928303408,10.83682865,0,3,,pmeal-hpc,2026-08-18T02:06:57,
tortuosity,gpu,matrixfree,16,n1000_b050_p095,1000,0.5,0.95,0.951714,951714034,iters,6,0.03738569436,1.035720079,0.9639036694,12.29543418,0,3,,pmeal-hpc,2026-08-18T02:06:57,
tortuosity,gpu,matrixfree,16,n1000_b050_p095,1000,0.5,0.95,0.951714,951714034,iters,10,0.04871802123,1.035720079,0.9529621736,14.06768397,0,3,,pmeal-hpc,2026-08-18T02:06:57,
tortuosity,gpu,matrixfree,16,n1000_b050_p095,1000,0.5,0.95,0.951714,951714034,iters,18,-0.2188957941,1.035720079,1.211346481,17.03584712,-0,3,,pmeal-hpc,2026-08-18T02:06:57,
tortuosity,gpu,matrixfree,16,n1000_b050_p095,1000,0.5,0.95,0.951714,951714034,iters,33,0.7623543144,1.035720079,0.2639378826,22.05878462,0,3,,pmeal-hpc,2026-08-18T02:06:57,
tortuosity,gpu,matrixfree,16,n1000_b050_p095,1000,0.5,0.95,0.951714,951714034,iters,59,1.033544864,1.035720079,0.00210019587,30.39664948,0,3,,pmeal-hpc,2026-08-18T02:06:57,
tortuosity,gpu,matrixfree,16,n1000_b050_p095,1000,0.5,0.95,0.951714,951714034,iters,106,1.035809079,1.035720079,8.593080651e-05,45.12706019,0,3,target_reached,pmeal-hpc,2026-08-18T02:06:57,
tortuosity,gpu,matrixfree,16,n1000_b100_p020,1000,1,0.2,0.184187,184187030,iters,1,0.003404599278,13.16595545,0.9997414089,3.580287509,0,3,,pmeal-hpc,2026-08-18T02:12:01,
tortuosity,gpu,matrixfree,16,n1000_b100_p020,1000,1,0.2,0.184187,184187030,iters,2,0.004150088014,13.16595545,0.9996847864,3.676136355,0,3,,pmeal-hpc,2026-08-18T02:12:01,
tortuosity,gpu,matrixfree,16,n1000_b100_p020,1000,1,0.2,0.184187,184187030,iters,3,0.005190550214,13.16595545,0.9996057597,3.763229989,0,3,,pmeal-hpc,2026-08-18T02:12:01,
tortuosity,gpu,matrixfree,16,n1000_b100_p020,1000,1,0.2,0.184187,184187030,iters,6,0.0295950614,13.16595545,0.9977521524,4.037350765,0,3,,pmeal-hpc,2026-08-18T02:12:01,
tortuosity,gpu,matrixfree,16,n1000_b100_p020,1000,1,0.2,0.184187,184187030,iters,10,0.04406284581,13.16595545,0.996653274,4.390700969,0,3,,pmeal-hpc,2026-08-18T02:12:01,
tortuosity,gpu,matrixfree,16,n1000_b100_p020,1000,1,0.2,0.184187,184187030,iters,18,-0.2315587029,13.16595545,1.017587687,5.098760168,-0,3,,pmeal-hpc,2026-08-18T02:12:01,
tortuosity,gpu,matrixfree,16,n1000_b100_p020,1000,1,0.2,0.184187,184187030,iters,33,3.332105642,13.16595545,0.7469150147,6.406609995,0,3,,pmeal-hpc,2026-08-18T02:12:01,
tortuosity,gpu,matrixfree,16,n1000_b100_p020,1000,1,0.2,0.184187,184187030,iters,59,9.648050196,13.16595545,0.2671971106,8.711808417,0,3,,pmeal-hpc,2026-08-18T02:12:01,
tortuosity,gpu,matrixfree,16,n1000_b100_p020,1000,1,0.2,0.184187,184187030,iters,106,12.88312982,13.16595545,0.02148158798,12.79054022,0,3,,pmeal-hpc,2026-08-18T02:12:01,
tortuosity,gpu,matrixfree,16,n1000_b100_p020,1000,1,0.2,0.184187,184187030,iters,189,13.15077515,13.16595545,0.00115299628,20.0649438,0,3,,pmeal-hpc,2026-08-18T02:12:01,
tortuosity,gpu,matrixfree,16,n1000_b100_p020,1000,1,0.2,0.184187,184187030,iters,339,13.18509081,13.16595545,0.001453397179,33.11798721,0,3,,pmeal-hpc,2026-08-18T02:12:01,
tortuosity,gpu,matrixfree,16,n1000_b100_p020,1000,1,0.2,0.184187,184187030,iters,607,13.18511509,13.16595545,0.001455241281,54.35293729,0,3,,pmeal-hpc,2026-08-18T02:12:01,
tortuosity,gpu,matrixfree,16,n1000_b100_p020,1000,1,0.2,0.184187,184187030,iters,1086,13.18511509,13.16595545,0.001455241281,54.35293729,0,3,,pmeal-hpc,2026-08-18T02:12:01,
tortuosity,gpu,matrixfree,16,n1000_b100_p020,1000,1,0.2,0.184187,184187030,iters,1945,13.18511509,13.16595545,0.001455241281,54.35293729,0,3,,pmeal-hpc,2026-08-18T02:12:01,
tortuosity,gpu,matrixfree,16,n1000_b100_p020,1000,1,0.2,0.184187,184187030,iters,3484,13.18511509,13.16595545,0.001455241281,54.35293729,0,3,,pmeal-hpc,2026-08-18T02:12:01,
tortuosity,gpu,matrixfree,16,n1000_b100_p020,1000,1,0.2,0.184187,184187030,iters,6238,13.18511509,13.16595545,0.001455241281,54.35293729,0,3,,pmeal-hpc,2026-08-18T02:12:01,
tortuosity,gpu,matrixfree,16,n1000_b100_p020,1000,1,0.2,0.184187,184187030,iters,11169,13.18511509,13.16595545,0.001455241281,54.35293729,0,3,,pmeal-hpc,2026-08-18T02:12:01,
tortuosity,gpu,matrixfree,16,n1000_b100_p020,1000,1,0.2,0.184187,184187030,iters,20000,13.18511509,13.16595545,0.001455241281,54.35293729,0,3,ladder_exhausted,pmeal-hpc,2026-08-18T02:12:01,
tortuosity,gpu,matrixfree,16,n1000_b100_p040,1000,1,0.4,0.395251,395251340,iters,1,0.004071768496,2.652234457,0.9984647781,5.440766129,0,3,,pmeal-hpc,2026-08-18T02:15:21,
tortuosity,gpu,matrixfree,16,n1000_b100_p040,1000,1,0.4,0.395251,395251340,iters,2,0.004977013432,2.652234457,0.998123464,5.608323046,0,3,,pmeal-hpc,2026-08-18T02:15:21,
tortuosity,gpu,matrixfree,16,n1000_b100_p040,1000,1,0.4,0.395251,395251340,iters,3,0.00628520303,2.652234457,0.9976302234,5.779840805,0,3,,pmeal-hpc,2026-08-18T02:15:21,
tortuosity,gpu,matrixfree,16,n1000_b100_p040,1000,1,0.4,0.395251,395251340,iters,6,0.03510778718,2.652234457,0.9867629398,6.273052732,0,3,,pmeal-hpc,2026-08-18T02:15:21,
tortuosity,gpu,matrixfree,16,n1000_b100_p040,1000,1,0.4,0.395251,395251340,iters,10,0.05111646449,2.652234457,0.9807270189,6.938231944,0,3,,pmeal-hpc,2026-08-18T02:15:21,
tortuosity,gpu,matrixfree,16,n1000_b100_p040,1000,1,0.4,0.395251,395251340,iters,18,-0.2771421059,2.652234457,1.104493818,8.257508135,-0,3,,pmeal-hpc,2026-08-18T02:15:21,
tortuosity,gpu,matrixfree,16,n1000_b100_p040,1000,1,0.4,0.395251,395251340,iters,33,1.658124506,2.652234457,0.3748197859,10.72621923,0,3,,pmeal-hpc,2026-08-18T02:15:21,
tortuosity,gpu,matrixfree,16,n1000_b100_p040,1000,1,0.4,0.395251,395251340,iters,59,2.631337322,2.652234457,0.007879067704,15.00460281,0,3,,pmeal-hpc,2026-08-18T02:15:21,
tortuosity,gpu,matrixfree,16,n1000_b100_p040,1000,1,0.4,0.395251,395251340,iters,106,2.652465059,2.652234457,8.694636344e-05,22.75704728,0,3,target_reached,pmeal-hpc,2026-08-18T02:15:21,
tortuosity,gpu,matrixfree,16,n1000_b100_p060,1000,1,0.6,0.601834,601833672,iters,1,0.004558804558,1.541790971,0.997043176,6.801999027,0,3,,pmeal-hpc,2026-08-18T02:18:39,
tortuosity,gpu,matrixfree,16,n1000_b100_p060,1000,1,0.6,0.601834,601833672,iters,2,0.005579666963,1.541790971,0.9963810484,7.55402888,0,3,,pmeal-hpc,2026-08-18T02:18:39,
tortuosity,gpu,matrixfree,16,n1000_b100_p060,1000,1,0.6,0.601834,601833672,iters,3,0.007100695293,1.541790971,0.9953945149,8.32617254,0,3,,pmeal-hpc,2026-08-18T02:18:39,
tortuosity,gpu,matrixfree,16,n1000_b100_p060,1000,1,0.6,0.601834,601833672,iters,6,0.0388765194,1.541790971,0.9747848313,9.498039723,0,3,,pmeal-hpc,2026-08-18T02:18:39,
tortuosity,gpu,matrixfree,16,n1000_b100_p060,1000,1,0.6,0.601834,601833672,iters,10,0.05546268546,1.541790971,0.9640271045,10.90203395,0,3,,pmeal-hpc,2026-08-18T02:18:39,
tortuosity,gpu,matrixfree,16,n1000_b100_p060,1000,1,0.6,0.601834,601833672,iters,18,-0.3196187084,1.541790971,1.207303528,13.2286561,-0,3,,pmeal-hpc,2026-08-18T02:18:39,
tortuosity,gpu,matrixfree,16,n1000_b100_p060,1000,1,0.6,0.601834,601833672,iters,33,1.151366242,1.541790971,0.2532280552,17.22027746,0,3,,pmeal-hpc,2026-08-18T02:18:39,
tortuosity,gpu,matrixfree,16,n1000_b100_p060,1000,1,0.6,0.601834,601833672,iters,59,1.542880604,1.541790971,0.0007067319454,23.77406022,0,3,target_reached,pmeal-hpc,2026-08-18T02:18:39,
tortuosity,gpu,matrixfree,16,n1000_b100_p080,1000,1,0.8,0.805227,805226521,iters,1,0.004758196259,1.177749756,0.9959599259,8.026238128,0,3,,pmeal-hpc,2026-08-18T02:23:22,
tortuosity,gpu,matrixfree,16,n1000_b100_p080,1000,1,0.8,0.805227,805226521,iters,2,0.00580901763,1.177749756,0.9950676979,8.853280692,0,3,,pmeal-hpc,2026-08-18T02:23:22,
tortuosity,gpu,matrixfree,16,n1000_b100_p080,1000,1,0.8,0.805227,805226521,iters,3,0.007429167833,1.177749756,0.9936920659,9.706016938,0,3,,pmeal-hpc,2026-08-18T02:23:22,
tortuosity,gpu,matrixfree,16,n1000_b100_p080,1000,1,0.8,0.805227,805226521,iters,6,0.03789418984,1.177749756,0.9678249224,11.02371531,0,3,,pmeal-hpc,2026-08-18T02:23:22,
tortuosity,gpu,matrixfree,16,n1000_b100_p080,1000,1,0.8,0.805227,805226521,iters,10,0.0508602768,1.177749756,0.9568157187,12.62546634,0,3,,pmeal-hpc,2026-08-18T02:23:22,
tortuosity,gpu,matrixfree,16,n1000_b100_p080,1000,1,0.8,0.805227,805226521,iters,18,-0.2229859846,1.177749756,1.189332227,15.3080691,-0,3,,pmeal-hpc,2026-08-18T02:23:22,
tortuosity,gpu,matrixfree,16,n1000_b100_p080,1000,1,0.8,0.805227,805226521,iters,33,0.8400317786,1.177749756,0.2867485013,19.86992449,0,3,,pmeal-hpc,2026-08-18T02:23:22,
tortuosity,gpu,matrixfree,16,n1000_b100_p080,1000,1,0.8,0.805227,805226521,iters,59,1.174996928,1.177749756,0.00233736204,27.4325087,0,3,,pmeal-hpc,2026-08-18T02:23:22,
tortuosity,gpu,matrixfree,16,n1000_b100_p080,1000,1,0.8,0.805227,805226521,iters,106,1.177887351,1.177749756,0.0001168289564,40.64610535,0,3,target_reached,pmeal-hpc,2026-08-18T02:23:22,
tortuosity,gpu,matrixfree,16,n1000_b100_p095,1000,1,0.95,0.950636,950636264,iters,1,0.004566819851,1.034226161,0.9955843122,9.004035382,0,3,,pmeal-hpc,2026-08-18T02:28:35,
tortuosity,gpu,matrixfree,16,n1000_b100_p095,1000,1,0.95,0.950636,950636264,iters,2,0.005588089228,1.034226161,0.9945968402,9.90487912,0,3,,pmeal-hpc,2026-08-18T02:28:35,
tortuosity,gpu,matrixfree,16,n1000_b100_p095,1000,1,0.95,0.950636,950636264,iters,3,0.007296380165,1.034226161,0.9929450826,10.83391099,0,3,,pmeal-hpc,2026-08-18T02:28:35,
tortuosity,gpu,matrixfree,16,n1000_b100_p095,1000,1,0.95,0.950636,950636264,iters,6,0.03687724605,1.034226161,0.964343151,12.27470604,0,3,,pmeal-hpc,2026-08-18T02:28:35,
tortuosity,gpu,matrixfree,16,n1000_b100_p095,1000,1,0.95,0.950636,950636264,iters,10,0.04860459209,1.034226161,0.9530039039,14.02967408,0,3,,pmeal-hpc,2026-08-18T02:28:35,
tortuosity,gpu,matrixfree,16,n1000_b100_p095,1000,1,0.95,0.950636,950636264,iters,18,-0.2127462245,1.034226161,1.205705708,16.97652458,-0,3,,pmeal-hpc,2026-08-18T02:28:35,
tortuosity,gpu,matrixfree,16,n1000_b100_p095,1000,1,0.95,0.950636,950636264,iters,33,0.7627685407,1.034226161,0.2624741382,22.03707303,0,3,,pmeal-hpc,2026-08-18T02:28:35,
tortuosity,gpu,matrixfree,16,n1000_b100_p095,1000,1,0.95,0.950636,950636264,iters,59,1.031876308,1.034226161,0.002272088546,30.44946004,0,3,,pmeal-hpc,2026-08-18T02:28:35,
tortuosity,gpu,matrixfree,16,n1000_b100_p095,1000,1,0.95,0.950636,950636264,iters,106,1.034303304,1.034226161,7.459033848e-05,45.28274397,0,3,target_reached,pmeal-hpc,2026-08-18T02:28:35,
tortuosity,gpu,matrixfree,16,n1000_b200_p020,1000,2,0.2,0.190252,190252394,iters,1,0.003431018292,10.17284166,0.9996627276,3.825004272,0,3,,pmeal-hpc,2026-08-18T02:31:48,
tortuosity,gpu,matrixfree,16,n1000_b200_p020,1000,2,0.2,0.190252,190252394,iters,2,0.004134356238,10.17284166,0.9995935889,3.939259862,0,3,,pmeal-hpc,2026-08-18T02:31:48,
tortuosity,gpu,matrixfree,16,n1000_b200_p020,1000,2,0.2,0.190252,190252394,iters,3,0.005220584062,10.17284166,0.9994868116,4.060574074,0,3,,pmeal-hpc,2026-08-18T02:31:48,
tortuosity,gpu,matrixfree,16,n1000_b200_p020,1000,2,0.2,0.190252,190252394,iters,6,0.03023813252,10.17284166,0.9970275628,4.390431652,0,3,,pmeal-hpc,2026-08-18T02:31:48,
tortuosity,gpu,matrixfree,16,n1000_b200_p020,1000,2,0.2,0.190252,190252394,iters,10,0.04699618967,10.17284166,0.9953802299,4.827237868,0,3,,pmeal-hpc,2026-08-18T02:31:48,
tortuosity,gpu,matrixfree,16,n1000_b200_p020,1000,2,0.2,0.190252,190252394,iters,18,-0.3120169086,10.17284166,1.030671559,5.734611039,-0,3,,pmeal-hpc,2026-08-18T02:31:48,
tortuosity,gpu,matrixfree,16,n1000_b200_p020,1000,2,0.2,0.190252,190252394,iters,33,3.558984379,10.17284166,0.6501484543,7.364669628,0,3,,pmeal-hpc,2026-08-18T02:31:48,
tortuosity,gpu,matrixfree,16,n1000_b200_p020,1000,2,0.2,0.190252,190252394,iters,59,9.725255335,10.17284166,0.04399816094,10.2347774,0,3,,pmeal-hpc,2026-08-18T02:31:48,
tortuosity,gpu,matrixfree,16,n1000_b200_p020,1000,2,0.2,0.190252,190252394,iters,106,10.06315475,10.17284166,0.01078232784,15.36553035,0,3,,pmeal-hpc,2026-08-18T02:31:48,
tortuosity,gpu,matrixfree,16,n1000_b200_p020,1000,2,0.2,0.190252,190252394,iters,189,10.18211021,10.17284166,0.0009111074247,24.45638539,0,3,target_reached,pmeal-hpc,2026-08-18T02:31:48,
tortuosity,gpu,matrixfree,16,n1000_b200_p040,1000,2,0.4,0.398291,398291423,iters,1,0.004101194308,2.506045383,0.9983634796,5.477736803,0,3,,pmeal-hpc,2026-08-18T02:35:14,
tortuosity,gpu,matrixfree,16,n1000_b200_p040,1000,2,0.4,0.398291,398291423,iters,2,0.004941009202,2.506045383,0.998028364,5.663931901,0,3,,pmeal-hpc,2026-08-18T02:35:14,
tortuosity,gpu,matrixfree,16,n1000_b200_p040,1000,2,0.4,0.398291,398291423,iters,3,0.006150281576,2.506045383,0.9975458219,5.848700909,0,3,,pmeal-hpc,2026-08-18T02:35:14,
tortuosity,gpu,matrixfree,16,n1000_b200_p040,1000,2,0.4,0.398291,398291423,iters,6,0.03250171265,2.506045383,0.9870306768,6.400965621,0,3,,pmeal-hpc,2026-08-18T02:35:14,
tortuosity,gpu,matrixfree,16,n1000_b200_p040,1000,2,0.4,0.398291,398291423,iters,10,0.04858517202,2.506045383,0.9806128124,7.124623514,0,3,,pmeal-hpc,2026-08-18T02:35:14,
tortuosity,gpu,matrixfree,16,n1000_b200_p040,1000,2,0.4,0.398291,398291423,iters,18,-0.2725411139,2.506045383,1.108753463,8.540955655,-0,3,,pmeal-hpc,2026-08-18T02:35:14,
tortuosity,gpu,matrixfree,16,n1000_b200_p040,1000,2,0.4,0.398291,398291423,iters,33,1.251717131,2.506045383,0.5005209642,11.19721214,0,3,,pmeal-hpc,2026-08-18T02:35:14,
tortuosity,gpu,matrixfree,16,n1000_b200_p040,1000,2,0.4,0.398291,398291423,iters,59,2.385247108,2.506045383,0.04820274845,15.7691682,0,3,,pmeal-hpc,2026-08-18T02:35:14,
tortuosity,gpu,matrixfree,16,n1000_b200_p040,1000,2,0.4,0.398291,398291423,iters,106,2.506021516,2.506045383,9.523818057e-06,24.08863335,0,3,target_reached,pmeal-hpc,2026-08-18T02:35:14,
tortuosity,gpu,matrixfree,16,n1000_b200_p060,1000,2,0.6,0.601128,601127844,iters,1,0.004439916996,1.539069636,0.9971151942,6.840570876,0,3,,pmeal-hpc,2026-08-18T02:39:20,
tortuosity,gpu,matrixfree,16,n1000_b200_p060,1000,2,0.6,0.601128,601127844,iters,2,0.005366060801,1.539069636,0.9965134386,7.576122232,0,3,,pmeal-hpc,2026-08-18T02:39:20,
tortuosity,gpu,matrixfree,16,n1000_b200_p060,1000,2,0.6,0.601128,601127844,iters,3,0.006674428527,1.539069636,0.9956633356,8.34479082,0,3,,pmeal-hpc,2026-08-18T02:39:20,
tortuosity,gpu,matrixfree,16,n1000_b200_p060,1000,2,0.6,0.601128,601127844,iters,6,0.03454667339,1.539069636,0.9775535346,9.486796198,0,3,,pmeal-hpc,2026-08-18T02:39:20,
tortuosity,gpu,matrixfree,16,n1000_b200_p060,1000,2,0.6,0.601128,601127844,iters,10,0.04972816102,1.539069636,0.9676894665,10.88356581,0,3,,pmeal-hpc,2026-08-18T02:39:20,
tortuosity,gpu,matrixfree,16,n1000_b200_p060,1000,2,0.6,0.601128,601127844,iters,18,-0.2452155039,1.539069636,1.159327101,13.21392509,-0,3,,pmeal-hpc,2026-08-18T02:39:20,
tortuosity,gpu,matrixfree,16,n1000_b200_p060,1000,2,0.6,0.601128,601127844,iters,33,0.9863448948,1.539069636,0.3591291312,17.18014104,0,3,,pmeal-hpc,2026-08-18T02:39:20,
tortuosity,gpu,matrixfree,16,n1000_b200_p060,1000,2,0.6,0.601128,601127844,iters,59,1.527052576,1.539069636,0.007808002576,23.6666349,0,3,,pmeal-hpc,2026-08-18T02:39:20,
tortuosity,gpu,matrixfree,16,n1000_b200_p060,1000,2,0.6,0.601128,601127844,iters,106,1.539245199,1.539069636,0.0001140708668,35.11078712,0,3,target_reached,pmeal-hpc,2026-08-18T02:39:20,
tortuosity,gpu,matrixfree,16,n1000_b200_p080,1000,2,0.8,0.802364,802363965,iters,1,0.004614357172,1.181214812,0.9960935495,8.25139874,0,3,,pmeal-hpc,2026-08-18T02:44:07,
tortuosity,gpu,matrixfree,16,n1000_b200_p080,1000,2,0.8,0.802364,802363965,iters,2,0.005596629751,1.181214812,0.9952619712,9.077151038,0,3,,pmeal-hpc,2026-08-18T02:44:07,
tortuosity,gpu,matrixfree,16,n1000_b200_p080,1000,2,0.8,0.802364,802363965,iters,3,0.006989961792,1.181214812,0.9940823957,9.951604343,0,3,,pmeal-hpc,2026-08-18T02:44:07,
tortuosity,gpu,matrixfree,16,n1000_b200_p080,1000,2,0.8,0.802364,802363965,iters,6,0.03587943308,1.181214812,0.9696249719,11.30987622,0,3,,pmeal-hpc,2026-08-18T02:44:07,
tortuosity,gpu,matrixfree,16,n1000_b200_p080,1000,2,0.8,0.802364,802363965,iters,10,0.04976492048,1.181214812,0.9578697118,12.9266197,0,3,,pmeal-hpc,2026-08-18T02:44:07,
tortuosity,gpu,matrixfree,16,n1000_b200_p080,1000,2,0.8,0.802364,802363965,iters,18,-0.2261290376,1.181214812,1.191437692,15.67084146,-0,3,,pmeal-hpc,2026-08-18T02:44:07,
tortuosity,gpu,matrixfree,16,n1000_b200_p080,1000,2,0.8,0.802364,802363965,iters,33,0.8430560189,1.181214812,0.2862805221,20.32057717,0,3,,pmeal-hpc,2026-08-18T02:44:07,
tortuosity,gpu,matrixfree,16,n1000_b200_p080,1000,2,0.8,0.802364,802363965,iters,59,1.177863813,1.181214812,0.002836909322,28.10467387,0,3,,pmeal-hpc,2026-08-18T02:44:07,
tortuosity,gpu,matrixfree,16,n1000_b200_p080,1000,2,0.8,0.802364,802363965,iters,106,1.181313648,1.181214812,8.367358188e-05,41.68154544,0,3,target_reached,pmeal-hpc,2026-08-18T02:44:07,
tortuosity,gpu,matrixfree,16,n1000_b200_p095,1000,2,0.95,0.950179,950179051,iters,1,0.004465822218,1.036268195,0.9956904764,9.231487639,0,3,,pmeal-hpc,2026-08-18T02:49:21,
tortuosity,gpu,matrixfree,16,n1000_b200_p095,1000,2,0.95,0.950179,950179051,iters,2,0.005443841701,1.036268195,0.9947466865,10.12529355,0,3,,pmeal-hpc,2026-08-18T02:49:21,
tortuosity,gpu,matrixfree,16,n1000_b200_p095,1000,2,0.95,0.950179,950179051,iters,3,0.006967529852,1.036268195,0.9932763257,11.0780125,0,3,,pmeal-hpc,2026-08-18T02:49:21,
tortuosity,gpu,matrixfree,16,n1000_b200_p095,1000,2,0.95,0.950179,950179051,iters,6,0.03560741286,1.036268195,0.9656388056,12.52741077,0,3,,pmeal-hpc,2026-08-18T02:49:21,
tortuosity,gpu,matrixfree,16,n1000_b200_p095,1000,2,0.95,0.950179,950179051,iters,10,0.04759443088,1.036268195,0.9540713195,14.284457,0,3,,pmeal-hpc,2026-08-18T02:49:21,
tortuosity,gpu,matrixfree,16,n1000_b200_p095,1000,2,0.95,0.950179,950179051,iters,18,-0.2071339725,1.036268195,1.199884522,17.25753793,-0,3,,pmeal-hpc,2026-08-18T02:49:21,
tortuosity,gpu,matrixfree,16,n1000_b200_p095,1000,2,0.95,0.950179,950179051,iters,33,0.7624036021,1.036268195,0.2642796471,22.3585464,0,3,,pmeal-hpc,2026-08-18T02:49:21,
tortuosity,gpu,matrixfree,16,n1000_b200_p095,1000,2,0.95,0.950179,950179051,iters,59,1.033065967,1.036268195,0.00309015365,30.86867661,0,3,,pmeal-hpc,2026-08-18T02:49:21,
tortuosity,gpu,matrixfree,16,n1000_b200_p095,1000,2,0.95,0.950179,950179051,iters,106,1.03633236,1.036268195,6.191914148e-05,45.78698213,0,3,target_reached,pmeal-hpc,2026-08-18T02:49:21,
