tool,device,variant,cpu_threads,case_id,size,blobiness,porosity_target,porosity,nnodes,knob_name,knob,tau,tau_ref,rel_error,time_s,tau_spread,repeats,stop_reason,host,measured_at,note
tortuosity,cpu,assembled,16,n200_b050_p020,200,0.5,0.2,0.161462,1291692,iters,1,0.013407973,33.93155464,0.9996048524,0.5276495011,0,3,,pmeal-hpc,2026-08-17T13:52:38,
tortuosity,cpu,assembled,16,n200_b050_p020,200,0.5,0.2,0.161462,1291692,iters,2,0.01769770547,33.93155464,0.9994784293,0.567682171,0,3,,pmeal-hpc,2026-08-17T13:52:39,
tortuosity,cpu,assembled,16,n200_b050_p020,200,0.5,0.2,0.161462,1291692,iters,3,0.02953242466,33.93155464,0.9991296472,0.5951410409,0,3,,pmeal-hpc,2026-08-17T13:52:39,
tortuosity,cpu,assembled,16,n200_b050_p020,200,0.5,0.2,0.161462,1291692,iters,6,0.1690558001,33.93155464,0.9950177408,0.6775415649,0,3,,pmeal-hpc,2026-08-17T13:52:39,
tortuosity,cpu,assembled,16,n200_b050_p020,200,0.5,0.2,0.161462,1291692,iters,10,0.3169537485,33.93155464,0.9906590266,0.787434849,0,3,,pmeal-hpc,2026-08-17T13:52:39,
tortuosity,cpu,assembled,16,n200_b050_p020,200,0.5,0.2,0.161462,1291692,iters,18,16.01569067,33.93155464,0.528000092,1.015190174,0,3,,pmeal-hpc,2026-08-17T13:52:39,
tortuosity,cpu,assembled,16,n200_b050_p020,200,0.5,0.2,0.161462,1291692,iters,33,24.54361294,33.93155464,0.2766729023,1.429659438,0,3,,pmeal-hpc,2026-08-17T13:52:39,
tortuosity,cpu,assembled,16,n200_b050_p020,200,0.5,0.2,0.161462,1291692,iters,59,33.89919722,33.93155464,0.0009536085109,2.150662174,0,3,target_reached,pmeal-hpc,2026-08-17T13:52:39,
tortuosity,cpu,assembled,16,n200_b050_p040,200,0.5,0.4,0.399036,3192287,iters,1,0.02024749777,2.920079096,0.9930661132,0.6366858999,0,3,,pmeal-hpc,2026-08-17T13:52:56,
tortuosity,cpu,assembled,16,n200_b050_p040,200,0.5,0.4,0.399036,3192287,iters,2,0.02554956137,2.920079096,0.9912503872,0.7034271269,0,3,,pmeal-hpc,2026-08-17T13:52:56,
tortuosity,cpu,assembled,16,n200_b050_p040,200,0.5,0.4,0.399036,3192287,iters,3,0.04648375977,2.920079096,0.9840813354,0.7735836597,0,3,,pmeal-hpc,2026-08-17T13:52:56,
tortuosity,cpu,assembled,16,n200_b050_p040,200,0.5,0.4,0.399036,3192287,iters,6,0.253558663,2.920079096,0.9131671936,0.9810096608,0,3,,pmeal-hpc,2026-08-17T13:52:56,
tortuosity,cpu,assembled,16,n200_b050_p040,200,0.5,0.4,0.399036,3192287,iters,10,0.4263783753,2.920079096,0.8539839637,1.260281785,0,3,,pmeal-hpc,2026-08-17T13:52:56,
tortuosity,cpu,assembled,16,n200_b050_p040,200,0.5,0.4,0.399036,3192287,iters,18,3.135382641,2.920079096,0.07373209353,1.816096176,0,3,,pmeal-hpc,2026-08-17T13:52:56,
tortuosity,cpu,assembled,16,n200_b050_p040,200,0.5,0.4,0.399036,3192287,iters,33,2.901489994,2.920079096,0.006365958336,2.862266234,0,3,,pmeal-hpc,2026-08-17T13:52:56,
tortuosity,cpu,assembled,16,n200_b050_p040,200,0.5,0.4,0.399036,3192287,iters,59,2.919902785,2.920079096,6.037899047e-05,4.672433496,0,3,target_reached,pmeal-hpc,2026-08-17T13:52:56,
tortuosity,cpu,assembled,16,n200_b050_p060,200,0.5,0.6,0.609627,4877016,iters,1,0.02208611676,1.551550164,0.9857651288,0.921346456,0,3,,pmeal-hpc,2026-08-17T13:53:22,
tortuosity,cpu,assembled,16,n200_b050_p060,200,0.5,0.6,0.609627,4877016,iters,2,0.02813998554,1.551550164,0.9818633092,1.026016527,0,3,,pmeal-hpc,2026-08-17T13:53:22,
tortuosity,cpu,assembled,16,n200_b050_p060,200,0.5,0.6,0.609627,4877016,iters,3,0.05304721691,1.551550164,0.9658101825,1.129253778,0,3,,pmeal-hpc,2026-08-17T13:53:22,
tortuosity,cpu,assembled,16,n200_b050_p060,200,0.5,0.6,0.609627,4877016,iters,6,0.2691302455,1.551550164,0.8265410609,1.449098817,0,3,,pmeal-hpc,2026-08-17T13:53:22,
tortuosity,cpu,assembled,16,n200_b050_p060,200,0.5,0.6,0.609627,4877016,iters,10,0.4128119984,1.551550164,0.7339357708,1.880586322,0,3,,pmeal-hpc,2026-08-17T13:53:22,
tortuosity,cpu,assembled,16,n200_b050_p060,200,0.5,0.6,0.609627,4877016,iters,18,1.845381358,1.551550164,0.1893791133,2.755845115,0,3,,pmeal-hpc,2026-08-17T13:53:22,
tortuosity,cpu,assembled,16,n200_b050_p060,200,0.5,0.6,0.609627,4877016,iters,33,1.548878552,1.551550164,0.001721898636,4.398760654,0,3,,pmeal-hpc,2026-08-17T13:53:22,
tortuosity,cpu,assembled,16,n200_b050_p060,200,0.5,0.6,0.609627,4877016,iters,59,1.551574742,1.551550164,1.584092063e-05,7.198177845,0,3,target_reached,pmeal-hpc,2026-08-17T13:53:22,
tortuosity,cpu,assembled,16,n200_b050_p080,200,0.5,0.8,0.81175,6494003,iters,1,0.0229840809,1.170581237,0.9803652406,1.169509782,0,3,,pmeal-hpc,2026-08-17T13:53:55,
tortuosity,cpu,assembled,16,n200_b050_p080,200,0.5,0.8,0.81175,6494003,iters,2,0.02965501228,1.170581237,0.974666421,1.307732829,0,3,,pmeal-hpc,2026-08-17T13:53:55,
tortuosity,cpu,assembled,16,n200_b050_p080,200,0.5,0.8,0.81175,6494003,iters,3,0.05627423984,1.170581237,0.9519262414,1.445962584,0,3,,pmeal-hpc,2026-08-17T13:53:55,
tortuosity,cpu,assembled,16,n200_b050_p080,200,0.5,0.8,0.81175,6494003,iters,6,0.2742790833,1.170581237,0.7656898346,1.87464538,0,3,,pmeal-hpc,2026-08-17T13:53:55,
tortuosity,cpu,assembled,16,n200_b050_p080,200,0.5,0.8,0.81175,6494003,iters,10,0.4019666957,1.170581237,0.6566093126,2.444271494,0,3,,pmeal-hpc,2026-08-17T13:53:55,
tortuosity,cpu,assembled,16,n200_b050_p080,200,0.5,0.8,0.81175,6494003,iters,18,1.452897418,1.170581237,0.2411760692,3.591399743,0,3,,pmeal-hpc,2026-08-17T13:53:55,
tortuosity,cpu,assembled,16,n200_b050_p080,200,0.5,0.8,0.81175,6494003,iters,33,1.168742541,1.170581237,0.001570755061,5.743946935,0,3,,pmeal-hpc,2026-08-17T13:53:55,
tortuosity,cpu,assembled,16,n200_b050_p080,200,0.5,0.8,0.81175,6494003,iters,59,1.170526179,1.170581237,4.703482805e-05,9.493006598,0,3,target_reached,pmeal-hpc,2026-08-17T13:53:55,
tortuosity,cpu,assembled,16,n200_b050_p095,200,0.5,0.95,0.948977,7591813,iters,1,0.02291451984,1.035044249,0.9778613138,1.29913033,0,3,,pmeal-hpc,2026-08-17T13:54:33,
tortuosity,cpu,assembled,16,n200_b050_p095,200,0.5,0.95,0.948977,7591813,iters,2,0.03001561884,1.035044249,0.9710006419,1.459147164,0,3,,pmeal-hpc,2026-08-17T13:54:33,
tortuosity,cpu,assembled,16,n200_b050_p095,200,0.5,0.95,0.948977,7591813,iters,3,0.05752595498,1.035044249,0.9444217433,1.621051782,0,3,,pmeal-hpc,2026-08-17T13:54:33,
tortuosity,cpu,assembled,16,n200_b050_p095,200,0.5,0.95,0.948977,7591813,iters,6,0.2729197983,1.035044249,0.7363206466,2.116584563,0,3,,pmeal-hpc,2026-08-17T13:54:33,
tortuosity,cpu,assembled,16,n200_b050_p095,200,0.5,0.95,0.948977,7591813,iters,10,0.3940111215,1.035044249,0.6193292008,2.777572818,0,3,,pmeal-hpc,2026-08-17T13:54:33,
tortuosity,cpu,assembled,16,n200_b050_p095,200,0.5,0.95,0.948977,7591813,iters,18,1.33217765,1.035044249,0.2870731385,4.10866846,0,3,,pmeal-hpc,2026-08-17T13:54:33,
tortuosity,cpu,assembled,16,n200_b050_p095,200,0.5,0.95,0.948977,7591813,iters,33,1.033179201,1.035044249,0.001801902076,6.608798046,0,3,,pmeal-hpc,2026-08-17T13:54:33,
tortuosity,cpu,assembled,16,n200_b050_p095,200,0.5,0.95,0.948977,7591813,iters,59,1.035055554,1.035044249,1.092260259e-05,11.02477885,0,3,target_reached,pmeal-hpc,2026-08-17T13:54:33,
tortuosity,cpu,assembled,16,n200_b100_p020,200,1,0.2,0.171209,1369672,iters,1,0.01820014193,13.93255227,0.9986936965,0.325671738,0,3,,pmeal-hpc,2026-08-17T13:54:47,
tortuosity,cpu,assembled,16,n200_b100_p020,200,1,0.2,0.171209,1369672,iters,2,0.02420039184,13.93255227,0.9982630324,0.3565286531,0,3,,pmeal-hpc,2026-08-17T13:54:47,
tortuosity,cpu,assembled,16,n200_b100_p020,200,1,0.2,0.171209,1369672,iters,3,0.03822872346,13.93255227,0.9972561579,0.3851382141,0,3,,pmeal-hpc,2026-08-17T13:54:47,
tortuosity,cpu,assembled,16,n200_b100_p020,200,1,0.2,0.171209,1369672,iters,6,0.2471166845,13.93255227,0.9822633585,0.4759019441,0,3,,pmeal-hpc,2026-08-17T13:54:47,
tortuosity,cpu,assembled,16,n200_b100_p020,200,1,0.2,0.171209,1369672,iters,10,0.4542835164,13.93255227,0.9673940921,0.5971740342,0,3,,pmeal-hpc,2026-08-17T13:54:47,
tortuosity,cpu,assembled,16,n200_b100_p020,200,1,0.2,0.171209,1369672,iters,18,4.46968803,13.93255227,0.6791910094,0.8374565861,0,3,,pmeal-hpc,2026-08-17T13:54:47,
tortuosity,cpu,assembled,16,n200_b100_p020,200,1,0.2,0.171209,1369672,iters,33,11.20781749,13.93255227,0.1955660909,1.295369748,0,3,,pmeal-hpc,2026-08-17T13:54:47,
tortuosity,cpu,assembled,16,n200_b100_p020,200,1,0.2,0.171209,1369672,iters,59,13.58647992,13.93255227,0.02483912123,2.109756063,0,3,,pmeal-hpc,2026-08-17T13:54:47,
tortuosity,cpu,assembled,16,n200_b100_p020,200,1,0.2,0.171209,1369672,iters,106,13.94219842,13.93255227,0.0006923462711,3.53379841,0,3,target_reached,pmeal-hpc,2026-08-17T13:54:47,
tortuosity,cpu,assembled,16,n200_b100_p040,200,1,0.4,0.399225,3193802,iters,1,0.02006940086,2.644709479,0.9924114913,0.6874557431,0,3,,pmeal-hpc,2026-08-17T13:54:59,
tortuosity,cpu,assembled,16,n200_b100_p040,200,1,0.4,0.399225,3193802,iters,2,0.02583520871,2.644709479,0.9902313623,0.76001691,0,3,,pmeal-hpc,2026-08-17T13:54:59,
tortuosity,cpu,assembled,16,n200_b100_p040,200,1,0.4,0.399225,3193802,iters,3,0.04439032246,2.644709479,0.9832154258,0.8288832821,0,3,,pmeal-hpc,2026-08-17T13:54:59,
tortuosity,cpu,assembled,16,n200_b100_p040,200,1,0.4,0.399225,3193802,iters,6,0.2592983192,2.644709479,0.9019558401,1.044687845,0,3,,pmeal-hpc,2026-08-17T13:54:59,
tortuosity,cpu,assembled,16,n200_b100_p040,200,1,0.4,0.399225,3193802,iters,10,0.4317912697,2.644709479,0.8367339501,1.336340752,0,3,,pmeal-hpc,2026-08-17T13:54:59,
tortuosity,cpu,assembled,16,n200_b100_p040,200,1,0.4,0.399225,3193802,iters,18,2.305422893,2.644709479,0.1282887926,1.912888339,0,3,,pmeal-hpc,2026-08-17T13:54:59,
tortuosity,cpu,assembled,16,n200_b100_p040,200,1,0.4,0.399225,3193802,iters,33,2.64470982,2.644709479,1.291051626e-07,3.001943332,0,3,target_reached,pmeal-hpc,2026-08-17T13:54:59,
tortuosity,cpu,assembled,16,n200_b100_p060,200,1,0.6,0.603465,4827722,iters,1,0.0226530243,1.571435764,0.9855845051,1.006560228,0,3,,pmeal-hpc,2026-08-17T13:55:25,
tortuosity,cpu,assembled,16,n200_b100_p060,200,1,0.6,0.603465,4827722,iters,2,0.0290742041,1.571435764,0.9814983184,1.113877601,0,3,,pmeal-hpc,2026-08-17T13:55:25,
tortuosity,cpu,assembled,16,n200_b100_p060,200,1,0.6,0.603465,4827722,iters,3,0.05157679795,1.571435764,0.9671785515,1.222532815,0,3,,pmeal-hpc,2026-08-17T13:55:25,
tortuosity,cpu,assembled,16,n200_b100_p060,200,1,0.6,0.603465,4827722,iters,6,0.2707126083,1.571435764,0.8277291287,1.544172135,0,3,,pmeal-hpc,2026-08-17T13:55:25,
tortuosity,cpu,assembled,16,n200_b100_p060,200,1,0.6,0.603465,4827722,iters,10,0.4251953095,1.571435764,0.7294224051,1.978070414,0,3,,pmeal-hpc,2026-08-17T13:55:25,
tortuosity,cpu,assembled,16,n200_b100_p060,200,1,0.6,0.603465,4827722,iters,18,1.654315017,1.571435764,0.05274110153,2.866322752,0,3,,pmeal-hpc,2026-08-17T13:55:25,
tortuosity,cpu,assembled,16,n200_b100_p060,200,1,0.6,0.603465,4827722,iters,33,1.577212019,1.571435764,0.003675781913,4.516817591,0,3,,pmeal-hpc,2026-08-17T13:55:25,
tortuosity,cpu,assembled,16,n200_b100_p060,200,1,0.6,0.603465,4827722,iters,59,1.571166501,1.571435764,0.0001713485454,7.34787367,0,3,target_reached,pmeal-hpc,2026-08-17T13:55:25,
tortuosity,cpu,assembled,16,n200_b100_p080,200,1,0.8,0.80445,6435598,iters,1,0.02345960257,1.193638864,0.9803461472,1.204258861,0,3,,pmeal-hpc,2026-08-17T13:55:46,
tortuosity,cpu,assembled,16,n200_b100_p080,200,1,0.8,0.80445,6435598,iters,2,0.03030905067,1.193638864,0.9746078554,1.345826176,0,3,,pmeal-hpc,2026-08-17T13:55:46,
tortuosity,cpu,assembled,16,n200_b100_p080,200,1,0.8,0.80445,6435598,iters,3,0.05490838792,1.193638864,0.9539991621,1.485552744,0,3,,pmeal-hpc,2026-08-17T13:55:46,
tortuosity,cpu,assembled,16,n200_b100_p080,200,1,0.8,0.80445,6435598,iters,6,0.2745829674,1.193638864,0.7699614384,1.912668557,0,3,,pmeal-hpc,2026-08-17T13:55:46,
tortuosity,cpu,assembled,16,n200_b100_p080,200,1,0.8,0.80445,6435598,iters,10,0.4037210962,1.193638864,0.661772829,2.487841244,0,3,,pmeal-hpc,2026-08-17T13:55:46,
tortuosity,cpu,assembled,16,n200_b100_p080,200,1,0.8,0.80445,6435598,iters,18,1.382652882,1.193638864,0.1583510923,3.635794757,0,3,,pmeal-hpc,2026-08-17T13:55:46,
tortuosity,cpu,assembled,16,n200_b100_p080,200,1,0.8,0.80445,6435598,iters,33,1.192689031,1.193638864,0.0007957461194,5.796051529,0,3,target_reached,pmeal-hpc,2026-08-17T13:55:46,
tortuosity,cpu,assembled,16,n200_b100_p095,200,1,0.95,0.949833,7598661,iters,1,0.0228226093,1.040405134,0.9780637287,1.457049686,0,3,,pmeal-hpc,2026-08-17T13:56:25,
tortuosity,cpu,assembled,16,n200_b100_p095,200,1,0.95,0.949833,7598661,iters,2,0.02983890243,1.040405134,0.97131992,1.616946931,0,3,,pmeal-hpc,2026-08-17T13:56:25,
tortuosity,cpu,assembled,16,n200_b100_p095,200,1,0.95,0.949833,7598661,iters,3,0.05572577184,1.040405134,0.9464383921,1.77675277,0,3,,pmeal-hpc,2026-08-17T13:56:25,
tortuosity,cpu,assembled,16,n200_b100_p095,200,1,0.95,0.949833,7598661,iters,6,0.2688818471,1.040405134,0.741560438,2.290011496,0,3,,pmeal-hpc,2026-08-17T13:56:25,
tortuosity,cpu,assembled,16,n200_b100_p095,200,1,0.95,0.949833,7598661,iters,10,0.3873004307,1.040405134,0.627740754,2.9512527,0,3,,pmeal-hpc,2026-08-17T13:56:25,
tortuosity,cpu,assembled,16,n200_b100_p095,200,1,0.95,0.949833,7598661,iters,18,1.303340151,1.040405134,0.2527236827,4.275477221,0,3,,pmeal-hpc,2026-08-17T13:56:25,
tortuosity,cpu,assembled,16,n200_b100_p095,200,1,0.95,0.949833,7598661,iters,33,1.038784696,1.040405134,0.001557506856,6.775768649,0,3,,pmeal-hpc,2026-08-17T13:56:25,
tortuosity,cpu,assembled,16,n200_b100_p095,200,1,0.95,0.949833,7598661,iters,59,1.040418504,1.040405134,1.285030403e-05,11.10946747,0,3,target_reached,pmeal-hpc,2026-08-17T13:56:25,
tortuosity,cpu,assembled,16,n200_b200_p020,200,2,0.2,0.187312,1498500,iters,1,0.02014482396,13.5328383,0.9985114118,0.448840755,0,3,,pmeal-hpc,2026-08-17T13:56:51,
tortuosity,cpu,assembled,16,n200_b200_p020,200,2,0.2,0.187312,1498500,iters,2,0.02634241466,13.5328383,0.998053445,0.4912934641,0,3,,pmeal-hpc,2026-08-17T13:56:51,
tortuosity,cpu,assembled,16,n200_b200_p020,200,2,0.2,0.187312,1498500,iters,3,0.04100793261,13.5328383,0.9969697464,0.531571555,0,3,,pmeal-hpc,2026-08-17T13:56:51,
tortuosity,cpu,assembled,16,n200_b200_p020,200,2,0.2,0.187312,1498500,iters,6,0.2955616204,13.5328383,0.9781596725,0.6448990961,0,3,,pmeal-hpc,2026-08-17T13:56:51,
tortuosity,cpu,assembled,16,n200_b200_p020,200,2,0.2,0.187312,1498500,iters,10,0.6389587131,13.5328383,0.9527845749,0.7984893152,0,3,,pmeal-hpc,2026-08-17T13:56:51,
tortuosity,cpu,assembled,16,n200_b200_p020,200,2,0.2,0.187312,1498500,iters,18,3.293023689,13.5328383,0.7566642255,1.106292339,0,3,,pmeal-hpc,2026-08-17T13:56:51,
tortuosity,cpu,assembled,16,n200_b200_p020,200,2,0.2,0.187312,1498500,iters,33,8.211024878,13.5328383,0.3932518297,1.680630214,0,3,,pmeal-hpc,2026-08-17T13:56:51,
tortuosity,cpu,assembled,16,n200_b200_p020,200,2,0.2,0.187312,1498500,iters,59,11.99624764,13.5328383,0.113545335,2.684138878,0,3,,pmeal-hpc,2026-08-17T13:56:51,
tortuosity,cpu,assembled,16,n200_b200_p020,200,2,0.2,0.187312,1498500,iters,106,13.55251895,13.5328383,0.001454288605,4.479749131,0,3,,pmeal-hpc,2026-08-17T13:56:51,
tortuosity,cpu,assembled,16,n200_b200_p020,200,2,0.2,0.187312,1498500,iters,189,13.53323131,13.5328383,2.904155072e-05,7.66282722,0,3,target_reached,pmeal-hpc,2026-08-17T13:56:51,
tortuosity,cpu,assembled,16,n200_b200_p040,200,2,0.4,0.398236,3185884,iters,1,0.02176402797,2.755382291,0.9921012674,0.7725828208,0,3,,pmeal-hpc,2026-08-17T13:57:22,
tortuosity,cpu,assembled,16,n200_b200_p040,200,2,0.4,0.398236,3185884,iters,2,0.02812956392,2.755382291,0.9897910486,0.8485116498,0,3,,pmeal-hpc,2026-08-17T13:57:22,
tortuosity,cpu,assembled,16,n200_b200_p040,200,2,0.4,0.398236,3185884,iters,3,0.04596147106,2.755382291,0.983319385,0.9276841818,0,3,,pmeal-hpc,2026-08-17T13:57:22,
tortuosity,cpu,assembled,16,n200_b200_p040,200,2,0.4,0.398236,3185884,iters,6,0.2721763825,2.755382291,0.9012201017,1.166863188,0,3,,pmeal-hpc,2026-08-17T13:57:22,
tortuosity,cpu,assembled,16,n200_b200_p040,200,2,0.4,0.398236,3185884,iters,10,0.5096128431,2.755382291,0.8150482259,1.487062119,0,3,,pmeal-hpc,2026-08-17T13:57:22,
tortuosity,cpu,assembled,16,n200_b200_p040,200,2,0.4,0.398236,3185884,iters,18,1.781335037,2.755382291,0.3535071184,2.130654588,0,3,,pmeal-hpc,2026-08-17T13:57:22,
tortuosity,cpu,assembled,16,n200_b200_p040,200,2,0.4,0.398236,3185884,iters,33,2.706424306,2.755382291,0.01776812774,3.323785835,0,3,,pmeal-hpc,2026-08-17T13:57:22,
tortuosity,cpu,assembled,16,n200_b200_p040,200,2,0.4,0.398236,3185884,iters,59,2.743974371,2.755382291,0.00414023125,5.39858303,0,3,,pmeal-hpc,2026-08-17T13:57:22,
tortuosity,cpu,assembled,16,n200_b200_p040,200,2,0.4,0.398236,3185884,iters,106,2.755793012,2.755382291,0.0001490612426,9.159512192,0,3,target_reached,pmeal-hpc,2026-08-17T13:57:22,
tortuosity,cpu,assembled,16,n200_b200_p060,200,2,0.6,0.600363,4802905,iters,1,0.0234408242,1.645395218,0.9857536816,1.024509751,0,3,,pmeal-hpc,2026-08-17T13:57:39,
tortuosity,cpu,assembled,16,n200_b200_p060,200,2,0.6,0.600363,4802905,iters,2,0.03022262851,1.645395218,0.9816319944,1.1345723,0,3,,pmeal-hpc,2026-08-17T13:57:39,
tortuosity,cpu,assembled,16,n200_b200_p060,200,2,0.6,0.600363,4802905,iters,3,0.05033269093,1.645395218,0.9694099689,1.256148835,0,3,,pmeal-hpc,2026-08-17T13:57:39,
tortuosity,cpu,assembled,16,n200_b200_p060,200,2,0.6,0.600363,4802905,iters,6,0.2716194336,1.645395218,0.8349214641,1.633875709,0,3,,pmeal-hpc,2026-08-17T13:57:39,
tortuosity,cpu,assembled,16,n200_b200_p060,200,2,0.6,0.600363,4802905,iters,10,0.4563912185,1.645395218,0.7226251702,2.08831214,0,3,,pmeal-hpc,2026-08-17T13:57:39,
tortuosity,cpu,assembled,16,n200_b200_p060,200,2,0.6,0.600363,4802905,iters,18,1.394232991,1.645395218,0.152645531,3.008539394,0,3,,pmeal-hpc,2026-08-17T13:57:39,
tortuosity,cpu,assembled,16,n200_b200_p060,200,2,0.6,0.600363,4802905,iters,33,1.645618389,1.645395218,0.0001356336724,4.730826135,0,3,target_reached,pmeal-hpc,2026-08-17T13:57:39,
tortuosity,cpu,assembled,16,n200_b200_p080,200,2,0.8,0.800969,6407751,iters,1,0.0237019247,1.226770933,0.980679421,1.243384103,0,3,,pmeal-hpc,2026-08-17T13:58:13,
tortuosity,cpu,assembled,16,n200_b200_p080,200,2,0.8,0.800969,6407751,iters,2,0.03059302291,1.226770933,0.9750621554,1.381854873,0,3,,pmeal-hpc,2026-08-17T13:58:13,
tortuosity,cpu,assembled,16,n200_b200_p080,200,2,0.8,0.800969,6407751,iters,3,0.05234921919,1.226770933,0.9573276332,1.521343169,0,3,,pmeal-hpc,2026-08-17T13:58:13,
tortuosity,cpu,assembled,16,n200_b200_p080,200,2,0.8,0.800969,6407751,iters,6,0.2698879787,1.226770933,0.7800013259,1.952298341,0,3,,pmeal-hpc,2026-08-17T13:58:13,
tortuosity,cpu,assembled,16,n200_b200_p080,200,2,0.8,0.800969,6407751,iters,10,0.4079144212,1.226770933,0.667489333,2.528134708,0,3,,pmeal-hpc,2026-08-17T13:58:13,
tortuosity,cpu,assembled,16,n200_b200_p080,200,2,0.8,0.800969,6407751,iters,18,1.268363666,1.226770933,0.03390423769,3.679022266,0,3,,pmeal-hpc,2026-08-17T13:58:13,
tortuosity,cpu,assembled,16,n200_b200_p080,200,2,0.8,0.800969,6407751,iters,33,1.224793232,1.226770933,0.001612119596,5.843609713,0,3,,pmeal-hpc,2026-08-17T13:58:13,
tortuosity,cpu,assembled,16,n200_b200_p080,200,2,0.8,0.800969,6407751,iters,59,1.226818544,1.226770933,3.881029047e-05,9.607761962,0,3,target_reached,pmeal-hpc,2026-08-17T13:58:13,
tortuosity,cpu,assembled,16,n200_b200_p095,200,2,0.95,0.950886,7607091,iters,1,0.02286227044,1.045952896,0.9781421606,1.362592678,0,3,,pmeal-hpc,2026-08-17T13:58:52,
tortuosity,cpu,assembled,16,n200_b200_p095,200,2,0.95,0.950886,7607091,iters,2,0.02977085479,1.045952896,0.971537098,1.524284266,0,3,,pmeal-hpc,2026-08-17T13:58:52,
tortuosity,cpu,assembled,16,n200_b200_p095,200,2,0.95,0.950886,7607091,iters,3,0.05359354017,1.045952896,0.9487610385,1.695455334,0,3,,pmeal-hpc,2026-08-17T13:58:52,
tortuosity,cpu,assembled,16,n200_b200_p095,200,2,0.95,0.950886,7607091,iters,6,0.2649473888,1.045952896,0.7466928101,2.189740121,0,3,,pmeal-hpc,2026-08-17T13:58:52,
tortuosity,cpu,assembled,16,n200_b200_p095,200,2,0.95,0.950886,7607091,iters,10,0.3806420145,1.045952896,0.6360811123,2.857193633,0,3,,pmeal-hpc,2026-08-17T13:58:52,
tortuosity,cpu,assembled,16,n200_b200_p095,200,2,0.95,0.950886,7607091,iters,18,1.26512607,1.045952896,0.2095440199,4.200906372,0,3,,pmeal-hpc,2026-08-17T13:58:52,
tortuosity,cpu,assembled,16,n200_b200_p095,200,2,0.95,0.950886,7607091,iters,33,1.043283536,1.045952896,0.002552084422,6.709722324,0,3,,pmeal-hpc,2026-08-17T13:58:52,
tortuosity,cpu,assembled,16,n200_b200_p095,200,2,0.95,0.950886,7607091,iters,59,1.04596846,1.045952896,1.488058529e-05,11.06283798,0,3,target_reached,pmeal-hpc,2026-08-17T13:58:52,
tortuosity,cpu,assembled,16,n400_b050_p020,400,0.5,0.2,0.168664,10794487,iters,1,0.00810854435,9.103906374,0.9991093335,2.419593393,0,3,,pmeal-hpc,2026-08-17T15:07:30,
tortuosity,cpu,assembled,16,n400_b050_p020,400,0.5,0.2,0.168664,10794487,iters,2,0.0107822337,9.103906374,0.9988156476,2.647721966,0,3,,pmeal-hpc,2026-08-17T15:07:31,
tortuosity,cpu,assembled,16,n400_b050_p020,400,0.5,0.2,0.168664,10794487,iters,3,0.0205580121,9.103906374,0.9977418472,2.88099537,0,3,,pmeal-hpc,2026-08-17T15:07:31,
tortuosity,cpu,assembled,16,n400_b050_p020,400,0.5,0.2,0.168664,10794487,iters,6,0.1025920285,9.103906374,0.9887309882,3.612985598,0,3,,pmeal-hpc,2026-08-17T15:07:31,
tortuosity,cpu,assembled,16,n400_b050_p020,400,0.5,0.2,0.168664,10794487,iters,10,0.1949109795,9.103906374,0.9785904016,4.54922603,0,3,,pmeal-hpc,2026-08-17T15:07:31,
tortuosity,cpu,assembled,16,n400_b050_p020,400,0.5,0.2,0.168664,10794487,iters,18,36.57618754,9.103906374,3.01763661,6.429656686,0,3,,pmeal-hpc,2026-08-17T15:07:31,
tortuosity,cpu,assembled,16,n400_b050_p020,400,0.5,0.2,0.168664,10794487,iters,33,8.19749829,9.103906374,0.09956254457,9.951593803,0,3,,pmeal-hpc,2026-08-17T15:07:31,
tortuosity,cpu,assembled,16,n400_b050_p020,400,0.5,0.2,0.168664,10794487,iters,59,9.138405646,9.103906374,0.003789502044,16.05892401,0,3,,pmeal-hpc,2026-08-17T15:07:31,
tortuosity,cpu,assembled,16,n400_b050_p020,400,0.5,0.2,0.168664,10794487,iters,106,9.107367168,9.103906374,0.0003801438912,27.08933035,0,3,target_reached,pmeal-hpc,2026-08-17T15:07:31,
tortuosity,cpu,assembled,16,n400_b050_p040,400,0.5,0.4,0.391726,25070495,iters,1,0.008441465146,2.60655752,0.9967614507,3.819115054,0,3,,pmeal-hpc,2026-08-17T15:10:47,
tortuosity,cpu,assembled,16,n400_b050_p040,400,0.5,0.4,0.391726,25070495,iters,2,0.01018057846,2.60655752,0.9960942437,4.330077791,0,3,,pmeal-hpc,2026-08-17T15:10:47,
tortuosity,cpu,assembled,16,n400_b050_p040,400,0.5,0.4,0.391726,25070495,iters,3,0.01378566504,2.60655752,0.9947111602,4.840751753,0,3,,pmeal-hpc,2026-08-17T15:10:47,
tortuosity,cpu,assembled,16,n400_b050_p040,400,0.5,0.4,0.391726,25070495,iters,6,0.08687798506,2.60655752,0.9666694541,6.445130365,0,3,,pmeal-hpc,2026-08-17T15:10:47,
tortuosity,cpu,assembled,16,n400_b050_p040,400,0.5,0.4,0.391726,25070495,iters,10,0.1328969939,2.60655752,0.9490143636,8.500466779,0,3,,pmeal-hpc,2026-08-17T15:10:47,
tortuosity,cpu,assembled,16,n400_b050_p040,400,0.5,0.4,0.391726,25070495,iters,18,-4.30007716,2.60655752,2.649715046,12.62667542,-0,3,,pmeal-hpc,2026-08-17T15:10:47,
tortuosity,cpu,assembled,16,n400_b050_p040,400,0.5,0.4,0.391726,25070495,iters,33,2.483408667,2.60655752,0.0472457838,20.37539273,0,3,,pmeal-hpc,2026-08-17T15:10:47,
tortuosity,cpu,assembled,16,n400_b050_p040,400,0.5,0.4,0.391726,25070495,iters,59,2.60325681,2.60655752,0.001266310118,33.84203861,0,3,,pmeal-hpc,2026-08-17T15:10:47,
tortuosity,cpu,assembled,16,n400_b050_p040,400,0.5,0.4,0.391726,25070495,iters,106,2.606490176,2.60655752,2.583625119e-05,58.24048511,0,3,target_reached,pmeal-hpc,2026-08-17T15:10:47,
tortuosity,cpu,assembled,16,n400_b050_p060,400,0.5,0.6,0.60417,38666899,iters,1,0.00962178886,1.563851568,0.9938473772,4.945421772,0,3,,pmeal-hpc,2026-08-17T15:13:45,
tortuosity,cpu,assembled,16,n400_b050_p060,400,0.5,0.6,0.60417,38666899,iters,2,0.01161439889,1.563851568,0.9925732089,5.748011751,0,3,,pmeal-hpc,2026-08-17T15:13:45,
tortuosity,cpu,assembled,16,n400_b050_p060,400,0.5,0.6,0.60417,38666899,iters,3,0.01595692833,1.563851568,0.989796392,6.535338787,0,3,,pmeal-hpc,2026-08-17T15:13:45,
tortuosity,cpu,assembled,16,n400_b050_p060,400,0.5,0.6,0.60417,38666899,iters,6,0.09775529421,1.563851568,0.9374906825,8.904684469,0,3,,pmeal-hpc,2026-08-17T15:13:45,
tortuosity,cpu,assembled,16,n400_b050_p060,400,0.5,0.6,0.60417,38666899,iters,10,0.1437490878,1.563851568,0.9080800949,12.06991289,0,3,,pmeal-hpc,2026-08-17T15:13:45,
tortuosity,cpu,assembled,16,n400_b050_p060,400,0.5,0.6,0.60417,38666899,iters,18,11.59169709,1.563851568,6.412274497,18.47727039,0,3,,pmeal-hpc,2026-08-17T15:13:45,
tortuosity,cpu,assembled,16,n400_b050_p060,400,0.5,0.6,0.60417,38666899,iters,33,1.508315078,1.563851568,0.03551263514,30.6056205,0,3,,pmeal-hpc,2026-08-17T15:13:45,
tortuosity,cpu,assembled,16,n400_b050_p060,400,0.5,0.6,0.60417,38666899,iters,59,1.563152745,1.563851568,0.0004468602516,51.52962373,0,3,target_reached,pmeal-hpc,2026-08-17T15:13:45,
tortuosity,cpu,assembled,16,n400_b050_p080,400,0.5,0.8,0.809146,51785369,iters,1,0.01030549196,1.177273609,0.9912463068,5.906795075,NaN,1,,pmeal-hpc,2026-08-17T15:15:03,
tortuosity,cpu,assembled,16,n400_b050_p080,400,0.5,0.8,0.809146,51785369,iters,2,0.01245804931,1.177273609,0.9894178811,7.011350503,NaN,1,,pmeal-hpc,2026-08-17T15:15:03,
tortuosity,cpu,assembled,16,n400_b050_p080,400,0.5,0.8,0.809146,51785369,iters,3,0.01778643217,1.177273609,0.984891845,8.06579886,NaN,1,,pmeal-hpc,2026-08-17T15:15:03,
tortuosity,cpu,assembled,16,n400_b050_p080,400,0.5,0.8,0.809146,51785369,iters,6,0.1048427697,1.177273609,0.9109444322,11.25923673,NaN,1,,pmeal-hpc,2026-08-17T15:15:03,
tortuosity,cpu,assembled,16,n400_b050_p080,400,0.5,0.8,0.809146,51785369,iters,10,0.1482476721,1.177273609,0.8740754307,15.60107252,NaN,1,,pmeal-hpc,2026-08-17T15:15:03,
tortuosity,cpu,assembled,16,n400_b050_p080,400,0.5,0.8,0.809146,51785369,iters,18,3.3914658,1.177273609,1.880779603,24.14264417,NaN,1,,pmeal-hpc,2026-08-17T15:15:03,
tortuosity,cpu,assembled,16,n400_b050_p080,400,0.5,0.8,0.809146,51785369,iters,33,1.145016644,1.177273609,0.02739971836,40.27394436,NaN,1,,pmeal-hpc,2026-08-17T15:15:03,
tortuosity,cpu,assembled,16,n400_b050_p080,400,0.5,0.8,0.809146,51785369,iters,59,1.176652207,1.177273609,0.0005278313698,68.42449175,NaN,1,target_reached,pmeal-hpc,2026-08-17T15:15:03,
tortuosity,cpu,assembled,16,n400_b050_p095,400,0.5,0.95,0.949928,60795412,iters,1,0.01032882505,1.038538585,0.9900544619,6.711325657,NaN,1,,pmeal-hpc,2026-08-17T15:16:33,
tortuosity,cpu,assembled,16,n400_b050_p095,400,0.5,0.95,0.949928,60795412,iters,2,0.01248891217,1.038538585,0.9879745323,7.955005271,NaN,1,,pmeal-hpc,2026-08-17T15:16:33,
tortuosity,cpu,assembled,16,n400_b050_p095,400,0.5,0.95,0.949928,60795412,iters,3,0.01901804682,1.038538585,0.9816876839,9.194958282,NaN,1,,pmeal-hpc,2026-08-17T15:16:33,
tortuosity,cpu,assembled,16,n400_b050_p095,400,0.5,0.95,0.949928,60795412,iters,6,0.1061014614,1.038538585,0.8978358022,13.00031552,NaN,1,,pmeal-hpc,2026-08-17T15:16:33,
tortuosity,cpu,assembled,16,n400_b050_p095,400,0.5,0.95,0.949928,60795412,iters,10,0.1475031325,1.038538585,0.8579704841,18.04944023,NaN,1,,pmeal-hpc,2026-08-17T15:16:33,
tortuosity,cpu,assembled,16,n400_b050_p095,400,0.5,0.95,0.949928,60795412,iters,18,2.703625957,1.038538585,1.603298516,28.15867139,NaN,1,,pmeal-hpc,2026-08-17T15:16:33,
tortuosity,cpu,assembled,16,n400_b050_p095,400,0.5,0.95,0.949928,60795412,iters,33,1.016145496,1.038538585,0.02156211595,46.90490189,NaN,1,,pmeal-hpc,2026-08-17T15:16:33,
tortuosity,cpu,assembled,16,n400_b050_p095,400,0.5,0.95,0.949928,60795412,iters,59,1.038426357,1.038538585,0.0001080632525,79.60640107,NaN,1,target_reached,pmeal-hpc,2026-08-17T15:16:33,
tortuosity,cpu,assembled,16,n400_b100_p020,400,1,0.2,0.183379,11736271,iters,1,0.008280758211,10.24145804,0.9991914473,2.302515524,0,3,,pmeal-hpc,2026-08-17T15:18:16,
tortuosity,cpu,assembled,16,n400_b100_p020,400,1,0.2,0.183379,11736271,iters,2,0.009907773179,10.24145804,0.9990325818,2.543759079,0,3,,pmeal-hpc,2026-08-17T15:18:16,
tortuosity,cpu,assembled,16,n400_b100_p020,400,1,0.2,0.183379,11736271,iters,3,0.01281570475,10.24145804,0.9987486445,2.787726994,0,3,,pmeal-hpc,2026-08-17T15:18:16,
tortuosity,cpu,assembled,16,n400_b100_p020,400,1,0.2,0.183379,11736271,iters,6,0.08249026572,10.24145804,0.9919454568,3.526583769,0,3,,pmeal-hpc,2026-08-17T15:18:16,
tortuosity,cpu,assembled,16,n400_b100_p020,400,1,0.2,0.183379,11736271,iters,10,0.1382597036,10.24145804,0.986499998,4.517411215,0,3,,pmeal-hpc,2026-08-17T15:18:16,
tortuosity,cpu,assembled,16,n400_b100_p020,400,1,0.2,0.183379,11736271,iters,18,-3.748407947,10.24145804,1.36600335,6.591280081,-0,3,,pmeal-hpc,2026-08-17T15:18:16,
tortuosity,cpu,assembled,16,n400_b100_p020,400,1,0.2,0.183379,11736271,iters,33,8.558931303,10.24145804,0.1642858595,10.38938921,0,3,,pmeal-hpc,2026-08-17T15:18:16,
tortuosity,cpu,assembled,16,n400_b100_p020,400,1,0.2,0.183379,11736271,iters,59,10.26539101,10.24145804,0.00233687109,16.89458696,0,3,,pmeal-hpc,2026-08-17T15:18:16,
tortuosity,cpu,assembled,16,n400_b100_p020,400,1,0.2,0.183379,11736271,iters,106,10.24760692,10.24145804,0.0006003914694,28.6590816,0,3,target_reached,pmeal-hpc,2026-08-17T15:18:16,
tortuosity,cpu,assembled,16,n400_b100_p040,400,1,0.4,0.394417,25242705,iters,1,0.009596792001,2.558566376,0.9962491526,3.717898799,0,3,,pmeal-hpc,2026-08-17T15:20:18,
tortuosity,cpu,assembled,16,n400_b100_p040,400,1,0.4,0.394417,25242705,iters,2,0.01150865424,2.558566376,0.995501913,4.234247533,0,3,,pmeal-hpc,2026-08-17T15:20:18,
tortuosity,cpu,assembled,16,n400_b100_p040,400,1,0.4,0.394417,25242705,iters,3,0.01457040005,2.558566376,0.9943052484,4.774710264,0,3,,pmeal-hpc,2026-08-17T15:20:18,
tortuosity,cpu,assembled,16,n400_b100_p040,400,1,0.4,0.394417,25242705,iters,6,0.09252824983,2.558566376,0.9638359002,6.357876861,0,3,,pmeal-hpc,2026-08-17T15:20:18,
tortuosity,cpu,assembled,16,n400_b100_p040,400,1,0.4,0.394417,25242705,iters,10,0.1477672504,2.558566376,0.9422460751,8.439034168,0,3,,pmeal-hpc,2026-08-17T15:20:18,
tortuosity,cpu,assembled,16,n400_b100_p040,400,1,0.4,0.394417,25242705,iters,18,-73.32428737,2.558566376,29.6583487,12.63844579,-0,3,,pmeal-hpc,2026-08-17T15:20:18,
tortuosity,cpu,assembled,16,n400_b100_p040,400,1,0.4,0.394417,25242705,iters,33,2.47947228,2.558566376,0.03091344309,20.58596495,0,3,,pmeal-hpc,2026-08-17T15:20:18,
tortuosity,cpu,assembled,16,n400_b100_p040,400,1,0.4,0.394417,25242705,iters,59,2.557464807,2.558566376,0.000430541356,34.51812116,0,3,target_reached,pmeal-hpc,2026-08-17T15:20:18,
tortuosity,cpu,assembled,16,n400_b100_p060,400,1,0.6,0.602502,38560157,iters,1,0.01055108506,1.558485087,0.9932299095,4.943598506,0,3,,pmeal-hpc,2026-08-17T15:23:18,
tortuosity,cpu,assembled,16,n400_b100_p060,400,1,0.6,0.602502,38560157,iters,2,0.01265389366,1.558485087,0.991880645,5.739632882,0,3,,pmeal-hpc,2026-08-17T15:23:18,
tortuosity,cpu,assembled,16,n400_b100_p060,400,1,0.6,0.602502,38560157,iters,3,0.01608585021,1.558485087,0.9896785344,6.545821997,0,3,,pmeal-hpc,2026-08-17T15:23:18,
tortuosity,cpu,assembled,16,n400_b100_p060,400,1,0.6,0.602502,38560157,iters,6,0.1000192114,1.558485087,0.9358227985,8.946940204,0,3,,pmeal-hpc,2026-08-17T15:23:18,
tortuosity,cpu,assembled,16,n400_b100_p060,400,1,0.6,0.602502,38560157,iters,10,0.1523424373,1.558485087,0.9022496663,12.2049188,0,3,,pmeal-hpc,2026-08-17T15:23:18,
tortuosity,cpu,assembled,16,n400_b100_p060,400,1,0.6,0.602502,38560157,iters,18,4.881622999,1.558485087,2.13228727,18.69824625,0,3,,pmeal-hpc,2026-08-17T15:23:18,
tortuosity,cpu,assembled,16,n400_b100_p060,400,1,0.6,0.602502,38560157,iters,33,1.520898726,1.558485087,0.02411724105,30.87142068,0,3,,pmeal-hpc,2026-08-17T15:23:18,
tortuosity,cpu,assembled,16,n400_b100_p060,400,1,0.6,0.602502,38560157,iters,59,1.557926436,1.558485087,0.0003584579616,51.77816411,0,3,target_reached,pmeal-hpc,2026-08-17T15:23:18,
tortuosity,cpu,assembled,16,n400_b100_p080,400,1,0.8,0.807589,51685723,iters,1,0.01103816299,1.175919941,0.9906131679,5.824218541,NaN,1,,pmeal-hpc,2026-08-17T15:24:36,
tortuosity,cpu,assembled,16,n400_b100_p080,400,1,0.8,0.807589,51685723,iters,2,0.01326698039,1.175919941,0.988717786,6.918798259,NaN,1,,pmeal-hpc,2026-08-17T15:24:36,
tortuosity,cpu,assembled,16,n400_b100_p080,400,1,0.8,0.807589,51685723,iters,3,0.01724862603,1.175919941,0.9853318024,7.979065339,NaN,1,,pmeal-hpc,2026-08-17T15:24:36,
tortuosity,cpu,assembled,16,n400_b100_p080,400,1,0.8,0.807589,51685723,iters,6,0.106231337,1.175919941,0.9096610804,11.22689146,NaN,1,,pmeal-hpc,2026-08-17T15:24:36,
tortuosity,cpu,assembled,16,n400_b100_p080,400,1,0.8,0.807589,51685723,iters,10,0.1531034295,1.175919941,0.8698011453,15.52302802,NaN,1,,pmeal-hpc,2026-08-17T15:24:36,
tortuosity,cpu,assembled,16,n400_b100_p080,400,1,0.8,0.807589,51685723,iters,18,2.655447582,1.175919941,1.25818739,24.10534894,NaN,1,,pmeal-hpc,2026-08-17T15:24:36,
tortuosity,cpu,assembled,16,n400_b100_p080,400,1,0.8,0.807589,51685723,iters,33,1.148058618,1.175919941,0.02369321385,40.31715577,NaN,1,,pmeal-hpc,2026-08-17T15:24:36,
tortuosity,cpu,assembled,16,n400_b100_p080,400,1,0.8,0.807589,51685723,iters,59,1.175556781,1.175919941,0.0003088307376,68.4659501,NaN,1,target_reached,pmeal-hpc,2026-08-17T15:24:36,
tortuosity,cpu,assembled,16,n400_b100_p095,400,1,0.95,0.950994,60863603,iters,1,0.01084229054,1.036462383,0.9895391374,6.655962886,NaN,1,,pmeal-hpc,2026-08-17T15:26:07,
tortuosity,cpu,assembled,16,n400_b100_p095,400,1,0.95,0.950994,60863603,iters,2,0.01307486627,1.036462383,0.9873851029,7.926892925,NaN,1,,pmeal-hpc,2026-08-17T15:26:07,
tortuosity,cpu,assembled,16,n400_b100_p095,400,1,0.95,0.950994,60863603,iters,3,0.0182089295,1.036462383,0.9824316543,9.182005108,NaN,1,,pmeal-hpc,2026-08-17T15:26:07,
tortuosity,cpu,assembled,16,n400_b100_p095,400,1,0.95,0.950994,60863603,iters,6,0.108090195,1.036462383,0.8957123802,12.99625052,NaN,1,,pmeal-hpc,2026-08-17T15:26:07,
tortuosity,cpu,assembled,16,n400_b100_p095,400,1,0.95,0.950994,60863603,iters,10,0.1502275664,1.036462383,0.8550573866,18.06312369,NaN,1,,pmeal-hpc,2026-08-17T15:26:07,
tortuosity,cpu,assembled,16,n400_b100_p095,400,1,0.95,0.950994,60863603,iters,18,2.42147798,1.036462383,1.336291234,28.20447411,NaN,1,,pmeal-hpc,2026-08-17T15:26:07,
tortuosity,cpu,assembled,16,n400_b100_p095,400,1,0.95,0.950994,60863603,iters,33,1.010682796,1.036462383,0.02487266992,47.12548412,NaN,1,,pmeal-hpc,2026-08-17T15:26:07,
tortuosity,cpu,assembled,16,n400_b100_p095,400,1,0.95,0.950994,60863603,iters,59,1.036403746,1.036462383,5.657451281e-05,80.07028092,NaN,1,target_reached,pmeal-hpc,2026-08-17T15:26:07,
tortuosity,cpu,assembled,16,n400_b200_p020,400,2,0.2,0.18948,12126729,iters,1,0.008265386005,10.76863104,0.9992324571,2.466688094,0,3,,pmeal-hpc,2026-08-17T15:29:06,
tortuosity,cpu,assembled,16,n400_b200_p020,400,2,0.2,0.18948,12126729,iters,2,0.009909710827,10.76863104,0.9990797613,2.722712298,0,3,,pmeal-hpc,2026-08-17T15:29:06,
tortuosity,cpu,assembled,16,n400_b200_p020,400,2,0.2,0.18948,12126729,iters,3,0.01275542506,10.76863104,0.9988155017,3.004916519,0,3,,pmeal-hpc,2026-08-17T15:29:06,
tortuosity,cpu,assembled,16,n400_b200_p020,400,2,0.2,0.18948,12126729,iters,6,0.07920026305,10.76863104,0.9926452803,3.803473393,0,3,,pmeal-hpc,2026-08-17T15:29:06,
tortuosity,cpu,assembled,16,n400_b200_p020,400,2,0.2,0.18948,12126729,iters,10,0.1539569391,10.76863104,0.9857032023,4.869007263,0,3,,pmeal-hpc,2026-08-17T15:29:06,
tortuosity,cpu,assembled,16,n400_b200_p020,400,2,0.2,0.18948,12126729,iters,18,18.8142523,10.76863104,0.7471350104,7.045470798,0,3,,pmeal-hpc,2026-08-17T15:29:06,
tortuosity,cpu,assembled,16,n400_b200_p020,400,2,0.2,0.18948,12126729,iters,33,8.151139489,10.76863104,0.2430663231,11.08273949,0,3,,pmeal-hpc,2026-08-17T15:29:06,
tortuosity,cpu,assembled,16,n400_b200_p020,400,2,0.2,0.18948,12126729,iters,59,10.68477419,10.76863104,0.007787141256,18.24440593,0,3,,pmeal-hpc,2026-08-17T15:29:06,
tortuosity,cpu,assembled,16,n400_b200_p020,400,2,0.2,0.18948,12126729,iters,106,10.78990079,10.76863104,0.001975158088,30.90864138,0,3,,pmeal-hpc,2026-08-17T15:29:06,
tortuosity,cpu,assembled,16,n400_b200_p020,400,2,0.2,0.18948,12126729,iters,189,10.76896185,10.76863104,3.07198847e-05,53.34582022,0,3,target_reached,pmeal-hpc,2026-08-17T15:29:06,
tortuosity,cpu,assembled,16,n400_b200_p040,400,2,0.4,0.399236,25551094,iters,1,0.009843876904,2.608420127,0.9962261153,3.674161378,NaN,1,,pmeal-hpc,2026-08-17T15:30:16,
tortuosity,cpu,assembled,16,n400_b200_p040,400,2,0.4,0.399236,25551094,iters,2,0.01178545754,2.608420127,0.9954817641,4.217606015,NaN,1,,pmeal-hpc,2026-08-17T15:30:16,
tortuosity,cpu,assembled,16,n400_b200_p040,400,2,0.4,0.399236,25551094,iters,3,0.01472238259,2.608420127,0.9943558239,4.774173865,NaN,1,,pmeal-hpc,2026-08-17T15:30:16,
tortuosity,cpu,assembled,16,n400_b200_p040,400,2,0.4,0.399236,25551094,iters,6,0.08869600823,2.608420127,0.9659962721,6.406481079,NaN,1,,pmeal-hpc,2026-08-17T15:30:16,
tortuosity,cpu,assembled,16,n400_b200_p040,400,2,0.4,0.399236,25551094,iters,10,0.1566073943,2.608420127,0.9399608243,8.609763319,NaN,1,,pmeal-hpc,2026-08-17T15:30:16,
tortuosity,cpu,assembled,16,n400_b200_p040,400,2,0.4,0.399236,25551094,iters,18,4.609628476,2.608420127,0.7672108984,13.01772777,NaN,1,,pmeal-hpc,2026-08-17T15:30:16,
tortuosity,cpu,assembled,16,n400_b200_p040,400,2,0.4,0.399236,25551094,iters,33,2.569691161,2.608420127,0.01484767176,21.2631403,NaN,1,,pmeal-hpc,2026-08-17T15:30:16,
tortuosity,cpu,assembled,16,n400_b200_p040,400,2,0.4,0.399236,25551094,iters,59,2.605472637,2.608420127,0.001129990689,35.76843084,NaN,1,,pmeal-hpc,2026-08-17T15:30:16,
tortuosity,cpu,assembled,16,n400_b200_p040,400,2,0.4,0.399236,25551094,iters,106,2.608759166,2.608420127,0.0001299785263,61.60368842,NaN,1,target_reached,pmeal-hpc,2026-08-17T15:30:16,
tortuosity,cpu,assembled,16,n400_b200_p060,400,2,0.6,0.601874,38519921,iters,1,0.01102108735,1.574940918,0.9930022217,5.143223256,0,3,,pmeal-hpc,2026-08-17T15:33:17,
tortuosity,cpu,assembled,16,n400_b200_p060,400,2,0.6,0.601874,38519921,iters,2,0.01316957536,1.574940918,0.9916380512,5.945944538,0,3,,pmeal-hpc,2026-08-17T15:33:17,
tortuosity,cpu,assembled,16,n400_b200_p060,400,2,0.6,0.601874,38519921,iters,3,0.01624377148,1.574940918,0.9896861074,6.762237397,0,3,,pmeal-hpc,2026-08-17T15:33:17,
tortuosity,cpu,assembled,16,n400_b200_p060,400,2,0.6,0.601874,38519921,iters,6,0.0975481858,1.574940918,0.9380623205,9.183981486,0,3,,pmeal-hpc,2026-08-17T15:33:17,
tortuosity,cpu,assembled,16,n400_b200_p060,400,2,0.6,0.601874,38519921,iters,10,0.1602029627,1.574940918,0.8982800175,12.49107635,0,3,,pmeal-hpc,2026-08-17T15:33:17,
tortuosity,cpu,assembled,16,n400_b200_p060,400,2,0.6,0.601874,38519921,iters,18,2.422723509,1.574940918,0.538294854,19.04821463,0,3,,pmeal-hpc,2026-08-17T15:33:17,
tortuosity,cpu,assembled,16,n400_b200_p060,400,2,0.6,0.601874,38519921,iters,33,1.559181262,1.574940918,0.01000650606,31.35248642,0,3,,pmeal-hpc,2026-08-17T15:33:17,
tortuosity,cpu,assembled,16,n400_b200_p060,400,2,0.6,0.601874,38519921,iters,59,1.573971238,1.574940918,0.0006156932049,52.5864237,0,3,target_reached,pmeal-hpc,2026-08-17T15:33:17,
tortuosity,cpu,assembled,16,n400_b200_p080,400,2,0.8,0.802397,51353403,iters,1,0.01155585142,1.199127461,0.9903631167,5.850267964,NaN,1,,pmeal-hpc,2026-08-17T15:34:35,
tortuosity,cpu,assembled,16,n400_b200_p080,400,2,0.8,0.802397,51353403,iters,2,0.01379969732,1.199127461,0.9884918845,6.923384904,NaN,1,,pmeal-hpc,2026-08-17T15:34:35,
tortuosity,cpu,assembled,16,n400_b200_p080,400,2,0.8,0.802397,51353403,iters,3,0.01711398959,1.199127461,0.9857279646,8.004477282,NaN,1,,pmeal-hpc,2026-08-17T15:34:35,
tortuosity,cpu,assembled,16,n400_b200_p080,400,2,0.8,0.802397,51353403,iters,6,0.1060515523,1.199127461,0.9115593999,11.19416035,NaN,1,,pmeal-hpc,2026-08-17T15:34:35,
tortuosity,cpu,assembled,16,n400_b200_p080,400,2,0.8,0.802397,51353403,iters,10,0.1589968655,1.199127461,0.867406201,15.44245478,NaN,1,,pmeal-hpc,2026-08-17T15:34:35,
tortuosity,cpu,assembled,16,n400_b200_p080,400,2,0.8,0.802397,51353403,iters,18,1.889046865,1.199127461,0.575351184,24.01776856,NaN,1,,pmeal-hpc,2026-08-17T15:34:35,
tortuosity,cpu,assembled,16,n400_b200_p080,400,2,0.8,0.802397,51353403,iters,33,1.178981679,1.199127461,0.0168003675,40.16582907,NaN,1,,pmeal-hpc,2026-08-17T15:34:35,
tortuosity,cpu,assembled,16,n400_b200_p080,400,2,0.8,0.802397,51353403,iters,59,1.198796206,1.199127461,0.0002762464015,68.02420331,NaN,1,target_reached,pmeal-hpc,2026-08-17T15:34:35,
tortuosity,cpu,assembled,16,n400_b200_p095,400,2,0.95,0.950293,60818722,iters,1,0.01121881804,1.041214741,0.9892252601,6.564505075,NaN,1,,pmeal-hpc,2026-08-17T15:36:06,
tortuosity,cpu,assembled,16,n400_b200_p095,400,2,0.95,0.950293,60818722,iters,2,0.01345764675,1.041214741,0.9870750516,7.851634896,NaN,1,,pmeal-hpc,2026-08-17T15:36:06,
tortuosity,cpu,assembled,16,n400_b200_p095,400,2,0.95,0.950293,60818722,iters,3,0.0175575245,1.041214741,0.9831374607,9.105789589,NaN,1,,pmeal-hpc,2026-08-17T15:36:06,
tortuosity,cpu,assembled,16,n400_b200_p095,400,2,0.95,0.950293,60818722,iters,6,0.1092294428,1.041214741,0.8950942217,12.9523308,NaN,1,,pmeal-hpc,2026-08-17T15:36:06,
tortuosity,cpu,assembled,16,n400_b200_p095,400,2,0.95,0.950293,60818722,iters,10,0.1526886436,1.041214741,0.8533552805,18.03423363,NaN,1,,pmeal-hpc,2026-08-17T15:36:06,
tortuosity,cpu,assembled,16,n400_b200_p095,400,2,0.95,0.950293,60818722,iters,18,2.017100284,1.041214741,0.9372567489,28.08240441,NaN,1,,pmeal-hpc,2026-08-17T15:36:06,
tortuosity,cpu,assembled,16,n400_b200_p095,400,2,0.95,0.950293,60818722,iters,33,1.019105522,1.041214741,0.02123406296,47.1665661,NaN,1,,pmeal-hpc,2026-08-17T15:36:06,
tortuosity,cpu,assembled,16,n400_b200_p095,400,2,0.95,0.950293,60818722,iters,59,1.041027154,1.041214741,0.0001801613728,80.00039542,NaN,1,target_reached,pmeal-hpc,2026-08-17T15:36:06,
tortuosity,cpu,assembled,16,n600_b050_p020,600,0.5,0.2,0.156443,33791688,iters,1,0.005144284613,23.43955199,0.9997805297,7.74385029,NaN,1,,pmeal-hpc,2026-08-17T17:15:33,
tortuosity,cpu,assembled,16,n600_b050_p020,600,0.5,0.2,0.156443,33791688,iters,2,0.006217688087,23.43955199,0.9997347352,8.436156115,NaN,1,,pmeal-hpc,2026-08-17T17:15:33,
tortuosity,cpu,assembled,16,n600_b050_p020,600,0.5,0.2,0.156443,33791688,iters,3,0.008293616242,23.43955199,0.99964617,9.130885816,NaN,1,,pmeal-hpc,2026-08-17T17:15:33,
tortuosity,cpu,assembled,16,n600_b050_p020,600,0.5,0.2,0.156443,33791688,iters,6,0.05312710171,23.43955199,0.9977334421,11.2103117,NaN,1,,pmeal-hpc,2026-08-17T17:15:33,
tortuosity,cpu,assembled,16,n600_b050_p020,600,0.5,0.2,0.156443,33791688,iters,10,0.08573983454,23.43955199,0.9963420873,14.00149723,NaN,1,,pmeal-hpc,2026-08-17T17:15:33,
tortuosity,cpu,assembled,16,n600_b050_p020,600,0.5,0.2,0.156443,33791688,iters,18,-0.9421523751,23.43955199,1.040194982,19.64337765,NaN,1,,pmeal-hpc,2026-08-17T17:15:33,
tortuosity,cpu,assembled,16,n600_b050_p020,600,0.5,0.2,0.156443,33791688,iters,33,8.278217313,23.43955199,0.6468269822,29.98507418,NaN,1,,pmeal-hpc,2026-08-17T17:15:33,
tortuosity,cpu,assembled,16,n600_b050_p020,600,0.5,0.2,0.156443,33791688,iters,59,21.5093867,23.43955199,0.08234650952,47.98206314,NaN,1,,pmeal-hpc,2026-08-17T17:15:33,
tortuosity,cpu,assembled,16,n600_b050_p020,600,0.5,0.2,0.156443,33791688,iters,106,23.4194982,23.43955199,0.0008555536638,80.44264928,NaN,1,target_reached,pmeal-hpc,2026-08-17T17:15:33,
tortuosity,cpu,assembled,16,n600_b050_p040,600,0.5,0.4,0.393651,85028549,iters,1,0.005300625723,2.911720482,0.9981795554,11.1304452,NaN,1,,pmeal-hpc,2026-08-17T17:19:11,
tortuosity,cpu,assembled,16,n600_b050_p040,600,0.5,0.4,0.393651,85028549,iters,2,0.006406629047,2.911720482,0.9977997101,12.87230453,NaN,1,,pmeal-hpc,2026-08-17T17:19:11,
tortuosity,cpu,assembled,16,n600_b050_p040,600,0.5,0.4,0.393651,85028549,iters,3,0.008966963084,2.911720482,0.9969203901,14.65165113,NaN,1,,pmeal-hpc,2026-08-17T17:19:11,
tortuosity,cpu,assembled,16,n600_b050_p040,600,0.5,0.4,0.393651,85028549,iters,6,0.05580979544,2.911720482,0.9808327084,19.89737594,NaN,1,,pmeal-hpc,2026-08-17T17:19:11,
tortuosity,cpu,assembled,16,n600_b050_p040,600,0.5,0.4,0.393651,85028549,iters,10,0.08429103522,2.911720482,0.971051124,26.88590463,NaN,1,,pmeal-hpc,2026-08-17T17:19:11,
tortuosity,cpu,assembled,16,n600_b050_p040,600,0.5,0.4,0.393651,85028549,iters,18,-1.156692068,2.911720482,1.397253814,40.88737899,NaN,1,,pmeal-hpc,2026-08-17T17:19:11,
tortuosity,cpu,assembled,16,n600_b050_p040,600,0.5,0.4,0.393651,85028549,iters,33,2.538706101,2.911720482,0.1281078949,67.11049944,NaN,1,,pmeal-hpc,2026-08-17T17:19:11,
tortuosity,cpu,assembled,16,n600_b050_p040,600,0.5,0.4,0.393651,85028549,iters,59,2.902641112,2.911720482,0.003118214686,112.3282457,NaN,1,,pmeal-hpc,2026-08-17T17:19:11,
tortuosity,cpu,assembled,16,n600_b050_p040,600,0.5,0.4,0.393651,85028549,iters,106,2.91067424,2.911720482,0.0003593209314,194.4531202,NaN,1,target_reached,pmeal-hpc,2026-08-17T17:19:11,
tortuosity,cpu,assembled,16,n600_b050_p060,600,0.5,0.6,0.603327,130318526,iters,1,0.006313754988,1.644772466,0.9961613201,14.56233702,NaN,1,,pmeal-hpc,2026-08-17T17:22:27,
tortuosity,cpu,assembled,16,n600_b050_p060,600,0.5,0.6,0.603327,130318526,iters,2,0.007737891525,1.644772466,0.9952954638,17.22700395,NaN,1,,pmeal-hpc,2026-08-17T17:22:27,
tortuosity,cpu,assembled,16,n600_b050_p060,600,0.5,0.6,0.603327,130318526,iters,3,0.01010925716,1.644772466,0.9938537048,19.88852605,NaN,1,,pmeal-hpc,2026-08-17T17:22:27,
tortuosity,cpu,assembled,16,n600_b050_p060,600,0.5,0.6,0.603327,130318526,iters,6,0.05484325288,1.644772466,0.9666560245,27.92526922,NaN,1,,pmeal-hpc,2026-08-17T17:22:27,
tortuosity,cpu,assembled,16,n600_b050_p060,600,0.5,0.6,0.603327,130318526,iters,10,0.07782359896,1.644772466,0.9526842767,38.67495727,NaN,1,,pmeal-hpc,2026-08-17T17:22:27,
tortuosity,cpu,assembled,16,n600_b050_p060,600,0.5,0.6,0.603327,130318526,iters,18,-0.4892354688,1.644772466,1.297448722,60.00352945,NaN,1,,pmeal-hpc,2026-08-17T17:22:27,
tortuosity,cpu,assembled,16,n600_b050_p060,600,0.5,0.6,0.603327,130318526,iters,33,1.406182442,1.644772466,0.1450595929,100.0145618,NaN,1,,pmeal-hpc,2026-08-17T17:22:27,
tortuosity,cpu,assembled,16,n600_b050_p060,600,0.5,0.6,0.603327,130318526,iters,59,1.6452042,1.644772466,0.0002624883193,169.6050239,NaN,1,target_reached,pmeal-hpc,2026-08-17T17:22:27,
tortuosity,cpu,assembled,16,n600_b050_p080,600,0.5,0.8,0.801395,173101417,iters,1,0.007027954365,1.207519104,0.99417984,17.90698939,NaN,1,,pmeal-hpc,2026-08-17T17:26:41,
tortuosity,cpu,assembled,16,n600_b050_p080,600,0.5,0.8,0.801395,173101417,iters,2,0.008628894741,1.207519104,0.9928540305,21.51368807,NaN,1,,pmeal-hpc,2026-08-17T17:26:41,
tortuosity,cpu,assembled,16,n600_b050_p080,600,0.5,0.8,0.801395,173101417,iters,3,0.01148103389,1.207519104,0.9904920478,25.07591298,NaN,1,,pmeal-hpc,2026-08-17T17:26:41,
tortuosity,cpu,assembled,16,n600_b050_p080,600,0.5,0.8,0.801395,173101417,iters,6,0.06078503555,1.207519104,0.9496612225,35.64106747,NaN,1,,pmeal-hpc,2026-08-17T17:26:41,
tortuosity,cpu,assembled,16,n600_b050_p080,600,0.5,0.8,0.801395,173101417,iters,10,0.08454988704,1.207519104,0.9299804974,49.69976382,NaN,1,,pmeal-hpc,2026-08-17T17:26:41,
tortuosity,cpu,assembled,16,n600_b050_p080,600,0.5,0.8,0.801395,173101417,iters,18,-0.6677847665,1.207519104,1.553022113,77.90980579,NaN,1,,pmeal-hpc,2026-08-17T17:26:41,
tortuosity,cpu,assembled,16,n600_b050_p080,600,0.5,0.8,0.801395,173101417,iters,33,1.07574911,1.207519104,0.1091245622,130.6510719,NaN,1,,pmeal-hpc,2026-08-17T17:26:41,
tortuosity,cpu,assembled,16,n600_b050_p080,600,0.5,0.8,0.801395,173101417,iters,59,1.207885751,1.207519104,0.0003036367169,222.1956235,NaN,1,target_reached,pmeal-hpc,2026-08-17T17:26:41,
tortuosity,cpu,assembled,16,n600_b050_p095,600,0.5,0.95,0.949611,205116041,iters,1,0.007198809428,1.036289257,0.9930532818,20.55937171,NaN,1,,pmeal-hpc,2026-08-17T17:31:41,
tortuosity,cpu,assembled,16,n600_b050_p095,600,0.5,0.95,0.949611,205116041,iters,2,0.008839962004,1.036289257,0.9914695999,24.73992286,NaN,1,,pmeal-hpc,2026-08-17T17:31:41,
tortuosity,cpu,assembled,16,n600_b050_p095,600,0.5,0.95,0.949611,205116041,iters,3,0.01189218262,1.036289257,0.9885242633,28.93613621,NaN,1,,pmeal-hpc,2026-08-17T17:31:41,
tortuosity,cpu,assembled,16,n600_b050_p095,600,0.5,0.95,0.949611,205116041,iters,6,0.06231061153,1.036289257,0.9398714103,41.58494793,NaN,1,,pmeal-hpc,2026-08-17T17:31:41,
tortuosity,cpu,assembled,16,n600_b050_p095,600,0.5,0.95,0.949611,205116041,iters,10,0.08574061797,1.036289257,0.9172618867,58.50879908,NaN,1,,pmeal-hpc,2026-08-17T17:31:41,
tortuosity,cpu,assembled,16,n600_b050_p095,600,0.5,0.95,0.949611,205116041,iters,18,-0.7728764658,1.036289257,1.74581152,92.21262438,NaN,1,,pmeal-hpc,2026-08-17T17:31:41,
tortuosity,cpu,assembled,16,n600_b050_p095,600,0.5,0.95,0.949611,205116041,iters,33,0.9323330857,1.036289257,0.1003157859,155.4204658,NaN,1,,pmeal-hpc,2026-08-17T17:31:41,
tortuosity,cpu,assembled,16,n600_b050_p095,600,0.5,0.95,0.949611,205116041,iters,59,1.036350204,1.036289257,5.881299613e-05,264.675226,NaN,1,target_reached,pmeal-hpc,2026-08-17T17:31:41,
tortuosity,cpu,assembled,16,n600_b100_p020,600,1,0.2,0.186121,40202032,iters,1,0.005483333852,12.53312864,0.9995624928,6.98937326,NaN,1,,pmeal-hpc,2026-08-17T17:34:45,
tortuosity,cpu,assembled,16,n600_b100_p020,600,1,0.2,0.186121,40202032,iters,2,0.0065828593,12.53312864,0.9994747633,7.817532391,NaN,1,,pmeal-hpc,2026-08-17T17:34:45,
tortuosity,cpu,assembled,16,n600_b100_p020,600,1,0.2,0.186121,40202032,iters,3,0.008369255237,12.53312864,0.9993322294,8.646571322,NaN,1,,pmeal-hpc,2026-08-17T17:34:45,
tortuosity,cpu,assembled,16,n600_b100_p020,600,1,0.2,0.186121,40202032,iters,6,0.05370255404,12.53312864,0.9957151518,11.14505031,NaN,1,,pmeal-hpc,2026-08-17T17:34:45,
tortuosity,cpu,assembled,16,n600_b100_p020,600,1,0.2,0.186121,40202032,iters,10,0.0868979698,12.53312864,0.9930665381,14.46756161,NaN,1,,pmeal-hpc,2026-08-17T17:34:45,
tortuosity,cpu,assembled,16,n600_b100_p020,600,1,0.2,0.186121,40202032,iters,18,-1.264770413,12.53312864,1.100914181,21.15646876,NaN,1,,pmeal-hpc,2026-08-17T17:34:45,
tortuosity,cpu,assembled,16,n600_b100_p020,600,1,0.2,0.186121,40202032,iters,33,6.149191105,12.53312864,0.5093650371,33.64565416,NaN,1,,pmeal-hpc,2026-08-17T17:34:45,
tortuosity,cpu,assembled,16,n600_b100_p020,600,1,0.2,0.186121,40202032,iters,59,11.9191548,12.53312864,0.04898807474,55.35113547,NaN,1,,pmeal-hpc,2026-08-17T17:34:45,
tortuosity,cpu,assembled,16,n600_b100_p020,600,1,0.2,0.186121,40202032,iters,106,12.49867658,12.53312864,0.002748879153,94.5892217,NaN,1,,pmeal-hpc,2026-08-17T17:34:45,
tortuosity,cpu,assembled,16,n600_b100_p020,600,1,0.2,0.186121,40202032,iters,189,12.53269233,12.53312864,3.481242817e-05,163.7192142,NaN,1,target_reached,pmeal-hpc,2026-08-17T17:34:45,
tortuosity,cpu,assembled,16,n600_b100_p040,600,1,0.4,0.400067,86414504,iters,1,0.006410825174,2.584229768,0.9975192511,10.7160368,NaN,1,,pmeal-hpc,2026-08-17T17:37:01,
tortuosity,cpu,assembled,16,n600_b100_p040,600,1,0.4,0.400067,86414504,iters,2,0.007763253781,2.584229768,0.9969959119,12.47509286,NaN,1,,pmeal-hpc,2026-08-17T17:37:01,
tortuosity,cpu,assembled,16,n600_b100_p040,600,1,0.4,0.400067,86414504,iters,3,0.009536208538,2.584229768,0.9963098449,14.23416571,NaN,1,,pmeal-hpc,2026-08-17T17:37:01,
tortuosity,cpu,assembled,16,n600_b100_p040,600,1,0.4,0.400067,86414504,iters,6,0.05333979808,2.584229768,0.9793594986,19.60520623,NaN,1,,pmeal-hpc,2026-08-17T17:37:01,
tortuosity,cpu,assembled,16,n600_b100_p040,600,1,0.4,0.400067,86414504,iters,10,0.08013378465,2.584229768,0.9689912307,26.69191472,NaN,1,,pmeal-hpc,2026-08-17T17:37:01,
tortuosity,cpu,assembled,16,n600_b100_p040,600,1,0.4,0.400067,86414504,iters,18,-0.5079062692,2.584229768,1.196540677,40.89901613,NaN,1,,pmeal-hpc,2026-08-17T17:37:01,
tortuosity,cpu,assembled,16,n600_b100_p040,600,1,0.4,0.400067,86414504,iters,33,2.249261209,2.584229768,0.1296202695,67.59998142,NaN,1,,pmeal-hpc,2026-08-17T17:37:01,
tortuosity,cpu,assembled,16,n600_b100_p040,600,1,0.4,0.400067,86414504,iters,59,2.585106586,2.584229768,0.0003392955495,114.0757862,NaN,1,target_reached,pmeal-hpc,2026-08-17T17:37:01,
tortuosity,cpu,assembled,16,n600_b100_p060,600,1,0.6,0.601152,129848851,iters,1,0.006984537056,1.574643825,0.9955643702,14.30114107,NaN,1,,pmeal-hpc,2026-08-17T17:40:16,
tortuosity,cpu,assembled,16,n600_b100_p060,600,1,0.6,0.601152,129848851,iters,2,0.008494412401,1.574643825,0.9946055024,17.08591005,NaN,1,,pmeal-hpc,2026-08-17T17:40:16,
tortuosity,cpu,assembled,16,n600_b100_p060,600,1,0.6,0.601152,129848851,iters,3,0.0105798303,1.574643825,0.993281128,19.75977379,NaN,1,,pmeal-hpc,2026-08-17T17:40:16,
tortuosity,cpu,assembled,16,n600_b100_p060,600,1,0.6,0.601152,129848851,iters,6,0.05834592791,1.574643825,0.962946587,27.82182954,NaN,1,,pmeal-hpc,2026-08-17T17:40:16,
tortuosity,cpu,assembled,16,n600_b100_p060,600,1,0.6,0.601152,129848851,iters,10,0.0844817781,1.574643825,0.9463486429,38.47024845,NaN,1,,pmeal-hpc,2026-08-17T17:40:16,
tortuosity,cpu,assembled,16,n600_b100_p060,600,1,0.6,0.601152,129848851,iters,18,-0.5956450249,1.574643825,1.378272861,59.81438944,NaN,1,,pmeal-hpc,2026-08-17T17:40:16,
tortuosity,cpu,assembled,16,n600_b100_p060,600,1,0.6,0.601152,129848851,iters,33,1.417896879,1.574643825,0.09954438169,99.93940117,NaN,1,,pmeal-hpc,2026-08-17T17:40:16,
tortuosity,cpu,assembled,16,n600_b100_p060,600,1,0.6,0.601152,129848851,iters,59,1.575519039,1.574643825,0.0005558170711,169.2247503,NaN,1,target_reached,pmeal-hpc,2026-08-17T17:40:16,
tortuosity,cpu,assembled,16,n600_b100_p080,600,1,0.8,0.800675,172945908,iters,1,0.007427999959,1.194292393,0.9937804176,17.79249324,NaN,1,,pmeal-hpc,2026-08-17T17:44:30,
tortuosity,cpu,assembled,16,n600_b100_p080,600,1,0.8,0.800675,172945908,iters,2,0.009057187185,1.194292393,0.9924162732,21.29532045,NaN,1,,pmeal-hpc,2026-08-17T17:44:30,
tortuosity,cpu,assembled,16,n600_b100_p080,600,1,0.8,0.800675,172945908,iters,3,0.0113557973,1.194292393,0.9904916105,24.8008871,NaN,1,,pmeal-hpc,2026-08-17T17:44:30,
tortuosity,cpu,assembled,16,n600_b100_p080,600,1,0.8,0.800675,172945908,iters,6,0.06175998041,1.194292393,0.9482873869,35.42238753,NaN,1,,pmeal-hpc,2026-08-17T17:44:30,
tortuosity,cpu,assembled,16,n600_b100_p080,600,1,0.8,0.800675,172945908,iters,10,0.08787919043,1.194292393,0.9264173573,49.49932693,NaN,1,,pmeal-hpc,2026-08-17T17:44:30,
tortuosity,cpu,assembled,16,n600_b100_p080,600,1,0.8,0.800675,172945908,iters,18,-0.7007483883,1.194292393,1.586747762,77.68431492,NaN,1,,pmeal-hpc,2026-08-17T17:44:30,
tortuosity,cpu,assembled,16,n600_b100_p080,600,1,0.8,0.800675,172945908,iters,33,1.081114399,1.194292393,0.09476573313,130.4909405,NaN,1,,pmeal-hpc,2026-08-17T17:44:30,
tortuosity,cpu,assembled,16,n600_b100_p080,600,1,0.8,0.800675,172945908,iters,59,1.194681132,1.194292393,0.000325497462,222.0769043,NaN,1,target_reached,pmeal-hpc,2026-08-17T17:44:30,
tortuosity,cpu,assembled,16,n600_b100_p095,600,1,0.95,0.950634,205336897,iters,1,0.00730067954,1.038559849,0.9929703815,20.19105199,NaN,1,,pmeal-hpc,2026-08-17T17:49:28,
tortuosity,cpu,assembled,16,n600_b100_p095,600,1,0.95,0.950634,205336897,iters,2,0.008939229602,1.038559849,0.9913926678,24.35844839,NaN,1,,pmeal-hpc,2026-08-17T17:49:28,
tortuosity,cpu,assembled,16,n600_b100_p095,600,1,0.95,0.950634,205336897,iters,3,0.01160349178,1.038559849,0.9888273249,28.52402309,NaN,1,,pmeal-hpc,2026-08-17T17:49:28,
tortuosity,cpu,assembled,16,n600_b100_p095,600,1,0.95,0.950634,205336897,iters,6,0.06205797954,1.038559849,0.940246121,41.04764407,NaN,1,,pmeal-hpc,2026-08-17T17:49:28,
tortuosity,cpu,assembled,16,n600_b100_p095,600,1,0.95,0.950634,205336897,iters,10,0.08623877125,1.038559849,0.9169631184,57.70117057,NaN,1,,pmeal-hpc,2026-08-17T17:49:28,
tortuosity,cpu,assembled,16,n600_b100_p095,600,1,0.95,0.950634,205336897,iters,18,-0.7592436744,1.038559849,1.73105433,91.12532505,NaN,1,,pmeal-hpc,2026-08-17T17:49:28,
tortuosity,cpu,assembled,16,n600_b100_p095,600,1,0.95,0.950634,205336897,iters,33,0.9363108516,1.038559849,0.09845267701,153.9765788,NaN,1,,pmeal-hpc,2026-08-17T17:49:28,
tortuosity,cpu,assembled,16,n600_b100_p095,600,1,0.95,0.950634,205336897,iters,59,1.038767062,1.038559849,0.0001995200187,262.7645446,NaN,1,target_reached,pmeal-hpc,2026-08-17T17:49:28,
tortuosity,cpu,assembled,16,n600_b200_p020,600,2,0.2,0.19095,41245095,iters,1,0.006070404377,11.15581331,0.9994558528,7.160948079,NaN,1,,pmeal-hpc,2026-08-17T17:52:39,
tortuosity,cpu,assembled,16,n600_b200_p020,600,2,0.2,0.19095,41245095,iters,2,0.007260185027,11.15581331,0.9993492016,8.013047074,NaN,1,,pmeal-hpc,2026-08-17T17:52:39,
tortuosity,cpu,assembled,16,n600_b200_p020,600,2,0.2,0.19095,41245095,iters,3,0.009113441118,11.15581331,0.9991830769,8.866451899,NaN,1,,pmeal-hpc,2026-08-17T17:52:39,
tortuosity,cpu,assembled,16,n600_b200_p020,600,2,0.2,0.19095,41245095,iters,6,0.04919460916,11.15581331,0.9955902266,11.49389838,NaN,1,,pmeal-hpc,2026-08-17T17:52:39,
tortuosity,cpu,assembled,16,n600_b200_p020,600,2,0.2,0.19095,41245095,iters,10,0.08606898128,11.15581331,0.9922848313,14.98137058,NaN,1,,pmeal-hpc,2026-08-17T17:52:39,
tortuosity,cpu,assembled,16,n600_b200_p020,600,2,0.2,0.19095,41245095,iters,18,-0.7135262672,11.15581331,1.06396004,21.94978232,NaN,1,,pmeal-hpc,2026-08-17T17:52:39,
tortuosity,cpu,assembled,16,n600_b200_p020,600,2,0.2,0.19095,41245095,iters,33,9.101918865,11.15581331,0.1841097899,34.9265279,NaN,1,,pmeal-hpc,2026-08-17T17:52:39,
tortuosity,cpu,assembled,16,n600_b200_p020,600,2,0.2,0.19095,41245095,iters,59,11.36551766,11.15581331,0.01879776407,57.33552754,NaN,1,,pmeal-hpc,2026-08-17T17:52:39,
tortuosity,cpu,assembled,16,n600_b200_p020,600,2,0.2,0.19095,41245095,iters,106,11.07715722,11.15581331,0.007050681703,97.91280086,NaN,1,,pmeal-hpc,2026-08-17T17:52:39,
tortuosity,cpu,assembled,16,n600_b200_p020,600,2,0.2,0.19095,41245095,iters,189,11.16147396,11.15581331,0.0005074167498,169.9261648,NaN,1,target_reached,pmeal-hpc,2026-08-17T17:52:39,
tortuosity,cpu,assembled,16,n600_b200_p040,600,2,0.4,0.398822,86145631,iters,1,0.006713872909,2.58840573,0.9974061745,10.89456676,NaN,1,,pmeal-hpc,2026-08-17T17:56:21,
tortuosity,cpu,assembled,16,n600_b200_p040,600,2,0.4,0.398822,86145631,iters,2,0.008048723456,2.58840573,0.9968904707,12.65315495,NaN,1,,pmeal-hpc,2026-08-17T17:56:21,
tortuosity,cpu,assembled,16,n600_b200_p040,600,2,0.4,0.398822,86145631,iters,3,0.009961441339,2.58840573,0.9961515147,14.50380776,NaN,1,,pmeal-hpc,2026-08-17T17:56:21,
tortuosity,cpu,assembled,16,n600_b200_p040,600,2,0.4,0.398822,86145631,iters,6,0.05301312562,2.58840573,0.9795190047,19.91182497,NaN,1,,pmeal-hpc,2026-08-17T17:56:21,
tortuosity,cpu,assembled,16,n600_b200_p040,600,2,0.4,0.398822,86145631,iters,10,0.08670445552,2.58840573,0.9665027571,26.97010561,NaN,1,,pmeal-hpc,2026-08-17T17:56:21,
tortuosity,cpu,assembled,16,n600_b200_p040,600,2,0.4,0.398822,86145631,iters,18,-0.6645204127,2.58840573,1.256729617,41.22264911,NaN,1,,pmeal-hpc,2026-08-17T17:56:21,
tortuosity,cpu,assembled,16,n600_b200_p040,600,2,0.4,0.398822,86145631,iters,33,2.609860318,2.58840573,0.008288727001,67.99876544,NaN,1,,pmeal-hpc,2026-08-17T17:56:21,
tortuosity,cpu,assembled,16,n600_b200_p040,600,2,0.4,0.398822,86145631,iters,59,2.592594787,2.58840573,0.001618392581,114.711983,NaN,1,,pmeal-hpc,2026-08-17T17:56:21,
tortuosity,cpu,assembled,16,n600_b200_p040,600,2,0.4,0.398822,86145631,iters,106,2.588502821,2.58840573,3.75100144e-05,198.2929112,NaN,1,target_reached,pmeal-hpc,2026-08-17T17:56:21,
tortuosity,cpu,assembled,16,n600_b200_p060,600,2,0.6,0.600028,129606057,iters,1,0.007376611415,1.576153581,0.9953198651,14.46887038,NaN,1,,pmeal-hpc,2026-08-17T17:59:38,
tortuosity,cpu,assembled,16,n600_b200_p060,600,2,0.6,0.600028,129606057,iters,2,0.00888206133,1.576153581,0.9943647234,17.20691444,NaN,1,,pmeal-hpc,2026-08-17T17:59:38,
tortuosity,cpu,assembled,16,n600_b200_p060,600,2,0.6,0.600028,129606057,iters,3,0.01087743464,1.576153581,0.993098747,19.89432062,NaN,1,,pmeal-hpc,2026-08-17T17:59:38,
tortuosity,cpu,assembled,16,n600_b200_p060,600,2,0.6,0.600028,129606057,iters,6,0.05828251255,1.576153581,0.9630223138,27.96218092,NaN,1,,pmeal-hpc,2026-08-17T17:59:38,
tortuosity,cpu,assembled,16,n600_b200_p060,600,2,0.6,0.600028,129606057,iters,10,0.08999035736,1.576153581,0.9429050833,38.69706438,NaN,1,,pmeal-hpc,2026-08-17T17:59:38,
tortuosity,cpu,assembled,16,n600_b200_p060,600,2,0.6,0.600028,129606057,iters,18,-0.7359810064,1.576153581,1.46694752,60.32521366,NaN,1,,pmeal-hpc,2026-08-17T17:59:38,
tortuosity,cpu,assembled,16,n600_b200_p060,600,2,0.6,0.600028,129606057,iters,33,1.555487844,1.576153581,0.01311149969,100.6619619,NaN,1,,pmeal-hpc,2026-08-17T17:59:38,
tortuosity,cpu,assembled,16,n600_b200_p060,600,2,0.6,0.600028,129606057,iters,59,1.577232538,1.576153581,0.0006845509325,170.530824,NaN,1,target_reached,pmeal-hpc,2026-08-17T17:59:38,
tortuosity,cpu,assembled,16,n600_b200_p080,600,2,0.8,0.801043,173025334,iters,1,0.0076928088,1.194359614,0.9935590515,18.1153314,NaN,1,,pmeal-hpc,2026-08-17T18:03:53,
tortuosity,cpu,assembled,16,n600_b200_p080,600,2,0.8,0.801043,173025334,iters,2,0.009305061696,1.194359614,0.9922091625,21.65418921,NaN,1,,pmeal-hpc,2026-08-17T18:03:53,
tortuosity,cpu,assembled,16,n600_b200_p080,600,2,0.8,0.801043,173025334,iters,3,0.01139380035,1.194359614,0.9904603268,25.19642414,NaN,1,,pmeal-hpc,2026-08-17T18:03:53,
tortuosity,cpu,assembled,16,n600_b200_p080,600,2,0.8,0.801043,173025334,iters,6,0.06144193028,1.194359614,0.9485565909,35.8476709,NaN,1,,pmeal-hpc,2026-08-17T18:03:53,
tortuosity,cpu,assembled,16,n600_b200_p080,600,2,0.8,0.801043,173025334,iters,10,0.09063119999,1.194359614,0.924117327,50.15052544,NaN,1,,pmeal-hpc,2026-08-17T18:03:53,
tortuosity,cpu,assembled,16,n600_b200_p080,600,2,0.8,0.801043,173025334,iters,18,-0.7961420846,1.194359614,1.666584901,78.55674002,NaN,1,,pmeal-hpc,2026-08-17T18:03:53,
tortuosity,cpu,assembled,16,n600_b200_p080,600,2,0.8,0.801043,173025334,iters,33,1.134992028,1.194359614,0.04970662557,131.9363761,NaN,1,,pmeal-hpc,2026-08-17T18:03:53,
tortuosity,cpu,assembled,16,n600_b200_p080,600,2,0.8,0.801043,173025334,iters,59,1.194790789,1.194359614,0.000361009364,223.8473091,NaN,1,target_reached,pmeal-hpc,2026-08-17T18:03:53,
tortuosity,cpu,assembled,16,n600_b200_p095,600,2,0.95,0.950849,205383281,iters,1,0.007504874852,1.037615234,0.992767189,20.38765432,NaN,1,,pmeal-hpc,2026-08-17T18:08:53,
tortuosity,cpu,assembled,16,n600_b200_p095,600,2,0.95,0.950849,205383281,iters,2,0.009135582561,1.037615234,0.9911955971,24.60606053,NaN,1,,pmeal-hpc,2026-08-17T18:08:53,
tortuosity,cpu,assembled,16,n600_b200_p095,600,2,0.95,0.950849,205383281,iters,3,0.01139556549,1.037615234,0.9890175422,28.89067472,NaN,1,,pmeal-hpc,2026-08-17T18:08:53,
tortuosity,cpu,assembled,16,n600_b200_p095,600,2,0.95,0.950849,205383281,iters,6,0.06191340641,1.037615234,0.9403310549,41.49404213,NaN,1,,pmeal-hpc,2026-08-17T18:08:53,
tortuosity,cpu,assembled,16,n600_b200_p095,600,2,0.95,0.950849,205383281,iters,10,0.08784000022,1.037615234,0.9153443422,58.24715071,NaN,1,,pmeal-hpc,2026-08-17T18:08:53,
tortuosity,cpu,assembled,16,n600_b200_p095,600,2,0.95,0.950849,205383281,iters,18,-0.8053651559,1.037615234,1.776169364,91.8607949,NaN,1,,pmeal-hpc,2026-08-17T18:08:53,
tortuosity,cpu,assembled,16,n600_b200_p095,600,2,0.95,0.950849,205383281,iters,33,0.9592669455,1.037615234,0.0755080361,154.7966507,NaN,1,,pmeal-hpc,2026-08-17T18:08:53,
tortuosity,cpu,assembled,16,n600_b200_p095,600,2,0.95,0.950849,205383281,iters,59,1.037752578,1.037615234,0.0001323654463,264.1162674,NaN,1,target_reached,pmeal-hpc,2026-08-17T18:08:53,
tortuosity,cpu,assembled,16,n800_b050_p020,800,0.5,0.2,0.174096,89137139,iters,1,0.003305427014,10.10700996,0.999672957,16.74126312,NaN,1,,pmeal-hpc,2026-08-17T21:46:37,
tortuosity,cpu,assembled,16,n800_b050_p020,800,0.5,0.2,0.174096,89137139,iters,2,0.004051073405,10.10700996,0.9995991818,18.63660314,NaN,1,,pmeal-hpc,2026-08-17T21:46:38,
tortuosity,cpu,assembled,16,n800_b050_p020,800,0.5,0.2,0.174096,89137139,iters,3,0.005165647454,10.10700996,0.9994889045,20.52699743,NaN,1,,pmeal-hpc,2026-08-17T21:46:38,
tortuosity,cpu,assembled,16,n800_b050_p020,800,0.5,0.2,0.174096,89137139,iters,6,0.02931798538,10.10700996,0.9970992425,26.00859684,NaN,1,,pmeal-hpc,2026-08-17T21:46:38,
tortuosity,cpu,assembled,16,n800_b050_p020,800,0.5,0.2,0.174096,89137139,iters,10,0.04324058796,10.10700996,0.995721723,33.31855847,NaN,1,,pmeal-hpc,2026-08-17T21:46:38,
tortuosity,cpu,assembled,16,n800_b050_p020,800,0.5,0.2,0.174096,89137139,iters,18,-0.2230653663,10.10700996,1.022070362,47.93589775,NaN,1,,pmeal-hpc,2026-08-17T21:46:38,
tortuosity,cpu,assembled,16,n800_b050_p020,800,0.5,0.2,0.174096,89137139,iters,33,3.133431295,10.10700996,0.6899744527,75.40621576,NaN,1,,pmeal-hpc,2026-08-17T21:46:38,
tortuosity,cpu,assembled,16,n800_b050_p020,800,0.5,0.2,0.174096,89137139,iters,59,8.779234347,10.10700996,0.1313717527,122.8680481,NaN,1,,pmeal-hpc,2026-08-17T21:46:38,
tortuosity,cpu,assembled,16,n800_b050_p020,800,0.5,0.2,0.174096,89137139,iters,106,9.925523592,10.10700996,0.0179564845,208.0849308,NaN,1,,pmeal-hpc,2026-08-17T21:46:38,
tortuosity,cpu,assembled,16,n800_b050_p020,800,0.5,0.2,0.174096,89137139,iters,189,10.10521347,10.10700996,0.000177747157,359.3073836,NaN,1,target_reached,pmeal-hpc,2026-08-17T21:46:38,
tortuosity,cpu,assembled,16,n800_b050_p040,800,0.5,0.4,0.384479,196853200,iters,1,0.00439857832,2.713834504,0.9983792017,24.31786875,NaN,1,,pmeal-hpc,2026-08-17T21:54:56,
tortuosity,cpu,assembled,16,n800_b050_p040,800,0.5,0.4,0.384479,196853200,iters,2,0.005392025546,2.713834504,0.998013134,28.31429917,NaN,1,,pmeal-hpc,2026-08-17T21:54:56,
tortuosity,cpu,assembled,16,n800_b050_p040,800,0.5,0.4,0.384479,196853200,iters,3,0.006905523648,2.713834504,0.9974554367,32.29884055,NaN,1,,pmeal-hpc,2026-08-17T21:54:56,
tortuosity,cpu,assembled,16,n800_b050_p040,800,0.5,0.4,0.384479,196853200,iters,6,0.03812454724,2.713834504,0.9859517789,44.30578679,NaN,1,,pmeal-hpc,2026-08-17T21:54:56,
tortuosity,cpu,assembled,16,n800_b050_p040,800,0.5,0.4,0.384479,196853200,iters,10,0.05514334633,2.713834504,0.9796806525,60.32804713,NaN,1,,pmeal-hpc,2026-08-17T21:54:56,
tortuosity,cpu,assembled,16,n800_b050_p040,800,0.5,0.4,0.384479,196853200,iters,18,-0.2961242515,2.713834504,1.109116547,92.40682662,NaN,1,,pmeal-hpc,2026-08-17T21:54:56,
tortuosity,cpu,assembled,16,n800_b050_p040,800,0.5,0.4,0.384479,196853200,iters,33,1.818576975,2.713834504,0.3298865599,152.5489966,NaN,1,,pmeal-hpc,2026-08-17T21:54:56,
tortuosity,cpu,assembled,16,n800_b050_p040,800,0.5,0.4,0.384479,196853200,iters,59,2.687238873,2.713834504,0.0098000196,256.9213822,NaN,1,,pmeal-hpc,2026-08-17T21:54:56,
tortuosity,cpu,assembled,16,n800_b050_p040,800,0.5,0.4,0.384479,196853200,iters,106,2.713543126,2.713834504,0.0001073676787,445.2289986,NaN,1,target_reached,pmeal-hpc,2026-08-17T21:54:56,
tortuosity,cpu,assembled,16,n800_b050_p060,800,0.5,0.6,0.59834,306349955,iters,1,0.005151381381,1.573690994,0.9967265611,33.28261984,NaN,1,,pmeal-hpc,2026-08-17T22:07:32,
tortuosity,cpu,assembled,16,n800_b050_p060,800,0.5,0.6,0.59834,306349955,iters,2,0.006320213903,1.573690994,0.9959838279,39.51470245,NaN,1,,pmeal-hpc,2026-08-17T22:07:32,
tortuosity,cpu,assembled,16,n800_b050_p060,800,0.5,0.6,0.59834,306349955,iters,3,0.008207348081,1.573690994,0.9947846508,45.81501631,NaN,1,,pmeal-hpc,2026-08-17T22:07:32,
tortuosity,cpu,assembled,16,n800_b050_p060,800,0.5,0.6,0.59834,306349955,iters,6,0.04437154123,1.573690994,0.9718041589,64.55193947,NaN,1,,pmeal-hpc,2026-08-17T22:07:32,
tortuosity,cpu,assembled,16,n800_b050_p060,800,0.5,0.6,0.59834,306349955,iters,10,0.0628842748,1.573690994,0.9600402652,89.56302834,NaN,1,,pmeal-hpc,2026-08-17T22:07:32,
tortuosity,cpu,assembled,16,n800_b050_p060,800,0.5,0.6,0.59834,306349955,iters,18,-0.3745649044,1.573690994,1.238016806,139.6561299,NaN,1,,pmeal-hpc,2026-08-17T22:07:32,
tortuosity,cpu,assembled,16,n800_b050_p060,800,0.5,0.6,0.59834,306349955,iters,33,1.270376539,1.573690994,0.1927407961,233.1886423,NaN,1,,pmeal-hpc,2026-08-17T22:07:32,
tortuosity,cpu,assembled,16,n800_b050_p060,800,0.5,0.6,0.59834,306349955,iters,59,1.571777798,1.573690994,0.001215738344,395.4682072,NaN,1,,pmeal-hpc,2026-08-17T22:07:32,
tortuosity,cpu,assembled,16,n800_b050_p060,800,0.5,0.6,0.59834,306349955,iters,106,1.573967115,1.573690994,0.0001754609913,688.2896585,NaN,1,target_reached,pmeal-hpc,2026-08-17T22:07:32,
tortuosity,cpu,assembled,16,n800_b050_p080,800,0.5,0.8,0.807732,413558797,iters,1,0.005527181222,1.158681783,0.9952297677,46.83760466,NaN,1,,pmeal-hpc,2026-08-17T22:18:43,
tortuosity,cpu,assembled,16,n800_b050_p080,800,0.5,0.8,0.807732,413558797,iters,2,0.006784556916,1.158681783,0.99414459,56.39185149,NaN,1,,pmeal-hpc,2026-08-17T22:18:43,
tortuosity,cpu,assembled,16,n800_b050_p080,800,0.5,0.8,0.807732,413558797,iters,3,0.008949490055,1.158681783,0.992276145,65.86273034,NaN,1,,pmeal-hpc,2026-08-17T22:18:43,
tortuosity,cpu,assembled,16,n800_b050_p080,800,0.5,0.8,0.807732,413558797,iters,6,0.04762886236,1.158681783,0.9588939232,94.42109958,NaN,1,,pmeal-hpc,2026-08-17T22:18:43,
tortuosity,cpu,assembled,16,n800_b050_p080,800,0.5,0.8,0.807732,413558797,iters,10,0.06616016876,1.158681783,0.9429004842,132.2478826,NaN,1,,pmeal-hpc,2026-08-17T22:18:43,
tortuosity,cpu,assembled,16,n800_b050_p080,800,0.5,0.8,0.807732,413558797,iters,18,-0.4479335002,1.158681783,1.386588886,208.0230682,NaN,1,,pmeal-hpc,2026-08-17T22:18:43,
tortuosity,cpu,assembled,16,n800_b050_p080,800,0.5,0.8,0.807732,413558797,iters,33,0.9856681195,1.158681783,0.1493193955,351.0648363,NaN,1,,pmeal-hpc,2026-08-17T22:18:43,
tortuosity,cpu,assembled,16,n800_b050_p080,800,0.5,0.8,0.807732,413558797,iters,59,1.159011838,1.158681783,0.0002848540703,598.1759235,NaN,1,target_reached,pmeal-hpc,2026-08-17T22:18:43,
tortuosity,cpu,assembled,16,n800_b050_p095,800,0.5,0.95,0.953798,488344573,iters,1,0.005442742995,1.027543224,0.9947031493,51.63846662,NaN,1,,pmeal-hpc,2026-08-17T22:31:47,
tortuosity,cpu,assembled,16,n800_b050_p095,800,0.5,0.95,0.953798,488344573,iters,2,0.006684192433,1.027543224,0.9934949769,62.82352394,NaN,1,,pmeal-hpc,2026-08-17T22:31:47,
tortuosity,cpu,assembled,16,n800_b050_p095,800,0.5,0.95,0.953798,488344573,iters,3,0.009009184947,1.027543224,0.9912323056,73.92313088,NaN,1,,pmeal-hpc,2026-08-17T22:31:47,
tortuosity,cpu,assembled,16,n800_b050_p095,800,0.5,0.95,0.953798,488344573,iters,6,0.04732755742,1.027543224,0.9539410544,107.3447849,NaN,1,,pmeal-hpc,2026-08-17T22:31:47,
tortuosity,cpu,assembled,16,n800_b050_p095,800,0.5,0.95,0.953798,488344573,iters,10,0.06522365518,1.027543224,0.9365246603,151.754847,NaN,1,,pmeal-hpc,2026-08-17T22:31:47,
tortuosity,cpu,assembled,16,n800_b050_p095,800,0.5,0.95,0.953798,488344573,iters,18,-0.4810545657,1.027543224,1.468159932,240.9242563,NaN,1,,pmeal-hpc,2026-08-17T22:31:47,
tortuosity,cpu,assembled,16,n800_b050_p095,800,0.5,0.95,0.953798,488344573,iters,33,0.8925151731,1.027543224,0.1314086335,409.6338579,NaN,1,,pmeal-hpc,2026-08-17T22:31:47,
tortuosity,cpu,assembled,16,n800_b050_p095,800,0.5,0.95,0.953798,488344573,iters,59,1.027209522,1.027543224,0.0003247572874,701.779116,NaN,1,target_reached,pmeal-hpc,2026-08-17T22:31:47,
tortuosity,cpu,assembled,16,n800_b100_p020,800,1,0.2,0.185425,94937803,iters,1,0.004628686762,12.62304881,0.9996333147,15.2588328,NaN,1,,pmeal-hpc,2026-08-17T22:38:57,
tortuosity,cpu,assembled,16,n800_b100_p020,800,1,0.2,0.185425,94937803,iters,2,0.005636519424,12.62304881,0.999553474,17.18688426,NaN,1,,pmeal-hpc,2026-08-17T22:38:57,
tortuosity,cpu,assembled,16,n800_b100_p020,800,1,0.2,0.185425,94937803,iters,3,0.00703435562,12.62304881,0.9994427372,19.11157884,NaN,1,,pmeal-hpc,2026-08-17T22:38:57,
tortuosity,cpu,assembled,16,n800_b100_p020,800,1,0.2,0.185425,94937803,iters,6,0.04029037711,12.62304881,0.9968081897,25.04790963,NaN,1,,pmeal-hpc,2026-08-17T22:38:57,
tortuosity,cpu,assembled,16,n800_b100_p020,800,1,0.2,0.185425,94937803,iters,10,0.06018504931,12.62304881,0.9952321305,32.84297151,NaN,1,,pmeal-hpc,2026-08-17T22:38:57,
tortuosity,cpu,assembled,16,n800_b100_p020,800,1,0.2,0.185425,94937803,iters,18,-0.3358728432,12.62304881,1.026607902,48.47918517,NaN,1,,pmeal-hpc,2026-08-17T22:38:57,
tortuosity,cpu,assembled,16,n800_b100_p020,800,1,0.2,0.185425,94937803,iters,33,4.035279367,12.62304881,0.6803245058,77.74022915,NaN,1,,pmeal-hpc,2026-08-17T22:38:57,
tortuosity,cpu,assembled,16,n800_b100_p020,800,1,0.2,0.185425,94937803,iters,59,10.37328343,12.62304881,0.1782267825,128.4105424,NaN,1,,pmeal-hpc,2026-08-17T22:38:57,
tortuosity,cpu,assembled,16,n800_b100_p020,800,1,0.2,0.185425,94937803,iters,106,12.30628124,12.62304881,0.02509437867,219.8247612,NaN,1,,pmeal-hpc,2026-08-17T22:38:57,
tortuosity,cpu,assembled,16,n800_b100_p020,800,1,0.2,0.185425,94937803,iters,189,12.61243393,12.62304881,0.0008409128199,381.4006999,NaN,1,target_reached,pmeal-hpc,2026-08-17T22:38:57,
tortuosity,cpu,assembled,16,n800_b100_p040,800,1,0.4,0.394666,202068918,iters,1,0.005363613016,2.604118691,0.9979403347,24.39890053,NaN,1,,pmeal-hpc,2026-08-17T22:47:30,
tortuosity,cpu,assembled,16,n800_b100_p040,800,1,0.4,0.394666,202068918,iters,2,0.00653449137,2.604118691,0.9974907091,28.54561218,NaN,1,,pmeal-hpc,2026-08-17T22:47:30,
tortuosity,cpu,assembled,16,n800_b100_p040,800,1,0.4,0.394666,202068918,iters,3,0.008100861673,2.604118691,0.9968892118,32.69134136,NaN,1,,pmeal-hpc,2026-08-17T22:47:30,
tortuosity,cpu,assembled,16,n800_b100_p040,800,1,0.4,0.394666,202068918,iters,6,0.04510547387,2.604118691,0.9826791789,45.09658488,NaN,1,,pmeal-hpc,2026-08-17T22:47:30,
tortuosity,cpu,assembled,16,n800_b100_p040,800,1,0.4,0.394666,202068918,iters,10,0.06628257516,2.604118691,0.9745470222,61.68387579,NaN,1,,pmeal-hpc,2026-08-17T22:47:30,
tortuosity,cpu,assembled,16,n800_b100_p040,800,1,0.4,0.394666,202068918,iters,18,-0.3784795473,2.604118691,1.145338824,94.96368604,NaN,1,,pmeal-hpc,2026-08-17T22:47:30,
tortuosity,cpu,assembled,16,n800_b100_p040,800,1,0.4,0.394666,202068918,iters,33,1.991609784,2.604118691,0.2352077535,157.477566,NaN,1,,pmeal-hpc,2026-08-17T22:47:30,
tortuosity,cpu,assembled,16,n800_b100_p040,800,1,0.4,0.394666,202068918,iters,59,2.597471058,2.604118691,0.002552738118,264.7864852,NaN,1,,pmeal-hpc,2026-08-17T22:47:30,
tortuosity,cpu,assembled,16,n800_b100_p040,800,1,0.4,0.394666,202068918,iters,106,2.603726956,2.604118691,0.0001504291419,459.8545551,NaN,1,target_reached,pmeal-hpc,2026-08-17T22:47:30,
tortuosity,cpu,assembled,16,n800_b100_p060,800,1,0.6,0.599309,306846383,iters,1,0.005871010049,1.538358863,0.9961835888,35.57124215,NaN,1,,pmeal-hpc,2026-08-17T22:55:56,
tortuosity,cpu,assembled,16,n800_b100_p060,800,1,0.6,0.599309,306846383,iters,2,0.007173732345,1.538358863,0.9953367628,42.70051236,NaN,1,,pmeal-hpc,2026-08-17T22:55:56,
tortuosity,cpu,assembled,16,n800_b100_p060,800,1,0.6,0.599309,306846383,iters,3,0.008995200268,1.538358863,0.9941527296,49.77831299,NaN,1,,pmeal-hpc,2026-08-17T22:55:56,
tortuosity,cpu,assembled,16,n800_b100_p060,800,1,0.6,0.599309,306846383,iters,6,0.04900080628,1.538358863,0.9681473501,71.12461477,NaN,1,,pmeal-hpc,2026-08-17T22:55:56,
tortuosity,cpu,assembled,16,n800_b100_p060,800,1,0.6,0.599309,306846383,iters,10,0.07039807276,1.538358863,0.9542381986,99.20268651,NaN,1,,pmeal-hpc,2026-08-17T22:55:56,
tortuosity,cpu,assembled,16,n800_b100_p060,800,1,0.6,0.599309,306846383,iters,18,-0.438238827,1.538358863,1.28487425,155.4683118,NaN,1,,pmeal-hpc,2026-08-17T22:55:56,
tortuosity,cpu,assembled,16,n800_b100_p060,800,1,0.6,0.599309,306846383,iters,33,1.301968378,1.538358863,0.1536640709,260.9591659,NaN,1,,pmeal-hpc,2026-08-17T22:55:56,
tortuosity,cpu,assembled,16,n800_b100_p060,800,1,0.6,0.599309,306846383,iters,59,1.538522762,1.538358863,0.0001065412043,445.1683388,NaN,1,target_reached,pmeal-hpc,2026-08-17T22:55:56,
tortuosity,cpu,assembled,16,n800_b100_p080,800,1,0.8,0.802797,411032289,iters,1,0.005967771656,1.178837076,0.9949375772,44.63967841,NaN,1,,pmeal-hpc,2026-08-17T23:07:01,
tortuosity,cpu,assembled,16,n800_b100_p080,800,1,0.8,0.802797,411032289,iters,2,0.00730238833,1.178837076,0.9938054304,54.2061134,NaN,1,,pmeal-hpc,2026-08-17T23:07:01,
tortuosity,cpu,assembled,16,n800_b100_p080,800,1,0.8,0.802797,411032289,iters,3,0.009244492521,1.178837076,0.9921579557,63.62745639,NaN,1,,pmeal-hpc,2026-08-17T23:07:01,
tortuosity,cpu,assembled,16,n800_b100_p080,800,1,0.8,0.802797,411032289,iters,6,0.0498691943,1.178837076,0.9576962794,92.00734547,NaN,1,,pmeal-hpc,2026-08-17T23:07:01,
tortuosity,cpu,assembled,16,n800_b100_p080,800,1,0.8,0.802797,411032289,iters,10,0.07049450975,1.178837076,0.9401999554,129.5898116,NaN,1,,pmeal-hpc,2026-08-17T23:07:01,
tortuosity,cpu,assembled,16,n800_b100_p080,800,1,0.8,0.802797,411032289,iters,18,-0.4733255516,1.178837076,1.401519057,204.4870098,NaN,1,,pmeal-hpc,2026-08-17T23:07:01,
tortuosity,cpu,assembled,16,n800_b100_p080,800,1,0.8,0.802797,411032289,iters,33,1.022864076,1.178837076,0.1323109051,346.3147154,NaN,1,,pmeal-hpc,2026-08-17T23:07:01,
tortuosity,cpu,assembled,16,n800_b100_p080,800,1,0.8,0.802797,411032289,iters,59,1.1790628,1.178837076,0.0001914801509,592.3040303,NaN,1,target_reached,pmeal-hpc,2026-08-17T23:07:01,
tortuosity,cpu,assembled,16,n800_b100_p095,800,1,0.95,0.952043,487445980,iters,1,0.00560158699,1.033344548,0.9945791682,51.35587708,NaN,1,,pmeal-hpc,2026-08-17T23:20:05,
tortuosity,cpu,assembled,16,n800_b100_p095,800,1,0.95,0.952043,487445980,iters,2,0.00686709683,1.033344548,0.9933544945,62.59156206,NaN,1,,pmeal-hpc,2026-08-17T23:20:05,
tortuosity,cpu,assembled,16,n800_b100_p095,800,1,0.95,0.952043,487445980,iters,3,0.008949354187,1.033344548,0.9913394286,73.7634158,NaN,1,,pmeal-hpc,2026-08-17T23:20:05,
tortuosity,cpu,assembled,16,n800_b100_p095,800,1,0.95,0.952043,487445980,iters,6,0.0477817341,1.033344548,0.953760114,107.3665751,NaN,1,,pmeal-hpc,2026-08-17T23:20:05,
tortuosity,cpu,assembled,16,n800_b100_p095,800,1,0.95,0.952043,487445980,iters,10,0.06640044914,1.033344548,0.9357421982,152.0417899,NaN,1,,pmeal-hpc,2026-08-17T23:20:05,
tortuosity,cpu,assembled,16,n800_b100_p095,800,1,0.95,0.952043,487445980,iters,18,-0.4710564225,1.033344548,1.455856107,241.510671,NaN,1,,pmeal-hpc,2026-08-17T23:20:05,
tortuosity,cpu,assembled,16,n800_b100_p095,800,1,0.95,0.952043,487445980,iters,33,0.9015532608,1.033344548,0.1275385712,409.2949609,NaN,1,,pmeal-hpc,2026-08-17T23:20:05,
tortuosity,cpu,assembled,16,n800_b100_p095,800,1,0.95,0.952043,487445980,iters,59,1.03293442,1.033344548,0.0003968933003,700.544838,NaN,1,target_reached,pmeal-hpc,2026-08-17T23:20:05,
tortuosity,cpu,assembled,16,n800_b200_p020,800,2,0.2,0.18995,97254252,iters,1,0.004592351831,13.56020695,0.9996613362,15.51070002,NaN,1,,pmeal-hpc,2026-08-17T23:27:27,
tortuosity,cpu,assembled,16,n800_b200_p020,800,2,0.2,0.18995,97254252,iters,2,0.005515832929,13.56020695,0.9995932339,17.5180116,NaN,1,,pmeal-hpc,2026-08-17T23:27:27,
tortuosity,cpu,assembled,16,n800_b200_p020,800,2,0.2,0.18995,97254252,iters,3,0.006954658742,13.56020695,0.9994871274,19.55409557,NaN,1,,pmeal-hpc,2026-08-17T23:27:27,
tortuosity,cpu,assembled,16,n800_b200_p020,800,2,0.2,0.18995,97254252,iters,6,0.0393090512,13.56020695,0.9971011467,25.6516047,NaN,1,,pmeal-hpc,2026-08-17T23:27:27,
tortuosity,cpu,assembled,16,n800_b200_p020,800,2,0.2,0.18995,97254252,iters,10,0.06415541736,13.56020695,0.9952688467,33.65955066,NaN,1,,pmeal-hpc,2026-08-17T23:27:27,
tortuosity,cpu,assembled,16,n800_b200_p020,800,2,0.2,0.18995,97254252,iters,18,-0.4671886522,13.56020695,1.034452915,49.73837054,NaN,1,,pmeal-hpc,2026-08-17T23:27:27,
tortuosity,cpu,assembled,16,n800_b200_p020,800,2,0.2,0.18995,97254252,iters,33,5.854249326,13.56020695,0.5682772875,79.88143655,NaN,1,,pmeal-hpc,2026-08-17T23:27:27,
tortuosity,cpu,assembled,16,n800_b200_p020,800,2,0.2,0.18995,97254252,iters,59,12.52772908,13.56020695,0.07614027389,131.9375603,NaN,1,,pmeal-hpc,2026-08-17T23:27:27,
tortuosity,cpu,assembled,16,n800_b200_p020,800,2,0.2,0.18995,97254252,iters,106,13.2806553,13.56020695,0.02061558847,226.3790809,NaN,1,,pmeal-hpc,2026-08-17T23:27:27,
tortuosity,cpu,assembled,16,n800_b200_p020,800,2,0.2,0.18995,97254252,iters,189,13.5660529,13.56020695,0.0004311107434,393.7315332,NaN,1,target_reached,pmeal-hpc,2026-08-17T23:27:27,
tortuosity,cpu,assembled,16,n800_b200_p040,800,2,0.4,0.3993,204441481,iters,1,0.005188133005,2.540426233,0.9979577707,25.05751528,NaN,1,,pmeal-hpc,2026-08-17T23:36:08,
tortuosity,cpu,assembled,16,n800_b200_p040,800,2,0.4,0.3993,204441481,iters,2,0.006246670594,2.540426233,0.9975410935,29.24701557,NaN,1,,pmeal-hpc,2026-08-17T23:36:08,
tortuosity,cpu,assembled,16,n800_b200_p040,800,2,0.4,0.3993,204441481,iters,3,0.007747400732,2.540426233,0.996950354,33.47810242,NaN,1,,pmeal-hpc,2026-08-17T23:36:08,
tortuosity,cpu,assembled,16,n800_b200_p040,800,2,0.4,0.3993,204441481,iters,6,0.04270423633,2.540426233,0.9831901294,46.11645137,NaN,1,,pmeal-hpc,2026-08-17T23:36:08,
tortuosity,cpu,assembled,16,n800_b200_p040,800,2,0.4,0.3993,204441481,iters,10,0.06654424126,2.540426233,0.9738058754,62.88763355,NaN,1,,pmeal-hpc,2026-08-17T23:36:08,
tortuosity,cpu,assembled,16,n800_b200_p040,800,2,0.4,0.3993,204441481,iters,18,-0.4478152351,2.540426233,1.17627563,96.48607828,NaN,1,,pmeal-hpc,2026-08-17T23:36:08,
tortuosity,cpu,assembled,16,n800_b200_p040,800,2,0.4,0.3993,204441481,iters,33,2.150606627,2.540426233,0.1534465362,159.5344228,NaN,1,,pmeal-hpc,2026-08-17T23:36:08,
tortuosity,cpu,assembled,16,n800_b200_p040,800,2,0.4,0.3993,204441481,iters,59,2.543351725,2.540426233,0.001151575077,268.7631285,NaN,1,,pmeal-hpc,2026-08-17T23:36:08,
tortuosity,cpu,assembled,16,n800_b200_p040,800,2,0.4,0.3993,204441481,iters,106,2.540471064,2.540426233,1.764688582e-05,466.6032974,NaN,1,target_reached,pmeal-hpc,2026-08-17T23:36:08,
tortuosity,cpu,assembled,16,n800_b200_p060,800,2,0.6,0.602005,308226382,iters,1,0.005716572486,1.551467408,0.996315377,35.58106852,NaN,1,,pmeal-hpc,2026-08-17T23:44:40,
tortuosity,cpu,assembled,16,n800_b200_p060,800,2,0.6,0.602005,308226382,iters,2,0.006908822071,1.551467408,0.9955469112,42.7381762,NaN,1,,pmeal-hpc,2026-08-17T23:44:40,
tortuosity,cpu,assembled,16,n800_b200_p060,800,2,0.6,0.602005,308226382,iters,3,0.008522217076,1.551467408,0.9945069957,49.87853126,NaN,1,,pmeal-hpc,2026-08-17T23:44:40,
tortuosity,cpu,assembled,16,n800_b200_p060,800,2,0.6,0.602005,308226382,iters,6,0.04640727534,1.551467408,0.9700881404,71.33496237,NaN,1,,pmeal-hpc,2026-08-17T23:44:40,
tortuosity,cpu,assembled,16,n800_b200_p060,800,2,0.6,0.602005,308226382,iters,10,0.06969328045,1.551467408,0.9550791205,99.91167244,NaN,1,,pmeal-hpc,2026-08-17T23:44:40,
tortuosity,cpu,assembled,16,n800_b200_p060,800,2,0.6,0.602005,308226382,iters,18,-0.4663705255,1.551467408,1.300599628,157.2479437,NaN,1,,pmeal-hpc,2026-08-17T23:44:40,
tortuosity,cpu,assembled,16,n800_b200_p060,800,2,0.6,0.602005,308226382,iters,33,1.393614152,1.551467408,0.1017444875,264.8826901,NaN,1,,pmeal-hpc,2026-08-17T23:44:40,
tortuosity,cpu,assembled,16,n800_b200_p060,800,2,0.6,0.602005,308226382,iters,59,1.552121375,1.551467408,0.0004215151034,450.4736772,NaN,1,target_reached,pmeal-hpc,2026-08-17T23:44:40,
tortuosity,cpu,assembled,16,n800_b200_p080,800,2,0.8,0.802459,410859253,iters,1,0.005883904336,1.188212956,0.9950481062,44.4780831,NaN,1,,pmeal-hpc,2026-08-17T23:55:42,
tortuosity,cpu,assembled,16,n800_b200_p080,800,2,0.8,0.802459,410859253,iters,2,0.007138089382,1.188212956,0.9939925841,53.83367392,NaN,1,,pmeal-hpc,2026-08-17T23:55:42,
tortuosity,cpu,assembled,16,n800_b200_p080,800,2,0.8,0.802459,410859253,iters,3,0.008804968013,1.188212956,0.9925897391,63.20127541,NaN,1,,pmeal-hpc,2026-08-17T23:55:42,
tortuosity,cpu,assembled,16,n800_b200_p080,800,2,0.8,0.802459,410859253,iters,6,0.04783698575,1.188212956,0.9597403937,91.31551529,NaN,1,,pmeal-hpc,2026-08-17T23:55:42,
tortuosity,cpu,assembled,16,n800_b200_p080,800,2,0.8,0.802459,410859253,iters,10,0.06976358254,1.188212956,0.9412869703,129.0434395,NaN,1,,pmeal-hpc,2026-08-17T23:55:42,
tortuosity,cpu,assembled,16,n800_b200_p080,800,2,0.8,0.802459,410859253,iters,18,-0.4816904742,1.188212956,1.405390693,204.316223,NaN,1,,pmeal-hpc,2026-08-17T23:55:42,
tortuosity,cpu,assembled,16,n800_b200_p080,800,2,0.8,0.802459,410859253,iters,33,1.067707797,1.188212956,0.1014171396,345.0491213,NaN,1,,pmeal-hpc,2026-08-17T23:55:42,
tortuosity,cpu,assembled,16,n800_b200_p080,800,2,0.8,0.802459,410859253,iters,59,1.18882419,1.188212956,0.0005144145837,588.7481389,NaN,1,target_reached,pmeal-hpc,2026-08-17T23:55:42,
tortuosity,cpu,assembled,16,n800_b200_p095,800,2,0.95,0.949699,486245700,iters,1,0.00561413239,1.038427024,0.9945936188,51.44704587,NaN,1,,pmeal-hpc,2026-08-18T00:08:44,
tortuosity,cpu,assembled,16,n800_b200_p095,800,2,0.95,0.949699,486245700,iters,2,0.006847442973,1.038427024,0.9934059469,62.59575082,NaN,1,,pmeal-hpc,2026-08-18T00:08:44,
tortuosity,cpu,assembled,16,n800_b200_p095,800,2,0.95,0.949699,486245700,iters,3,0.008615983687,1.038427024,0.9917028511,73.7340113,NaN,1,,pmeal-hpc,2026-08-18T00:08:44,
tortuosity,cpu,assembled,16,n800_b200_p095,800,2,0.95,0.949699,486245700,iters,6,0.04679864663,1.038427024,0.9549331387,107.1961166,NaN,1,,pmeal-hpc,2026-08-18T00:08:44,
tortuosity,cpu,assembled,16,n800_b200_p095,800,2,0.95,0.949699,486245700,iters,10,0.06623189588,1.038427024,0.9362190175,151.8744349,NaN,1,,pmeal-hpc,2026-08-18T00:08:44,
tortuosity,cpu,assembled,16,n800_b200_p095,800,2,0.95,0.949699,486245700,iters,18,-0.4656491389,1.038427024,1.448417778,241.4331503,NaN,1,,pmeal-hpc,2026-08-18T00:08:44,
tortuosity,cpu,assembled,16,n800_b200_p095,800,2,0.95,0.949699,486245700,iters,33,0.9193395576,1.038427024,0.1146806311,409.1878036,NaN,1,,pmeal-hpc,2026-08-18T00:08:44,
tortuosity,cpu,assembled,16,n800_b200_p095,800,2,0.95,0.949699,486245700,iters,59,1.03780794,1.038427024,0.0005961744948,698.9516792,NaN,1,target_reached,pmeal-hpc,2026-08-18T00:08:44,
tortuosity,cpu,assembled,16,n1000_b050_p040,1000,0.5,0.4,0.389098,389098003,iters,1,0.003881516792,3.244818259,0.9988037799,51.37742786,NaN,1,,pmeal-hpc,2026-08-18T07:40:17,
tortuosity,cpu,assembled,16,n1000_b050_p040,1000,0.5,0.4,0.389098,389098003,iters,2,0.004766524093,3.244818259,0.9985310351,60.08996576,NaN,1,,pmeal-hpc,2026-08-18T07:40:18,
tortuosity,cpu,assembled,16,n1000_b050_p040,1000,0.5,0.4,0.389098,389098003,iters,3,0.006221741284,3.244818259,0.9980825609,68.80140905,NaN,1,,pmeal-hpc,2026-08-18T07:40:18,
tortuosity,cpu,assembled,16,n1000_b050_p040,1000,0.5,0.4,0.389098,389098003,iters,6,0.03411178552,3.244818259,0.9894873047,94.97113091,NaN,1,,pmeal-hpc,2026-08-18T07:40:18,
tortuosity,cpu,assembled,16,n1000_b050_p040,1000,0.5,0.4,0.389098,389098003,iters,10,0.04902415941,3.244818259,0.9848915546,129.6995329,NaN,1,,pmeal-hpc,2026-08-18T07:40:18,
tortuosity,cpu,assembled,16,n1000_b050_p040,1000,0.5,0.4,0.389098,389098003,iters,18,-0.2556107325,3.244818259,1.078775054,199.4284524,NaN,1,,pmeal-hpc,2026-08-18T07:40:18,
tortuosity,cpu,assembled,16,n1000_b050_p040,1000,0.5,0.4,0.389098,389098003,iters,33,1.95446088,3.244818259,0.3976670727,330.1430036,NaN,1,,pmeal-hpc,2026-08-18T07:40:18,
tortuosity,cpu,assembled,16,n1000_b050_p040,1000,0.5,0.4,0.389098,389098003,iters,59,3.171669228,3.244818259,0.02254333679,558.3391227,NaN,1,,pmeal-hpc,2026-08-18T07:40:18,
tortuosity,cpu,assembled,16,n1000_b050_p040,1000,0.5,0.4,0.389098,389098003,iters,106,3.24288169,3.244818259,0.0005968188658,968.9820945,NaN,1,target_reached,pmeal-hpc,2026-08-18T07:40:18,
tortuosity,cpu,assembled,16,n1000_b050_p060,1000,0.5,0.6,0.600543,600543162,iters,1,0.004401744317,1.529751146,0.9971225749,68.42551297,NaN,1,,pmeal-hpc,2026-08-18T07:56:29,
tortuosity,cpu,assembled,16,n1000_b050_p060,1000,0.5,0.6,0.600543,600543162,iters,2,0.005406395529,1.529751146,0.9964658333,82.03055061,NaN,1,,pmeal-hpc,2026-08-18T07:56:29,
tortuosity,cpu,assembled,16,n1000_b050_p060,1000,0.5,0.6,0.600543,600543162,iters,3,0.007133607365,1.529751146,0.9953367531,95.7697548,NaN,1,,pmeal-hpc,2026-08-18T07:56:29,
tortuosity,cpu,assembled,16,n1000_b050_p060,1000,0.5,0.6,0.600543,600543162,iters,6,0.03841759616,1.529751146,0.9748863753,136.4392999,NaN,1,,pmeal-hpc,2026-08-18T07:56:29,
tortuosity,cpu,assembled,16,n1000_b050_p060,1000,0.5,0.6,0.600543,600543162,iters,10,0.05412261253,1.529751146,0.9646199889,190.46192,NaN,1,,pmeal-hpc,2026-08-18T07:56:29,
tortuosity,cpu,assembled,16,n1000_b050_p060,1000,0.5,0.6,0.600543,600543162,iters,18,-0.3166970701,1.529751146,1.207025222,298.4450993,NaN,1,,pmeal-hpc,2026-08-18T07:56:29,
tortuosity,cpu,assembled,16,n1000_b050_p060,1000,0.5,0.6,0.600543,600543162,iters,33,1.156661928,1.529751146,0.2438888304,500.762599,NaN,1,,pmeal-hpc,2026-08-18T07:56:29,
tortuosity,cpu,assembled,16,n1000_b050_p060,1000,0.5,0.6,0.600543,600543162,iters,59,1.528476265,1.529751146,0.0008333911843,852.5743435,NaN,1,target_reached,pmeal-hpc,2026-08-18T07:56:29,
tortuosity,cpu,assembled,16,n1000_b050_p080,1000,0.5,0.8,0.808622,808621670,iters,1,0.00466834733,1.174130449,0.996023996,86.71652969,NaN,1,,pmeal-hpc,2026-08-18T08:17:45,
tortuosity,cpu,assembled,16,n1000_b050_p080,1000,0.5,0.8,0.808622,808621670,iters,2,0.005734435412,1.174130449,0.9951160151,104.8132856,NaN,1,,pmeal-hpc,2026-08-18T08:17:45,
tortuosity,cpu,assembled,16,n1000_b050_p080,1000,0.5,0.8,0.808622,808621670,iters,3,0.007634030528,1.174130449,0.9934981411,122.9086224,NaN,1,,pmeal-hpc,2026-08-18T08:17:45,
tortuosity,cpu,assembled,16,n1000_b050_p080,1000,0.5,0.8,0.808622,808621670,iters,6,0.04056499685,1.174130449,0.9654510307,177.0716329,NaN,1,,pmeal-hpc,2026-08-18T08:17:45,
tortuosity,cpu,assembled,16,n1000_b050_p080,1000,0.5,0.8,0.808622,808621670,iters,10,0.0563371919,1.174130449,0.9520179449,249.2204857,NaN,1,,pmeal-hpc,2026-08-18T08:17:45,
tortuosity,cpu,assembled,16,n1000_b050_p080,1000,0.5,0.8,0.808622,808621670,iters,18,-0.3589439618,1.174130449,1.305710462,393.3543743,NaN,1,,pmeal-hpc,2026-08-18T08:17:45,
tortuosity,cpu,assembled,16,n1000_b050_p080,1000,0.5,0.8,0.808622,808621670,iters,33,0.9541660193,1.174130449,0.1873424115,663.777216,NaN,1,,pmeal-hpc,2026-08-18T08:17:45,
tortuosity,cpu,assembled,16,n1000_b050_p080,1000,0.5,0.8,0.808622,808621670,iters,59,1.173754027,1.174130449,0.0003205963679,1133.371212,NaN,1,target_reached,pmeal-hpc,2026-08-18T08:17:45,
tortuosity,cpu,assembled,16,n1000_b050_p095,1000,0.5,0.95,0.951714,951714034,iters,1,0.004551321872,1.035720079,0.9956056448,99.13501793,NaN,1,,pmeal-hpc,2026-08-18T08:59:47,
tortuosity,cpu,assembled,16,n1000_b050_p095,1000,0.5,0.95,0.951714,951714034,iters,2,0.00557299928,1.035720079,0.9946192032,120.5055354,NaN,1,,pmeal-hpc,2026-08-18T08:59:47,
tortuosity,cpu,assembled,16,n1000_b050_p095,1000,0.5,0.95,0.951714,951714034,iters,3,0.007424568188,1.035720079,0.9928314915,141.8768893,NaN,1,,pmeal-hpc,2026-08-18T08:59:47,
tortuosity,cpu,assembled,16,n1000_b050_p095,1000,0.5,0.95,0.951714,951714034,iters,6,0.03738159064,1.035720079,0.9639076316,206.1993763,NaN,1,,pmeal-hpc,2026-08-18T08:59:47,
tortuosity,cpu,assembled,16,n1000_b050_p095,1000,0.5,0.95,0.951714,951714034,iters,10,0.04871927972,1.035720079,0.9529609586,291.3393047,NaN,1,,pmeal-hpc,2026-08-18T08:59:47,
tortuosity,cpu,assembled,16,n1000_b050_p095,1000,0.5,0.95,0.951714,951714034,iters,18,-0.2188821722,1.035720079,1.211333329,461.4768525,NaN,1,,pmeal-hpc,2026-08-18T08:59:47,
tortuosity,cpu,assembled,16,n1000_b050_p095,1000,0.5,0.95,0.951714,951714034,iters,33,0.7623799845,1.035720079,0.2639130978,783.0469033,NaN,1,,pmeal-hpc,2026-08-18T08:59:47,
tortuosity,cpu,assembled,16,n1000_b050_p095,1000,0.5,0.95,0.951714,951714034,iters,59,1.033506625,1.035720079,0.002137115783,1338.685611,NaN,1,,pmeal-hpc,2026-08-18T08:59:47,
tortuosity,cpu,assembled,16,n1000_b050_p095,1000,0.5,0.95,0.951714,951714034,iters,106,1.035758982,1.035720079,3.756099867e-05,2343.741209,NaN,1,target_reached,pmeal-hpc,2026-08-18T08:59:47,
tortuosity,cpu,assembled,16,n1000_b100_p020,1000,1,0.2,0.184187,184187030,iters,1,0.003404601593,13.16595545,0.9997414087,29.392478,NaN,1,,pmeal-hpc,2026-08-18T09:22:35,
tortuosity,cpu,assembled,16,n1000_b100_p020,1000,1,0.2,0.184187,184187030,iters,2,0.004150116374,13.16595545,0.9996847843,33.0460719,NaN,1,,pmeal-hpc,2026-08-18T09:22:35,
tortuosity,cpu,assembled,16,n1000_b100_p020,1000,1,0.2,0.184187,184187030,iters,3,0.005190543529,13.16595545,0.9996057602,36.69432976,NaN,1,,pmeal-hpc,2026-08-18T09:22:35,
tortuosity,cpu,assembled,16,n1000_b100_p020,1000,1,0.2,0.184187,184187030,iters,6,0.02959491569,13.16595545,0.9977521635,47.66611053,NaN,1,,pmeal-hpc,2026-08-18T09:22:35,
tortuosity,cpu,assembled,16,n1000_b100_p020,1000,1,0.2,0.184187,184187030,iters,10,0.04406281101,13.16595545,0.9966532766,62.41283024,NaN,1,,pmeal-hpc,2026-08-18T09:22:35,
tortuosity,cpu,assembled,16,n1000_b100_p020,1000,1,0.2,0.184187,184187030,iters,18,-0.2315609033,13.16595545,1.017587854,91.85922969,NaN,1,,pmeal-hpc,2026-08-18T09:22:35,
tortuosity,cpu,assembled,16,n1000_b100_p020,1000,1,0.2,0.184187,184187030,iters,33,3.331358104,13.16595545,0.7469717928,146.797143,NaN,1,,pmeal-hpc,2026-08-18T09:22:35,
tortuosity,cpu,assembled,16,n1000_b100_p020,1000,1,0.2,0.184187,184187030,iters,59,9.642016747,13.16595545,0.2676553719,242.0731661,NaN,1,,pmeal-hpc,2026-08-18T09:22:35,
tortuosity,cpu,assembled,16,n1000_b100_p020,1000,1,0.2,0.184187,184187030,iters,106,12.87254787,13.16595545,0.0222853234,414.4058611,NaN,1,,pmeal-hpc,2026-08-18T09:22:35,
tortuosity,cpu,assembled,16,n1000_b100_p020,1000,1,0.2,0.184187,184187030,iters,189,13.1372028,13.16595545,0.002183863306,718.6406354,NaN,1,,pmeal-hpc,2026-08-18T09:22:35,
tortuosity,cpu,assembled,16,n1000_b100_p020,1000,1,0.2,0.184187,184187030,iters,339,13.16576015,13.16595545,1.483389017e-05,1269.704417,NaN,1,target_reached,pmeal-hpc,2026-08-18T09:22:35,
tortuosity,cpu,assembled,16,n1000_b100_p040,1000,1,0.4,0.395251,395251340,iters,1,0.004071801523,2.652234457,0.9984647656,49.53395068,NaN,1,,pmeal-hpc,2026-08-18T09:40:41,
tortuosity,cpu,assembled,16,n1000_b100_p040,1000,1,0.4,0.395251,395251340,iters,2,0.004977052018,2.652234457,0.9981234495,58.41363296,NaN,1,,pmeal-hpc,2026-08-18T09:40:41,
tortuosity,cpu,assembled,16,n1000_b100_p040,1000,1,0.4,0.395251,395251340,iters,3,0.006285213458,2.652234457,0.9976302195,67.27354463,NaN,1,,pmeal-hpc,2026-08-18T09:40:41,
tortuosity,cpu,assembled,16,n1000_b100_p040,1000,1,0.4,0.395251,395251340,iters,6,0.03510774249,2.652234457,0.9867629566,93.91168303,NaN,1,,pmeal-hpc,2026-08-18T09:40:41,
tortuosity,cpu,assembled,16,n1000_b100_p040,1000,1,0.4,0.395251,395251340,iters,10,0.05111636841,2.652234457,0.9807270552,129.9502119,NaN,1,,pmeal-hpc,2026-08-18T09:40:41,
tortuosity,cpu,assembled,16,n1000_b100_p040,1000,1,0.4,0.395251,395251340,iters,18,-0.2771472452,2.652234457,1.104495756,201.2249924,NaN,1,,pmeal-hpc,2026-08-18T09:40:41,
tortuosity,cpu,assembled,16,n1000_b100_p040,1000,1,0.4,0.395251,395251340,iters,33,1.658037646,2.652234457,0.3748525356,334.6765747,NaN,1,,pmeal-hpc,2026-08-18T09:40:41,
tortuosity,cpu,assembled,16,n1000_b100_p040,1000,1,0.4,0.395251,395251340,iters,59,2.631098664,2.652234457,0.007969051594,565.0684822,NaN,1,,pmeal-hpc,2026-08-18T09:40:41,
tortuosity,cpu,assembled,16,n1000_b100_p040,1000,1,0.4,0.395251,395251340,iters,106,2.65218462,2.652234457,1.879061891e-05,983.1731587,NaN,1,target_reached,pmeal-hpc,2026-08-18T09:40:41,
tortuosity,cpu,assembled,16,n1000_b100_p060,1000,1,0.6,0.601834,601833672,iters,1,0.004558587406,1.541790971,0.9970433168,68.10210801,NaN,1,,pmeal-hpc,2026-08-18T09:56:55,
tortuosity,cpu,assembled,16,n1000_b100_p060,1000,1,0.6,0.601834,601833672,iters,2,0.005579500957,1.541790971,0.996381156,81.56215223,NaN,1,,pmeal-hpc,2026-08-18T09:56:55,
tortuosity,cpu,assembled,16,n1000_b100_p060,1000,1,0.6,0.601834,601833672,iters,3,0.007100540656,1.541790971,0.9953946152,95.16414504,NaN,1,,pmeal-hpc,2026-08-18T09:56:55,
tortuosity,cpu,assembled,16,n1000_b100_p060,1000,1,0.6,0.601834,601833672,iters,6,0.03887659979,1.541790971,0.9747847792,135.9655685,NaN,1,,pmeal-hpc,2026-08-18T09:56:55,
tortuosity,cpu,assembled,16,n1000_b100_p060,1000,1,0.6,0.601834,601833672,iters,10,0.05546260385,1.541790971,0.9640271574,190.5655545,NaN,1,,pmeal-hpc,2026-08-18T09:56:55,
tortuosity,cpu,assembled,16,n1000_b100_p060,1000,1,0.6,0.601834,601833672,iters,18,-0.3196138722,1.541790971,1.207300392,299.1882848,NaN,1,,pmeal-hpc,2026-08-18T09:56:55,
tortuosity,cpu,assembled,16,n1000_b100_p060,1000,1,0.6,0.601834,601833672,iters,33,1.151352713,1.541790971,0.2532368301,502.456375,NaN,1,,pmeal-hpc,2026-08-18T09:56:55,
tortuosity,cpu,assembled,16,n1000_b100_p060,1000,1,0.6,0.601834,601833672,iters,59,1.542813489,1.541790971,0.000663201287,855.4522153,NaN,1,target_reached,pmeal-hpc,2026-08-18T09:56:55,
tortuosity,cpu,assembled,16,n1000_b100_p080,1000,1,0.8,0.805227,805226521,iters,1,0.00475807483,1.177749756,0.995960029,85.98434394,NaN,1,,pmeal-hpc,2026-08-18T10:32:37,
tortuosity,cpu,assembled,16,n1000_b100_p080,1000,1,0.8,0.805227,805226521,iters,2,0.0058092094,1.177749756,0.995067535,104.1133425,NaN,1,,pmeal-hpc,2026-08-18T10:32:37,
tortuosity,cpu,assembled,16,n1000_b100_p080,1000,1,0.8,0.805227,805226521,iters,3,0.007428805038,1.177749756,0.993692374,122.1500917,NaN,1,,pmeal-hpc,2026-08-18T10:32:37,
tortuosity,cpu,assembled,16,n1000_b100_p080,1000,1,0.8,0.805227,805226521,iters,6,0.03789347486,1.177749756,0.9678255294,176.422582,NaN,1,,pmeal-hpc,2026-08-18T10:32:37,
tortuosity,cpu,assembled,16,n1000_b100_p080,1000,1,0.8,0.805227,805226521,iters,10,0.05086027836,1.177749756,0.9568157173,248.7046699,NaN,1,,pmeal-hpc,2026-08-18T10:32:37,
tortuosity,cpu,assembled,16,n1000_b100_p080,1000,1,0.8,0.805227,805226521,iters,18,-0.222982039,1.177749756,1.189328877,393.2010958,NaN,1,,pmeal-hpc,2026-08-18T10:32:37,
tortuosity,cpu,assembled,16,n1000_b100_p080,1000,1,0.8,0.805227,805226521,iters,33,0.840045395,1.177749756,0.2867369399,664.1128858,NaN,1,,pmeal-hpc,2026-08-18T10:32:37,
tortuosity,cpu,assembled,16,n1000_b100_p080,1000,1,0.8,0.805227,805226521,iters,59,1.174969549,1.177749756,0.002360609698,1134.543694,NaN,1,,pmeal-hpc,2026-08-18T10:32:37,
tortuosity,cpu,assembled,16,n1000_b100_p080,1000,1,0.8,0.805227,805226521,iters,106,1.177850876,1.177749756,8.585871402e-05,1982.352951,NaN,1,target_reached,pmeal-hpc,2026-08-18T10:32:37,
tortuosity,cpu,assembled,16,n1000_b100_p095,1000,1,0.95,0.950636,950636264,iters,1,0.00456792808,1.034226161,0.9955832406,98.23592706,NaN,1,,pmeal-hpc,2026-08-18T11:14:31,
tortuosity,cpu,assembled,16,n1000_b100_p095,1000,1,0.95,0.950636,950636264,iters,2,0.005586943042,1.034226161,0.9945979484,119.6375736,NaN,1,,pmeal-hpc,2026-08-18T11:14:31,
tortuosity,cpu,assembled,16,n1000_b100_p095,1000,1,0.95,0.950636,950636264,iters,3,0.007297119346,1.034226161,0.9929443679,141.0323862,NaN,1,,pmeal-hpc,2026-08-18T11:14:31,
tortuosity,cpu,assembled,16,n1000_b100_p095,1000,1,0.95,0.950636,950636264,iters,6,0.03687106825,1.034226161,0.9643491244,205.0086133,NaN,1,,pmeal-hpc,2026-08-18T11:14:31,
tortuosity,cpu,assembled,16,n1000_b100_p095,1000,1,0.95,0.950636,950636264,iters,10,0.04860302405,1.034226161,0.95300542,290.3611531,NaN,1,,pmeal-hpc,2026-08-18T11:14:31,
tortuosity,cpu,assembled,16,n1000_b100_p095,1000,1,0.95,0.950636,950636264,iters,18,-0.2127417401,1.034226161,1.205701372,461.3092036,NaN,1,,pmeal-hpc,2026-08-18T11:14:31,
tortuosity,cpu,assembled,16,n1000_b100_p095,1000,1,0.95,0.950636,950636264,iters,33,0.7627914383,1.034226161,0.2624519983,782.3355279,NaN,1,,pmeal-hpc,2026-08-18T11:14:31,
tortuosity,cpu,assembled,16,n1000_b100_p095,1000,1,0.95,0.950636,950636264,iters,59,1.031843254,1.034226161,0.002304048328,1337.76105,NaN,1,,pmeal-hpc,2026-08-18T11:14:31,
tortuosity,cpu,assembled,16,n1000_b100_p095,1000,1,0.95,0.950636,950636264,iters,106,1.034253185,1.034226161,2.612974649e-05,2335.482159,NaN,1,target_reached,pmeal-hpc,2026-08-18T11:14:31,
tortuosity,cpu,assembled,16,n1000_b200_p020,1000,2,0.2,0.190252,190252394,iters,1,0.003431041599,10.17284166,0.9996627254,29.26907619,NaN,1,,pmeal-hpc,2026-08-18T11:28:36,
tortuosity,cpu,assembled,16,n1000_b200_p020,1000,2,0.2,0.190252,190252394,iters,2,0.004134371325,10.17284166,0.9995935874,33.09484766,NaN,1,,pmeal-hpc,2026-08-18T11:28:36,
tortuosity,cpu,assembled,16,n1000_b200_p020,1000,2,0.2,0.190252,190252394,iters,3,0.005220585465,10.17284166,0.9994868115,36.94704295,NaN,1,,pmeal-hpc,2026-08-18T11:28:36,
tortuosity,cpu,assembled,16,n1000_b200_p020,1000,2,0.2,0.190252,190252394,iters,6,0.03023809311,10.17284166,0.9970275667,48.55449908,NaN,1,,pmeal-hpc,2026-08-18T11:28:36,
tortuosity,cpu,assembled,16,n1000_b200_p020,1000,2,0.2,0.190252,190252394,iters,10,0.04699603492,10.17284166,0.9953802451,63.9391767,NaN,1,,pmeal-hpc,2026-08-18T11:28:36,
tortuosity,cpu,assembled,16,n1000_b200_p020,1000,2,0.2,0.190252,190252394,iters,18,-0.3120225291,10.17284166,1.030672111,94.61039294,NaN,1,,pmeal-hpc,2026-08-18T11:28:36,
tortuosity,cpu,assembled,16,n1000_b200_p020,1000,2,0.2,0.190252,190252394,iters,33,3.558444929,10.17284166,0.6502014828,151.8651342,NaN,1,,pmeal-hpc,2026-08-18T11:28:36,
tortuosity,cpu,assembled,16,n1000_b200_p020,1000,2,0.2,0.190252,190252394,iters,59,9.721245909,10.17284166,0.04439229136,252.5977848,NaN,1,,pmeal-hpc,2026-08-18T11:28:36,
tortuosity,cpu,assembled,16,n1000_b200_p020,1000,2,0.2,0.190252,190252394,iters,106,10.05876534,10.17284166,0.01121381028,433.1040911,NaN,1,,pmeal-hpc,2026-08-18T11:28:36,
tortuosity,cpu,assembled,16,n1000_b200_p020,1000,2,0.2,0.190252,190252394,iters,189,10.17652927,10.17284166,0.0003624958235,752.3295887,NaN,1,target_reached,pmeal-hpc,2026-08-18T11:28:36,
tortuosity,cpu,assembled,16,n1000_b200_p040,1000,2,0.4,0.398291,398291423,iters,1,0.004101206796,2.506045383,0.9983634747,50.116872,NaN,1,,pmeal-hpc,2026-08-18T11:46:53,
tortuosity,cpu,assembled,16,n1000_b200_p040,1000,2,0.4,0.398291,398291423,iters,2,0.004940991636,2.506045383,0.998028371,59.19768879,NaN,1,,pmeal-hpc,2026-08-18T11:46:53,
tortuosity,cpu,assembled,16,n1000_b200_p040,1000,2,0.4,0.398291,398291423,iters,3,0.006150302669,2.506045383,0.9975458135,68.20427568,NaN,1,,pmeal-hpc,2026-08-18T11:46:53,
tortuosity,cpu,assembled,16,n1000_b200_p040,1000,2,0.4,0.398291,398291423,iters,6,0.03250167252,2.506045383,0.9870306928,95.25347258,NaN,1,,pmeal-hpc,2026-08-18T11:46:53,
tortuosity,cpu,assembled,16,n1000_b200_p040,1000,2,0.4,0.398291,398291423,iters,10,0.04858494951,2.506045383,0.9806129012,131.508642,NaN,1,,pmeal-hpc,2026-08-18T11:46:53,
tortuosity,cpu,assembled,16,n1000_b200_p040,1000,2,0.4,0.398291,398291423,iters,18,-0.2725424962,2.506045383,1.108754015,203.4377677,NaN,1,,pmeal-hpc,2026-08-18T11:46:53,
tortuosity,cpu,assembled,16,n1000_b200_p040,1000,2,0.4,0.398291,398291423,iters,33,1.2516569,2.506045383,0.5005449986,337.5521261,NaN,1,,pmeal-hpc,2026-08-18T11:46:53,
tortuosity,cpu,assembled,16,n1000_b200_p040,1000,2,0.4,0.398291,398291423,iters,59,2.385048304,2.506045383,0.04828207814,570.5737684,NaN,1,,pmeal-hpc,2026-08-18T11:46:53,
tortuosity,cpu,assembled,16,n1000_b200_p040,1000,2,0.4,0.398291,398291423,iters,106,2.505783642,2.506045383,0.0001044439336,992.2940994,NaN,1,target_reached,pmeal-hpc,2026-08-18T11:46:53,
tortuosity,cpu,assembled,16,n1000_b200_p060,1000,2,0.6,0.601128,601127844,iters,1,0.004439975345,1.539069636,0.9971151563,67.62327563,NaN,1,,pmeal-hpc,2026-08-18T12:13:54,
tortuosity,cpu,assembled,16,n1000_b200_p060,1000,2,0.6,0.601128,601127844,iters,2,0.005366097133,1.539069636,0.996513415,81.05627873,NaN,1,,pmeal-hpc,2026-08-18T12:13:54,
tortuosity,cpu,assembled,16,n1000_b200_p060,1000,2,0.6,0.601128,601127844,iters,3,0.006674417667,1.539069636,0.9956633426,94.50819719,NaN,1,,pmeal-hpc,2026-08-18T12:13:54,
tortuosity,cpu,assembled,16,n1000_b200_p060,1000,2,0.6,0.601128,601127844,iters,6,0.03454672085,1.539069636,0.9775535037,134.8911329,NaN,1,,pmeal-hpc,2026-08-18T12:13:54,
tortuosity,cpu,assembled,16,n1000_b200_p060,1000,2,0.6,0.601128,601127844,iters,10,0.04972841708,1.539069636,0.9676893001,188.8856232,NaN,1,,pmeal-hpc,2026-08-18T12:13:54,
tortuosity,cpu,assembled,16,n1000_b200_p060,1000,2,0.6,0.601128,601127844,iters,18,-0.2452160254,1.539069636,1.15932744,296.4816576,NaN,1,,pmeal-hpc,2026-08-18T12:13:54,
tortuosity,cpu,assembled,16,n1000_b200_p060,1000,2,0.6,0.601128,601127844,iters,33,0.9863235034,1.539069636,0.3591430301,500.1088313,NaN,1,,pmeal-hpc,2026-08-18T12:13:54,
tortuosity,cpu,assembled,16,n1000_b200_p060,1000,2,0.6,0.601128,601127844,iters,59,1.526970524,1.539069636,0.007861315411,852.3012161,NaN,1,,pmeal-hpc,2026-08-18T12:13:54,
tortuosity,cpu,assembled,16,n1000_b200_p060,1000,2,0.6,0.601128,601127844,iters,106,1.539139693,1.539069636,4.551882488e-05,1488.954871,NaN,1,target_reached,pmeal-hpc,2026-08-18T12:13:54,
tortuosity,cpu,assembled,16,n1000_b200_p080,1000,2,0.8,0.802364,802363965,iters,1,0.004614407437,1.181214812,0.996093507,85.48749567,NaN,1,,pmeal-hpc,2026-08-18T12:49:22,
tortuosity,cpu,assembled,16,n1000_b200_p080,1000,2,0.8,0.802364,802363965,iters,2,0.005596729451,1.181214812,0.9952618868,103.5060254,NaN,1,,pmeal-hpc,2026-08-18T12:49:22,
tortuosity,cpu,assembled,16,n1000_b200_p080,1000,2,0.8,0.802364,802363965,iters,3,0.006989888468,1.181214812,0.9940824578,121.5106005,NaN,1,,pmeal-hpc,2026-08-18T12:49:22,
tortuosity,cpu,assembled,16,n1000_b200_p080,1000,2,0.8,0.802364,802363965,iters,6,0.03587961223,1.181214812,0.9696248203,175.912253,NaN,1,,pmeal-hpc,2026-08-18T12:49:22,
tortuosity,cpu,assembled,16,n1000_b200_p080,1000,2,0.8,0.802364,802363965,iters,10,0.04976491619,1.181214812,0.9578697154,248.0135443,NaN,1,,pmeal-hpc,2026-08-18T12:49:22,
tortuosity,cpu,assembled,16,n1000_b200_p080,1000,2,0.8,0.802364,802363965,iters,18,-0.2261265826,1.181214812,1.191435614,392.0517678,NaN,1,,pmeal-hpc,2026-08-18T12:49:22,
tortuosity,cpu,assembled,16,n1000_b200_p080,1000,2,0.8,0.802364,802363965,iters,33,0.8430398338,1.181214812,0.2862942242,662.2899631,NaN,1,,pmeal-hpc,2026-08-18T12:49:22,
tortuosity,cpu,assembled,16,n1000_b200_p080,1000,2,0.8,0.802364,802363965,iters,59,1.177800336,1.181214812,0.002890648209,1127.451612,NaN,1,,pmeal-hpc,2026-08-18T12:49:22,
tortuosity,cpu,assembled,16,n1000_b200_p080,1000,2,0.8,0.802364,802363965,iters,106,1.181234989,1.181214812,1.708130472e-05,1968.961843,NaN,1,target_reached,pmeal-hpc,2026-08-18T12:49:22,
tortuosity,cpu,assembled,16,n1000_b200_p095,1000,2,0.95,0.950179,950179051,iters,1,0.004465441681,1.036268195,0.9956908436,97.49969321,NaN,1,,pmeal-hpc,2026-08-18T13:31:01,
tortuosity,cpu,assembled,16,n1000_b200_p095,1000,2,0.95,0.950179,950179051,iters,2,0.005444512357,1.036268195,0.9947460393,118.519902,NaN,1,,pmeal-hpc,2026-08-18T13:31:01,
tortuosity,cpu,assembled,16,n1000_b200_p095,1000,2,0.95,0.950179,950179051,iters,3,0.006966906258,1.036268195,0.9932769274,139.5421143,NaN,1,,pmeal-hpc,2026-08-18T13:31:01,
tortuosity,cpu,assembled,16,n1000_b200_p095,1000,2,0.95,0.950179,950179051,iters,6,0.03560608838,1.036268195,0.9656400838,202.6952462,NaN,1,,pmeal-hpc,2026-08-18T13:31:01,
tortuosity,cpu,assembled,16,n1000_b200_p095,1000,2,0.95,0.950179,950179051,iters,10,0.04759403049,1.036268195,0.9540717058,286.8006912,NaN,1,,pmeal-hpc,2026-08-18T13:31:01,
tortuosity,cpu,assembled,16,n1000_b200_p095,1000,2,0.95,0.950179,950179051,iters,18,-0.2071381017,1.036268195,1.199888506,455.0691598,NaN,1,,pmeal-hpc,2026-08-18T13:31:01,
tortuosity,cpu,assembled,16,n1000_b200_p095,1000,2,0.95,0.950179,950179051,iters,33,0.7624158818,1.036268195,0.2642677972,772.3019504,NaN,1,,pmeal-hpc,2026-08-18T13:31:01,
tortuosity,cpu,assembled,16,n1000_b200_p095,1000,2,0.95,0.950179,950179051,iters,59,1.033023021,1.036268195,0.003131596697,1324.324075,NaN,1,,pmeal-hpc,2026-08-18T13:31:01,
tortuosity,cpu,assembled,16,n1000_b200_p095,1000,2,0.95,0.950179,950179051,iters,106,1.036271981,1.036268195,3.653220714e-06,2321.809768,NaN,1,target_reached,pmeal-hpc,2026-08-18T13:31:01,
