tool,device,variant,cpu_threads,case_id,size,blobiness,porosity_target,porosity,nnodes,knob_name,knob,tau,tau_ref,rel_error,time_s,tau_spread,repeats,stop_reason,host,measured_at,note
taufactor,cpu,sor,8,n200_b050_p020,200,0.5,0.2,0.161462,1291692,iters,1,1.074466586,33.93155464,0.9683342954,1.482344713,NaN,1,,pmeal-hpc,2026-08-11T14:34:15,
taufactor,cpu,sor,8,n200_b050_p020,200,0.5,0.2,0.161462,1291692,iters,2,1.12379384,33.93155464,0.9668805673,1.500383039,NaN,1,,pmeal-hpc,2026-08-11T14:34:15,
taufactor,cpu,sor,8,n200_b050_p020,200,0.5,0.2,0.161462,1291692,iters,3,1.16879046,33.93155464,0.9655544678,1.516186035,NaN,1,,pmeal-hpc,2026-08-11T14:34:15,
taufactor,cpu,sor,8,n200_b050_p020,200,0.5,0.2,0.161462,1291692,iters,6,1.322806239,33.93155464,0.9610154544,1.568100977,NaN,1,,pmeal-hpc,2026-08-11T14:34:15,
taufactor,cpu,sor,8,n200_b050_p020,200,0.5,0.2,0.161462,1291692,iters,10,1.604252338,33.93155464,0.9527209303,1.633692625,NaN,1,,pmeal-hpc,2026-08-11T14:34:15,
taufactor,cpu,sor,8,n200_b050_p020,200,0.5,0.2,0.161462,1291692,iters,18,2.607699156,33.93155464,0.9231482558,1.763471485,NaN,1,,pmeal-hpc,2026-08-11T14:34:15,
taufactor,cpu,sor,8,n200_b050_p020,200,0.5,0.2,0.161462,1291692,iters,33,7.055402756,33.93155464,0.7920695697,1.989562324,NaN,1,,pmeal-hpc,2026-08-11T14:34:15,
taufactor,cpu,sor,8,n200_b050_p020,200,0.5,0.2,0.161462,1291692,iters,59,5.87643528,33.93155464,0.8268150298,2.361508302,NaN,1,,pmeal-hpc,2026-08-11T14:34:15,
taufactor,cpu,sor,8,n200_b050_p020,200,0.5,0.2,0.161462,1291692,iters,106,5.987190247,33.93155464,0.8235509599,3.058756196,NaN,1,,pmeal-hpc,2026-08-11T14:34:15,
taufactor,cpu,sor,8,n200_b050_p020,200,0.5,0.2,0.161462,1291692,iters,189,8.893548012,33.93155464,0.7378974201,4.222964801,NaN,1,,pmeal-hpc,2026-08-11T14:34:15,
taufactor,cpu,sor,8,n200_b050_p020,200,0.5,0.2,0.161462,1291692,iters,339,9.921673775,33.93155464,0.7075974302,6.32621158,NaN,1,,pmeal-hpc,2026-08-11T14:34:15,
taufactor,cpu,sor,8,n200_b050_p020,200,0.5,0.2,0.161462,1291692,iters,607,12.40746021,33.93155464,0.6343385871,10.11436054,NaN,1,,pmeal-hpc,2026-08-11T14:34:15,
taufactor,cpu,sor,8,n200_b050_p020,200,0.5,0.2,0.161462,1291692,iters,1086,17.57273865,33.93155464,0.4821121863,16.85782238,NaN,1,,pmeal-hpc,2026-08-11T14:34:15,
taufactor,cpu,sor,8,n200_b050_p020,200,0.5,0.2,0.161462,1291692,iters,1945,25.06699181,33.93155464,0.261248355,28.8999808,NaN,1,,pmeal-hpc,2026-08-11T14:34:15,
taufactor,cpu,sor,8,n200_b050_p020,200,0.5,0.2,0.161462,1291692,iters,3484,31.85389709,33.93155464,0.06123083859,50.6910088,NaN,1,,pmeal-hpc,2026-08-11T14:34:15,
taufactor,cpu,sor,8,n200_b050_p020,200,0.5,0.2,0.161462,1291692,iters,6238,33.82665253,33.93155464,0.003091579925,89.19687705,NaN,1,,pmeal-hpc,2026-08-11T14:34:15,
taufactor,cpu,sor,8,n200_b050_p020,200,0.5,0.2,0.161462,1291692,iters,11169,33.93182373,33.93155464,7.930390211e-06,158.4250925,NaN,1,target_reached,pmeal-hpc,2026-08-11T14:34:15,
taufactor,cpu,sor,8,n200_b050_p040,200,0.5,0.4,0.399036,3192287,iters,1,1.047952294,2.920079096,0.6411219491,1.407711997,0,3,,pmeal-hpc,2026-08-11T14:35:06,
taufactor,cpu,sor,8,n200_b050_p040,200,0.5,0.4,0.399036,3192287,iters,2,1.07871604,2.920079096,0.6305867053,1.423673922,0,3,,pmeal-hpc,2026-08-11T14:35:06,
taufactor,cpu,sor,8,n200_b050_p040,200,0.5,0.4,0.399036,3192287,iters,3,1.105440855,2.920079096,0.6214346192,1.437346769,0,3,,pmeal-hpc,2026-08-11T14:35:06,
taufactor,cpu,sor,8,n200_b050_p040,200,0.5,0.4,0.399036,3192287,iters,6,1.189395785,2.920079096,0.5926837095,1.485222991,0,3,,pmeal-hpc,2026-08-11T14:35:06,
taufactor,cpu,sor,8,n200_b050_p040,200,0.5,0.4,0.399036,3192287,iters,10,1.318342566,2.920079096,0.5485250491,1.554685317,0,3,,pmeal-hpc,2026-08-11T14:35:06,
taufactor,cpu,sor,8,n200_b050_p040,200,0.5,0.4,0.399036,3192287,iters,18,1.636534572,2.920079096,0.439558136,1.664868413,0,3,,pmeal-hpc,2026-08-11T14:35:06,
taufactor,cpu,sor,8,n200_b050_p040,200,0.5,0.4,0.399036,3192287,iters,33,2.291038513,2.920079096,0.2154190219,1.871176131,0,3,,pmeal-hpc,2026-08-11T14:35:06,
taufactor,cpu,sor,8,n200_b050_p040,200,0.5,0.4,0.399036,3192287,iters,59,2.455175638,2.920079096,0.1592092003,2.23435021,0,3,,pmeal-hpc,2026-08-11T14:35:06,
taufactor,cpu,sor,8,n200_b050_p040,200,0.5,0.4,0.399036,3192287,iters,106,2.480604649,2.920079096,0.150500871,2.919942159,0,3,,pmeal-hpc,2026-08-11T14:35:06,
taufactor,cpu,sor,8,n200_b050_p040,200,0.5,0.4,0.399036,3192287,iters,189,2.695472002,2.920079096,0.07691815413,4.070471811,0,3,,pmeal-hpc,2026-08-11T14:35:06,
taufactor,cpu,sor,8,n200_b050_p040,200,0.5,0.4,0.399036,3192287,iters,339,2.774815321,2.920079096,0.04974652064,6.174844009,0,3,,pmeal-hpc,2026-08-11T14:35:06,
taufactor,cpu,sor,8,n200_b050_p040,200,0.5,0.4,0.399036,3192287,iters,607,2.885683537,2.920079096,0.01177898212,9.927792589,0,3,,pmeal-hpc,2026-08-11T14:35:06,
taufactor,cpu,sor,8,n200_b050_p040,200,0.5,0.4,0.399036,3192287,iters,1086,2.918441534,2.920079096,0.000560793699,16.60257933,0,3,target_reached,pmeal-hpc,2026-08-11T14:35:06,
taufactor,cpu,sor,8,n200_b050_p060,200,0.5,0.6,0.609627,4877016,iters,1,1.030563712,1.551550164,0.3357844715,0.4145081831,0,3,,pmeal-hpc,2026-08-11T14:35:36,
taufactor,cpu,sor,8,n200_b050_p060,200,0.5,0.6,0.609627,4877016,iters,2,1.049568295,1.551550164,0.3235357001,0.4306150882,0,3,,pmeal-hpc,2026-08-11T14:35:36,
taufactor,cpu,sor,8,n200_b050_p060,200,0.5,0.6,0.609627,4877016,iters,3,1.065392017,1.551550164,0.313337047,0.4464729232,0,3,,pmeal-hpc,2026-08-11T14:35:36,
taufactor,cpu,sor,8,n200_b050_p060,200,0.5,0.6,0.609627,4877016,iters,6,1.111698985,1.551550164,0.2834914327,0.4876447652,0,3,,pmeal-hpc,2026-08-11T14:35:36,
taufactor,cpu,sor,8,n200_b050_p060,200,0.5,0.6,0.609627,4877016,iters,10,1.174910545,1.551550164,0.2427505261,0.5424809052,0,3,,pmeal-hpc,2026-08-11T14:35:36,
taufactor,cpu,sor,8,n200_b050_p060,200,0.5,0.6,0.609627,4877016,iters,18,1.300665736,1.551550164,0.1616992048,0.6519099663,0,3,,pmeal-hpc,2026-08-11T14:35:36,
taufactor,cpu,sor,8,n200_b050_p060,200,0.5,0.6,0.609627,4877016,iters,33,1.489340663,1.551550164,0.04009506266,0.8572584842,0,3,,pmeal-hpc,2026-08-11T14:35:36,
taufactor,cpu,sor,8,n200_b050_p060,200,0.5,0.6,0.609627,4877016,iters,59,1.544763565,1.551550164,0.004374076388,1.22941277,0,3,,pmeal-hpc,2026-08-11T14:35:36,
taufactor,cpu,sor,8,n200_b050_p060,200,0.5,0.6,0.609627,4877016,iters,106,1.531945109,1.551550164,0.01263578522,1.897609349,0,3,,pmeal-hpc,2026-08-11T14:35:36,
taufactor,cpu,sor,8,n200_b050_p060,200,0.5,0.6,0.609627,4877016,iters,189,1.545299292,1.551550164,0.004028791678,3.038561788,0,3,,pmeal-hpc,2026-08-11T14:35:36,
taufactor,cpu,sor,8,n200_b050_p060,200,0.5,0.6,0.609627,4877016,iters,339,1.543553472,1.551550164,0.005154001862,5.182067626,0,3,,pmeal-hpc,2026-08-11T14:35:36,
taufactor,cpu,sor,8,n200_b050_p060,200,0.5,0.6,0.609627,4877016,iters,607,1.55223918,1.551550164,0.0004440820717,9.998465702,0,3,target_reached,pmeal-hpc,2026-08-11T14:35:36,
taufactor,cpu,sor,8,n200_b050_p080,200,0.5,0.8,0.81175,6494003,iters,1,1.015007734,1.170581237,0.1329027818,0.372041245,0,3,,pmeal-hpc,2026-08-11T14:35:39,
taufactor,cpu,sor,8,n200_b050_p080,200,0.5,0.8,0.81175,6494003,iters,2,1.024236917,1.170581237,0.1250185078,0.39478243,0,3,,pmeal-hpc,2026-08-11T14:35:39,
taufactor,cpu,sor,8,n200_b050_p080,200,0.5,0.8,0.81175,6494003,iters,3,1.031669378,1.170581237,0.1186691315,0.4204103301,0,3,,pmeal-hpc,2026-08-11T14:35:39,
taufactor,cpu,sor,8,n200_b050_p080,200,0.5,0.8,0.81175,6494003,iters,6,1.052277923,1.170581237,0.1010637371,0.4805311861,0,3,,pmeal-hpc,2026-08-11T14:35:39,
taufactor,cpu,sor,8,n200_b050_p080,200,0.5,0.8,0.81175,6494003,iters,10,1.07751143,1.170581237,0.07950734581,0.5481775871,0,3,,pmeal-hpc,2026-08-11T14:35:39,
taufactor,cpu,sor,8,n200_b050_p080,200,0.5,0.8,0.81175,6494003,iters,18,1.119817734,1.170581237,0.04336606605,0.6850277601,0,3,,pmeal-hpc,2026-08-11T14:35:39,
taufactor,cpu,sor,8,n200_b050_p080,200,0.5,0.8,0.81175,6494003,iters,33,1.169543505,1.170581237,0.0008865102671,0.9116827531,0,3,target_reached,pmeal-hpc,2026-08-11T14:35:39,
taufactor,cpu,sor,8,n200_b050_p095,200,0.5,0.95,0.948977,7591813,iters,1,1.004137874,1.035044249,0.02985995563,0.3501838341,0,3,,pmeal-hpc,2026-08-11T14:35:46,
taufactor,cpu,sor,8,n200_b050_p095,200,0.5,0.95,0.948977,7591813,iters,2,1.006837249,1.035044249,0.02725197519,0.3639393771,0,3,,pmeal-hpc,2026-08-11T14:35:46,
taufactor,cpu,sor,8,n200_b050_p095,200,0.5,0.95,0.948977,7591813,iters,3,1.008958459,1.035044249,0.02520258445,0.3777193321,0,3,,pmeal-hpc,2026-08-11T14:35:46,
taufactor,cpu,sor,8,n200_b050_p095,200,0.5,0.95,0.948977,7591813,iters,6,1.014511704,1.035044249,0.0198373592,0.4304213632,0,3,,pmeal-hpc,2026-08-11T14:35:46,
taufactor,cpu,sor,8,n200_b050_p095,200,0.5,0.95,0.948977,7591813,iters,10,1.020709991,1.035044249,0.01384893212,0.499660329,0,3,,pmeal-hpc,2026-08-11T14:35:46,
taufactor,cpu,sor,8,n200_b050_p095,200,0.5,0.95,0.948977,7591813,iters,18,1.029623508,1.035044249,0.005237206575,0.6589008193,0,3,,pmeal-hpc,2026-08-11T14:35:46,
taufactor,cpu,sor,8,n200_b050_p095,200,0.5,0.95,0.948977,7591813,iters,33,1.037697911,1.035044249,0.002563815281,0.9505615432,0,3,,pmeal-hpc,2026-08-11T14:35:46,
taufactor,cpu,sor,8,n200_b050_p095,200,0.5,0.95,0.948977,7591813,iters,59,1.038676739,1.035044249,0.003509501881,1.445563969,0,3,,pmeal-hpc,2026-08-11T14:35:46,
taufactor,cpu,sor,8,n200_b050_p095,200,0.5,0.95,0.948977,7591813,iters,106,1.034838676,1.035044249,0.0001986123275,2.40161643,0,3,target_reached,pmeal-hpc,2026-08-11T14:35:46,
taufactor,cpu,sor,8,n200_b100_p020,200,1,0.2,0.171209,1369672,iters,1,1.144554377,13.93255227,0.917850344,1.375973362,NaN,1,,pmeal-hpc,2026-08-11T14:37:15,
taufactor,cpu,sor,8,n200_b100_p020,200,1,0.2,0.171209,1369672,iters,2,1.254049063,13.93255227,0.9099914331,1.389756883,NaN,1,,pmeal-hpc,2026-08-11T14:37:15,
taufactor,cpu,sor,8,n200_b100_p020,200,1,0.2,0.171209,1369672,iters,3,1.36334002,13.93255227,0.9021471448,1.403486726,NaN,1,,pmeal-hpc,2026-08-11T14:37:15,
taufactor,cpu,sor,8,n200_b100_p020,200,1,0.2,0.171209,1369672,iters,6,1.829827547,13.93255227,0.8686653018,1.446870033,NaN,1,,pmeal-hpc,2026-08-11T14:37:15,
taufactor,cpu,sor,8,n200_b100_p020,200,1,0.2,0.171209,1369672,iters,10,3.040225983,13.93255227,0.7817897307,1.503842112,NaN,1,,pmeal-hpc,2026-08-11T14:37:15,
taufactor,cpu,sor,8,n200_b100_p020,200,1,0.2,0.171209,1369672,iters,18,7.882088184,13.93255227,0.4342681777,1.613750261,NaN,1,,pmeal-hpc,2026-08-11T14:37:15,
taufactor,cpu,sor,8,n200_b100_p020,200,1,0.2,0.171209,1369672,iters,33,6.481734276,13.93255227,0.5347776811,1.825373123,NaN,1,,pmeal-hpc,2026-08-11T14:37:15,
taufactor,cpu,sor,8,n200_b100_p020,200,1,0.2,0.171209,1369672,iters,59,10.92534065,13.93255227,0.2158406844,2.183760732,NaN,1,,pmeal-hpc,2026-08-11T14:37:15,
taufactor,cpu,sor,8,n200_b100_p020,200,1,0.2,0.171209,1369672,iters,106,8.364962578,13.93255227,0.399610178,2.840993335,NaN,1,,pmeal-hpc,2026-08-11T14:37:15,
taufactor,cpu,sor,8,n200_b100_p020,200,1,0.2,0.171209,1369672,iters,189,10.79955196,13.93255227,0.2248690868,4.018150239,NaN,1,,pmeal-hpc,2026-08-11T14:37:15,
taufactor,cpu,sor,8,n200_b100_p020,200,1,0.2,0.171209,1369672,iters,339,11.53734016,13.93255227,0.1719148121,6.116178605,NaN,1,,pmeal-hpc,2026-08-11T14:37:15,
taufactor,cpu,sor,8,n200_b100_p020,200,1,0.2,0.171209,1369672,iters,607,12.3681736,13.93255227,0.1122822754,9.848614978,NaN,1,,pmeal-hpc,2026-08-11T14:37:15,
taufactor,cpu,sor,8,n200_b100_p020,200,1,0.2,0.171209,1369672,iters,1086,13.16055012,13.93255227,0.05540995918,16.51951056,NaN,1,,pmeal-hpc,2026-08-11T14:37:15,
taufactor,cpu,sor,8,n200_b100_p020,200,1,0.2,0.171209,1369672,iters,1945,13.67255497,13.93255227,0.01866113941,28.50282253,NaN,1,,pmeal-hpc,2026-08-11T14:37:15,
taufactor,cpu,sor,8,n200_b100_p020,200,1,0.2,0.171209,1369672,iters,3484,13.87821674,13.93255227,0.003899897555,49.94728814,NaN,1,,pmeal-hpc,2026-08-11T14:37:15,
taufactor,cpu,sor,8,n200_b100_p020,200,1,0.2,0.171209,1369672,iters,6238,13.92590141,13.93255227,0.0004773609966,88.34926084,NaN,1,target_reached,pmeal-hpc,2026-08-11T14:37:15,
taufactor,cpu,sor,8,n200_b100_p040,200,1,0.4,0.399225,3193802,iters,1,1.097089291,2.644709479,0.5851758768,0.4815866771,0,3,,pmeal-hpc,2026-08-11T14:37:49,
taufactor,cpu,sor,8,n200_b100_p040,200,1,0.4,0.399225,3193802,iters,2,1.16458118,2.644709479,0.5596562916,0.4975760771,0,3,,pmeal-hpc,2026-08-11T14:37:49,
taufactor,cpu,sor,8,n200_b100_p040,200,1,0.4,0.399225,3193802,iters,3,1.226023078,2.644709479,0.5364242887,0.5155917081,0,3,,pmeal-hpc,2026-08-11T14:37:49,
taufactor,cpu,sor,8,n200_b100_p040,200,1,0.4,0.399225,3193802,iters,6,1.443264127,2.644709479,0.4542825447,0.565231737,0,3,,pmeal-hpc,2026-08-11T14:37:49,
taufactor,cpu,sor,8,n200_b100_p040,200,1,0.4,0.399225,3193802,iters,10,1.819520116,2.644709479,0.3120151267,0.6269114221,0,3,,pmeal-hpc,2026-08-11T14:37:49,
taufactor,cpu,sor,8,n200_b100_p040,200,1,0.4,0.399225,3193802,iters,18,2.550456047,2.644709479,0.03563848229,0.7368091821,0,3,,pmeal-hpc,2026-08-11T14:37:49,
taufactor,cpu,sor,8,n200_b100_p040,200,1,0.4,0.399225,3193802,iters,33,2.602096319,2.644709479,0.01611260524,0.9423024021,0,3,,pmeal-hpc,2026-08-11T14:37:49,
taufactor,cpu,sor,8,n200_b100_p040,200,1,0.4,0.399225,3193802,iters,59,2.693927526,2.644709479,0.01861000154,1.470987639,0,3,,pmeal-hpc,2026-08-11T14:37:49,
taufactor,cpu,sor,8,n200_b100_p040,200,1,0.4,0.399225,3193802,iters,106,2.705091715,2.644709479,0.02283133037,2.168286592,0,3,,pmeal-hpc,2026-08-11T14:37:49,
taufactor,cpu,sor,8,n200_b100_p040,200,1,0.4,0.399225,3193802,iters,189,2.59996295,2.644709479,0.01691926074,3.703077229,0,3,,pmeal-hpc,2026-08-11T14:37:49,
taufactor,cpu,sor,8,n200_b100_p040,200,1,0.4,0.399225,3193802,iters,339,2.631584883,2.644709479,0.004962585255,6.286972973,0,3,,pmeal-hpc,2026-08-11T14:37:49,
taufactor,cpu,sor,8,n200_b100_p040,200,1,0.4,0.399225,3193802,iters,607,2.643260717,2.644709479,0.0005477961264,10.89392407,0,3,target_reached,pmeal-hpc,2026-08-11T14:37:49,
taufactor,cpu,sor,8,n200_b100_p060,200,1,0.6,0.603465,4827722,iters,1,1.061416864,1.571435764,0.324555996,0.350878153,0,3,,pmeal-hpc,2026-08-11T14:38:17,
taufactor,cpu,sor,8,n200_b100_p060,200,1,0.6,0.603465,4827722,iters,2,1.101624012,1.571435764,0.2989697465,0.364608644,0,3,,pmeal-hpc,2026-08-11T14:38:17,
taufactor,cpu,sor,8,n200_b100_p060,200,1,0.6,0.603465,4827722,iters,3,1.136030912,1.571435764,0.2770745465,0.378296801,0,3,,pmeal-hpc,2026-08-11T14:38:17,
taufactor,cpu,sor,8,n200_b100_p060,200,1,0.6,0.603465,4827722,iters,6,1.242118716,1.571435764,0.2095644348,0.4192283039,0,3,,pmeal-hpc,2026-08-11T14:38:17,
taufactor,cpu,sor,8,n200_b100_p060,200,1,0.6,0.603465,4827722,iters,10,1.38785243,1.571435764,0.1168252231,0.476008168,0,3,,pmeal-hpc,2026-08-11T14:38:17,
taufactor,cpu,sor,8,n200_b100_p060,200,1,0.6,0.603465,4827722,iters,18,1.603374004,1.571435764,0.02032424175,0.584962685,0,3,,pmeal-hpc,2026-08-11T14:38:17,
taufactor,cpu,sor,8,n200_b100_p060,200,1,0.6,0.603465,4827722,iters,33,1.613732815,1.571435764,0.02691618185,0.789810669,0,3,,pmeal-hpc,2026-08-11T14:38:17,
taufactor,cpu,sor,8,n200_b100_p060,200,1,0.6,0.603465,4827722,iters,59,1.605018854,1.571435764,0.02137095955,1.195201701,0,3,,pmeal-hpc,2026-08-11T14:38:17,
taufactor,cpu,sor,8,n200_b100_p060,200,1,0.6,0.603465,4827722,iters,106,1.579516292,1.571435764,0.005142130403,1.861981132,0,3,,pmeal-hpc,2026-08-11T14:38:17,
taufactor,cpu,sor,8,n200_b100_p060,200,1,0.6,0.603465,4827722,iters,189,1.567386746,1.571435764,0.002576635766,2.999696009,0,3,,pmeal-hpc,2026-08-11T14:38:17,
taufactor,cpu,sor,8,n200_b100_p060,200,1,0.6,0.603465,4827722,iters,339,1.574451208,1.571435764,0.001918910199,5.077349915,0,3,,pmeal-hpc,2026-08-11T14:38:17,
taufactor,cpu,sor,8,n200_b100_p060,200,1,0.6,0.603465,4827722,iters,607,1.572346449,1.571435764,0.0005795241009,8.765344248,0,3,target_reached,pmeal-hpc,2026-08-11T14:38:17,
taufactor,cpu,sor,8,n200_b100_p080,200,1,0.8,0.80445,6435598,iters,1,1.031103849,1.193638864,0.136167663,0.361299249,0,3,,pmeal-hpc,2026-08-11T14:38:34,
taufactor,cpu,sor,8,n200_b100_p080,200,1,0.8,0.80445,6435598,iters,2,1.050651908,1.193638864,0.1197908014,0.377193546,0,3,,pmeal-hpc,2026-08-11T14:38:34,
taufactor,cpu,sor,8,n200_b100_p080,200,1,0.8,0.80445,6435598,iters,3,1.066266179,1.193638864,0.1067095658,0.3929507349,0,3,,pmeal-hpc,2026-08-11T14:38:34,
taufactor,cpu,sor,8,n200_b100_p080,200,1,0.8,0.80445,6435598,iters,6,1.10893333,1.193638864,0.07096412238,0.4362160339,0,3,,pmeal-hpc,2026-08-11T14:38:34,
taufactor,cpu,sor,8,n200_b100_p080,200,1,0.8,0.80445,6435598,iters,10,1.157037973,1.193638864,0.03066328661,0.4904840197,0,3,,pmeal-hpc,2026-08-11T14:38:34,
taufactor,cpu,sor,8,n200_b100_p080,200,1,0.8,0.80445,6435598,iters,18,1.214744925,1.193638864,0.01768211654,0.5994386447,0,3,,pmeal-hpc,2026-08-11T14:38:34,
taufactor,cpu,sor,8,n200_b100_p080,200,1,0.8,0.80445,6435598,iters,33,1.213708282,1.193638864,0.01681364282,0.8055623057,0,3,,pmeal-hpc,2026-08-11T14:38:34,
taufactor,cpu,sor,8,n200_b100_p080,200,1,0.8,0.80445,6435598,iters,59,1.20061028,1.193638864,0.005840473402,1.164000215,0,3,,pmeal-hpc,2026-08-11T14:38:34,
taufactor,cpu,sor,8,n200_b100_p080,200,1,0.8,0.80445,6435598,iters,106,1.191469789,1.193638864,0.001817195732,1.817882301,0,3,,pmeal-hpc,2026-08-11T14:38:34,
taufactor,cpu,sor,8,n200_b100_p080,200,1,0.8,0.80445,6435598,iters,189,1.195374727,1.193638864,0.001454261671,2.959674847,0,3,,pmeal-hpc,2026-08-11T14:38:34,
taufactor,cpu,sor,8,n200_b100_p080,200,1,0.8,0.80445,6435598,iters,339,1.193044662,1.193638864,0.0004978067842,5.042830215,0,3,target_reached,pmeal-hpc,2026-08-11T14:38:34,
taufactor,cpu,sor,8,n200_b100_p095,200,1,0.95,0.949833,7598661,iters,1,1.009035707,1.040405134,0.03015116559,0.3627283591,0,3,,pmeal-hpc,2026-08-11T14:38:38,
taufactor,cpu,sor,8,n200_b100_p095,200,1,0.95,0.949833,7598661,iters,2,1.014540553,1.040405134,0.02486010503,0.3764311291,0,3,,pmeal-hpc,2026-08-11T14:38:38,
taufactor,cpu,sor,8,n200_b100_p095,200,1,0.95,0.949833,7598661,iters,3,1.01867938,1.040405134,0.02088201305,0.392322927,0,3,,pmeal-hpc,2026-08-11T14:38:38,
taufactor,cpu,sor,8,n200_b100_p095,200,1,0.95,0.949833,7598661,iters,6,1.028470993,1.040405134,0.01147066712,0.439831235,0,3,,pmeal-hpc,2026-08-11T14:38:38,
taufactor,cpu,sor,8,n200_b100_p095,200,1,0.95,0.949833,7598661,iters,10,1.037261248,1.040405134,0.003021790514,0.5091644319,0,3,,pmeal-hpc,2026-08-11T14:38:38,
taufactor,cpu,sor,8,n200_b100_p095,200,1,0.95,0.949833,7598661,iters,18,1.044754028,1.040405134,0.004180000827,0.6313982849,0,3,,pmeal-hpc,2026-08-11T14:38:38,
taufactor,cpu,sor,8,n200_b100_p095,200,1,0.95,0.949833,7598661,iters,33,1.042998791,1.040405134,0.002492929587,0.9276390569,0,3,,pmeal-hpc,2026-08-11T14:38:38,
taufactor,cpu,sor,8,n200_b100_p095,200,1,0.95,0.949833,7598661,iters,59,1.041294098,1.040405134,0.0008544401323,1.321405861,0,3,target_reached,pmeal-hpc,2026-08-11T14:38:38,
taufactor,cpu,sor,8,n200_b200_p020,200,2,0.2,0.187312,1498500,iters,1,1.313037038,13.5328383,0.9029740097,1.423626973,NaN,1,,pmeal-hpc,2026-08-11T14:40:05,
taufactor,cpu,sor,8,n200_b200_p020,200,2,0.2,0.187312,1498500,iters,2,1.614322543,13.5328383,0.8807107196,1.439361274,NaN,1,,pmeal-hpc,2026-08-11T14:40:05,
taufactor,cpu,sor,8,n200_b200_p020,200,2,0.2,0.187312,1498500,iters,3,1.979039788,13.5328383,0.8537601836,1.453058904,NaN,1,,pmeal-hpc,2026-08-11T14:40:05,
taufactor,cpu,sor,8,n200_b200_p020,200,2,0.2,0.187312,1498500,iters,6,4.361970901,13.5328383,0.6776750889,1.511201515,NaN,1,,pmeal-hpc,2026-08-11T14:40:05,
taufactor,cpu,sor,8,n200_b200_p020,200,2,0.2,0.187312,1498500,iters,10,9.38021946,13.5328383,0.3068549811,1.569545236,NaN,1,,pmeal-hpc,2026-08-11T14:40:05,
taufactor,cpu,sor,8,n200_b200_p020,200,2,0.2,0.187312,1498500,iters,18,7.792946339,13.5328383,0.4241454626,1.677259406,NaN,1,,pmeal-hpc,2026-08-11T14:40:05,
taufactor,cpu,sor,8,n200_b200_p020,200,2,0.2,0.187312,1498500,iters,33,10.41319275,13.5328383,0.2305241134,1.879173622,NaN,1,,pmeal-hpc,2026-08-11T14:40:05,
taufactor,cpu,sor,8,n200_b200_p020,200,2,0.2,0.187312,1498500,iters,59,11.335536,13.5328383,0.1623681779,2.248691395,NaN,1,,pmeal-hpc,2026-08-11T14:40:05,
taufactor,cpu,sor,8,n200_b200_p020,200,2,0.2,0.187312,1498500,iters,106,12.18249607,13.5328383,0.09978263238,2.897929366,NaN,1,,pmeal-hpc,2026-08-11T14:40:05,
taufactor,cpu,sor,8,n200_b200_p020,200,2,0.2,0.187312,1498500,iters,189,12.45597649,13.5328383,0.07957398071,4.0199139,NaN,1,,pmeal-hpc,2026-08-11T14:40:05,
taufactor,cpu,sor,8,n200_b200_p020,200,2,0.2,0.187312,1498500,iters,339,12.92733479,13.5328383,0.04474327566,6.08774195,NaN,1,,pmeal-hpc,2026-08-11T14:40:05,
taufactor,cpu,sor,8,n200_b200_p020,200,2,0.2,0.187312,1498500,iters,607,13.10171795,13.5328383,0.03185734888,9.788702797,NaN,1,,pmeal-hpc,2026-08-11T14:40:05,
taufactor,cpu,sor,8,n200_b200_p020,200,2,0.2,0.187312,1498500,iters,1086,13.28467846,13.5328383,0.01833760482,16.38746377,NaN,1,,pmeal-hpc,2026-08-11T14:40:05,
taufactor,cpu,sor,8,n200_b200_p020,200,2,0.2,0.187312,1498500,iters,1945,13.43390274,13.5328383,0.007310776744,28.2082546,NaN,1,,pmeal-hpc,2026-08-11T14:40:05,
taufactor,cpu,sor,8,n200_b200_p020,200,2,0.2,0.187312,1498500,iters,3484,13.50525093,13.5328383,0.002038550125,49.39996742,NaN,1,,pmeal-hpc,2026-08-11T14:40:05,
taufactor,cpu,sor,8,n200_b200_p020,200,2,0.2,0.187312,1498500,iters,6238,13.53110313,13.5328383,0.0001282189151,86.97987594,NaN,1,target_reached,pmeal-hpc,2026-08-11T14:40:05,
taufactor,cpu,sor,8,n200_b200_p040,200,2,0.4,0.398236,3185884,iters,1,1.199014902,2.755382291,0.5648462625,0.3570725711,0,3,,pmeal-hpc,2026-08-11T14:40:24,
taufactor,cpu,sor,8,n200_b200_p040,200,2,0.4,0.398236,3185884,iters,2,1.359359503,2.755382291,0.5066530306,0.3720798648,0,3,,pmeal-hpc,2026-08-11T14:40:24,
taufactor,cpu,sor,8,n200_b200_p040,200,2,0.4,0.398236,3185884,iters,3,1.518975735,2.755382291,0.4487241427,0.3944702358,0,3,,pmeal-hpc,2026-08-11T14:40:24,
taufactor,cpu,sor,8,n200_b200_p040,200,2,0.4,0.398236,3185884,iters,6,2.138405561,2.755382291,0.2239169249,0.4392695528,0,3,,pmeal-hpc,2026-08-11T14:40:24,
taufactor,cpu,sor,8,n200_b200_p040,200,2,0.4,0.398236,3185884,iters,10,2.824934721,2.755382291,0.0252423884,0.5063138278,0,3,,pmeal-hpc,2026-08-11T14:40:24,
taufactor,cpu,sor,8,n200_b200_p040,200,2,0.4,0.398236,3185884,iters,18,2.829936981,2.755382291,0.02705783892,0.6748989098,0,3,,pmeal-hpc,2026-08-11T14:40:24,
taufactor,cpu,sor,8,n200_b200_p040,200,2,0.4,0.398236,3185884,iters,33,2.907564163,2.755382291,0.05523076515,0.941180669,0,3,,pmeal-hpc,2026-08-11T14:40:24,
taufactor,cpu,sor,8,n200_b200_p040,200,2,0.4,0.398236,3185884,iters,59,2.845746279,2.755382291,0.03279544478,1.480827775,0,3,,pmeal-hpc,2026-08-11T14:40:24,
taufactor,cpu,sor,8,n200_b200_p040,200,2,0.4,0.398236,3185884,iters,106,2.760056973,2.755382291,0.001696563674,2.150481563,0,3,,pmeal-hpc,2026-08-11T14:40:24,
taufactor,cpu,sor,8,n200_b200_p040,200,2,0.4,0.398236,3185884,iters,189,2.726240396,2.755382291,0.01057635254,3.274057141,0,3,,pmeal-hpc,2026-08-11T14:40:24,
taufactor,cpu,sor,8,n200_b200_p040,200,2,0.4,0.398236,3185884,iters,339,2.756634712,2.755382291,0.000454536281,6.196047653,0,3,target_reached,pmeal-hpc,2026-08-11T14:40:24,
taufactor,cpu,sor,8,n200_b200_p060,200,2,0.6,0.600363,4802905,iters,1,1.123006225,1.645395218,0.3174854209,0.3593177511,0,3,,pmeal-hpc,2026-08-11T14:40:30,
taufactor,cpu,sor,8,n200_b200_p060,200,2,0.6,0.600363,4802905,iters,2,1.209781289,1.645395218,0.2647472924,0.3729998121,0,3,,pmeal-hpc,2026-08-11T14:40:30,
taufactor,cpu,sor,8,n200_b200_p060,200,2,0.6,0.600363,4802905,iters,3,1.286008954,1.645395218,0.2184194168,0.3866383411,0,3,,pmeal-hpc,2026-08-11T14:40:30,
taufactor,cpu,sor,8,n200_b200_p060,200,2,0.6,0.600363,4802905,iters,6,1.515280008,1.645395218,0.079078393,0.4276256461,0,3,,pmeal-hpc,2026-08-11T14:40:30,
taufactor,cpu,sor,8,n200_b200_p060,200,2,0.6,0.600363,4802905,iters,10,1.71983242,1.645395218,0.04523970991,0.4820584031,0,3,,pmeal-hpc,2026-08-11T14:40:30,
taufactor,cpu,sor,8,n200_b200_p060,200,2,0.6,0.600363,4802905,iters,18,1.727617025,1.645395218,0.04997085592,0.590932106,0,3,,pmeal-hpc,2026-08-11T14:40:30,
taufactor,cpu,sor,8,n200_b200_p060,200,2,0.6,0.600363,4802905,iters,33,1.686228395,1.645395218,0.0248166374,0.7963628302,0,3,,pmeal-hpc,2026-08-11T14:40:30,
taufactor,cpu,sor,8,n200_b200_p060,200,2,0.6,0.600363,4802905,iters,59,1.65969646,1.645395218,0.008691675783,1.151347148,0,3,,pmeal-hpc,2026-08-11T14:40:30,
taufactor,cpu,sor,8,n200_b200_p060,200,2,0.6,0.600363,4802905,iters,106,1.646639585,1.645395218,0.0007562727066,1.806401714,0,3,target_reached,pmeal-hpc,2026-08-11T14:40:30,
taufactor,cpu,sor,8,n200_b200_p080,200,2,0.8,0.800969,6407751,iters,1,1.061910391,1.226770933,0.1343857583,0.354928234,0,3,,pmeal-hpc,2026-08-11T14:40:34,
taufactor,cpu,sor,8,n200_b200_p080,200,2,0.8,0.800969,6407751,iters,2,1.100999713,1.226770933,0.1025221716,0.3685042061,0,3,,pmeal-hpc,2026-08-11T14:40:34,
taufactor,cpu,sor,8,n200_b200_p080,200,2,0.8,0.800969,6407751,iters,3,1.131348133,1.226770933,0.07778371442,0.3821432961,0,3,,pmeal-hpc,2026-08-11T14:40:34,
taufactor,cpu,sor,8,n200_b200_p080,200,2,0.8,0.800969,6407751,iters,6,1.204850793,1.226770933,0.01786816065,0.4253068131,0,3,,pmeal-hpc,2026-08-11T14:40:34,
taufactor,cpu,sor,8,n200_b200_p080,200,2,0.8,0.800969,6407751,iters,10,1.257040381,1.226770933,0.0246740835,0.4820301161,0,3,,pmeal-hpc,2026-08-11T14:40:34,
taufactor,cpu,sor,8,n200_b200_p080,200,2,0.8,0.800969,6407751,iters,18,1.253704071,1.226770933,0.02195449641,0.5908747992,0,3,,pmeal-hpc,2026-08-11T14:40:34,
taufactor,cpu,sor,8,n200_b200_p080,200,2,0.8,0.800969,6407751,iters,33,1.232428193,1.226770933,0.004611504838,0.7954501462,0,3,,pmeal-hpc,2026-08-11T14:40:34,
taufactor,cpu,sor,8,n200_b200_p080,200,2,0.8,0.800969,6407751,iters,59,1.226591945,1.226770933,0.0001459019778,1.171494426,0,3,target_reached,pmeal-hpc,2026-08-11T14:40:34,
taufactor,cpu,sor,8,n200_b200_p095,200,2,0.95,0.950886,7607091,iters,1,1.017517567,1.045952896,0.02718605152,0.3534818582,0,3,,pmeal-hpc,2026-08-11T14:40:36,
taufactor,cpu,sor,8,n200_b200_p095,200,2,0.95,0.950886,7607091,iters,2,1.027523994,1.045952896,0.01761924617,0.3670437502,0,3,,pmeal-hpc,2026-08-11T14:40:36,
taufactor,cpu,sor,8,n200_b200_p095,200,2,0.95,0.950886,7607091,iters,3,1.034254789,1.045952896,0.01118416201,0.3806204633,0,3,,pmeal-hpc,2026-08-11T14:40:36,
taufactor,cpu,sor,8,n200_b200_p095,200,2,0.95,0.950886,7607091,iters,6,1.046464205,1.045952896,0.0004888449472,0.4235566462,0,3,target_reached,pmeal-hpc,2026-08-11T14:40:36,
taufactor,cpu,sor,8,n400_b050_p020,400,0.5,0.2,0.168664,10794487,iters,1,1.038623452,9.103906374,0.8859145284,13.76176022,NaN,1,,pmeal-hpc,2026-08-11T18:28:54,
taufactor,cpu,sor,8,n400_b050_p020,400,0.5,0.2,0.168664,10794487,iters,2,1.061098099,9.103906374,0.8834458467,14.06560787,NaN,1,,pmeal-hpc,2026-08-11T18:28:54,
taufactor,cpu,sor,8,n400_b050_p020,400,0.5,0.2,0.168664,10794487,iters,3,1.07989502,9.103906374,0.8813811374,14.37865424,NaN,1,,pmeal-hpc,2026-08-11T18:28:54,
taufactor,cpu,sor,8,n400_b050_p020,400,0.5,0.2,0.168664,10794487,iters,6,1.136610866,9.103906374,0.8751513011,15.28976864,NaN,1,,pmeal-hpc,2026-08-11T18:28:54,
taufactor,cpu,sor,8,n400_b050_p020,400,0.5,0.2,0.168664,10794487,iters,10,1.22062254,9.103906374,0.8659232104,16.50472928,NaN,1,,pmeal-hpc,2026-08-11T18:28:54,
taufactor,cpu,sor,8,n400_b050_p020,400,0.5,0.2,0.168664,10794487,iters,18,1.429349184,9.103906374,0.8429960585,18.93099067,NaN,1,,pmeal-hpc,2026-08-11T18:28:54,
taufactor,cpu,sor,8,n400_b050_p020,400,0.5,0.2,0.168664,10794487,iters,33,2.041787624,9.103906374,0.775724009,23.4748992,NaN,1,,pmeal-hpc,2026-08-11T18:28:54,
taufactor,cpu,sor,8,n400_b050_p020,400,0.5,0.2,0.168664,10794487,iters,59,3.949104071,9.103906374,0.5662187298,31.52880621,NaN,1,,pmeal-hpc,2026-08-11T18:28:54,
taufactor,cpu,sor,8,n400_b050_p020,400,0.5,0.2,0.168664,10794487,iters,106,4.84193325,9.103906374,0.4681477322,46.22578044,NaN,1,,pmeal-hpc,2026-08-11T18:28:54,
taufactor,cpu,sor,8,n400_b050_p020,400,0.5,0.2,0.168664,10794487,iters,189,3.975267649,9.103906374,0.563344845,71.69861979,NaN,1,,pmeal-hpc,2026-08-11T18:28:54,
taufactor,cpu,sor,8,n400_b050_p020,400,0.5,0.2,0.168664,10794487,iters,339,7.027328968,9.103906374,0.2280974035,117.8683664,NaN,1,,pmeal-hpc,2026-08-11T18:28:54,
taufactor,cpu,sor,8,n400_b050_p020,400,0.5,0.2,0.168664,10794487,iters,607,7.587173462,9.103906374,0.1666024286,200.44393,NaN,1,,pmeal-hpc,2026-08-11T18:28:54,
taufactor,cpu,sor,8,n400_b050_p020,400,0.5,0.2,0.168664,10794487,iters,1086,8.17595005,9.103906374,0.1019294669,347.3269185,NaN,1,,pmeal-hpc,2026-08-11T18:28:54,
taufactor,cpu,sor,8,n400_b050_p020,400,0.5,0.2,0.168664,10794487,iters,1945,8.874767303,9.103906374,0.02516931316,610.8008806,NaN,1,,pmeal-hpc,2026-08-11T18:28:54,
taufactor,cpu,sor,8,n400_b050_p020,400,0.5,0.2,0.168664,10794487,iters,3484,9.061243057,9.103906374,0.004686264884,1082.58225,NaN,1,,pmeal-hpc,2026-08-11T18:28:54,
taufactor,cpu,sor,8,n400_b050_p020,400,0.5,0.2,0.168664,10794487,iters,6238,9.1009655,9.103906374,0.0003230343109,1930.879833,NaN,1,target_reached,pmeal-hpc,2026-08-11T18:28:54,
taufactor,cpu,sor,8,n400_b050_p040,400,0.5,0.4,0.391726,25070495,iters,1,1.026865005,2.60655752,0.6060455226,13.77915239,NaN,1,,pmeal-hpc,2026-08-11T18:30:55,
taufactor,cpu,sor,8,n400_b050_p040,400,0.5,0.4,0.391726,25070495,iters,2,1.042293429,2.60655752,0.6001264421,14.08178837,NaN,1,,pmeal-hpc,2026-08-11T18:30:55,
taufactor,cpu,sor,8,n400_b050_p040,400,0.5,0.4,0.391726,25070495,iters,3,1.054944038,2.60655752,0.5952730641,14.38724296,NaN,1,,pmeal-hpc,2026-08-11T18:30:55,
taufactor,cpu,sor,8,n400_b050_p040,400,0.5,0.4,0.391726,25070495,iters,6,1.091930628,2.60655752,0.5810832412,15.3062773,NaN,1,,pmeal-hpc,2026-08-11T18:30:55,
taufactor,cpu,sor,8,n400_b050_p040,400,0.5,0.4,0.391726,25070495,iters,10,1.143594384,2.60655752,0.5612625559,16.52309241,NaN,1,,pmeal-hpc,2026-08-11T18:30:55,
taufactor,cpu,sor,8,n400_b050_p040,400,0.5,0.4,0.391726,25070495,iters,18,1.257201672,2.60655752,0.5176773726,18.96255904,NaN,1,,pmeal-hpc,2026-08-11T18:30:55,
taufactor,cpu,sor,8,n400_b050_p040,400,0.5,0.4,0.391726,25070495,iters,33,1.515234709,2.60655752,0.4186835713,23.53711919,NaN,1,,pmeal-hpc,2026-08-11T18:30:55,
taufactor,cpu,sor,8,n400_b050_p040,400,0.5,0.4,0.391726,25070495,iters,59,2.053566456,2.60655752,0.2121537929,31.45608038,NaN,1,,pmeal-hpc,2026-08-11T18:30:55,
taufactor,cpu,sor,8,n400_b050_p040,400,0.5,0.4,0.391726,25070495,iters,106,2.402420282,2.60655752,0.07831679757,46.07184512,NaN,1,,pmeal-hpc,2026-08-11T18:30:55,
taufactor,cpu,sor,8,n400_b050_p040,400,0.5,0.4,0.391726,25070495,iters,189,2.347369671,2.60655752,0.09943684233,71.54542072,NaN,1,,pmeal-hpc,2026-08-11T18:30:55,
taufactor,cpu,sor,8,n400_b050_p040,400,0.5,0.4,0.391726,25070495,iters,339,2.607743979,2.60655752,0.000455182167,117.8079116,NaN,1,target_reached,pmeal-hpc,2026-08-11T18:30:55,
taufactor,cpu,sor,8,n400_b050_p060,400,0.5,0.6,0.60417,38666899,iters,1,1.017464399,1.563851568,0.3493855682,13.87418579,NaN,1,,pmeal-hpc,2026-08-11T18:36:45,
taufactor,cpu,sor,8,n400_b050_p060,400,0.5,0.6,0.60417,38666899,iters,2,1.027436376,1.563851568,0.3430090191,14.18658603,NaN,1,,pmeal-hpc,2026-08-11T18:36:45,
taufactor,cpu,sor,8,n400_b050_p060,400,0.5,0.6,0.60417,38666899,iters,3,1.035472631,1.563851568,0.3378702604,14.49117118,NaN,1,,pmeal-hpc,2026-08-11T18:36:45,
taufactor,cpu,sor,8,n400_b050_p060,400,0.5,0.6,0.60417,38666899,iters,6,1.058282495,1.563851568,0.3232845647,15.40662869,NaN,1,,pmeal-hpc,2026-08-11T18:36:45,
taufactor,cpu,sor,8,n400_b050_p060,400,0.5,0.6,0.60417,38666899,iters,10,1.088769674,1.563851568,0.3037896329,16.6258871,NaN,1,,pmeal-hpc,2026-08-11T18:36:45,
taufactor,cpu,sor,8,n400_b050_p060,400,0.5,0.6,0.60417,38666899,iters,18,1.150541782,1.563851568,0.2642896513,19.06545999,NaN,1,,pmeal-hpc,2026-08-11T18:36:45,
taufactor,cpu,sor,8,n400_b050_p060,400,0.5,0.6,0.60417,38666899,iters,33,1.267823219,1.563851568,0.1892944028,23.69071282,NaN,1,,pmeal-hpc,2026-08-11T18:36:45,
taufactor,cpu,sor,8,n400_b050_p060,400,0.5,0.6,0.60417,38666899,iters,59,1.442986012,1.563851568,0.07728710254,31.61897364,NaN,1,,pmeal-hpc,2026-08-11T18:36:45,
taufactor,cpu,sor,8,n400_b050_p060,400,0.5,0.6,0.60417,38666899,iters,106,1.556369185,1.563851568,0.00478458615,46.18328698,NaN,1,,pmeal-hpc,2026-08-11T18:36:45,
taufactor,cpu,sor,8,n400_b050_p060,400,0.5,0.6,0.60417,38666899,iters,189,1.522175193,1.563851568,0.02664982791,71.84554336,NaN,1,,pmeal-hpc,2026-08-11T18:36:45,
taufactor,cpu,sor,8,n400_b050_p060,400,0.5,0.6,0.60417,38666899,iters,339,1.57335043,1.563851568,0.006074017336,118.2723701,NaN,1,,pmeal-hpc,2026-08-11T18:36:45,
taufactor,cpu,sor,8,n400_b050_p060,400,0.5,0.6,0.60417,38666899,iters,607,1.569982648,1.563851568,0.003920499887,200.5996429,NaN,1,,pmeal-hpc,2026-08-11T18:36:45,
taufactor,cpu,sor,8,n400_b050_p060,400,0.5,0.6,0.60417,38666899,iters,1086,1.564963222,1.563851568,0.00071084339,347.6799417,NaN,1,target_reached,pmeal-hpc,2026-08-11T18:36:45,
taufactor,cpu,sor,8,n400_b050_p080,400,0.5,0.8,0.809146,51785369,iters,1,1.008723497,1.177273609,0.1431698717,4.105325843,NaN,1,,pmeal-hpc,2026-08-11T18:37:49,
taufactor,cpu,sor,8,n400_b050_p080,400,0.5,0.8,0.809146,51785369,iters,2,1.013700724,1.177273609,0.1389421152,4.414660407,NaN,1,,pmeal-hpc,2026-08-11T18:37:49,
taufactor,cpu,sor,8,n400_b050_p080,400,0.5,0.8,0.809146,51785369,iters,3,1.01767087,1.177273609,0.1355697927,4.719254496,NaN,1,,pmeal-hpc,2026-08-11T18:37:49,
taufactor,cpu,sor,8,n400_b050_p080,400,0.5,0.8,0.809146,51785369,iters,6,1.028631091,1.177273609,0.1262599592,5.631319892,NaN,1,,pmeal-hpc,2026-08-11T18:37:49,
taufactor,cpu,sor,8,n400_b050_p080,400,0.5,0.8,0.809146,51785369,iters,10,1.042502403,1.177273609,0.1144773863,6.846006408,NaN,1,,pmeal-hpc,2026-08-11T18:37:49,
taufactor,cpu,sor,8,n400_b050_p080,400,0.5,0.8,0.809146,51785369,iters,18,1.068361044,1.177273609,0.09251253425,9.283555874,NaN,1,,pmeal-hpc,2026-08-11T18:37:49,
taufactor,cpu,sor,8,n400_b050_p080,400,0.5,0.8,0.809146,51785369,iters,33,1.11015749,1.177273609,0.0570097883,13.85620825,NaN,1,,pmeal-hpc,2026-08-11T18:37:49,
taufactor,cpu,sor,8,n400_b050_p080,400,0.5,0.8,0.809146,51785369,iters,59,1.160003543,1.177273609,0.01466954323,21.79716113,NaN,1,,pmeal-hpc,2026-08-11T18:37:49,
taufactor,cpu,sor,8,n400_b050_p080,400,0.5,0.8,0.809146,51785369,iters,106,1.180511594,1.177273609,0.002750409755,36.26602452,NaN,1,,pmeal-hpc,2026-08-11T18:37:49,
taufactor,cpu,sor,8,n400_b050_p080,400,0.5,0.8,0.809146,51785369,iters,189,1.17828691,1.177273609,0.0008607184,61.78643309,NaN,1,target_reached,pmeal-hpc,2026-08-11T18:37:49,
taufactor,cpu,sor,8,n400_b050_p095,400,0.5,0.95,0.949928,60795412,iters,1,1.002658248,1.038538585,0.0345488724,4.005509451,0,3,,pmeal-hpc,2026-08-11T18:38:59,
taufactor,cpu,sor,8,n400_b050_p095,400,0.5,0.95,0.949928,60795412,iters,2,1.004195094,1.038538585,0.03306905626,4.308590601,0,3,,pmeal-hpc,2026-08-11T18:38:59,
taufactor,cpu,sor,8,n400_b050_p095,400,0.5,0.95,0.949928,60795412,iters,3,1.005427599,1.038538585,0.03188228779,4.61380248,0,3,,pmeal-hpc,2026-08-11T18:38:59,
taufactor,cpu,sor,8,n400_b050_p095,400,0.5,0.95,0.949928,60795412,iters,6,1.008769155,1.038538585,0.02866473223,5.528336588,0,3,,pmeal-hpc,2026-08-11T18:38:59,
taufactor,cpu,sor,8,n400_b050_p095,400,0.5,0.95,0.949928,60795412,iters,10,1.012822628,1.038538585,0.02476167699,6.7486024,0,3,,pmeal-hpc,2026-08-11T18:38:59,
taufactor,cpu,sor,8,n400_b050_p095,400,0.5,0.95,0.949928,60795412,iters,18,1.019785404,1.038538585,0.01805727882,9.191702421,0,3,,pmeal-hpc,2026-08-11T18:38:59,
taufactor,cpu,sor,8,n400_b050_p095,400,0.5,0.95,0.949928,60795412,iters,33,1.029493928,1.038538585,0.008709023598,13.81738555,0,3,,pmeal-hpc,2026-08-11T18:38:59,
taufactor,cpu,sor,8,n400_b050_p095,400,0.5,0.95,0.949928,60795412,iters,59,1.038642526,1.038538585,0.0001000835929,21.80510098,0,3,target_reached,pmeal-hpc,2026-08-11T18:38:59,
taufactor,cpu,sor,8,n400_b100_p040,400,1,0.4,0.394417,25242705,iters,1,1.050368667,2.558566376,0.5894698389,13.68042545,NaN,1,,pmeal-hpc,2026-08-11T19:17:02,
taufactor,cpu,sor,8,n400_b100_p040,400,1,0.4,0.394417,25242705,iters,2,1.082149625,2.558566376,0.577048446,13.9833253,NaN,1,,pmeal-hpc,2026-08-11T19:17:02,
taufactor,cpu,sor,8,n400_b100_p040,400,1,0.4,0.394417,25242705,iters,3,1.109489441,2.558566376,0.5663628463,14.2876984,NaN,1,,pmeal-hpc,2026-08-11T19:17:02,
taufactor,cpu,sor,8,n400_b100_p040,400,1,0.4,0.394417,25242705,iters,6,1.196608782,2.558566376,0.5323127854,15.20535374,NaN,1,,pmeal-hpc,2026-08-11T19:17:02,
taufactor,cpu,sor,8,n400_b100_p040,400,1,0.4,0.394417,25242705,iters,10,1.332548141,2.558566376,0.4791817191,16.54042969,NaN,1,,pmeal-hpc,2026-08-11T19:17:02,
taufactor,cpu,sor,8,n400_b100_p040,400,1,0.4,0.394417,25242705,iters,18,1.679373741,2.558566376,0.3436270574,18.97571289,NaN,1,,pmeal-hpc,2026-08-11T19:17:02,
taufactor,cpu,sor,8,n400_b100_p040,400,1,0.4,0.394417,25242705,iters,33,2.430585861,2.558566376,0.05002040048,23.54283014,NaN,1,,pmeal-hpc,2026-08-11T19:17:02,
taufactor,cpu,sor,8,n400_b100_p040,400,1,0.4,0.394417,25242705,iters,59,2.564757586,2.558566376,0.00241979633,31.57365374,NaN,1,,pmeal-hpc,2026-08-11T19:17:02,
taufactor,cpu,sor,8,n400_b100_p040,400,1,0.4,0.394417,25242705,iters,106,2.509283543,2.558566376,0.01926189362,46.04714441,NaN,1,,pmeal-hpc,2026-08-11T19:17:02,
taufactor,cpu,sor,8,n400_b100_p040,400,1,0.4,0.394417,25242705,iters,189,2.623437405,2.558566376,0.02535444429,71.34752578,NaN,1,,pmeal-hpc,2026-08-11T19:17:02,
taufactor,cpu,sor,8,n400_b100_p040,400,1,0.4,0.394417,25242705,iters,339,2.536282778,2.558566376,0.008709407902,117.5348619,NaN,1,,pmeal-hpc,2026-08-11T19:17:02,
taufactor,cpu,sor,8,n400_b100_p040,400,1,0.4,0.394417,25242705,iters,607,2.57626152,2.558566376,0.006916038822,199.9514449,NaN,1,,pmeal-hpc,2026-08-11T19:17:02,
taufactor,cpu,sor,8,n400_b100_p040,400,1,0.4,0.394417,25242705,iters,1086,2.556716681,2.558566376,0.0007229421486,347.1663129,NaN,1,target_reached,pmeal-hpc,2026-08-11T19:17:02,
taufactor,cpu,sor,8,n400_b100_p060,400,1,0.6,0.602502,38560157,iters,1,1.032514095,1.558485087,0.3374886267,3.991760843,NaN,1,,pmeal-hpc,2026-08-11T19:22:42,
taufactor,cpu,sor,8,n400_b100_p060,400,1,0.6,0.602502,38560157,iters,2,1.052470088,1.558485087,0.324683889,4.297100613,NaN,1,,pmeal-hpc,2026-08-11T19:22:42,
taufactor,cpu,sor,8,n400_b100_p060,400,1,0.6,0.602502,38560157,iters,3,1.069096923,1.558485087,0.3140153013,4.599166701,NaN,1,,pmeal-hpc,2026-08-11T19:22:42,
taufactor,cpu,sor,8,n400_b100_p060,400,1,0.6,0.602502,38560157,iters,6,1.1187042,1.558485087,0.2821848543,5.51137888,NaN,1,,pmeal-hpc,2026-08-11T19:22:42,
taufactor,cpu,sor,8,n400_b100_p060,400,1,0.6,0.602502,38560157,iters,10,1.187618971,1.558485087,0.2379657779,6.727084335,NaN,1,,pmeal-hpc,2026-08-11T19:22:42,
taufactor,cpu,sor,8,n400_b100_p060,400,1,0.6,0.602502,38560157,iters,18,1.330296755,1.558485087,0.1464167569,9.230898611,NaN,1,,pmeal-hpc,2026-08-11T19:22:42,
taufactor,cpu,sor,8,n400_b100_p060,400,1,0.6,0.602502,38560157,iters,33,1.55443573,1.558485087,0.002598264849,13.864358,NaN,1,,pmeal-hpc,2026-08-11T19:22:42,
taufactor,cpu,sor,8,n400_b100_p060,400,1,0.6,0.602502,38560157,iters,59,1.600660563,1.558485087,0.02706184093,21.76747712,NaN,1,,pmeal-hpc,2026-08-11T19:22:42,
taufactor,cpu,sor,8,n400_b100_p060,400,1,0.6,0.602502,38560157,iters,106,1.575348258,1.558485087,0.01082023252,36.29371014,NaN,1,,pmeal-hpc,2026-08-11T19:22:42,
taufactor,cpu,sor,8,n400_b100_p060,400,1,0.6,0.602502,38560157,iters,189,1.572800398,1.558485087,0.009185401254,61.53545852,NaN,1,,pmeal-hpc,2026-08-11T19:22:42,
taufactor,cpu,sor,8,n400_b100_p060,400,1,0.6,0.602502,38560157,iters,339,1.553494573,1.558485087,0.003202157276,107.5417762,NaN,1,,pmeal-hpc,2026-08-11T19:22:42,
taufactor,cpu,sor,8,n400_b100_p060,400,1,0.6,0.602502,38560157,iters,607,1.560532093,1.558485087,0.001313458862,190.1854247,NaN,1,,pmeal-hpc,2026-08-11T19:22:42,
taufactor,cpu,sor,8,n400_b100_p060,400,1,0.6,0.602502,38560157,iters,1086,1.558346033,1.558485087,8.922376277e-05,337.0915216,NaN,1,target_reached,pmeal-hpc,2026-08-11T19:22:42,
taufactor,cpu,sor,8,n400_b100_p080,400,1,0.8,0.807589,51685723,iters,1,1.01650691,1.175919941,0.1355645271,3.973613151,NaN,1,,pmeal-hpc,2026-08-11T19:25:57,
taufactor,cpu,sor,8,n400_b100_p080,400,1,0.8,0.807589,51685723,iters,2,1.02641201,1.175919941,0.1271412497,4.276794365,NaN,1,,pmeal-hpc,2026-08-11T19:25:57,
taufactor,cpu,sor,8,n400_b100_p080,400,1,0.8,0.807589,51685723,iters,3,1.034399509,1.175919941,0.1203486961,4.580855443,NaN,1,,pmeal-hpc,2026-08-11T19:25:57,
taufactor,cpu,sor,8,n400_b100_p080,400,1,0.8,0.807589,51685723,iters,6,1.056752324,1.175919941,0.1013399065,5.496082743,NaN,1,,pmeal-hpc,2026-08-11T19:25:57,
taufactor,cpu,sor,8,n400_b100_p080,400,1,0.8,0.807589,51685723,iters,10,1.084528804,1.175919941,0.07771884291,6.708863342,NaN,1,,pmeal-hpc,2026-08-11T19:25:57,
taufactor,cpu,sor,8,n400_b100_p080,400,1,0.8,0.807589,51685723,iters,18,1.132151008,1.175919941,0.03722101465,9.141194399,NaN,1,,pmeal-hpc,2026-08-11T19:25:57,
taufactor,cpu,sor,8,n400_b100_p080,400,1,0.8,0.807589,51685723,iters,33,1.188907743,1.175919941,0.0110448008,13.78239282,NaN,1,,pmeal-hpc,2026-08-11T19:25:57,
taufactor,cpu,sor,8,n400_b100_p080,400,1,0.8,0.807589,51685723,iters,59,1.196201563,1.175919941,0.01724745127,21.68500115,NaN,1,,pmeal-hpc,2026-08-11T19:25:57,
taufactor,cpu,sor,8,n400_b100_p080,400,1,0.8,0.807589,51685723,iters,106,1.180368423,1.175919941,0.003782980717,36.33276435,NaN,1,,pmeal-hpc,2026-08-11T19:25:57,
taufactor,cpu,sor,8,n400_b100_p080,400,1,0.8,0.807589,51685723,iters,189,1.173052549,1.175919941,0.002438424197,61.72509854,NaN,1,,pmeal-hpc,2026-08-11T19:25:57,
taufactor,cpu,sor,8,n400_b100_p080,400,1,0.8,0.807589,51685723,iters,339,1.177321076,1.175919941,0.001191522777,108.2231761,NaN,1,,pmeal-hpc,2026-08-11T19:25:57,
taufactor,cpu,sor,8,n400_b100_p080,400,1,0.8,0.807589,51685723,iters,607,1.175681949,1.175919941,0.0002023882153,191.4336685,NaN,1,target_reached,pmeal-hpc,2026-08-11T19:25:57,
taufactor,cpu,sor,8,n400_b100_p095,400,1,0.95,0.950994,60863603,iters,1,1.00487566,1.036462383,0.03047551322,3.985562453,0,3,,pmeal-hpc,2026-08-11T19:27:50,
taufactor,cpu,sor,8,n400_b100_p095,400,1,0.95,0.950994,60863603,iters,2,1.007794499,1.036462383,0.02765935752,4.289633146,0,3,,pmeal-hpc,2026-08-11T19:27:50,
taufactor,cpu,sor,8,n400_b100_p095,400,1,0.95,0.950994,60863603,iters,3,1.010080218,1.036462383,0.02545404939,4.59170471,0,3,,pmeal-hpc,2026-08-11T19:27:50,
taufactor,cpu,sor,8,n400_b100_p095,400,1,0.95,0.950994,60863603,iters,6,1.016104937,1.036462383,0.01964127858,5.50983208,0,3,,pmeal-hpc,2026-08-11T19:27:50,
taufactor,cpu,sor,8,n400_b100_p095,400,1,0.95,0.950994,60863603,iters,10,1.022816658,1.036462383,0.01316567316,6.734492427,0,3,,pmeal-hpc,2026-08-11T19:27:50,
taufactor,cpu,sor,8,n400_b100_p095,400,1,0.95,0.950994,60863603,iters,18,1.032357335,1.036462383,0.003960633764,9.177772228,0,3,,pmeal-hpc,2026-08-11T19:27:50,
taufactor,cpu,sor,8,n400_b100_p095,400,1,0.95,0.950994,60863603,iters,33,1.040496588,1.036462383,0.003892282845,13.78132226,0,3,,pmeal-hpc,2026-08-11T19:27:50,
taufactor,cpu,sor,8,n400_b100_p095,400,1,0.95,0.950994,60863603,iters,59,1.040321112,1.036462383,0.003722979958,21.77866866,0,3,,pmeal-hpc,2026-08-11T19:27:50,
taufactor,cpu,sor,8,n400_b100_p095,400,1,0.95,0.950994,60863603,iters,106,1.036803126,1.036462383,0.0003287561042,36.39643201,0,3,target_reached,pmeal-hpc,2026-08-11T19:27:50,
taufactor,cpu,sor,8,n400_b200_p020,400,2,0.2,0.18948,12126729,iters,1,1.146163225,10.76863104,0.8935646304,13.7378679,NaN,1,,pmeal-hpc,2026-08-11T19:45:59,
taufactor,cpu,sor,8,n400_b200_p020,400,2,0.2,0.18948,12126729,iters,2,1.256391287,10.76863104,0.8833285975,14.04400054,NaN,1,,pmeal-hpc,2026-08-11T19:45:59,
taufactor,cpu,sor,8,n400_b200_p020,400,2,0.2,0.18948,12126729,iters,3,1.365275621,10.76863104,0.8732173462,14.34844358,NaN,1,,pmeal-hpc,2026-08-11T19:45:59,
taufactor,cpu,sor,8,n400_b200_p020,400,2,0.2,0.18948,12126729,iters,6,1.834278226,10.76863104,0.8296646789,15.26522348,NaN,1,,pmeal-hpc,2026-08-11T19:45:59,
taufactor,cpu,sor,8,n400_b200_p020,400,2,0.2,0.18948,12126729,iters,10,3.064819098,10.76863104,0.7153938058,16.4833222,NaN,1,,pmeal-hpc,2026-08-11T19:45:59,
taufactor,cpu,sor,8,n400_b200_p020,400,2,0.2,0.18948,12126729,iters,18,8.145690918,10.76863104,0.2435722899,18.91750437,NaN,1,,pmeal-hpc,2026-08-11T19:45:59,
taufactor,cpu,sor,8,n400_b200_p020,400,2,0.2,0.18948,12126729,iters,33,6.741990089,10.76863104,0.3739231974,23.48244634,NaN,1,,pmeal-hpc,2026-08-11T19:45:59,
taufactor,cpu,sor,8,n400_b200_p020,400,2,0.2,0.18948,12126729,iters,59,8.689352036,10.76863104,0.1930866604,31.51499121,NaN,1,,pmeal-hpc,2026-08-11T19:45:59,
taufactor,cpu,sor,8,n400_b200_p020,400,2,0.2,0.18948,12126729,iters,106,9.346939087,10.76863104,0.132021605,45.94422114,NaN,1,,pmeal-hpc,2026-08-11T19:45:59,
taufactor,cpu,sor,8,n400_b200_p020,400,2,0.2,0.18948,12126729,iters,189,9.757581711,10.76863104,0.09388838056,71.38460509,NaN,1,,pmeal-hpc,2026-08-11T19:45:59,
taufactor,cpu,sor,8,n400_b200_p020,400,2,0.2,0.18948,12126729,iters,339,10.4072094,10.76863104,0.03356245026,117.3909766,NaN,1,,pmeal-hpc,2026-08-11T19:45:59,
taufactor,cpu,sor,8,n400_b200_p020,400,2,0.2,0.18948,12126729,iters,607,10.37747288,10.76863104,0.03632385222,199.9650629,NaN,1,,pmeal-hpc,2026-08-11T19:45:59,
taufactor,cpu,sor,8,n400_b200_p020,400,2,0.2,0.18948,12126729,iters,1086,10.56796551,10.76863104,0.01863426574,347.246839,NaN,1,,pmeal-hpc,2026-08-11T19:45:59,
taufactor,cpu,sor,8,n400_b200_p020,400,2,0.2,0.18948,12126729,iters,1945,10.72319603,10.76863104,0.004219200209,611.5595986,NaN,1,,pmeal-hpc,2026-08-11T19:45:59,
taufactor,cpu,sor,8,n400_b200_p020,400,2,0.2,0.18948,12126729,iters,3484,10.76140976,10.76863104,0.0006705848173,1085.529597,NaN,1,target_reached,pmeal-hpc,2026-08-11T19:45:59,
taufactor,cpu,sor,8,n400_b200_p040,400,2,0.4,0.399236,25551094,iters,1,1.098029971,2.608420127,0.5790440506,13.7287661,NaN,1,,pmeal-hpc,2026-08-11T19:51:49,
taufactor,cpu,sor,8,n400_b200_p040,400,2,0.4,0.399236,25551094,iters,2,1.166138768,2.608420127,0.5529329205,14.03095722,NaN,1,,pmeal-hpc,2026-08-11T19:51:49,
taufactor,cpu,sor,8,n400_b200_p040,400,2,0.4,0.399236,25551094,iters,3,1.228277206,2.608420127,0.5291106698,14.33505637,NaN,1,,pmeal-hpc,2026-08-11T19:51:49,
taufactor,cpu,sor,8,n400_b200_p040,400,2,0.4,0.399236,25551094,iters,6,1.449966192,2.608420127,0.4441209155,15.24479814,NaN,1,,pmeal-hpc,2026-08-11T19:51:49,
taufactor,cpu,sor,8,n400_b200_p040,400,2,0.4,0.399236,25551094,iters,10,1.840870023,2.608420127,0.294258619,16.46938038,NaN,1,,pmeal-hpc,2026-08-11T19:51:49,
taufactor,cpu,sor,8,n400_b200_p040,400,2,0.4,0.399236,25551094,iters,18,2.627543211,2.608420127,0.007331289843,18.90190209,NaN,1,,pmeal-hpc,2026-08-11T19:51:49,
taufactor,cpu,sor,8,n400_b200_p040,400,2,0.4,0.399236,25551094,iters,33,2.635087013,2.608420127,0.01022338617,23.49497554,NaN,1,,pmeal-hpc,2026-08-11T19:51:49,
taufactor,cpu,sor,8,n400_b200_p040,400,2,0.4,0.399236,25551094,iters,59,2.738308668,2.608420127,0.04979586677,31.52407674,NaN,1,,pmeal-hpc,2026-08-11T19:51:49,
taufactor,cpu,sor,8,n400_b200_p040,400,2,0.4,0.399236,25551094,iters,106,2.713338137,2.608420127,0.04022281863,45.96959579,NaN,1,,pmeal-hpc,2026-08-11T19:51:49,
taufactor,cpu,sor,8,n400_b200_p040,400,2,0.4,0.399236,25551094,iters,189,2.60192728,2.608420127,0.002489187423,71.35755834,NaN,1,,pmeal-hpc,2026-08-11T19:51:49,
taufactor,cpu,sor,8,n400_b200_p040,400,2,0.4,0.399236,25551094,iters,339,2.590572357,2.608420127,0.006842367776,117.4540032,NaN,1,,pmeal-hpc,2026-08-11T19:51:49,
taufactor,cpu,sor,8,n400_b200_p040,400,2,0.4,0.399236,25551094,iters,607,2.616946697,2.608420127,0.003268863841,200.0918938,NaN,1,,pmeal-hpc,2026-08-11T19:51:49,
taufactor,cpu,sor,8,n400_b200_p040,400,2,0.4,0.399236,25551094,iters,1086,2.60662365,2.608420127,0.0006887224126,346.9485758,NaN,1,target_reached,pmeal-hpc,2026-08-11T19:51:49,
taufactor,cpu,sor,8,n400_b200_p060,400,2,0.6,0.601874,38519921,iters,1,1.062551618,1.574940918,0.3253387442,4.028444705,NaN,1,,pmeal-hpc,2026-08-11T19:52:53,
taufactor,cpu,sor,8,n400_b200_p060,400,2,0.6,0.601874,38519921,iters,2,1.103418708,1.574940918,0.2993904119,4.3314296,NaN,1,,pmeal-hpc,2026-08-11T19:52:53,
taufactor,cpu,sor,8,n400_b200_p060,400,2,0.6,0.601874,38519921,iters,3,1.138428926,1.574940918,0.2771608678,4.635601348,NaN,1,,pmeal-hpc,2026-08-11T19:52:53,
taufactor,cpu,sor,8,n400_b200_p060,400,2,0.6,0.601874,38519921,iters,6,1.247634053,1.574940918,0.2078216783,5.552593199,NaN,1,,pmeal-hpc,2026-08-11T19:52:53,
taufactor,cpu,sor,8,n400_b200_p060,400,2,0.6,0.601874,38519921,iters,10,1.400361657,1.574940918,0.1108481333,6.805031878,NaN,1,,pmeal-hpc,2026-08-11T19:52:53,
taufactor,cpu,sor,8,n400_b200_p060,400,2,0.6,0.601874,38519921,iters,18,1.635561347,1.574940918,0.03849060515,9.23388195,NaN,1,,pmeal-hpc,2026-08-11T19:52:53,
taufactor,cpu,sor,8,n400_b200_p060,400,2,0.6,0.601874,38519921,iters,33,1.651755929,1.574940918,0.04877326515,13.80087721,NaN,1,,pmeal-hpc,2026-08-11T19:52:53,
taufactor,cpu,sor,8,n400_b200_p060,400,2,0.6,0.601874,38519921,iters,59,1.617958665,1.574940918,0.02731387978,21.73456756,NaN,1,,pmeal-hpc,2026-08-11T19:52:53,
taufactor,cpu,sor,8,n400_b200_p060,400,2,0.6,0.601874,38519921,iters,106,1.57706368,1.574940918,0.001347835764,36.18742913,NaN,1,,pmeal-hpc,2026-08-11T19:52:53,
taufactor,cpu,sor,8,n400_b200_p060,400,2,0.6,0.601874,38519921,iters,189,1.574298859,1.574940918,0.0004076720276,61.75843655,NaN,1,target_reached,pmeal-hpc,2026-08-11T19:52:53,
taufactor,cpu,sor,8,n400_b200_p080,400,2,0.8,0.802397,51353403,iters,1,1.032410264,1.199127461,0.1390320899,3.982401447,0,3,,pmeal-hpc,2026-08-11T19:54:47,
taufactor,cpu,sor,8,n400_b200_p080,400,2,0.8,0.802397,51353403,iters,2,1.05245769,1.199127461,0.1223137452,4.289698757,0,3,,pmeal-hpc,2026-08-11T19:54:47,
taufactor,cpu,sor,8,n400_b200_p080,400,2,0.8,0.802397,51353403,iters,3,1.068606019,1.199127461,0.1088470127,4.593447109,0,3,,pmeal-hpc,2026-08-11T19:54:47,
taufactor,cpu,sor,8,n400_b200_p080,400,2,0.8,0.802397,51353403,iters,6,1.112949014,1.199127461,0.07186762883,5.507330647,0,3,,pmeal-hpc,2026-08-11T19:54:47,
taufactor,cpu,sor,8,n400_b200_p080,400,2,0.8,0.802397,51353403,iters,10,1.16353476,1.199127461,0.02968216614,6.728511096,0,3,,pmeal-hpc,2026-08-11T19:54:47,
taufactor,cpu,sor,8,n400_b200_p080,400,2,0.8,0.802397,51353403,iters,18,1.225341439,1.199127461,0.02186087726,9.171637846,0,3,,pmeal-hpc,2026-08-11T19:54:47,
taufactor,cpu,sor,8,n400_b200_p080,400,2,0.8,0.802397,51353403,iters,33,1.225994468,1.199127461,0.02240546365,13.74207364,0,3,,pmeal-hpc,2026-08-11T19:54:47,
taufactor,cpu,sor,8,n400_b200_p080,400,2,0.8,0.802397,51353403,iters,59,1.205824375,1.199127461,0.005584822607,21.65479615,0,3,,pmeal-hpc,2026-08-11T19:54:47,
taufactor,cpu,sor,8,n400_b200_p080,400,2,0.8,0.802397,51353403,iters,106,1.19830215,1.199127461,0.0006882598007,36.21721087,0,3,target_reached,pmeal-hpc,2026-08-11T19:54:47,
taufactor,cpu,sor,8,n400_b200_p095,400,2,0.95,0.950293,60818722,iters,1,1.009547234,1.041214741,0.0304140022,3.979944261,0,3,,pmeal-hpc,2026-08-11T19:55:56,
taufactor,cpu,sor,8,n400_b200_p095,400,2,0.95,0.950293,60818722,iters,2,1.015221715,1.041214741,0.02496413564,4.286197732,0,3,,pmeal-hpc,2026-08-11T19:55:56,
taufactor,cpu,sor,8,n400_b200_p095,400,2,0.95,0.950293,60818722,iters,3,1.019493341,1.041214741,0.02086159435,4.590745915,0,3,,pmeal-hpc,2026-08-11T19:55:56,
taufactor,cpu,sor,8,n400_b200_p095,400,2,0.95,0.950293,60818722,iters,6,1.029691577,1.041214741,0.0110670389,5.509739503,0,3,,pmeal-hpc,2026-08-11T19:55:56,
taufactor,cpu,sor,8,n400_b200_p095,400,2,0.95,0.950293,60818722,iters,10,1.038915396,1.041214741,0.002208329534,6.729104416,0,3,,pmeal-hpc,2026-08-11T19:55:56,
taufactor,cpu,sor,8,n400_b200_p095,400,2,0.95,0.950293,60818722,iters,18,1.046818614,1.041214741,0.005382053082,9.170113175,0,3,,pmeal-hpc,2026-08-11T19:55:56,
taufactor,cpu,sor,8,n400_b200_p095,400,2,0.95,0.950293,60818722,iters,33,1.045147777,1.041214741,0.003777352979,13.75461657,0,3,,pmeal-hpc,2026-08-11T19:55:56,
taufactor,cpu,sor,8,n400_b200_p095,400,2,0.95,0.950293,60818722,iters,59,1.041418791,1.041214741,0.0001959728471,21.70948336,0,3,target_reached,pmeal-hpc,2026-08-11T19:55:56,
taufactor,cpu,sor,8,n400_b100_p020,400,1,0.2,0.183379,11736271,iters,1,1.072318316,10.24145804,0.8952963229,13.40283849,NaN,1,,pmeal-hpc,2026-08-11T21:25:59,
taufactor,cpu,sor,8,n400_b100_p020,400,1,0.2,0.183379,11736271,iters,2,1.119385958,10.24145804,0.8907005279,13.7022734,NaN,1,,pmeal-hpc,2026-08-11T21:25:59,
taufactor,cpu,sor,8,n400_b100_p020,400,1,0.2,0.183379,11736271,iters,3,1.161499977,10.24145804,0.8865884162,14.00723673,NaN,1,,pmeal-hpc,2026-08-11T21:25:59,
taufactor,cpu,sor,8,n400_b100_p020,400,1,0.2,0.183379,11736271,iters,6,1.305404902,10.24145804,0.8725372016,14.91302584,NaN,1,,pmeal-hpc,2026-08-11T21:25:59,
taufactor,cpu,sor,8,n400_b100_p020,400,1,0.2,0.183379,11736271,iters,10,1.563058972,10.24145804,0.8473792534,16.12174971,NaN,1,,pmeal-hpc,2026-08-11T21:25:59,
taufactor,cpu,sor,8,n400_b100_p020,400,1,0.2,0.183379,11736271,iters,18,2.44641161,10.24145804,0.7611266286,18.55680212,NaN,1,,pmeal-hpc,2026-08-11T21:25:59,
taufactor,cpu,sor,8,n400_b100_p020,400,1,0.2,0.183379,11736271,iters,33,6.096172333,10.24145804,0.4047554256,23.30845538,NaN,1,,pmeal-hpc,2026-08-11T21:25:59,
taufactor,cpu,sor,8,n400_b100_p020,400,1,0.2,0.183379,11736271,iters,59,5.69616127,10.24145804,0.4438134445,31.28617917,NaN,1,,pmeal-hpc,2026-08-11T21:25:59,
taufactor,cpu,sor,8,n400_b100_p020,400,1,0.2,0.183379,11736271,iters,106,7.116522789,10.24145804,0.3051260122,45.77166393,NaN,1,,pmeal-hpc,2026-08-11T21:25:59,
taufactor,cpu,sor,8,n400_b100_p020,400,1,0.2,0.183379,11736271,iters,189,8.04074955,10.24145804,0.2148823421,70.99306333,NaN,1,,pmeal-hpc,2026-08-11T21:25:59,
taufactor,cpu,sor,8,n400_b100_p020,400,1,0.2,0.183379,11736271,iters,339,8.006164551,10.24145804,0.2182593026,116.9163738,NaN,1,,pmeal-hpc,2026-08-11T21:25:59,
taufactor,cpu,sor,8,n400_b100_p020,400,1,0.2,0.183379,11736271,iters,607,8.909640312,10.24145804,0.1300418088,199.1440709,NaN,1,,pmeal-hpc,2026-08-11T21:25:59,
taufactor,cpu,sor,8,n400_b100_p020,400,1,0.2,0.183379,11736271,iters,1086,9.076662064,10.24145804,0.1137334129,346.5524712,NaN,1,,pmeal-hpc,2026-08-11T21:25:59,
taufactor,cpu,sor,8,n400_b100_p020,400,1,0.2,0.183379,11736271,iters,1945,9.641293526,10.24145804,0.05860147178,610.3404218,NaN,1,,pmeal-hpc,2026-08-11T21:25:59,
taufactor,cpu,sor,8,n400_b100_p020,400,1,0.2,0.183379,11736271,iters,3484,9.99417305,10.24145804,0.02414548682,1083.375023,NaN,1,,pmeal-hpc,2026-08-11T21:25:59,
taufactor,cpu,sor,8,n400_b100_p020,400,1,0.2,0.183379,11736271,iters,6238,10.17953968,10.24145804,0.006045853947,1928.611404,NaN,1,,pmeal-hpc,2026-08-11T21:25:59,
taufactor,cpu,sor,8,n400_b100_p020,400,1,0.2,0.183379,11736271,iters,11169,10.24339199,10.24145804,0.0001888354816,3440.402539,NaN,1,target_reached,pmeal-hpc,2026-08-11T21:25:59,
taufactor,cpu,sor,8,n600_b050_p040,600,0.5,0.4,0.393651,85028549,iters,1,1.020061255,2.911720482,0.649670612,49.9983365,NaN,1,,pmeal-hpc,2026-08-13T12:49:55,
taufactor,cpu,sor,8,n600_b050_p040,600,0.5,0.4,0.393651,85028549,iters,2,1.03132081,2.911720482,0.6458036351,51.05621311,NaN,1,,pmeal-hpc,2026-08-13T12:49:55,
taufactor,cpu,sor,8,n600_b050_p040,600,0.5,0.4,0.393651,85028549,iters,3,1.040616035,2.911720482,0.6426112871,52.2153189,NaN,1,,pmeal-hpc,2026-08-13T12:49:55,
taufactor,cpu,sor,8,n600_b050_p040,600,0.5,0.4,0.393651,85028549,iters,6,1.067075849,2.911720482,0.6335239405,55.36843695,NaN,1,,pmeal-hpc,2026-08-13T12:49:55,
taufactor,cpu,sor,8,n600_b050_p040,600,0.5,0.4,0.393651,85028549,iters,10,1.10332191,2.911720482,0.6210756092,59.7066747,NaN,1,,pmeal-hpc,2026-08-13T12:49:55,
taufactor,cpu,sor,8,n600_b050_p040,600,0.5,0.4,0.393651,85028549,iters,18,1.180769444,2.911720482,0.5944770623,68.42284741,NaN,1,,pmeal-hpc,2026-08-13T12:49:55,
taufactor,cpu,sor,8,n600_b050_p040,600,0.5,0.4,0.393651,85028549,iters,33,1.34939301,2.911720482,0.5365650589,84.7651361,NaN,1,,pmeal-hpc,2026-08-13T12:49:55,
taufactor,cpu,sor,8,n600_b050_p040,600,0.5,0.4,0.393651,85028549,iters,59,1.721914887,2.911720482,0.4086263094,113.1516128,NaN,1,,pmeal-hpc,2026-08-13T12:49:55,
taufactor,cpu,sor,8,n600_b050_p040,600,0.5,0.4,0.393651,85028549,iters,106,2.40319705,2.911720482,0.1746470635,164.3148806,NaN,1,,pmeal-hpc,2026-08-13T12:49:55,
taufactor,cpu,sor,8,n600_b050_p040,600,0.5,0.4,0.393651,85028549,iters,189,2.552093267,2.911720482,0.1235102122,253.5817818,NaN,1,,pmeal-hpc,2026-08-13T12:49:55,
taufactor,cpu,sor,8,n600_b050_p040,600,0.5,0.4,0.393651,85028549,iters,339,2.627863169,2.911720482,0.09748783066,416.6136362,NaN,1,,pmeal-hpc,2026-08-13T12:49:55,
taufactor,cpu,sor,8,n600_b050_p040,600,0.5,0.4,0.393651,85028549,iters,607,2.910149336,2.911720482,0.000539593738,707.8659157,NaN,1,target_reached,pmeal-hpc,2026-08-13T12:49:55,
taufactor,cpu,sor,8,n600_b050_p060,600,0.5,0.6,0.603327,130318526,iters,1,1.012887955,1.644772466,0.3841774618,13.41124805,NaN,1,,pmeal-hpc,2026-08-13T13:09:56,
taufactor,cpu,sor,8,n600_b050_p060,600,0.5,0.6,0.603327,130318526,iters,2,1.020153999,1.644772466,0.3797598024,14.4652177,NaN,1,,pmeal-hpc,2026-08-13T13:09:56,
taufactor,cpu,sor,8,n600_b050_p060,600,0.5,0.6,0.603327,130318526,iters,3,1.026117206,1.644772466,0.3761342515,15.52356907,NaN,1,,pmeal-hpc,2026-08-13T13:09:56,
taufactor,cpu,sor,8,n600_b050_p060,600,0.5,0.6,0.603327,130318526,iters,6,1.042752743,1.644772466,0.366020064,18.80600684,NaN,1,,pmeal-hpc,2026-08-13T13:09:56,
taufactor,cpu,sor,8,n600_b050_p060,600,0.5,0.6,0.603327,130318526,iters,10,1.06490612,1.644772466,0.3525511022,23.25513119,NaN,1,,pmeal-hpc,2026-08-13T13:09:56,
taufactor,cpu,sor,8,n600_b050_p060,600,0.5,0.6,0.603327,130318526,iters,18,1.109714389,1.644772466,0.325308265,31.85796559,NaN,1,,pmeal-hpc,2026-08-13T13:09:56,
taufactor,cpu,sor,8,n600_b050_p060,600,0.5,0.6,0.603327,130318526,iters,33,1.197167277,1.644772466,0.2721380604,48.10193438,NaN,1,,pmeal-hpc,2026-08-13T13:09:56,
taufactor,cpu,sor,8,n600_b050_p060,600,0.5,0.6,0.603327,130318526,iters,59,1.354953408,1.644772466,0.1762061706,76.04837272,NaN,1,,pmeal-hpc,2026-08-13T13:09:56,
taufactor,cpu,sor,8,n600_b050_p060,600,0.5,0.6,0.603327,130318526,iters,106,1.588265657,1.644772466,0.0343553955,127.5516264,NaN,1,,pmeal-hpc,2026-08-13T13:09:56,
taufactor,cpu,sor,8,n600_b050_p060,600,0.5,0.6,0.603327,130318526,iters,189,1.667232513,1.644772466,0.01365541307,217.3262143,NaN,1,,pmeal-hpc,2026-08-13T13:09:56,
taufactor,cpu,sor,8,n600_b050_p060,600,0.5,0.6,0.603327,130318526,iters,339,1.62784636,1.644772466,0.01029084943,379.7703991,NaN,1,,pmeal-hpc,2026-08-13T13:09:56,
taufactor,cpu,sor,8,n600_b050_p060,600,0.5,0.6,0.603327,130318526,iters,607,1.670134187,1.644772466,0.01541959223,671.8828488,NaN,1,,pmeal-hpc,2026-08-13T13:09:56,
taufactor,cpu,sor,8,n600_b050_p060,600,0.5,0.6,0.603327,130318526,iters,1086,1.646389961,1.644772466,0.0009834158074,1191.349861,NaN,1,target_reached,pmeal-hpc,2026-08-13T13:09:56,
taufactor,cpu,sor,8,n600_b050_p080,600,0.5,0.8,0.801395,173101417,iters,1,1.006780744,1.207519104,0.1662403185,13.39466849,NaN,1,,pmeal-hpc,2026-08-13T13:29:58,
taufactor,cpu,sor,8,n600_b050_p080,600,0.5,0.8,0.801395,173101417,iters,2,1.010626912,1.207519104,0.1630551361,14.51864637,NaN,1,,pmeal-hpc,2026-08-13T13:29:58,
taufactor,cpu,sor,8,n600_b050_p080,600,0.5,0.8,0.801395,173101417,iters,3,1.013749838,1.207519104,0.1604689031,15.57459977,NaN,1,,pmeal-hpc,2026-08-13T13:29:58,
taufactor,cpu,sor,8,n600_b050_p080,600,0.5,0.8,0.801395,173101417,iters,6,1.022343874,1.207519104,0.1533518016,18.85743895,NaN,1,,pmeal-hpc,2026-08-13T13:29:58,
taufactor,cpu,sor,8,n600_b050_p080,600,0.5,0.8,0.801395,173101417,iters,10,1.033438563,1.207519104,0.1441637984,23.10340086,NaN,1,,pmeal-hpc,2026-08-13T13:29:58,
taufactor,cpu,sor,8,n600_b050_p080,600,0.5,0.8,0.801395,173101417,iters,18,1.054680109,1.207519104,0.1265727345,31.75498263,NaN,1,,pmeal-hpc,2026-08-13T13:29:58,
taufactor,cpu,sor,8,n600_b050_p080,600,0.5,0.8,0.801395,173101417,iters,33,1.091851592,1.207519104,0.09578938466,47.94499002,NaN,1,,pmeal-hpc,2026-08-13T13:29:58,
taufactor,cpu,sor,8,n600_b050_p080,600,0.5,0.8,0.801395,173101417,iters,59,1.147188544,1.207519104,0.049962406,76.1483154,NaN,1,,pmeal-hpc,2026-08-13T13:29:58,
taufactor,cpu,sor,8,n600_b050_p080,600,0.5,0.8,0.801395,173101417,iters,106,1.212615967,1.207519104,0.004220937607,127.2313394,NaN,1,,pmeal-hpc,2026-08-13T13:29:58,
taufactor,cpu,sor,8,n600_b050_p080,600,0.5,0.8,0.801395,173101417,iters,189,1.239004254,1.207519104,0.02607424614,216.9935449,NaN,1,,pmeal-hpc,2026-08-13T13:29:58,
taufactor,cpu,sor,8,n600_b050_p080,600,0.5,0.8,0.801395,173101417,iters,339,1.210992694,1.207519104,0.002876633496,379.8837939,NaN,1,,pmeal-hpc,2026-08-13T13:29:58,
taufactor,cpu,sor,8,n600_b050_p080,600,0.5,0.8,0.801395,173101417,iters,607,1.203367233,1.207519104,0.003438347857,670.7867864,NaN,1,,pmeal-hpc,2026-08-13T13:29:58,
taufactor,cpu,sor,8,n600_b050_p080,600,0.5,0.8,0.801395,173101417,iters,1086,1.206896901,1.207519104,0.0005152737272,1191.477973,NaN,1,target_reached,pmeal-hpc,2026-08-13T13:29:58,
taufactor,cpu,sor,8,n600_b050_p095,600,0.5,0.95,0.949611,205116041,iters,1,1.00205946,1.036289257,0.03303112242,13.35462909,NaN,1,,pmeal-hpc,2026-08-13T13:36:26,
taufactor,cpu,sor,8,n600_b050_p095,600,0.5,0.95,0.949611,205116041,iters,2,1.003234744,1.036289257,0.03189699469,14.44814926,NaN,1,,pmeal-hpc,2026-08-13T13:36:26,
taufactor,cpu,sor,8,n600_b050_p095,600,0.5,0.95,0.949611,205116041,iters,3,1.004172802,1.036289257,0.03099178614,15.64962967,NaN,1,,pmeal-hpc,2026-08-13T13:36:26,
taufactor,cpu,sor,8,n600_b050_p095,600,0.5,0.95,0.949611,205116041,iters,6,1.006714821,1.036289257,0.02853878484,18.8252942,NaN,1,,pmeal-hpc,2026-08-13T13:36:26,
taufactor,cpu,sor,8,n600_b050_p095,600,0.5,0.95,0.949611,205116041,iters,10,1.009862065,1.036289257,0.02550175205,23.24440973,NaN,1,,pmeal-hpc,2026-08-13T13:36:26,
taufactor,cpu,sor,8,n600_b050_p095,600,0.5,0.95,0.949611,205116041,iters,18,1.015496612,1.036289257,0.02006451892,31.82858027,NaN,1,,pmeal-hpc,2026-08-13T13:36:26,
taufactor,cpu,sor,8,n600_b050_p095,600,0.5,0.95,0.949611,205116041,iters,33,1.02404356,1.036289257,0.01181687149,47.9764893,NaN,1,,pmeal-hpc,2026-08-13T13:36:26,
taufactor,cpu,sor,8,n600_b050_p095,600,0.5,0.95,0.949611,205116041,iters,59,1.033819556,1.036289257,0.002383215639,75.95266992,NaN,1,,pmeal-hpc,2026-08-13T13:36:26,
taufactor,cpu,sor,8,n600_b050_p095,600,0.5,0.95,0.949611,205116041,iters,106,1.040660024,1.036289257,0.004217709158,127.3151091,NaN,1,,pmeal-hpc,2026-08-13T13:36:26,
taufactor,cpu,sor,8,n600_b050_p095,600,0.5,0.95,0.949611,205116041,iters,189,1.03925252,1.036289257,0.002859493706,217.037404,NaN,1,,pmeal-hpc,2026-08-13T13:36:26,
taufactor,cpu,sor,8,n600_b050_p095,600,0.5,0.95,0.949611,205116041,iters,339,1.036476135,1.036289257,0.0001803340647,379.7132709,NaN,1,target_reached,pmeal-hpc,2026-08-13T13:36:26,
taufactor,cpu,sor,8,n600_b100_p040,600,1,0.4,0.400067,86414504,iters,1,1.035161018,2.584229768,0.5994315091,14.55244934,NaN,1,,pmeal-hpc,2026-08-13T14:12:00,
taufactor,cpu,sor,8,n600_b100_p040,600,1,0.4,0.400067,86414504,iters,2,1.056509376,2.584229768,0.5911704955,15.60486203,NaN,1,,pmeal-hpc,2026-08-13T14:12:00,
taufactor,cpu,sor,8,n600_b100_p040,600,1,0.4,0.400067,86414504,iters,3,1.074654341,2.584229768,0.5841490745,16.75279209,NaN,1,,pmeal-hpc,2026-08-13T14:12:00,
taufactor,cpu,sor,8,n600_b100_p040,600,1,0.4,0.400067,86414504,iters,6,1.129799962,2.584229768,0.5628097873,19.94819016,NaN,1,,pmeal-hpc,2026-08-13T14:12:00,
taufactor,cpu,sor,8,n600_b100_p040,600,1,0.4,0.400067,86414504,iters,10,1.210938334,2.584229768,0.5314122802,24.30426251,NaN,1,,pmeal-hpc,2026-08-13T14:12:00,
taufactor,cpu,sor,8,n600_b100_p040,600,1,0.4,0.400067,86414504,iters,18,1.404387355,2.584229768,0.4565547645,32.90552745,NaN,1,,pmeal-hpc,2026-08-13T14:12:00,
taufactor,cpu,sor,8,n600_b100_p040,600,1,0.4,0.400067,86414504,iters,33,1.890488029,2.584229768,0.2684520347,49.15870318,NaN,1,,pmeal-hpc,2026-08-13T14:12:00,
taufactor,cpu,sor,8,n600_b100_p040,600,1,0.4,0.400067,86414504,iters,59,2.649401188,2.584229768,0.02521889528,77.09819244,NaN,1,,pmeal-hpc,2026-08-13T14:12:00,
taufactor,cpu,sor,8,n600_b100_p040,600,1,0.4,0.400067,86414504,iters,106,2.558418274,2.584229768,0.00998808016,128.1919124,NaN,1,,pmeal-hpc,2026-08-13T14:12:00,
taufactor,cpu,sor,8,n600_b100_p040,600,1,0.4,0.400067,86414504,iters,189,2.648561239,2.584229768,0.02489386665,217.5691854,NaN,1,,pmeal-hpc,2026-08-13T14:12:00,
taufactor,cpu,sor,8,n600_b100_p040,600,1,0.4,0.400067,86414504,iters,339,2.648566008,2.584229768,0.02489571183,380.918617,NaN,1,,pmeal-hpc,2026-08-13T14:12:00,
taufactor,cpu,sor,8,n600_b100_p040,600,1,0.4,0.400067,86414504,iters,607,2.616310596,2.584229768,0.01241407744,671.369108,NaN,1,,pmeal-hpc,2026-08-13T14:12:00,
taufactor,cpu,sor,8,n600_b100_p040,600,1,0.4,0.400067,86414504,iters,1086,2.589304924,2.584229768,0.001963895035,1190.319896,NaN,1,,pmeal-hpc,2026-08-13T14:12:00,
taufactor,cpu,sor,8,n600_b100_p040,600,1,0.4,0.400067,86414504,iters,1945,2.583433628,2.584229768,0.0003080762893,2123.350626,NaN,1,target_reached,pmeal-hpc,2026-08-13T14:12:00,
taufactor,cpu,sor,8,n600_b100_p060,600,1,0.6,0.601152,129848851,iters,1,1.022877336,1.574643825,0.3504071719,13.61089813,NaN,1,,pmeal-hpc,2026-08-13T14:23:21,
taufactor,cpu,sor,8,n600_b100_p060,600,1,0.6,0.601152,129848851,iters,2,1.036559105,1.574643825,0.3417183693,14.69089234,NaN,1,,pmeal-hpc,2026-08-13T14:23:21,
taufactor,cpu,sor,8,n600_b100_p060,600,1,0.6,0.601152,129848851,iters,3,1.047961593,1.574643825,0.3344770569,15.74925141,NaN,1,,pmeal-hpc,2026-08-13T14:23:21,
taufactor,cpu,sor,8,n600_b100_p060,600,1,0.6,0.601152,129848851,iters,6,1.081308246,1.574643825,0.3132997898,19.02709747,NaN,1,,pmeal-hpc,2026-08-13T14:23:21,
taufactor,cpu,sor,8,n600_b100_p060,600,1,0.6,0.601152,129848851,iters,10,1.127052665,1.574643825,0.2842491446,23.30397234,NaN,1,,pmeal-hpc,2026-08-13T14:23:21,
taufactor,cpu,sor,8,n600_b100_p060,600,1,0.6,0.601152,129848851,iters,18,1.222826958,1.574643825,0.223426315,31.97555533,NaN,1,,pmeal-hpc,2026-08-13T14:23:21,
taufactor,cpu,sor,8,n600_b100_p060,600,1,0.6,0.601152,129848851,iters,33,1.409300447,1.574643825,0.1050036687,48.09371552,NaN,1,,pmeal-hpc,2026-08-13T14:23:21,
taufactor,cpu,sor,8,n600_b100_p060,600,1,0.6,0.601152,129848851,iters,59,1.636397123,1.574643825,0.0392173121,76.12560855,NaN,1,,pmeal-hpc,2026-08-13T14:23:21,
taufactor,cpu,sor,8,n600_b100_p060,600,1,0.6,0.601152,129848851,iters,106,1.621984124,1.574643825,0.0300641316,127.3413745,NaN,1,,pmeal-hpc,2026-08-13T14:23:21,
taufactor,cpu,sor,8,n600_b100_p060,600,1,0.6,0.601152,129848851,iters,189,1.605920076,1.574643825,0.01986242912,216.8574467,NaN,1,,pmeal-hpc,2026-08-13T14:23:21,
taufactor,cpu,sor,8,n600_b100_p060,600,1,0.6,0.601152,129848851,iters,339,1.582754731,1.574643825,0.00515094655,380.0703176,NaN,1,,pmeal-hpc,2026-08-13T14:23:21,
taufactor,cpu,sor,8,n600_b100_p060,600,1,0.6,0.601152,129848851,iters,607,1.57389164,1.574643825,0.0004776859875,671.1516243,NaN,1,target_reached,pmeal-hpc,2026-08-13T14:23:21,
taufactor,cpu,sor,8,n600_b100_p080,600,1,0.8,0.800675,172945908,iters,1,1.012154818,1.194292393,0.1525066864,13.49975676,NaN,1,,pmeal-hpc,2026-08-13T14:34:42,
taufactor,cpu,sor,8,n600_b100_p080,600,1,0.8,0.800675,172945908,iters,2,1.01932013,1.194292393,0.1465070561,14.55734607,NaN,1,,pmeal-hpc,2026-08-13T14:34:42,
taufactor,cpu,sor,8,n600_b100_p080,600,1,0.8,0.800675,172945908,iters,3,1.025146008,1.194292393,0.1416289566,15.62543184,NaN,1,,pmeal-hpc,2026-08-13T14:34:42,
taufactor,cpu,sor,8,n600_b100_p080,600,1,0.8,0.800675,172945908,iters,6,1.041549206,1.194292393,0.127894298,18.90393991,NaN,1,,pmeal-hpc,2026-08-13T14:34:42,
taufactor,cpu,sor,8,n600_b100_p080,600,1,0.8,0.800675,172945908,iters,10,1.062527776,1.194292393,0.110328608,23.22050615,NaN,1,,pmeal-hpc,2026-08-13T14:34:42,
taufactor,cpu,sor,8,n600_b100_p080,600,1,0.8,0.800675,172945908,iters,18,1.101305604,1.194292393,0.07785931616,31.85512248,NaN,1,,pmeal-hpc,2026-08-13T14:34:42,
taufactor,cpu,sor,8,n600_b100_p080,600,1,0.8,0.800675,172945908,iters,33,1.161644697,1.194292393,0.02733643453,48.06427964,NaN,1,,pmeal-hpc,2026-08-13T14:34:42,
taufactor,cpu,sor,8,n600_b100_p080,600,1,0.8,0.800675,172945908,iters,59,1.218653321,1.194292393,0.02039779237,76.08854443,NaN,1,,pmeal-hpc,2026-08-13T14:34:42,
taufactor,cpu,sor,8,n600_b100_p080,600,1,0.8,0.800675,172945908,iters,106,1.213394761,1.194292393,0.01599471637,126.9623845,NaN,1,,pmeal-hpc,2026-08-13T14:34:42,
taufactor,cpu,sor,8,n600_b100_p080,600,1,0.8,0.800675,172945908,iters,189,1.200322628,1.194292393,0.005049211614,216.4801388,NaN,1,,pmeal-hpc,2026-08-13T14:34:42,
taufactor,cpu,sor,8,n600_b100_p080,600,1,0.8,0.800675,172945908,iters,339,1.195615053,1.194292393,0.001107484385,379.7234784,NaN,1,,pmeal-hpc,2026-08-13T14:34:42,
taufactor,cpu,sor,8,n600_b100_p080,600,1,0.8,0.800675,172945908,iters,607,1.193300605,1.194292393,0.0008304400041,670.8151415,NaN,1,target_reached,pmeal-hpc,2026-08-13T14:34:42,
taufactor,cpu,sor,8,n600_b100_p095,600,1,0.95,0.950634,205336897,iters,1,1.003672361,1.038559849,0.0335921783,13.44975742,NaN,1,,pmeal-hpc,2026-08-13T14:38:27,
taufactor,cpu,sor,8,n600_b100_p095,600,1,0.95,0.950634,205336897,iters,2,1.005831242,1.038559849,0.03151345339,14.51649912,NaN,1,,pmeal-hpc,2026-08-13T14:38:27,
taufactor,cpu,sor,8,n600_b100_p095,600,1,0.95,0.950634,205336897,iters,3,1.007549882,1.038559849,0.02985862307,15.57159065,NaN,1,,pmeal-hpc,2026-08-13T14:38:27,
taufactor,cpu,sor,8,n600_b100_p095,600,1,0.95,0.950634,205336897,iters,6,1.012173533,1.038559849,0.02540663938,18.88316878,NaN,1,,pmeal-hpc,2026-08-13T14:38:27,
taufactor,cpu,sor,8,n600_b100_p095,600,1,0.95,0.950634,205336897,iters,10,1.017655373,1.038559849,0.02012833098,23.12023757,NaN,1,,pmeal-hpc,2026-08-13T14:38:27,
taufactor,cpu,sor,8,n600_b100_p095,600,1,0.95,0.950634,205336897,iters,18,1.026498914,1.038559849,0.01161313452,31.89006862,NaN,1,,pmeal-hpc,2026-08-13T14:38:27,
taufactor,cpu,sor,8,n600_b100_p095,600,1,0.95,0.950634,205336897,iters,33,1.037171006,1.038559849,0.001337277576,48.20918766,NaN,1,,pmeal-hpc,2026-08-13T14:38:27,
taufactor,cpu,sor,8,n600_b100_p095,600,1,0.95,0.950634,205336897,iters,59,1.044154763,1.038559849,0.005387185175,76.16210331,NaN,1,,pmeal-hpc,2026-08-13T14:38:27,
taufactor,cpu,sor,8,n600_b100_p095,600,1,0.95,0.950634,205336897,iters,106,1.041708589,1.038559849,0.003031832593,127.5824506,NaN,1,,pmeal-hpc,2026-08-13T14:38:27,
taufactor,cpu,sor,8,n600_b100_p095,600,1,0.95,0.950634,205336897,iters,189,1.038752079,1.038559849,0.0001850928574,217.2015317,NaN,1,target_reached,pmeal-hpc,2026-08-13T14:38:27,
taufactor,cpu,sor,8,n600_b200_p040,600,2,0.4,0.398822,86145631,iters,1,1.062762141,2.58840573,0.5894143917,14.32682006,NaN,1,,pmeal-hpc,2026-08-13T14:58:30,
taufactor,cpu,sor,8,n600_b200_p040,600,2,0.4,0.398822,86145631,iters,2,1.104193568,2.58840573,0.5734078489,15.3986571,NaN,1,,pmeal-hpc,2026-08-13T14:58:30,
taufactor,cpu,sor,8,n600_b200_p040,600,2,0.4,0.398822,86145631,iters,3,1.140709877,2.58840573,0.5593002041,16.5920125,NaN,1,,pmeal-hpc,2026-08-13T14:58:30,
taufactor,cpu,sor,8,n600_b200_p040,600,2,0.4,0.398822,86145631,iters,6,1.262915492,2.58840573,0.5120875072,19.75208057,NaN,1,,pmeal-hpc,2026-08-13T14:58:30,
taufactor,cpu,sor,8,n600_b200_p040,600,2,0.4,0.398822,86145631,iters,10,1.464583039,2.58840573,0.4341756308,24.12890667,NaN,1,,pmeal-hpc,2026-08-13T14:58:30,
taufactor,cpu,sor,8,n600_b200_p040,600,2,0.4,0.398822,86145631,iters,18,1.99211061,2.58840573,0.2303715809,32.71247626,NaN,1,,pmeal-hpc,2026-08-13T14:58:30,
taufactor,cpu,sor,8,n600_b200_p040,600,2,0.4,0.398822,86145631,iters,33,2.723634958,2.58840573,0.05224421608,48.90395584,NaN,1,,pmeal-hpc,2026-08-13T14:58:30,
taufactor,cpu,sor,8,n600_b200_p040,600,2,0.4,0.398822,86145631,iters,59,2.678022146,2.58840573,0.03462224457,76.98616359,NaN,1,,pmeal-hpc,2026-08-13T14:58:30,
taufactor,cpu,sor,8,n600_b200_p040,600,2,0.4,0.398822,86145631,iters,106,2.700073481,2.58840573,0.04314151731,128.5635304,NaN,1,,pmeal-hpc,2026-08-13T14:58:30,
taufactor,cpu,sor,8,n600_b200_p040,600,2,0.4,0.398822,86145631,iters,189,2.660672188,2.58840573,0.02791929293,218.2461759,NaN,1,,pmeal-hpc,2026-08-13T14:58:30,
taufactor,cpu,sor,8,n600_b200_p040,600,2,0.4,0.398822,86145631,iters,339,2.614248276,2.58840573,0.009983962505,381.3037413,NaN,1,,pmeal-hpc,2026-08-13T14:58:30,
taufactor,cpu,sor,8,n600_b200_p040,600,2,0.4,0.398822,86145631,iters,607,2.591941595,2.58840573,0.001366039735,672.815497,NaN,1,,pmeal-hpc,2026-08-13T14:58:30,
taufactor,cpu,sor,8,n600_b200_p040,600,2,0.4,0.398822,86145631,iters,1086,2.58885932,2.58840573,0.0001752390213,1192.309186,NaN,1,target_reached,pmeal-hpc,2026-08-13T14:58:30,
taufactor,cpu,sor,8,n600_b200_p060,600,2,0.6,0.600028,129606057,iters,1,1.040843487,1.576153581,0.3396306684,13.59192956,NaN,1,,pmeal-hpc,2026-08-13T15:18:28,
taufactor,cpu,sor,8,n600_b200_p060,600,2,0.6,0.600028,129606057,iters,2,1.066789985,1.576153581,0.3231687587,14.65359002,NaN,1,,pmeal-hpc,2026-08-13T15:18:28,
taufactor,cpu,sor,8,n600_b200_p060,600,2,0.6,0.600028,129606057,iters,3,1.088795781,1.576153581,0.3092070505,15.71766838,NaN,1,,pmeal-hpc,2026-08-13T15:18:28,
taufactor,cpu,sor,8,n600_b200_p060,600,2,0.6,0.600028,129606057,iters,6,1.156499267,1.576153581,0.266252172,19.00718734,NaN,1,,pmeal-hpc,2026-08-13T15:18:28,
taufactor,cpu,sor,8,n600_b200_p060,600,2,0.6,0.600028,129606057,iters,10,1.252875805,1.576153581,0.2051055049,23.42163217,NaN,1,,pmeal-hpc,2026-08-13T15:18:28,
taufactor,cpu,sor,8,n600_b200_p060,600,2,0.6,0.600028,129606057,iters,18,1.449096084,1.576153581,0.08061238377,31.96380078,NaN,1,,pmeal-hpc,2026-08-13T15:18:28,
taufactor,cpu,sor,8,n600_b200_p060,600,2,0.6,0.600028,129606057,iters,33,1.664850593,1.576153581,0.05627434578,48.23453306,NaN,1,,pmeal-hpc,2026-08-13T15:18:28,
taufactor,cpu,sor,8,n600_b200_p060,600,2,0.6,0.600028,129606057,iters,59,1.650570869,1.576153581,0.04721449061,76.21486018,NaN,1,,pmeal-hpc,2026-08-13T15:18:28,
taufactor,cpu,sor,8,n600_b200_p060,600,2,0.6,0.600028,129606057,iters,106,1.610046744,1.576153581,0.02150371877,127.4801941,NaN,1,,pmeal-hpc,2026-08-13T15:18:28,
taufactor,cpu,sor,8,n600_b200_p060,600,2,0.6,0.600028,129606057,iters,189,1.578694463,1.576153581,0.001612077533,216.9786854,NaN,1,,pmeal-hpc,2026-08-13T15:18:28,
taufactor,cpu,sor,8,n600_b200_p060,600,2,0.6,0.600028,129606057,iters,339,1.579461336,1.576153581,0.00209862489,379.2849452,NaN,1,,pmeal-hpc,2026-08-13T15:18:28,
taufactor,cpu,sor,8,n600_b200_p060,600,2,0.6,0.600028,129606057,iters,607,1.578936577,1.576153581,0.001765688241,669.8384037,NaN,1,,pmeal-hpc,2026-08-13T15:18:28,
taufactor,cpu,sor,8,n600_b200_p060,600,2,0.6,0.600028,129606057,iters,1086,1.575759888,1.576153581,0.0002497810552,1188.061649,NaN,1,target_reached,pmeal-hpc,2026-08-13T15:18:28,
taufactor,cpu,sor,8,n600_b200_p080,600,2,0.8,0.801043,173025334,iters,1,1.021548629,1.194359614,0.1446892403,13.5419759,NaN,1,,pmeal-hpc,2026-08-13T15:22:15,
taufactor,cpu,sor,8,n600_b200_p080,600,2,0.8,0.801043,173025334,iters,2,1.034794331,1.194359614,0.1335990279,14.60365538,NaN,1,,pmeal-hpc,2026-08-13T15:22:15,
taufactor,cpu,sor,8,n600_b200_p080,600,2,0.8,0.801043,173025334,iters,3,1.045556068,1.194359614,0.124588561,15.6697604,NaN,1,,pmeal-hpc,2026-08-13T15:22:15,
taufactor,cpu,sor,8,n600_b200_p080,600,2,0.8,0.801043,173025334,iters,6,1.076078653,1.194359614,0.09903295396,18.95437937,NaN,1,,pmeal-hpc,2026-08-13T15:22:15,
taufactor,cpu,sor,8,n600_b200_p080,600,2,0.8,0.801043,173025334,iters,10,1.113796711,1.194359614,0.0674528024,23.38539225,NaN,1,,pmeal-hpc,2026-08-13T15:22:15,
taufactor,cpu,sor,8,n600_b200_p080,600,2,0.8,0.801043,173025334,iters,18,1.175712705,1.194359614,0.01561247477,32.14442899,NaN,1,,pmeal-hpc,2026-08-13T15:22:15,
taufactor,cpu,sor,8,n600_b200_p080,600,2,0.8,0.801043,173025334,iters,33,1.229534388,1.194359614,0.02945073927,48.63633651,NaN,1,,pmeal-hpc,2026-08-13T15:22:15,
taufactor,cpu,sor,8,n600_b200_p080,600,2,0.8,0.801043,173025334,iters,59,1.215630174,1.194359614,0.01780917525,76.69192995,NaN,1,,pmeal-hpc,2026-08-13T15:22:15,
taufactor,cpu,sor,8,n600_b200_p080,600,2,0.8,0.801043,173025334,iters,106,1.196967006,1.194359614,0.002183087656,127.7619986,NaN,1,,pmeal-hpc,2026-08-13T15:22:15,
taufactor,cpu,sor,8,n600_b200_p080,600,2,0.8,0.801043,173025334,iters,189,1.193795919,1.194359614,0.0004719638667,217.4831472,NaN,1,target_reached,pmeal-hpc,2026-08-13T15:22:15,
taufactor,cpu,sor,8,n600_b200_p095,600,2,0.95,0.950849,205383281,iters,1,1.006385684,1.037615234,0.03009742818,13.3720186,NaN,1,,pmeal-hpc,2026-08-13T15:24:30,
taufactor,cpu,sor,8,n600_b200_p095,600,2,0.95,0.950849,205383281,iters,2,1.010206342,1.037615234,0.02641527549,14.48218162,NaN,1,,pmeal-hpc,2026-08-13T15:24:30,
taufactor,cpu,sor,8,n600_b200_p095,600,2,0.95,0.950849,205383281,iters,3,1.013168693,1.037615234,0.02356031466,15.53790195,NaN,1,,pmeal-hpc,2026-08-13T15:24:30,
taufactor,cpu,sor,8,n600_b200_p095,600,2,0.95,0.950849,205383281,iters,6,1.02079463,1.037615234,0.01621082979,18.80671973,NaN,1,,pmeal-hpc,2026-08-13T15:24:30,
taufactor,cpu,sor,8,n600_b200_p095,600,2,0.95,0.950849,205383281,iters,10,1.028773665,1.037615234,0.008521047381,23.00999414,NaN,1,,pmeal-hpc,2026-08-13T15:24:30,
taufactor,cpu,sor,8,n600_b200_p095,600,2,0.95,0.950849,205383281,iters,18,1.038677931,1.037615234,0.001024172349,31.74639309,NaN,1,,pmeal-hpc,2026-08-13T15:24:30,
taufactor,cpu,sor,8,n600_b200_p095,600,2,0.95,0.950849,205383281,iters,33,1.043594956,1.037615234,0.005762947769,47.82112516,NaN,1,,pmeal-hpc,2026-08-13T15:24:30,
taufactor,cpu,sor,8,n600_b200_p095,600,2,0.95,0.950849,205383281,iters,59,1.039608121,1.037615234,0.001920641537,75.93109802,NaN,1,,pmeal-hpc,2026-08-13T15:24:30,
taufactor,cpu,sor,8,n600_b200_p095,600,2,0.95,0.950849,205383281,iters,106,1.037561536,1.037615234,5.175151923e-05,127.1149072,NaN,1,target_reached,pmeal-hpc,2026-08-13T15:24:30,
taufactor,cpu,sor,8,n600_b050_p020,600,0.5,0.2,0.156443,33791688,iters,1,1.026658416,23.43955199,0.9561997424,49.92780648,NaN,1,,pmeal-hpc,2026-08-13T21:37:25,
taufactor,cpu,sor,8,n600_b050_p020,600,0.5,0.2,0.156443,33791688,iters,2,1.041821122,23.43955199,0.9555528569,50.98829169,NaN,1,,pmeal-hpc,2026-08-13T21:37:25,
taufactor,cpu,sor,8,n600_b050_p020,600,0.5,0.2,0.156443,33791688,iters,3,1.054510117,23.43955199,0.9550115072,52.09087523,NaN,1,,pmeal-hpc,2026-08-13T21:37:25,
taufactor,cpu,sor,8,n600_b050_p020,600,0.5,0.2,0.156443,33791688,iters,6,1.091564178,23.43955199,0.9534306723,55.26473813,NaN,1,,pmeal-hpc,2026-08-13T21:37:25,
taufactor,cpu,sor,8,n600_b050_p020,600,0.5,0.2,0.156443,33791688,iters,10,1.14431262,23.43955199,0.9511802691,59.5665323,NaN,1,,pmeal-hpc,2026-08-13T21:37:25,
taufactor,cpu,sor,8,n600_b050_p020,600,0.5,0.2,0.156443,33791688,iters,18,1.264524937,23.43955199,0.9460516593,68.21486276,NaN,1,,pmeal-hpc,2026-08-13T21:37:25,
taufactor,cpu,sor,8,n600_b050_p020,600,0.5,0.2,0.156443,33791688,iters,33,1.568988919,23.43955199,0.9330623333,84.4865094,NaN,1,,pmeal-hpc,2026-08-13T21:37:25,
taufactor,cpu,sor,8,n600_b050_p020,600,0.5,0.2,0.156443,33791688,iters,59,2.497834206,23.43955199,0.8934350705,112.4102273,NaN,1,,pmeal-hpc,2026-08-13T21:37:25,
taufactor,cpu,sor,8,n600_b050_p020,600,0.5,0.2,0.156443,33791688,iters,106,5.408373833,23.43955199,0.7692629179,163.6250249,NaN,1,,pmeal-hpc,2026-08-13T21:37:25,
taufactor,cpu,sor,8,n600_b050_p020,600,0.5,0.2,0.156443,33791688,iters,189,5.470160961,23.43955199,0.7666268978,253.1187524,NaN,1,,pmeal-hpc,2026-08-13T21:37:25,
taufactor,cpu,sor,8,n600_b050_p020,600,0.5,0.2,0.156443,33791688,iters,339,7.600486755,23.43955199,0.6757409545,415.664393,NaN,1,,pmeal-hpc,2026-08-13T21:37:25,
taufactor,cpu,sor,8,n600_b050_p020,600,0.5,0.2,0.156443,33791688,iters,607,6.817373276,23.43955199,0.7091508712,705.3979123,NaN,1,,pmeal-hpc,2026-08-13T21:37:25,
taufactor,cpu,sor,8,n600_b050_p020,600,0.5,0.2,0.156443,33791688,iters,1086,8.821931839,23.43955199,0.6236305266,1223.457472,NaN,1,,pmeal-hpc,2026-08-13T21:37:25,
taufactor,cpu,sor,8,n600_b050_p020,600,0.5,0.2,0.156443,33791688,iters,1945,13.71319199,23.43955199,0.4149550302,2154.887354,NaN,1,,pmeal-hpc,2026-08-13T21:37:25,
taufactor,cpu,sor,8,n600_b050_p020,600,0.5,0.2,0.156443,33791688,iters,3484,18.87844849,23.43955199,0.1945900462,3820.198625,NaN,1,,pmeal-hpc,2026-08-13T21:37:25,
taufactor,cpu,sor,8,n600_b050_p020,600,0.5,0.2,0.156443,33791688,iters,6238,22.22729111,23.43955199,0.05171860296,6798.128411,NaN,1,,pmeal-hpc,2026-08-13T21:37:25,
taufactor,cpu,sor,8,n600_b050_p020,600,0.5,0.2,0.156443,33791688,iters,11169,23.02798843,23.43955199,0.01755850779,12128.99119,NaN,1,,pmeal-hpc,2026-08-13T21:37:25,
taufactor,cpu,sor,8,n600_b050_p020,600,0.5,0.2,0.156443,33791688,iters,20000,23.47515297,23.43955199,0.001518842142,21670.72462,NaN,1,ladder_exhausted,pmeal-hpc,2026-08-13T21:37:25,
taufactor,cpu,sor,8,n600_b100_p020,600,1,0.2,0.186121,40202032,iters,1,1.05115664,12.53312864,0.9161297494,50.07420352,NaN,1,,pmeal-hpc,2026-08-14T03:38:39,
taufactor,cpu,sor,8,n600_b100_p020,600,1,0.2,0.186121,40202032,iters,2,1.082811356,12.53312864,0.9136040659,51.1285952,NaN,1,,pmeal-hpc,2026-08-14T03:38:39,
taufactor,cpu,sor,8,n600_b100_p020,600,1,0.2,0.186121,40202032,iters,3,1.110316396,12.53312864,0.911409479,52.376189,NaN,1,,pmeal-hpc,2026-08-14T03:38:39,
taufactor,cpu,sor,8,n600_b100_p020,600,1,0.2,0.186121,40202032,iters,6,1.197833657,12.53312864,0.9044266047,55.54189659,NaN,1,,pmeal-hpc,2026-08-14T03:38:39,
taufactor,cpu,sor,8,n600_b100_p020,600,1,0.2,0.186121,40202032,iters,10,1.337956309,12.53312864,0.8932464233,59.86018673,NaN,1,,pmeal-hpc,2026-08-14T03:38:39,
taufactor,cpu,sor,8,n600_b100_p020,600,1,0.2,0.186121,40202032,iters,18,1.737726331,12.53312864,0.8613493581,68.34115902,NaN,1,,pmeal-hpc,2026-08-14T03:38:39,
taufactor,cpu,sor,8,n600_b100_p020,600,1,0.2,0.186121,40202032,iters,33,3.319886208,12.53312864,0.735111136,84.5458268,NaN,1,,pmeal-hpc,2026-08-14T03:38:39,
taufactor,cpu,sor,8,n600_b100_p020,600,1,0.2,0.186121,40202032,iters,59,7.407514095,12.53312864,0.4089652865,112.6139581,NaN,1,,pmeal-hpc,2026-08-14T03:38:39,
taufactor,cpu,sor,8,n600_b100_p020,600,1,0.2,0.186121,40202032,iters,106,6.101381779,12.53312864,0.5131796733,163.7145141,NaN,1,,pmeal-hpc,2026-08-14T03:38:39,
taufactor,cpu,sor,8,n600_b100_p020,600,1,0.2,0.186121,40202032,iters,189,8.357395172,12.53312864,0.3331756649,253.0159528,NaN,1,,pmeal-hpc,2026-08-14T03:38:39,
taufactor,cpu,sor,8,n600_b100_p020,600,1,0.2,0.186121,40202032,iters,339,10.18835449,12.53312864,0.1870860992,415.354382,NaN,1,,pmeal-hpc,2026-08-14T03:38:39,
taufactor,cpu,sor,8,n600_b100_p020,600,1,0.2,0.186121,40202032,iters,607,9.407409668,12.53312864,0.2493965443,704.4685236,NaN,1,,pmeal-hpc,2026-08-14T03:38:39,
taufactor,cpu,sor,8,n600_b100_p020,600,1,0.2,0.186121,40202032,iters,1086,10.15194035,12.53312864,0.1899915307,1222.782468,NaN,1,,pmeal-hpc,2026-08-14T03:38:39,
taufactor,cpu,sor,8,n600_b100_p020,600,1,0.2,0.186121,40202032,iters,1945,11.28664875,12.53312864,0.09945480698,2151.434585,NaN,1,,pmeal-hpc,2026-08-14T03:38:39,
taufactor,cpu,sor,8,n600_b100_p020,600,1,0.2,0.186121,40202032,iters,3484,12.07876015,12.53312864,0.03625339737,3815.710637,NaN,1,,pmeal-hpc,2026-08-14T03:38:39,
taufactor,cpu,sor,8,n600_b100_p020,600,1,0.2,0.186121,40202032,iters,6238,12.33102226,12.53312864,0.0161257722,6794.357512,NaN,1,,pmeal-hpc,2026-08-14T03:38:39,
taufactor,cpu,sor,8,n600_b100_p020,600,1,0.2,0.186121,40202032,iters,11169,12.4894228,12.53312864,0.003487225185,12118.74895,NaN,1,,pmeal-hpc,2026-08-14T03:38:39,
taufactor,cpu,sor,8,n600_b100_p020,600,1,0.2,0.186121,40202032,iters,20000,12.53759289,12.53312864,0.0003561958077,21661.74979,NaN,1,target_reached,pmeal-hpc,2026-08-14T03:38:39,
taufactor,cpu,sor,8,n600_b200_p020,600,2,0.2,0.19095,41245095,iters,1,1.092594981,11.15581331,0.9020604818,50.00269543,NaN,1,,pmeal-hpc,2026-08-14T05:32:04,
taufactor,cpu,sor,8,n600_b200_p020,600,2,0.2,0.19095,41245095,iters,2,1.156905651,11.15581331,0.8962957143,51.05400023,NaN,1,,pmeal-hpc,2026-08-14T05:32:04,
taufactor,cpu,sor,8,n600_b200_p020,600,2,0.2,0.19095,41245095,iters,3,1.216509819,11.15581331,0.8909528346,52.11014439,NaN,1,,pmeal-hpc,2026-08-14T05:32:04,
taufactor,cpu,sor,8,n600_b200_p020,600,2,0.2,0.19095,41245095,iters,6,1.439231515,11.15581331,0.8709882036,55.37505662,NaN,1,,pmeal-hpc,2026-08-14T05:32:04,
taufactor,cpu,sor,8,n600_b200_p020,600,2,0.2,0.19095,41245095,iters,10,1.897390842,11.15581331,0.8299190933,59.73363364,NaN,1,,pmeal-hpc,2026-08-14T05:32:04,
taufactor,cpu,sor,8,n600_b200_p020,600,2,0.2,0.19095,41245095,iters,18,3.912852526,11.15581331,0.6492543917,68.2432106,NaN,1,,pmeal-hpc,2026-08-14T05:32:04,
taufactor,cpu,sor,8,n600_b200_p020,600,2,0.2,0.19095,41245095,iters,33,9.005497932,11.15581331,0.1927529009,84.43755785,NaN,1,,pmeal-hpc,2026-08-14T05:32:04,
taufactor,cpu,sor,8,n600_b200_p020,600,2,0.2,0.19095,41245095,iters,59,6.908923626,11.15581331,0.3806884864,112.36877,NaN,1,,pmeal-hpc,2026-08-14T05:32:04,
taufactor,cpu,sor,8,n600_b200_p020,600,2,0.2,0.19095,41245095,iters,106,9.479726791,11.15581331,0.150243328,163.4012007,NaN,1,,pmeal-hpc,2026-08-14T05:32:04,
taufactor,cpu,sor,8,n600_b200_p020,600,2,0.2,0.19095,41245095,iters,189,10.00759888,11.15581331,0.1029252105,252.621835,NaN,1,,pmeal-hpc,2026-08-14T05:32:04,
taufactor,cpu,sor,8,n600_b200_p020,600,2,0.2,0.19095,41245095,iters,339,10.252244,11.15581331,0.08099537786,415.559997,NaN,1,,pmeal-hpc,2026-08-14T05:32:04,
taufactor,cpu,sor,8,n600_b200_p020,600,2,0.2,0.19095,41245095,iters,607,9.999625206,11.15581331,0.1036399653,705.2896139,NaN,1,,pmeal-hpc,2026-08-14T05:32:04,
taufactor,cpu,sor,8,n600_b200_p020,600,2,0.2,0.19095,41245095,iters,1086,10.70403385,11.15581331,0.04049722291,1223.853139,NaN,1,,pmeal-hpc,2026-08-14T05:32:04,
taufactor,cpu,sor,8,n600_b200_p020,600,2,0.2,0.19095,41245095,iters,1945,10.90320206,11.15581331,0.02264391184,2153.220862,NaN,1,,pmeal-hpc,2026-08-14T05:32:04,
taufactor,cpu,sor,8,n600_b200_p020,600,2,0.2,0.19095,41245095,iters,3484,11.09354115,11.15581331,0.005582037181,3817.400979,NaN,1,,pmeal-hpc,2026-08-14T05:32:04,
taufactor,cpu,sor,8,n600_b200_p020,600,2,0.2,0.19095,41245095,iters,6238,11.15528011,11.15581331,4.779541975e-05,6793.377962,NaN,1,target_reached,pmeal-hpc,2026-08-14T05:32:04,
taufactor,cpu,sor,8,n800_b050_p040,800,0.5,0.4,0.384479,196853200,iters,1,1.016636014,2.713834504,0.6253876158,32.27050415,NaN,1,,pmeal-hpc,2026-08-14T20:30:19,
taufactor,cpu,sor,8,n800_b050_p040,800,0.5,0.4,0.384479,196853200,iters,2,1.025702238,2.713834504,0.6220468726,34.67483782,NaN,1,,pmeal-hpc,2026-08-14T20:30:19,
taufactor,cpu,sor,8,n800_b050_p040,800,0.5,0.4,0.384479,196853200,iters,3,1.032975912,2.713834504,0.6193666524,37.22652226,NaN,1,,pmeal-hpc,2026-08-14T20:30:19,
taufactor,cpu,sor,8,n800_b050_p040,800,0.5,0.4,0.384479,196853200,iters,6,1.053074121,2.713834504,0.6119608178,44.56429572,NaN,1,,pmeal-hpc,2026-08-14T20:30:19,
taufactor,cpu,sor,8,n800_b050_p040,800,0.5,0.4,0.384479,196853200,iters,10,1.080032229,2.713834504,0.602027232,54.39666759,NaN,1,,pmeal-hpc,2026-08-14T20:30:19,
taufactor,cpu,sor,8,n800_b050_p040,800,0.5,0.4,0.384479,196853200,iters,18,1.135755777,2.713834504,0.5814940905,74.15071369,NaN,1,,pmeal-hpc,2026-08-14T20:30:19,
taufactor,cpu,sor,8,n800_b050_p040,800,0.5,0.4,0.384479,196853200,iters,33,1.252603769,2.713834504,0.5384376728,111.3520654,NaN,1,,pmeal-hpc,2026-08-14T20:30:19,
taufactor,cpu,sor,8,n800_b050_p040,800,0.5,0.4,0.384479,196853200,iters,59,1.501717806,2.713834504,0.4466435578,175.5565307,NaN,1,,pmeal-hpc,2026-08-14T20:30:19,
taufactor,cpu,sor,8,n800_b050_p040,800,0.5,0.4,0.384479,196853200,iters,106,2.085504055,2.713834504,0.2315286537,292.687585,NaN,1,,pmeal-hpc,2026-08-14T20:30:19,
taufactor,cpu,sor,8,n800_b050_p040,800,0.5,0.4,0.384479,196853200,iters,189,2.780137062,2.713834504,0.02443131959,498.6083497,NaN,1,,pmeal-hpc,2026-08-14T20:30:19,
taufactor,cpu,sor,8,n800_b050_p040,800,0.5,0.4,0.384479,196853200,iters,339,2.69058919,2.713834504,0.008565487113,873.3090067,NaN,1,,pmeal-hpc,2026-08-14T20:30:19,
taufactor,cpu,sor,8,n800_b050_p040,800,0.5,0.4,0.384479,196853200,iters,607,2.555351734,2.713834504,0.05839809672,1541.449254,NaN,1,,pmeal-hpc,2026-08-14T20:30:19,
taufactor,cpu,sor,8,n800_b050_p040,800,0.5,0.4,0.384479,196853200,iters,1086,2.651049376,2.713834504,0.02313520901,2734.712849,NaN,1,,pmeal-hpc,2026-08-14T20:30:19,
taufactor,cpu,sor,8,n800_b050_p040,800,0.5,0.4,0.384479,196853200,iters,1945,2.696729422,2.713834504,0.006302920226,4881.371671,NaN,1,,pmeal-hpc,2026-08-14T20:30:19,
taufactor,cpu,sor,8,n800_b050_p040,800,0.5,0.4,0.384479,196853200,iters,3484,2.716130972,2.713834504,0.0008462077939,8729.157724,NaN,1,target_reached,pmeal-hpc,2026-08-14T20:30:19,
taufactor,cpu,sor,8,n800_b050_p060,800,0.5,0.6,0.59834,306349955,iters,1,1.010926247,1.573690994,0.3576081642,31.9172163,NaN,1,,pmeal-hpc,2026-08-14T22:56:12,
taufactor,cpu,sor,8,n800_b050_p060,800,0.5,0.6,0.59834,306349955,iters,2,1.016869903,1.573690994,0.3538312753,34.46900781,NaN,1,,pmeal-hpc,2026-08-14T22:56:12,
taufactor,cpu,sor,8,n800_b050_p060,800,0.5,0.6,0.59834,306349955,iters,3,1.021561742,1.573690994,0.3508498519,36.89571649,NaN,1,,pmeal-hpc,2026-08-14T22:56:12,
taufactor,cpu,sor,8,n800_b050_p060,800,0.5,0.6,0.59834,306349955,iters,6,1.034250736,1.573690994,0.3427866461,44.55210792,NaN,1,,pmeal-hpc,2026-08-14T22:56:12,
taufactor,cpu,sor,8,n800_b050_p060,800,0.5,0.6,0.59834,306349955,iters,10,1.050796866,1.573690994,0.3322724281,54.30250648,NaN,1,,pmeal-hpc,2026-08-14T22:56:12,
taufactor,cpu,sor,8,n800_b050_p060,800,0.5,0.6,0.59834,306349955,iters,18,1.083501339,1.573690994,0.3114904113,74.0736106,NaN,1,,pmeal-hpc,2026-08-14T22:56:12,
taufactor,cpu,sor,8,n800_b050_p060,800,0.5,0.6,0.59834,306349955,iters,33,1.145984411,1.573690994,0.2717856202,111.2432998,NaN,1,,pmeal-hpc,2026-08-14T22:56:12,
taufactor,cpu,sor,8,n800_b050_p060,800,0.5,0.6,0.59834,306349955,iters,59,1.257542372,1.573690994,0.2008962518,175.7068017,NaN,1,,pmeal-hpc,2026-08-14T22:56:12,
taufactor,cpu,sor,8,n800_b050_p060,800,0.5,0.6,0.59834,306349955,iters,106,1.448682904,1.573690994,0.07943623636,292.8937326,NaN,1,,pmeal-hpc,2026-08-14T22:56:12,
taufactor,cpu,sor,8,n800_b050_p060,800,0.5,0.6,0.59834,306349955,iters,189,1.596222997,1.573690994,0.01431793332,498.0602334,NaN,1,,pmeal-hpc,2026-08-14T22:56:12,
taufactor,cpu,sor,8,n800_b050_p060,800,0.5,0.6,0.59834,306349955,iters,339,1.588061929,1.573690994,0.009131992751,872.9915067,NaN,1,,pmeal-hpc,2026-08-14T22:56:12,
taufactor,cpu,sor,8,n800_b050_p060,800,0.5,0.6,0.59834,306349955,iters,607,1.579682589,1.573690994,0.00380735138,1542.366358,NaN,1,,pmeal-hpc,2026-08-14T22:56:12,
taufactor,cpu,sor,8,n800_b050_p060,800,0.5,0.6,0.59834,306349955,iters,1086,1.570249796,1.573690994,0.002186705077,2737.56521,NaN,1,,pmeal-hpc,2026-08-14T22:56:12,
taufactor,cpu,sor,8,n800_b050_p060,800,0.5,0.6,0.59834,306349955,iters,1945,1.572001338,1.573690994,0.001073689817,4881.566208,NaN,1,,pmeal-hpc,2026-08-14T22:56:12,
taufactor,cpu,sor,8,n800_b050_p060,800,0.5,0.6,0.59834,306349955,iters,3484,1.573336959,1.573690994,0.0002249711768,8723.758952,NaN,1,target_reached,pmeal-hpc,2026-08-14T22:56:12,
taufactor,cpu,sor,8,n800_b050_p080,800,0.5,0.8,0.807732,413558797,iters,1,1.005439401,1.158681783,0.1322557967,31.78607165,NaN,1,,pmeal-hpc,2026-08-14T23:11:10,
taufactor,cpu,sor,8,n800_b050_p080,800,0.5,0.8,0.807732,413558797,iters,2,1.00840044,1.158681783,0.1297002723,34.1761158,NaN,1,,pmeal-hpc,2026-08-14T23:11:10,
taufactor,cpu,sor,8,n800_b050_p080,800,0.5,0.8,0.807732,413558797,iters,3,1.010697246,1.158681783,0.1277180151,36.73396942,NaN,1,,pmeal-hpc,2026-08-14T23:11:10,
taufactor,cpu,sor,8,n800_b050_p080,800,0.5,0.8,0.807732,413558797,iters,6,1.01679635,1.158681783,0.1224541842,44.02457354,NaN,1,,pmeal-hpc,2026-08-14T23:11:10,
taufactor,cpu,sor,8,n800_b050_p080,800,0.5,0.8,0.807732,413558797,iters,10,1.024610877,1.158681783,0.1157098592,54.01295039,NaN,1,,pmeal-hpc,2026-08-14T23:11:10,
taufactor,cpu,sor,8,n800_b050_p080,800,0.5,0.8,0.807732,413558797,iters,18,1.039314628,1.158681783,0.1030197912,73.68577456,NaN,1,,pmeal-hpc,2026-08-14T23:11:10,
taufactor,cpu,sor,8,n800_b050_p080,800,0.5,0.8,0.807732,413558797,iters,33,1.064732075,1.158681783,0.08108327035,110.7142003,NaN,1,,pmeal-hpc,2026-08-14T23:11:10,
taufactor,cpu,sor,8,n800_b050_p080,800,0.5,0.8,0.807732,413558797,iters,59,1.102707028,1.158681783,0.04830899686,174.8351766,NaN,1,,pmeal-hpc,2026-08-14T23:11:10,
taufactor,cpu,sor,8,n800_b050_p080,800,0.5,0.8,0.807732,413558797,iters,106,1.151794553,1.158681783,0.005944022162,292.1157126,NaN,1,,pmeal-hpc,2026-08-14T23:11:10,
taufactor,cpu,sor,8,n800_b050_p080,800,0.5,0.8,0.807732,413558797,iters,189,1.178481936,1.158681783,0.01708851709,498.121053,NaN,1,,pmeal-hpc,2026-08-14T23:11:10,
taufactor,cpu,sor,8,n800_b050_p080,800,0.5,0.8,0.807732,413558797,iters,339,1.158824801,1.158681783,0.0001234320304,872.6383647,NaN,1,target_reached,pmeal-hpc,2026-08-14T23:11:10,
taufactor,cpu,sor,8,n800_b050_p095,800,0.5,0.95,0.953798,488344573,iters,1,1.00150013,1.027543224,0.02534501099,31.83466489,NaN,1,,pmeal-hpc,2026-08-14T23:26:06,
taufactor,cpu,sor,8,n800_b050_p095,800,0.5,0.95,0.953798,488344573,iters,2,1.002332449,1.027543224,0.02453500199,34.28541096,NaN,1,,pmeal-hpc,2026-08-14T23:26:06,
taufactor,cpu,sor,8,n800_b050_p095,800,0.5,0.95,0.953798,488344573,iters,3,1.002967954,1.027543224,0.02391653192,36.7488857,NaN,1,,pmeal-hpc,2026-08-14T23:26:06,
taufactor,cpu,sor,8,n800_b050_p095,800,0.5,0.95,0.953798,488344573,iters,6,1.004626513,1.027543224,0.02230243063,44.12263646,NaN,1,,pmeal-hpc,2026-08-14T23:26:06,
taufactor,cpu,sor,8,n800_b050_p095,800,0.5,0.95,0.953798,488344573,iters,10,1.006676555,1.027543224,0.02030733971,53.88711109,NaN,1,,pmeal-hpc,2026-08-14T23:26:06,
taufactor,cpu,sor,8,n800_b050_p095,800,0.5,0.95,0.953798,488344573,iters,18,1.010341048,1.027543224,0.01674107265,73.63199055,NaN,1,,pmeal-hpc,2026-08-14T23:26:06,
taufactor,cpu,sor,8,n800_b050_p095,800,0.5,0.95,0.953798,488344573,iters,33,1.016065717,1.027543224,0.01116985348,110.6359775,NaN,1,,pmeal-hpc,2026-08-14T23:26:06,
taufactor,cpu,sor,8,n800_b050_p095,800,0.5,0.95,0.953798,488344573,iters,59,1.023065686,1.027543224,0.004357517688,174.9263348,NaN,1,,pmeal-hpc,2026-08-14T23:26:06,
taufactor,cpu,sor,8,n800_b050_p095,800,0.5,0.95,0.953798,488344573,iters,106,1.0294379,1.027543224,0.001843888943,292.0428651,NaN,1,,pmeal-hpc,2026-08-14T23:26:06,
taufactor,cpu,sor,8,n800_b050_p095,800,0.5,0.95,0.953798,488344573,iters,189,1.031003952,1.027543224,0.003367963455,497.484098,NaN,1,,pmeal-hpc,2026-08-14T23:26:06,
taufactor,cpu,sor,8,n800_b050_p095,800,0.5,0.95,0.953798,488344573,iters,339,1.027540445,1.027543224,2.704190127e-06,871.1822972,NaN,1,target_reached,pmeal-hpc,2026-08-14T23:26:06,
taufactor,cpu,sor,8,n800_b100_p040,800,1,0.4,0.394666,202068918,iters,1,1.027910709,2.604118691,0.6052750157,33.18751076,NaN,1,,pmeal-hpc,2026-08-14T23:34:51,
taufactor,cpu,sor,8,n800_b100_p040,800,1,0.4,0.394666,202068918,iters,2,1.044342637,2.604118691,0.5989650392,35.59109186,NaN,1,,pmeal-hpc,2026-08-14T23:34:51,
taufactor,cpu,sor,8,n800_b100_p040,800,1,0.4,0.394666,202068918,iters,3,1.058012486,2.604118691,0.5937157207,38.18202902,NaN,1,,pmeal-hpc,2026-08-14T23:34:51,
taufactor,cpu,sor,8,n800_b100_p040,800,1,0.4,0.394666,202068918,iters,6,1.098393202,2.604118691,0.57820924,45.53720905,NaN,1,,pmeal-hpc,2026-08-14T23:34:51,
taufactor,cpu,sor,8,n800_b100_p040,800,1,0.4,0.394666,202068918,iters,10,1.155912995,2.604118691,0.5561212324,55.40773553,NaN,1,,pmeal-hpc,2026-08-14T23:34:51,
taufactor,cpu,sor,8,n800_b100_p040,800,1,0.4,0.394666,202068918,iters,18,1.286223173,2.604118691,0.5060812022,75.30524316,NaN,1,,pmeal-hpc,2026-08-14T23:34:51,
taufactor,cpu,sor,8,n800_b100_p040,800,1,0.4,0.394666,202068918,iters,33,1.598894477,2.604118691,0.3860132096,112.3588089,NaN,1,,pmeal-hpc,2026-08-14T23:34:51,
taufactor,cpu,sor,8,n800_b100_p040,800,1,0.4,0.394666,202068918,iters,59,2.28778863,2.604118691,0.1214729815,176.515427,NaN,1,,pmeal-hpc,2026-08-14T23:34:51,
taufactor,cpu,sor,8,n800_b100_p040,800,1,0.4,0.394666,202068918,iters,106,2.659279585,2.604118691,0.02118217348,294.1295518,NaN,1,,pmeal-hpc,2026-08-14T23:34:51,
taufactor,cpu,sor,8,n800_b100_p040,800,1,0.4,0.394666,202068918,iters,189,2.604997635,2.604118691,0.0003375206709,499.5665569,NaN,1,target_reached,pmeal-hpc,2026-08-14T23:34:51,
taufactor,cpu,sor,8,n800_b100_p060,800,1,0.6,0.599309,306846383,iters,1,1.018146873,1.538358863,0.3381603623,31.64079653,NaN,1,,pmeal-hpc,2026-08-15T00:56:41,
taufactor,cpu,sor,8,n800_b100_p060,800,1,0.6,0.599309,306846383,iters,2,1.028730869,1.538358863,0.3312803052,34.28397495,NaN,1,,pmeal-hpc,2026-08-15T00:56:41,
taufactor,cpu,sor,8,n800_b100_p060,800,1,0.6,0.599309,306846383,iters,3,1.037406683,1.538358863,0.32564065,36.69978742,NaN,1,,pmeal-hpc,2026-08-15T00:56:41,
taufactor,cpu,sor,8,n800_b100_p060,800,1,0.6,0.599309,306846383,iters,6,1.062278152,1.538358863,0.3094731164,44.36051855,NaN,1,,pmeal-hpc,2026-08-15T00:56:41,
taufactor,cpu,sor,8,n800_b100_p060,800,1,0.6,0.599309,306846383,iters,10,1.095926881,1.538358863,0.2875999826,54.06541827,NaN,1,,pmeal-hpc,2026-08-15T00:56:41,
taufactor,cpu,sor,8,n800_b100_p060,800,1,0.6,0.599309,306846383,iters,18,1.164983869,1.538358863,0.2427099446,73.80797534,NaN,1,,pmeal-hpc,2026-08-15T00:56:41,
taufactor,cpu,sor,8,n800_b100_p060,800,1,0.6,0.599309,306846383,iters,33,1.300138235,1.538358863,0.1548537429,110.8923943,NaN,1,,pmeal-hpc,2026-08-15T00:56:41,
taufactor,cpu,sor,8,n800_b100_p060,800,1,0.6,0.599309,306846383,iters,59,1.513584137,1.538358863,0.01610464673,175.1888922,NaN,1,,pmeal-hpc,2026-08-15T00:56:41,
taufactor,cpu,sor,8,n800_b100_p060,800,1,0.6,0.599309,306846383,iters,106,1.616340041,1.538358863,0.05069114888,292.7521933,NaN,1,,pmeal-hpc,2026-08-15T00:56:41,
taufactor,cpu,sor,8,n800_b100_p060,800,1,0.6,0.599309,306846383,iters,189,1.582663894,1.538358863,0.02880019205,498.3463865,NaN,1,,pmeal-hpc,2026-08-15T00:56:41,
taufactor,cpu,sor,8,n800_b100_p060,800,1,0.6,0.599309,306846383,iters,339,1.548985243,1.538358863,0.006907607906,872.7905962,NaN,1,,pmeal-hpc,2026-08-15T00:56:41,
taufactor,cpu,sor,8,n800_b100_p060,800,1,0.6,0.599309,306846383,iters,607,1.540017009,1.538358863,0.001077866694,1541.207986,NaN,1,,pmeal-hpc,2026-08-15T00:56:41,
taufactor,cpu,sor,8,n800_b100_p060,800,1,0.6,0.599309,306846383,iters,1086,1.53538084,1.538358863,0.00193584395,2736.152979,NaN,1,,pmeal-hpc,2026-08-15T00:56:41,
taufactor,cpu,sor,8,n800_b100_p060,800,1,0.6,0.599309,306846383,iters,1945,1.538979053,1.538358863,0.0004031507292,4881.647592,NaN,1,target_reached,pmeal-hpc,2026-08-15T00:56:41,
taufactor,cpu,sor,8,n800_b100_p080,800,1,0.8,0.802797,411032289,iters,1,1.009509921,1.178837076,0.1436391494,31.33803191,NaN,1,,pmeal-hpc,2026-08-15T01:11:37,
taufactor,cpu,sor,8,n800_b100_p080,800,1,0.8,0.802797,411032289,iters,2,1.015020847,1.178837076,0.1389642657,33.72567888,NaN,1,,pmeal-hpc,2026-08-15T01:11:37,
taufactor,cpu,sor,8,n800_b100_p080,800,1,0.8,0.802797,411032289,iters,3,1.019452691,1.178837076,0.1352047608,36.23007398,NaN,1,,pmeal-hpc,2026-08-15T01:11:37,
taufactor,cpu,sor,8,n800_b100_p080,800,1,0.8,0.802797,411032289,iters,6,1.0318048,1.178837076,0.1247265453,43.68042086,NaN,1,,pmeal-hpc,2026-08-15T01:11:37,
taufactor,cpu,sor,8,n800_b100_p080,800,1,0.8,0.802797,411032289,iters,10,1.047651649,1.178837076,0.1112837644,53.64806713,NaN,1,,pmeal-hpc,2026-08-15T01:11:37,
taufactor,cpu,sor,8,n800_b100_p080,800,1,0.8,0.802797,411032289,iters,18,1.077336431,1.178837076,0.08610235249,73.26418023,NaN,1,,pmeal-hpc,2026-08-15T01:11:37,
taufactor,cpu,sor,8,n800_b100_p080,800,1,0.8,0.802797,411032289,iters,33,1.126023054,1.178837076,0.04480179912,110.3100919,NaN,1,,pmeal-hpc,2026-08-15T01:11:37,
taufactor,cpu,sor,8,n800_b100_p080,800,1,0.8,0.802797,411032289,iters,59,1.185340285,1.178837076,0.005516631122,174.5878368,NaN,1,,pmeal-hpc,2026-08-15T01:11:37,
taufactor,cpu,sor,8,n800_b100_p080,800,1,0.8,0.802797,411032289,iters,106,1.208811641,1.178837076,0.02542723278,291.6792807,NaN,1,,pmeal-hpc,2026-08-15T01:11:37,
taufactor,cpu,sor,8,n800_b100_p080,800,1,0.8,0.802797,411032289,iters,189,1.19053483,1.178837076,0.009923130458,497.150603,NaN,1,,pmeal-hpc,2026-08-15T01:11:37,
taufactor,cpu,sor,8,n800_b100_p080,800,1,0.8,0.802797,411032289,iters,339,1.177883983,1.178837076,0.0008085030247,870.6275797,NaN,1,target_reached,pmeal-hpc,2026-08-15T01:11:37,
taufactor,cpu,sor,8,n800_b100_p095,800,1,0.95,0.952043,487445980,iters,1,1.002772689,1.033344548,0.02958534904,31.1969715,NaN,1,,pmeal-hpc,2026-08-15T01:20:19,
taufactor,cpu,sor,8,n800_b100_p095,800,1,0.95,0.952043,487445980,iters,2,1.004377365,1.033344548,0.0280324534,33.61255285,NaN,1,,pmeal-hpc,2026-08-15T01:20:19,
taufactor,cpu,sor,8,n800_b100_p095,800,1,0.95,0.952043,487445980,iters,3,1.00564456,1.033344548,0.02680614921,36.05779418,NaN,1,,pmeal-hpc,2026-08-15T01:20:19,
taufactor,cpu,sor,8,n800_b100_p095,800,1,0.95,0.952043,487445980,iters,6,1.009037495,1.033344548,0.02352269956,43.49341318,NaN,1,,pmeal-hpc,2026-08-15T01:20:19,
taufactor,cpu,sor,8,n800_b100_p095,800,1,0.95,0.952043,487445980,iters,10,1.013150692,1.033344548,0.01954222921,53.21602876,NaN,1,,pmeal-hpc,2026-08-15T01:20:19,
taufactor,cpu,sor,8,n800_b100_p095,800,1,0.95,0.952043,487445980,iters,18,1.020049691,1.033344548,0.01286585082,72.97175964,NaN,1,,pmeal-hpc,2026-08-15T01:20:19,
taufactor,cpu,sor,8,n800_b100_p095,800,1,0.95,0.952043,487445980,iters,33,1.029157639,1.033344548,0.004051803881,110.0051054,NaN,1,,pmeal-hpc,2026-08-15T01:20:19,
taufactor,cpu,sor,8,n800_b100_p095,800,1,0.95,0.952043,487445980,iters,59,1.036707282,1.033344548,0.003254223456,174.4520867,NaN,1,,pmeal-hpc,2026-08-15T01:20:19,
taufactor,cpu,sor,8,n800_b100_p095,800,1,0.95,0.952043,487445980,iters,106,1.037244797,1.033344548,0.003774393314,291.6955871,NaN,1,,pmeal-hpc,2026-08-15T01:20:19,
taufactor,cpu,sor,8,n800_b100_p095,800,1,0.95,0.952043,487445980,iters,189,1.034320831,1.033344548,0.0009447800356,497.6770245,NaN,1,target_reached,pmeal-hpc,2026-08-15T01:20:19,
taufactor,cpu,sor,8,n800_b200_p040,800,2,0.4,0.3993,204441481,iters,1,1.050745726,2.540426233,0.5863899876,32.10400967,NaN,1,,pmeal-hpc,2026-08-15T02:42:04,
taufactor,cpu,sor,8,n800_b200_p040,800,2,0.4,0.3993,204441481,iters,2,1.082913518,2.540426233,0.5737276273,34.49542931,NaN,1,,pmeal-hpc,2026-08-15T02:42:04,
taufactor,cpu,sor,8,n800_b200_p040,800,2,0.4,0.3993,204441481,iters,3,1.110720634,2.540426233,0.5627817805,36.98727838,NaN,1,,pmeal-hpc,2026-08-15T02:42:04,
taufactor,cpu,sor,8,n800_b200_p040,800,2,0.4,0.3993,204441481,iters,6,1.199493289,2.540426233,0.5278377804,44.34951136,NaN,1,,pmeal-hpc,2026-08-15T02:42:04,
taufactor,cpu,sor,8,n800_b200_p040,800,2,0.4,0.3993,204441481,iters,10,1.338949561,2.540426233,0.472942948,54.2744011,NaN,1,,pmeal-hpc,2026-08-15T02:42:04,
taufactor,cpu,sor,8,n800_b200_p040,800,2,0.4,0.3993,204441481,iters,18,1.701215863,2.540426233,0.3303423492,73.95983734,NaN,1,,pmeal-hpc,2026-08-15T02:42:04,
taufactor,cpu,sor,8,n800_b200_p040,800,2,0.4,0.3993,204441481,iters,33,2.517294407,2.540426233,0.009105490177,111.2719823,NaN,1,,pmeal-hpc,2026-08-15T02:42:04,
taufactor,cpu,sor,8,n800_b200_p040,800,2,0.4,0.3993,204441481,iters,59,2.680207968,2.540426233,0.05502294573,175.4539336,NaN,1,,pmeal-hpc,2026-08-15T02:42:04,
taufactor,cpu,sor,8,n800_b200_p040,800,2,0.4,0.3993,204441481,iters,106,2.70633316,2.540426233,0.06530672894,293.1444098,NaN,1,,pmeal-hpc,2026-08-15T02:42:04,
taufactor,cpu,sor,8,n800_b200_p040,800,2,0.4,0.3993,204441481,iters,189,2.647589684,2.540426233,0.04218325616,499.2292826,NaN,1,,pmeal-hpc,2026-08-15T02:42:04,
taufactor,cpu,sor,8,n800_b200_p040,800,2,0.4,0.3993,204441481,iters,339,2.588619471,2.540426233,0.01897053218,873.7146275,NaN,1,,pmeal-hpc,2026-08-15T02:42:04,
taufactor,cpu,sor,8,n800_b200_p040,800,2,0.4,0.3993,204441481,iters,607,2.533653498,2.540426233,0.002665983848,1543.600437,NaN,1,,pmeal-hpc,2026-08-15T02:42:04,
taufactor,cpu,sor,8,n800_b200_p040,800,2,0.4,0.3993,204441481,iters,1086,2.54437089,2.540426233,0.00155275387,2735.754767,NaN,1,,pmeal-hpc,2026-08-15T02:42:04,
taufactor,cpu,sor,8,n800_b200_p040,800,2,0.4,0.3993,204441481,iters,1945,2.541111946,2.540426233,0.0002699204949,4875.516632,NaN,1,target_reached,pmeal-hpc,2026-08-15T02:42:04,
taufactor,cpu,sor,8,n800_b200_p060,800,2,0.6,0.602005,308226382,iters,1,1.032856822,1.551467408,0.3342710155,31.98422321,NaN,1,,pmeal-hpc,2026-08-15T02:57:02,
taufactor,cpu,sor,8,n800_b200_p060,800,2,0.6,0.602005,308226382,iters,2,1.053117394,1.551467408,0.3212120416,34.36391927,NaN,1,,pmeal-hpc,2026-08-15T02:57:02,
taufactor,cpu,sor,8,n800_b200_p060,800,2,0.6,0.602005,308226382,iters,3,1.070098996,1.551467408,0.3102665318,36.86275789,NaN,1,,pmeal-hpc,2026-08-15T02:57:02,
taufactor,cpu,sor,8,n800_b200_p060,800,2,0.6,0.602005,308226382,iters,6,1.121063709,1.551467408,0.2774171707,44.25854111,NaN,1,,pmeal-hpc,2026-08-15T02:57:02,
taufactor,cpu,sor,8,n800_b200_p060,800,2,0.6,0.602005,308226382,iters,10,1.192548156,1.551467408,0.2313417932,54.19291129,NaN,1,,pmeal-hpc,2026-08-15T02:57:02,
taufactor,cpu,sor,8,n800_b200_p060,800,2,0.6,0.602005,308226382,iters,18,1.34342885,1.551467408,0.134091478,73.87109196,NaN,1,,pmeal-hpc,2026-08-15T02:57:02,
taufactor,cpu,sor,8,n800_b200_p060,800,2,0.6,0.602005,308226382,iters,33,1.58983016,1.551467408,0.02472675349,110.8253487,NaN,1,,pmeal-hpc,2026-08-15T02:57:02,
taufactor,cpu,sor,8,n800_b200_p060,800,2,0.6,0.602005,308226382,iters,59,1.646977067,1.551467408,0.06156085426,174.8699103,NaN,1,,pmeal-hpc,2026-08-15T02:57:02,
taufactor,cpu,sor,8,n800_b200_p060,800,2,0.6,0.602005,308226382,iters,106,1.608573079,1.551467408,0.03680752223,292.2947355,NaN,1,,pmeal-hpc,2026-08-15T02:57:02,
taufactor,cpu,sor,8,n800_b200_p060,800,2,0.6,0.602005,308226382,iters,189,1.561273694,1.551467408,0.006320652298,497.4882714,NaN,1,,pmeal-hpc,2026-08-15T02:57:02,
taufactor,cpu,sor,8,n800_b200_p060,800,2,0.6,0.602005,308226382,iters,339,1.550027013,1.551467408,0.0009284082718,872.1294245,NaN,1,target_reached,pmeal-hpc,2026-08-15T02:57:02,
taufactor,cpu,sor,8,n800_b200_p080,800,2,0.8,0.802459,410859253,iters,1,1.017299294,1.188212956,0.1438409341,31.3418581,NaN,1,,pmeal-hpc,2026-08-15T03:05:45,
taufactor,cpu,sor,8,n800_b200_p080,800,2,0.8,0.802459,410859253,iters,2,1.027706742,1.188212956,0.1350820263,33.9017874,NaN,1,,pmeal-hpc,2026-08-15T03:05:45,
taufactor,cpu,sor,8,n800_b200_p080,800,2,0.8,0.802459,410859253,iters,3,1.036179423,1.188212956,0.1279514181,36.32299955,NaN,1,,pmeal-hpc,2026-08-15T03:05:45,
taufactor,cpu,sor,8,n800_b200_p080,800,2,0.8,0.802459,410859253,iters,6,1.060097814,1.188212956,0.1078217013,43.80342651,NaN,1,,pmeal-hpc,2026-08-15T03:05:45,
taufactor,cpu,sor,8,n800_b200_p080,800,2,0.8,0.802459,410859253,iters,10,1.090217113,1.188212956,0.08247329909,53.57846788,NaN,1,,pmeal-hpc,2026-08-15T03:05:45,
taufactor,cpu,sor,8,n800_b200_p080,800,2,0.8,0.802459,410859253,iters,18,1.143183708,1.188212956,0.03789661406,73.33760231,NaN,1,,pmeal-hpc,2026-08-15T03:05:45,
taufactor,cpu,sor,8,n800_b200_p080,800,2,0.8,0.802459,410859253,iters,33,1.209539533,1.188212956,0.01794844649,110.1858871,NaN,1,,pmeal-hpc,2026-08-15T03:05:45,
taufactor,cpu,sor,8,n800_b200_p080,800,2,0.8,0.802459,410859253,iters,59,1.221428037,1.188212956,0.02795381124,174.3104144,NaN,1,,pmeal-hpc,2026-08-15T03:05:45,
taufactor,cpu,sor,8,n800_b200_p080,800,2,0.8,0.802459,410859253,iters,106,1.19805944,1.188212956,0.008286800451,291.6478792,NaN,1,,pmeal-hpc,2026-08-15T03:05:45,
taufactor,cpu,sor,8,n800_b200_p080,800,2,0.8,0.802459,410859253,iters,189,1.187489986,1.188212956,0.0006084511843,497.2570071,NaN,1,target_reached,pmeal-hpc,2026-08-15T03:05:45,
taufactor,cpu,sor,8,n800_b200_p095,800,2,0.95,0.949699,486245700,iters,1,1.005246282,1.038427024,0.03195288798,31.30610542,NaN,1,,pmeal-hpc,2026-08-15T03:11:00,
taufactor,cpu,sor,8,n800_b200_p095,800,2,0.95,0.949699,486245700,iters,2,1.008359909,1.038427024,0.02895448043,33.83169865,NaN,1,,pmeal-hpc,2026-08-15T03:11:00,
taufactor,cpu,sor,8,n800_b200_p095,800,2,0.95,0.949699,486245700,iters,3,1.010811448,1.038427024,0.02659366067,36.23880947,NaN,1,,pmeal-hpc,2026-08-15T03:11:00,
taufactor,cpu,sor,8,n800_b200_p095,800,2,0.95,0.949699,486245700,iters,6,1.01728785,1.038427024,0.02035691785,43.62168955,NaN,1,,pmeal-hpc,2026-08-15T03:11:00,
taufactor,cpu,sor,8,n800_b200_p095,800,2,0.95,0.949699,486245700,iters,10,1.024520159,1.038427024,0.01339224126,53.39002715,NaN,1,,pmeal-hpc,2026-08-15T03:11:00,
taufactor,cpu,sor,8,n800_b200_p095,800,2,0.95,0.949699,486245700,iters,18,1.03486371,1.038427024,0.003431453067,73.17036615,NaN,1,,pmeal-hpc,2026-08-15T03:11:00,
taufactor,cpu,sor,8,n800_b200_p095,800,2,0.95,0.949699,486245700,iters,33,1.043809891,1.038427024,0.005183673597,110.1326692,NaN,1,,pmeal-hpc,2026-08-15T03:11:00,
taufactor,cpu,sor,8,n800_b200_p095,800,2,0.95,0.949699,486245700,iters,59,1.043233752,1.038427024,0.004628855124,174.4418513,NaN,1,,pmeal-hpc,2026-08-15T03:11:00,
taufactor,cpu,sor,8,n800_b200_p095,800,2,0.95,0.949699,486245700,iters,106,1.038688183,1.038427024,0.0002514946402,291.536187,NaN,1,target_reached,pmeal-hpc,2026-08-15T03:11:00,
