tool,device,variant,cpu_threads,case_id,size,blobiness,porosity_target,porosity,nnodes,knob_name,knob,tau,tau_ref,rel_error,time_s,tau_spread,repeats,stop_reason,host,measured_at,note
taufactor,gpu,sor,8,n200_b050_p020,200,0.5,0.2,0.161462,1291692,iters,1,1.074466586,33.93155464,0.9683342954,1.378190232,0,3,,pmeal-hpc,2026-08-11T14:29:52,
taufactor,gpu,sor,8,n200_b050_p020,200,0.5,0.2,0.161462,1291692,iters,2,1.12379384,33.93155464,0.9668805673,1.379867111,0,3,,pmeal-hpc,2026-08-11T14:29:52,
taufactor,gpu,sor,8,n200_b050_p020,200,0.5,0.2,0.161462,1291692,iters,3,1.16879046,33.93155464,0.9655544678,1.381416337,0,3,,pmeal-hpc,2026-08-11T14:29:52,
taufactor,gpu,sor,8,n200_b050_p020,200,0.5,0.2,0.161462,1291692,iters,6,1.32280612,33.93155464,0.9610154579,1.385923942,0,3,,pmeal-hpc,2026-08-11T14:29:52,
taufactor,gpu,sor,8,n200_b050_p020,200,0.5,0.2,0.161462,1291692,iters,10,1.604252338,33.93155464,0.9527209303,1.391918898,0,3,,pmeal-hpc,2026-08-11T14:29:52,
taufactor,gpu,sor,8,n200_b050_p020,200,0.5,0.2,0.161462,1291692,iters,18,2.607699156,33.93155464,0.9231482558,1.403866342,0,3,,pmeal-hpc,2026-08-11T14:29:52,
taufactor,gpu,sor,8,n200_b050_p020,200,0.5,0.2,0.161462,1291692,iters,33,7.055403709,33.93155464,0.7920695416,1.426217655,0,3,,pmeal-hpc,2026-08-11T14:29:52,
taufactor,gpu,sor,8,n200_b050_p020,200,0.5,0.2,0.161462,1291692,iters,59,5.87643528,33.93155464,0.8268150298,1.464925736,0,3,,pmeal-hpc,2026-08-11T14:29:52,
taufactor,gpu,sor,8,n200_b050_p020,200,0.5,0.2,0.161462,1291692,iters,106,5.987190247,33.93155464,0.8235509599,1.535834426,0,3,,pmeal-hpc,2026-08-11T14:29:52,
taufactor,gpu,sor,8,n200_b050_p020,200,0.5,0.2,0.161462,1291692,iters,189,8.893548012,33.93155464,0.7378974201,1.659310046,0,3,,pmeal-hpc,2026-08-11T14:29:52,
taufactor,gpu,sor,8,n200_b050_p020,200,0.5,0.2,0.161462,1291692,iters,339,9.921674728,33.93155464,0.7075974021,1.888387912,0,3,,pmeal-hpc,2026-08-11T14:29:52,
taufactor,gpu,sor,8,n200_b050_p020,200,0.5,0.2,0.161462,1291692,iters,607,12.40746021,33.93155464,0.6343385871,2.290084158,0,3,,pmeal-hpc,2026-08-11T14:29:52,
taufactor,gpu,sor,8,n200_b050_p020,200,0.5,0.2,0.161462,1291692,iters,1086,17.57273865,33.93155464,0.4821121863,3.006319154,0,3,,pmeal-hpc,2026-08-11T14:29:52,
taufactor,gpu,sor,8,n200_b050_p020,200,0.5,0.2,0.161462,1291692,iters,1945,25.06699181,33.93155464,0.261248355,4.292642086,0,3,,pmeal-hpc,2026-08-11T14:29:52,
taufactor,gpu,sor,8,n200_b050_p020,200,0.5,0.2,0.161462,1291692,iters,3484,31.85389709,33.93155464,0.06123083859,6.595648907,0,3,,pmeal-hpc,2026-08-11T14:29:52,
taufactor,gpu,sor,8,n200_b050_p020,200,0.5,0.2,0.161462,1291692,iters,6238,33.82665253,33.93155464,0.003091579925,10.71706756,0,3,,pmeal-hpc,2026-08-11T14:29:52,
taufactor,gpu,sor,8,n200_b050_p020,200,0.5,0.2,0.161462,1291692,iters,11169,33.93182755,33.93155464,8.042813508e-06,18.09385363,0,3,target_reached,pmeal-hpc,2026-08-11T14:29:52,
taufactor,gpu,sor,8,n200_b050_p040,200,0.5,0.4,0.399036,3192287,iters,1,1.047952294,2.920079096,0.6411219491,1.363934662,0,3,,pmeal-hpc,2026-08-11T14:30:01,
taufactor,gpu,sor,8,n200_b050_p040,200,0.5,0.4,0.399036,3192287,iters,2,1.07871604,2.920079096,0.6305867053,1.365603666,0,3,,pmeal-hpc,2026-08-11T14:30:01,
taufactor,gpu,sor,8,n200_b050_p040,200,0.5,0.4,0.399036,3192287,iters,3,1.105440855,2.920079096,0.6214346192,1.367149849,0,3,,pmeal-hpc,2026-08-11T14:30:01,
taufactor,gpu,sor,8,n200_b050_p040,200,0.5,0.4,0.399036,3192287,iters,6,1.189395785,2.920079096,0.5926837095,1.371654131,0,3,,pmeal-hpc,2026-08-11T14:30:01,
taufactor,gpu,sor,8,n200_b050_p040,200,0.5,0.4,0.399036,3192287,iters,10,1.318342566,2.920079096,0.5485250491,1.377650006,0,3,,pmeal-hpc,2026-08-11T14:30:01,
taufactor,gpu,sor,8,n200_b050_p040,200,0.5,0.4,0.399036,3192287,iters,18,1.636534572,2.920079096,0.439558136,1.389592988,0,3,,pmeal-hpc,2026-08-11T14:30:01,
taufactor,gpu,sor,8,n200_b050_p040,200,0.5,0.4,0.399036,3192287,iters,33,2.291038513,2.920079096,0.2154190219,1.411917913,0,3,,pmeal-hpc,2026-08-11T14:30:01,
taufactor,gpu,sor,8,n200_b050_p040,200,0.5,0.4,0.399036,3192287,iters,59,2.455175877,2.920079096,0.1592091187,1.450576939,0,3,,pmeal-hpc,2026-08-11T14:30:01,
taufactor,gpu,sor,8,n200_b050_p040,200,0.5,0.4,0.399036,3192287,iters,106,2.480604649,2.920079096,0.150500871,1.521389863,0,3,,pmeal-hpc,2026-08-11T14:30:01,
taufactor,gpu,sor,8,n200_b050_p040,200,0.5,0.4,0.399036,3192287,iters,189,2.695472002,2.920079096,0.07691815413,1.644711373,0,3,,pmeal-hpc,2026-08-11T14:30:01,
taufactor,gpu,sor,8,n200_b050_p040,200,0.5,0.4,0.399036,3192287,iters,339,2.774815321,2.920079096,0.04974652064,1.86942596,0,3,,pmeal-hpc,2026-08-11T14:30:01,
taufactor,gpu,sor,8,n200_b050_p040,200,0.5,0.4,0.399036,3192287,iters,607,2.885683537,2.920079096,0.01177898212,2.27036624,0,3,,pmeal-hpc,2026-08-11T14:30:01,
taufactor,gpu,sor,8,n200_b050_p040,200,0.5,0.4,0.399036,3192287,iters,1086,2.918441534,2.920079096,0.000560793699,2.98589616,0,3,target_reached,pmeal-hpc,2026-08-11T14:30:01,
taufactor,gpu,sor,8,n200_b050_p060,200,0.5,0.6,0.609627,4877016,iters,1,1.030563593,1.551550164,0.3357845484,0.3688791071,0,3,,pmeal-hpc,2026-08-11T14:30:05,
taufactor,gpu,sor,8,n200_b050_p060,200,0.5,0.6,0.609627,4877016,iters,2,1.049568176,1.551550164,0.3235357769,0.3705457241,0,3,,pmeal-hpc,2026-08-11T14:30:05,
taufactor,gpu,sor,8,n200_b050_p060,200,0.5,0.6,0.609627,4877016,iters,3,1.065391898,1.551550164,0.3133371238,0.372092847,0,3,,pmeal-hpc,2026-08-11T14:30:05,
taufactor,gpu,sor,8,n200_b050_p060,200,0.5,0.6,0.609627,4877016,iters,6,1.111698866,1.551550164,0.2834915095,0.376604901,0,3,,pmeal-hpc,2026-08-11T14:30:05,
taufactor,gpu,sor,8,n200_b050_p060,200,0.5,0.6,0.609627,4877016,iters,10,1.174910426,1.551550164,0.242750603,0.3825936571,0,3,,pmeal-hpc,2026-08-11T14:30:05,
taufactor,gpu,sor,8,n200_b050_p060,200,0.5,0.6,0.609627,4877016,iters,18,1.300665617,1.551550164,0.1616992817,0.3945231262,0,3,,pmeal-hpc,2026-08-11T14:30:05,
taufactor,gpu,sor,8,n200_b050_p060,200,0.5,0.6,0.609627,4877016,iters,33,1.489341021,1.551550164,0.04009483216,0.4168486613,0,3,,pmeal-hpc,2026-08-11T14:30:05,
taufactor,gpu,sor,8,n200_b050_p060,200,0.5,0.6,0.609627,4877016,iters,59,1.544763446,1.551550164,0.00437415322,0.4555190613,0,3,,pmeal-hpc,2026-08-11T14:30:05,
taufactor,gpu,sor,8,n200_b050_p060,200,0.5,0.6,0.609627,4877016,iters,106,1.53194499,1.551550164,0.01263586205,0.5263558304,0,3,,pmeal-hpc,2026-08-11T14:30:05,
taufactor,gpu,sor,8,n200_b050_p060,200,0.5,0.6,0.609627,4877016,iters,189,1.545299172,1.551550164,0.004028868511,0.6496735314,0,3,,pmeal-hpc,2026-08-11T14:30:05,
taufactor,gpu,sor,8,n200_b050_p060,200,0.5,0.6,0.609627,4877016,iters,339,1.543553352,1.551550164,0.005154078695,0.8743953654,0,3,,pmeal-hpc,2026-08-11T14:30:05,
taufactor,gpu,sor,8,n200_b050_p060,200,0.5,0.6,0.609627,4877016,iters,607,1.55223906,1.551550164,0.0004440052393,1.275321529,0,3,target_reached,pmeal-hpc,2026-08-11T14:30:05,
taufactor,gpu,sor,8,n200_b050_p080,200,0.5,0.8,0.81175,6494003,iters,1,1.015007854,1.170581237,0.1329026799,0.3687995309,0,3,,pmeal-hpc,2026-08-11T14:30:07,
taufactor,gpu,sor,8,n200_b050_p080,200,0.5,0.8,0.81175,6494003,iters,2,1.024237275,1.170581237,0.1250182023,0.3704709049,0,3,,pmeal-hpc,2026-08-11T14:30:07,
taufactor,gpu,sor,8,n200_b050_p080,200,0.5,0.8,0.81175,6494003,iters,3,1.031669378,1.170581237,0.1186691315,0.3720172028,0,3,,pmeal-hpc,2026-08-11T14:30:07,
taufactor,gpu,sor,8,n200_b050_p080,200,0.5,0.8,0.81175,6494003,iters,6,1.052277923,1.170581237,0.1010637371,0.3765268127,0,3,,pmeal-hpc,2026-08-11T14:30:07,
taufactor,gpu,sor,8,n200_b050_p080,200,0.5,0.8,0.81175,6494003,iters,10,1.07751143,1.170581237,0.07950734581,0.3825136607,0,3,,pmeal-hpc,2026-08-11T14:30:07,
taufactor,gpu,sor,8,n200_b050_p080,200,0.5,0.8,0.81175,6494003,iters,18,1.119817734,1.170581237,0.04336606605,0.3944376548,0,3,,pmeal-hpc,2026-08-11T14:30:07,
taufactor,gpu,sor,8,n200_b050_p080,200,0.5,0.8,0.81175,6494003,iters,33,1.169543743,1.170581237,0.0008863065917,0.4167579138,0,3,target_reached,pmeal-hpc,2026-08-11T14:30:07,
taufactor,gpu,sor,8,n200_b050_p095,200,0.5,0.95,0.948977,7591813,iters,1,1.004137754,1.035044249,0.0298600708,0.3740651499,0,3,,pmeal-hpc,2026-08-11T14:30:08,
taufactor,gpu,sor,8,n200_b050_p095,200,0.5,0.95,0.948977,7591813,iters,2,1.00683701,1.035044249,0.02725220554,0.3757380059,0,3,,pmeal-hpc,2026-08-11T14:30:08,
taufactor,gpu,sor,8,n200_b050_p095,200,0.5,0.95,0.948977,7591813,iters,3,1.00895822,1.035044249,0.0252028148,0.3772877438,0,3,,pmeal-hpc,2026-08-11T14:30:08,
taufactor,gpu,sor,8,n200_b050_p095,200,0.5,0.95,0.948977,7591813,iters,6,1.014511704,1.035044249,0.0198373592,0.3817864428,0,3,,pmeal-hpc,2026-08-11T14:30:08,
taufactor,gpu,sor,8,n200_b050_p095,200,0.5,0.95,0.948977,7591813,iters,10,1.020709991,1.035044249,0.01384893212,0.3877742538,0,3,,pmeal-hpc,2026-08-11T14:30:08,
taufactor,gpu,sor,8,n200_b050_p095,200,0.5,0.95,0.948977,7591813,iters,18,1.029623151,1.035044249,0.005237552095,0.3996971749,0,3,,pmeal-hpc,2026-08-11T14:30:08,
taufactor,gpu,sor,8,n200_b050_p095,200,0.5,0.95,0.948977,7591813,iters,33,1.037697792,1.035044249,0.002563700108,0.4220217499,0,3,,pmeal-hpc,2026-08-11T14:30:08,
taufactor,gpu,sor,8,n200_b050_p095,200,0.5,0.95,0.948977,7591813,iters,59,1.03867662,1.035044249,0.003509386708,0.4606599519,0,3,,pmeal-hpc,2026-08-11T14:30:08,
taufactor,gpu,sor,8,n200_b050_p095,200,0.5,0.95,0.948977,7591813,iters,106,1.034838557,1.035044249,0.0001987275006,0.5314229069,0,3,target_reached,pmeal-hpc,2026-08-11T14:30:08,
taufactor,gpu,sor,8,n200_b100_p020,200,1,0.2,0.171209,1369672,iters,1,1.144554377,13.93255227,0.917850344,1.378808582,0,3,,pmeal-hpc,2026-08-11T14:30:40,
taufactor,gpu,sor,8,n200_b100_p020,200,1,0.2,0.171209,1369672,iters,2,1.254049063,13.93255227,0.9099914331,1.380487166,0,3,,pmeal-hpc,2026-08-11T14:30:40,
taufactor,gpu,sor,8,n200_b100_p020,200,1,0.2,0.171209,1369672,iters,3,1.36334002,13.93255227,0.9021471448,1.382033817,0,3,,pmeal-hpc,2026-08-11T14:30:40,
taufactor,gpu,sor,8,n200_b100_p020,200,1,0.2,0.171209,1369672,iters,6,1.829827547,13.93255227,0.8686653018,1.386535683,0,3,,pmeal-hpc,2026-08-11T14:30:40,
taufactor,gpu,sor,8,n200_b100_p020,200,1,0.2,0.171209,1369672,iters,10,3.040225506,13.93255227,0.7817897649,1.392534641,0,3,,pmeal-hpc,2026-08-11T14:30:40,
taufactor,gpu,sor,8,n200_b100_p020,200,1,0.2,0.171209,1369672,iters,18,7.882088184,13.93255227,0.4342681777,1.404460103,0,3,,pmeal-hpc,2026-08-11T14:30:40,
taufactor,gpu,sor,8,n200_b100_p020,200,1,0.2,0.171209,1369672,iters,33,6.481734276,13.93255227,0.5347776811,1.426780369,0,3,,pmeal-hpc,2026-08-11T14:30:40,
taufactor,gpu,sor,8,n200_b100_p020,200,1,0.2,0.171209,1369672,iters,59,10.92534065,13.93255227,0.2158406844,1.465433736,0,3,,pmeal-hpc,2026-08-11T14:30:40,
taufactor,gpu,sor,8,n200_b100_p020,200,1,0.2,0.171209,1369672,iters,106,8.364963531,13.93255227,0.3996101095,1.536302841,0,3,,pmeal-hpc,2026-08-11T14:30:40,
taufactor,gpu,sor,8,n200_b100_p020,200,1,0.2,0.171209,1369672,iters,189,10.79955196,13.93255227,0.2248690868,1.659612942,0,3,,pmeal-hpc,2026-08-11T14:30:40,
taufactor,gpu,sor,8,n200_b100_p020,200,1,0.2,0.171209,1369672,iters,339,11.53734016,13.93255227,0.1719148121,1.884343704,0,3,,pmeal-hpc,2026-08-11T14:30:40,
taufactor,gpu,sor,8,n200_b100_p020,200,1,0.2,0.171209,1369672,iters,607,12.3681736,13.93255227,0.1122822754,2.28542292,0,3,,pmeal-hpc,2026-08-11T14:30:40,
taufactor,gpu,sor,8,n200_b100_p020,200,1,0.2,0.171209,1369672,iters,1086,13.16055107,13.93255227,0.05540989073,3.000676758,0,3,,pmeal-hpc,2026-08-11T14:30:40,
taufactor,gpu,sor,8,n200_b100_p020,200,1,0.2,0.171209,1369672,iters,1945,13.67255497,13.93255227,0.01866113941,4.285169271,0,3,,pmeal-hpc,2026-08-11T14:30:40,
taufactor,gpu,sor,8,n200_b100_p020,200,1,0.2,0.171209,1369672,iters,3484,13.87821484,13.93255227,0.003900034454,6.585727425,0,3,,pmeal-hpc,2026-08-11T14:30:40,
taufactor,gpu,sor,8,n200_b100_p020,200,1,0.2,0.171209,1369672,iters,6238,13.92590141,13.93255227,0.0004773609966,10.70353545,0,3,target_reached,pmeal-hpc,2026-08-11T14:30:40,
taufactor,gpu,sor,8,n200_b100_p040,200,1,0.4,0.399225,3193802,iters,1,1.09708941,2.644709479,0.5851758318,0.4409393361,0,3,,pmeal-hpc,2026-08-11T14:30:45,
taufactor,gpu,sor,8,n200_b100_p040,200,1,0.4,0.399225,3193802,iters,2,1.164581299,2.644709479,0.5596562465,0.44261008,0,3,,pmeal-hpc,2026-08-11T14:30:45,
taufactor,gpu,sor,8,n200_b100_p040,200,1,0.4,0.399225,3193802,iters,3,1.226023078,2.644709479,0.5364242887,0.444154965,0,3,,pmeal-hpc,2026-08-11T14:30:45,
taufactor,gpu,sor,8,n200_b100_p040,200,1,0.4,0.399225,3193802,iters,6,1.443264246,2.644709479,0.4542824997,0.4486528289,0,3,,pmeal-hpc,2026-08-11T14:30:45,
taufactor,gpu,sor,8,n200_b100_p040,200,1,0.4,0.399225,3193802,iters,10,1.819520235,2.644709479,0.3120150816,0.454636531,0,3,,pmeal-hpc,2026-08-11T14:30:45,
taufactor,gpu,sor,8,n200_b100_p040,200,1,0.4,0.399225,3193802,iters,18,2.550456047,2.644709479,0.03563848229,0.466557077,0,3,,pmeal-hpc,2026-08-11T14:30:45,
taufactor,gpu,sor,8,n200_b100_p040,200,1,0.4,0.399225,3193802,iters,33,2.602096319,2.644709479,0.01611260524,0.4888702,0,3,,pmeal-hpc,2026-08-11T14:30:45,
taufactor,gpu,sor,8,n200_b100_p040,200,1,0.4,0.399225,3193802,iters,59,2.693927526,2.644709479,0.01861000154,0.527515839,0,3,,pmeal-hpc,2026-08-11T14:30:45,
taufactor,gpu,sor,8,n200_b100_p040,200,1,0.4,0.399225,3193802,iters,106,2.705091715,2.644709479,0.02283133037,0.5982869091,0,3,,pmeal-hpc,2026-08-11T14:30:45,
taufactor,gpu,sor,8,n200_b100_p040,200,1,0.4,0.399225,3193802,iters,189,2.599963188,2.644709479,0.01691917059,0.7215509131,0,3,,pmeal-hpc,2026-08-11T14:30:45,
taufactor,gpu,sor,8,n200_b100_p040,200,1,0.4,0.399225,3193802,iters,339,2.631584644,2.644709479,0.004962675404,0.9462285221,0,3,,pmeal-hpc,2026-08-11T14:30:45,
taufactor,gpu,sor,8,n200_b100_p040,200,1,0.4,0.399225,3193802,iters,607,2.643260717,2.644709479,0.0005477961264,1.34704751,0,3,target_reached,pmeal-hpc,2026-08-11T14:30:45,
taufactor,gpu,sor,8,n200_b100_p060,200,1,0.6,0.603465,4827722,iters,1,1.061416984,1.571435764,0.3245559202,0.3713422009,0,3,,pmeal-hpc,2026-08-11T14:30:49,
taufactor,gpu,sor,8,n200_b100_p060,200,1,0.6,0.603465,4827722,iters,2,1.101624012,1.571435764,0.2989697465,0.3730164509,0,3,,pmeal-hpc,2026-08-11T14:30:49,
taufactor,gpu,sor,8,n200_b100_p060,200,1,0.6,0.603465,4827722,iters,3,1.136030912,1.571435764,0.2770745465,0.3745626269,0,3,,pmeal-hpc,2026-08-11T14:30:49,
taufactor,gpu,sor,8,n200_b100_p060,200,1,0.6,0.603465,4827722,iters,6,1.242118716,1.571435764,0.2095644348,0.379062135,0,3,,pmeal-hpc,2026-08-11T14:30:49,
taufactor,gpu,sor,8,n200_b100_p060,200,1,0.6,0.603465,4827722,iters,10,1.38785243,1.571435764,0.1168252231,0.385046194,0,3,,pmeal-hpc,2026-08-11T14:30:49,
taufactor,gpu,sor,8,n200_b100_p060,200,1,0.6,0.603465,4827722,iters,18,1.603374004,1.571435764,0.02032424175,0.396966798,0,3,,pmeal-hpc,2026-08-11T14:30:49,
taufactor,gpu,sor,8,n200_b100_p060,200,1,0.6,0.603465,4827722,iters,33,1.613732934,1.571435764,0.02691625771,0.419278831,0,3,,pmeal-hpc,2026-08-11T14:30:49,
taufactor,gpu,sor,8,n200_b100_p060,200,1,0.6,0.603465,4827722,iters,59,1.605018973,1.571435764,0.02137103541,0.4579233211,0,3,,pmeal-hpc,2026-08-11T14:30:49,
taufactor,gpu,sor,8,n200_b100_p060,200,1,0.6,0.603465,4827722,iters,106,1.57951653,1.571435764,0.005142282123,0.5287036111,0,3,,pmeal-hpc,2026-08-11T14:30:49,
taufactor,gpu,sor,8,n200_b100_p060,200,1,0.6,0.603465,4827722,iters,189,1.567386985,1.571435764,0.002576484046,0.6519825961,0,3,,pmeal-hpc,2026-08-11T14:30:49,
taufactor,gpu,sor,8,n200_b100_p060,200,1,0.6,0.603465,4827722,iters,339,1.574451327,1.571435764,0.001918986059,0.8766471711,0,3,,pmeal-hpc,2026-08-11T14:30:49,
taufactor,gpu,sor,8,n200_b100_p060,200,1,0.6,0.603465,4827722,iters,607,1.572346568,1.571435764,0.000579599961,1.277720236,0,3,target_reached,pmeal-hpc,2026-08-11T14:30:49,
taufactor,gpu,sor,8,n200_b100_p080,200,1,0.8,0.80445,6435598,iters,1,1.031103849,1.193638864,0.136167663,0.372980153,0,3,,pmeal-hpc,2026-08-11T14:30:51,
taufactor,gpu,sor,8,n200_b100_p080,200,1,0.8,0.80445,6435598,iters,2,1.050651908,1.193638864,0.1197908014,0.374652204,0,3,,pmeal-hpc,2026-08-11T14:30:51,
taufactor,gpu,sor,8,n200_b100_p080,200,1,0.8,0.80445,6435598,iters,3,1.066266179,1.193638864,0.1067095658,0.3761967539,0,3,,pmeal-hpc,2026-08-11T14:30:51,
taufactor,gpu,sor,8,n200_b100_p080,200,1,0.8,0.80445,6435598,iters,6,1.10893333,1.193638864,0.07096412238,0.3806963048,0,3,,pmeal-hpc,2026-08-11T14:30:51,
taufactor,gpu,sor,8,n200_b100_p080,200,1,0.8,0.80445,6435598,iters,10,1.157038093,1.193638864,0.03066318674,0.3866808858,0,3,,pmeal-hpc,2026-08-11T14:30:51,
taufactor,gpu,sor,8,n200_b100_p080,200,1,0.8,0.80445,6435598,iters,18,1.214744925,1.193638864,0.01768211654,0.3986030918,0,3,,pmeal-hpc,2026-08-11T14:30:51,
taufactor,gpu,sor,8,n200_b100_p080,200,1,0.8,0.80445,6435598,iters,33,1.213708282,1.193638864,0.01681364282,0.4209180599,0,3,,pmeal-hpc,2026-08-11T14:30:51,
taufactor,gpu,sor,8,n200_b100_p080,200,1,0.8,0.80445,6435598,iters,59,1.20061028,1.193638864,0.005840473402,0.4595840368,0,3,,pmeal-hpc,2026-08-11T14:30:51,
taufactor,gpu,sor,8,n200_b100_p080,200,1,0.8,0.80445,6435598,iters,106,1.191469789,1.193638864,0.001817195732,0.5303998248,0,3,,pmeal-hpc,2026-08-11T14:30:51,
taufactor,gpu,sor,8,n200_b100_p080,200,1,0.8,0.80445,6435598,iters,189,1.195374846,1.193638864,0.001454361542,0.6536736789,0,3,,pmeal-hpc,2026-08-11T14:30:51,
taufactor,gpu,sor,8,n200_b100_p080,200,1,0.8,0.80445,6435598,iters,339,1.193044901,1.193638864,0.0004976070433,0.8783873429,0,3,target_reached,pmeal-hpc,2026-08-11T14:30:51,
taufactor,gpu,sor,8,n200_b100_p095,200,1,0.95,0.949833,7598661,iters,1,1.009035707,1.040405134,0.03015116559,0.3679768371,0,3,,pmeal-hpc,2026-08-11T14:30:53,
taufactor,gpu,sor,8,n200_b100_p095,200,1,0.95,0.949833,7598661,iters,2,1.014540553,1.040405134,0.02486010503,0.369644482,0,3,,pmeal-hpc,2026-08-11T14:30:53,
taufactor,gpu,sor,8,n200_b100_p095,200,1,0.95,0.949833,7598661,iters,3,1.01867938,1.040405134,0.02088201305,0.371190603,0,3,,pmeal-hpc,2026-08-11T14:30:53,
taufactor,gpu,sor,8,n200_b100_p095,200,1,0.95,0.949833,7598661,iters,6,1.028471112,1.040405134,0.01147055254,0.375703744,0,3,,pmeal-hpc,2026-08-11T14:30:53,
taufactor,gpu,sor,8,n200_b100_p095,200,1,0.95,0.949833,7598661,iters,10,1.037261248,1.040405134,0.003021790514,0.381686897,0,3,,pmeal-hpc,2026-08-11T14:30:53,
taufactor,gpu,sor,8,n200_b100_p095,200,1,0.95,0.949833,7598661,iters,18,1.044754028,1.040405134,0.004180000827,0.393609653,0,3,,pmeal-hpc,2026-08-11T14:30:53,
taufactor,gpu,sor,8,n200_b100_p095,200,1,0.95,0.949833,7598661,iters,33,1.042998791,1.040405134,0.002492929587,0.4159230159,0,3,,pmeal-hpc,2026-08-11T14:30:53,
taufactor,gpu,sor,8,n200_b100_p095,200,1,0.95,0.949833,7598661,iters,59,1.041294098,1.040405134,0.0008544401323,0.4545858159,0,3,target_reached,pmeal-hpc,2026-08-11T14:30:53,
taufactor,gpu,sor,8,n200_b200_p020,200,2,0.2,0.187312,1498500,iters,1,1.313037157,13.5328383,0.9029740009,1.397902669,0,3,,pmeal-hpc,2026-08-11T14:31:25,
taufactor,gpu,sor,8,n200_b200_p020,200,2,0.2,0.187312,1498500,iters,2,1.614322543,13.5328383,0.8807107196,1.399570749,0,3,,pmeal-hpc,2026-08-11T14:31:25,
taufactor,gpu,sor,8,n200_b200_p020,200,2,0.2,0.187312,1498500,iters,3,1.979039788,13.5328383,0.8537601836,1.401115012,0,3,,pmeal-hpc,2026-08-11T14:31:25,
taufactor,gpu,sor,8,n200_b200_p020,200,2,0.2,0.187312,1498500,iters,6,4.361970901,13.5328383,0.6776750889,1.405615538,0,3,,pmeal-hpc,2026-08-11T14:31:25,
taufactor,gpu,sor,8,n200_b200_p020,200,2,0.2,0.187312,1498500,iters,10,9.380220413,13.5328383,0.3068549106,1.411598854,0,3,,pmeal-hpc,2026-08-11T14:31:25,
taufactor,gpu,sor,8,n200_b200_p020,200,2,0.2,0.187312,1498500,iters,18,7.792946339,13.5328383,0.4241454626,1.423537397,0,3,,pmeal-hpc,2026-08-11T14:31:25,
taufactor,gpu,sor,8,n200_b200_p020,200,2,0.2,0.187312,1498500,iters,33,10.41319275,13.5328383,0.2305241134,1.445857694,0,3,,pmeal-hpc,2026-08-11T14:31:25,
taufactor,gpu,sor,8,n200_b200_p020,200,2,0.2,0.187312,1498500,iters,59,11.335536,13.5328383,0.1623681779,1.484506716,0,3,,pmeal-hpc,2026-08-11T14:31:25,
taufactor,gpu,sor,8,n200_b200_p020,200,2,0.2,0.187312,1498500,iters,106,12.18249607,13.5328383,0.09978263238,1.555282154,0,3,,pmeal-hpc,2026-08-11T14:31:25,
taufactor,gpu,sor,8,n200_b200_p020,200,2,0.2,0.187312,1498500,iters,189,12.45597649,13.5328383,0.07957398071,1.678541866,0,3,,pmeal-hpc,2026-08-11T14:31:25,
taufactor,gpu,sor,8,n200_b200_p020,200,2,0.2,0.187312,1498500,iters,339,12.92733574,13.5328383,0.04474320519,1.903169974,0,3,,pmeal-hpc,2026-08-11T14:31:25,
taufactor,gpu,sor,8,n200_b200_p020,200,2,0.2,0.187312,1498500,iters,607,13.10171795,13.5328383,0.03185734888,2.303925459,0,3,,pmeal-hpc,2026-08-11T14:31:25,
taufactor,gpu,sor,8,n200_b200_p020,200,2,0.2,0.187312,1498500,iters,1086,13.28467846,13.5328383,0.01833760482,3.019080045,0,3,,pmeal-hpc,2026-08-11T14:31:25,
taufactor,gpu,sor,8,n200_b200_p020,200,2,0.2,0.187312,1498500,iters,1945,13.43390274,13.5328383,0.007310776744,4.303222977,0,3,,pmeal-hpc,2026-08-11T14:31:25,
taufactor,gpu,sor,8,n200_b200_p020,200,2,0.2,0.187312,1498500,iters,3484,13.50525093,13.5328383,0.002038550125,6.604559547,0,3,,pmeal-hpc,2026-08-11T14:31:25,
taufactor,gpu,sor,8,n200_b200_p020,200,2,0.2,0.187312,1498500,iters,6238,13.53110504,13.5328383,0.0001280779728,10.72084864,0,3,target_reached,pmeal-hpc,2026-08-11T14:31:25,
taufactor,gpu,sor,8,n200_b200_p040,200,2,0.4,0.398236,3185884,iters,1,1.199014902,2.755382291,0.5648462625,0.3915628069,0,3,,pmeal-hpc,2026-08-11T14:31:28,
taufactor,gpu,sor,8,n200_b200_p040,200,2,0.4,0.398236,3185884,iters,2,1.359359384,2.755382291,0.5066530739,0.3932354819,0,3,,pmeal-hpc,2026-08-11T14:31:28,
taufactor,gpu,sor,8,n200_b200_p040,200,2,0.4,0.398236,3185884,iters,3,1.518975735,2.755382291,0.4487241427,0.3947801628,0,3,,pmeal-hpc,2026-08-11T14:31:28,
taufactor,gpu,sor,8,n200_b200_p040,200,2,0.4,0.398236,3185884,iters,6,2.138405561,2.755382291,0.2239169249,0.3992956238,0,3,,pmeal-hpc,2026-08-11T14:31:28,
taufactor,gpu,sor,8,n200_b200_p040,200,2,0.4,0.398236,3185884,iters,10,2.824934721,2.755382291,0.0252423884,0.4052803249,0,3,,pmeal-hpc,2026-08-11T14:31:28,
taufactor,gpu,sor,8,n200_b200_p040,200,2,0.4,0.398236,3185884,iters,18,2.82993722,2.755382291,0.02705792545,0.4172065799,0,3,,pmeal-hpc,2026-08-11T14:31:28,
taufactor,gpu,sor,8,n200_b200_p040,200,2,0.4,0.398236,3185884,iters,33,2.907563925,2.755382291,0.05523067862,0.439518858,0,3,,pmeal-hpc,2026-08-11T14:31:28,
taufactor,gpu,sor,8,n200_b200_p040,200,2,0.4,0.398236,3185884,iters,59,2.84574604,2.755382291,0.03279535825,0.478161119,0,3,,pmeal-hpc,2026-08-11T14:31:28,
taufactor,gpu,sor,8,n200_b200_p040,200,2,0.4,0.398236,3185884,iters,106,2.760056734,2.755382291,0.001696477146,0.548934727,0,3,,pmeal-hpc,2026-08-11T14:31:28,
taufactor,gpu,sor,8,n200_b200_p040,200,2,0.4,0.398236,3185884,iters,189,2.726240396,2.755382291,0.01057635254,0.6721988779,0,3,,pmeal-hpc,2026-08-11T14:31:28,
taufactor,gpu,sor,8,n200_b200_p040,200,2,0.4,0.398236,3185884,iters,339,2.756634474,2.755382291,0.0004544497527,0.8968399509,0,3,target_reached,pmeal-hpc,2026-08-11T14:31:28,
taufactor,gpu,sor,8,n200_b200_p060,200,2,0.6,0.600363,4802905,iters,1,1.123006105,1.645395218,0.3174854934,0.3756937691,0,3,,pmeal-hpc,2026-08-11T14:31:30,
taufactor,gpu,sor,8,n200_b200_p060,200,2,0.6,0.600363,4802905,iters,2,1.20978117,1.645395218,0.2647473649,0.3773735141,0,3,,pmeal-hpc,2026-08-11T14:31:30,
taufactor,gpu,sor,8,n200_b200_p060,200,2,0.6,0.600363,4802905,iters,3,1.286008835,1.645395218,0.2184194893,0.3789197232,0,3,,pmeal-hpc,2026-08-11T14:31:30,
taufactor,gpu,sor,8,n200_b200_p060,200,2,0.6,0.600363,4802905,iters,6,1.51527977,1.645395218,0.0790785379,0.3834360432,0,3,,pmeal-hpc,2026-08-11T14:31:30,
taufactor,gpu,sor,8,n200_b200_p060,200,2,0.6,0.600363,4802905,iters,10,1.719832182,1.645395218,0.04523956501,0.3894186812,0,3,,pmeal-hpc,2026-08-11T14:31:30,
taufactor,gpu,sor,8,n200_b200_p060,200,2,0.6,0.600363,4802905,iters,18,1.727616906,1.645395218,0.04997078347,0.4013403781,0,3,,pmeal-hpc,2026-08-11T14:31:30,
taufactor,gpu,sor,8,n200_b200_p060,200,2,0.6,0.600363,4802905,iters,33,1.686228156,1.645395218,0.0248164925,0.4236522841,0,3,,pmeal-hpc,2026-08-11T14:31:30,
taufactor,gpu,sor,8,n200_b200_p060,200,2,0.6,0.600363,4802905,iters,59,1.659696221,1.645395218,0.008691530883,0.4622985221,0,3,,pmeal-hpc,2026-08-11T14:31:30,
taufactor,gpu,sor,8,n200_b200_p060,200,2,0.6,0.600363,4802905,iters,106,1.646639585,1.645395218,0.0007562727066,0.5331124071,0,3,target_reached,pmeal-hpc,2026-08-11T14:31:30,
taufactor,gpu,sor,8,n200_b200_p080,200,2,0.8,0.800969,6407751,iters,1,1.061910391,1.226770933,0.1343857583,0.3779154549,0,3,,pmeal-hpc,2026-08-11T14:31:32,
taufactor,gpu,sor,8,n200_b200_p080,200,2,0.8,0.800969,6407751,iters,2,1.100999713,1.226770933,0.1025221716,0.379583605,0,3,,pmeal-hpc,2026-08-11T14:31:32,
taufactor,gpu,sor,8,n200_b200_p080,200,2,0.8,0.800969,6407751,iters,3,1.131348133,1.226770933,0.07778371442,0.381129075,0,3,,pmeal-hpc,2026-08-11T14:31:32,
taufactor,gpu,sor,8,n200_b200_p080,200,2,0.8,0.800969,6407751,iters,6,1.204850793,1.226770933,0.01786816065,0.3856296549,0,3,,pmeal-hpc,2026-08-11T14:31:32,
taufactor,gpu,sor,8,n200_b200_p080,200,2,0.8,0.800969,6407751,iters,10,1.257040381,1.226770933,0.0246740835,0.3916144659,0,3,,pmeal-hpc,2026-08-11T14:31:32,
taufactor,gpu,sor,8,n200_b200_p080,200,2,0.8,0.800969,6407751,iters,18,1.253704071,1.226770933,0.02195449641,0.4035374498,0,3,,pmeal-hpc,2026-08-11T14:31:32,
taufactor,gpu,sor,8,n200_b200_p080,200,2,0.8,0.800969,6407751,iters,33,1.232428312,1.226770933,0.004611602011,0.4258597778,0,3,,pmeal-hpc,2026-08-11T14:31:32,
taufactor,gpu,sor,8,n200_b200_p080,200,2,0.8,0.800969,6407751,iters,59,1.226591945,1.226770933,0.0001459019778,0.4644953228,0,3,target_reached,pmeal-hpc,2026-08-11T14:31:32,
taufactor,gpu,sor,8,n200_b200_p095,200,2,0.95,0.950886,7607091,iters,1,1.017517567,1.045952896,0.02718605152,0.3734284691,0,3,,pmeal-hpc,2026-08-11T14:31:33,
taufactor,gpu,sor,8,n200_b200_p095,200,2,0.95,0.950886,7607091,iters,2,1.027524114,1.045952896,0.0176191322,0.3751018791,0,3,,pmeal-hpc,2026-08-11T14:31:33,
taufactor,gpu,sor,8,n200_b200_p095,200,2,0.95,0.950886,7607091,iters,3,1.034254789,1.045952896,0.01118416201,0.3766474811,0,3,,pmeal-hpc,2026-08-11T14:31:33,
taufactor,gpu,sor,8,n200_b200_p095,200,2,0.95,0.950886,7607091,iters,6,1.046464324,1.045952896,0.0004889589191,0.381146949,0,3,target_reached,pmeal-hpc,2026-08-11T14:31:33,
taufactor,gpu,sor,8,n400_b050_p020,400,0.5,0.2,0.168664,10794487,iters,1,1.038623452,9.103906374,0.8859145284,12.86680957,NaN,1,,pmeal-hpc,2026-08-11T17:43:51,
taufactor,gpu,sor,8,n400_b050_p020,400,0.5,0.2,0.168664,10794487,iters,2,1.061098099,9.103906374,0.8834458467,12.87842802,NaN,1,,pmeal-hpc,2026-08-11T17:43:51,
taufactor,gpu,sor,8,n400_b050_p020,400,0.5,0.2,0.168664,10794487,iters,3,1.07989502,9.103906374,0.8813811374,12.89003589,NaN,1,,pmeal-hpc,2026-08-11T17:43:51,
taufactor,gpu,sor,8,n400_b050_p020,400,0.5,0.2,0.168664,10794487,iters,6,1.136610866,9.103906374,0.8751513011,12.9247791,NaN,1,,pmeal-hpc,2026-08-11T17:43:51,
taufactor,gpu,sor,8,n400_b050_p020,400,0.5,0.2,0.168664,10794487,iters,10,1.22062242,9.103906374,0.8659232235,12.97106418,NaN,1,,pmeal-hpc,2026-08-11T17:43:51,
taufactor,gpu,sor,8,n400_b050_p020,400,0.5,0.2,0.168664,10794487,iters,18,1.429349065,9.103906374,0.8429960716,13.06444742,NaN,1,,pmeal-hpc,2026-08-11T17:43:51,
taufactor,gpu,sor,8,n400_b050_p020,400,0.5,0.2,0.168664,10794487,iters,33,2.041787863,9.103906374,0.7757239828,13.24074272,NaN,1,,pmeal-hpc,2026-08-11T17:43:51,
taufactor,gpu,sor,8,n400_b050_p020,400,0.5,0.2,0.168664,10794487,iters,59,3.949104309,9.103906374,0.5662187036,13.5461794,NaN,1,,pmeal-hpc,2026-08-11T17:43:51,
taufactor,gpu,sor,8,n400_b050_p020,400,0.5,0.2,0.168664,10794487,iters,106,4.84193325,9.103906374,0.4681477322,14.10382608,NaN,1,,pmeal-hpc,2026-08-11T17:43:51,
taufactor,gpu,sor,8,n400_b050_p020,400,0.5,0.2,0.168664,10794487,iters,189,3.975267887,9.103906374,0.5633448188,15.07885408,NaN,1,,pmeal-hpc,2026-08-11T17:43:51,
taufactor,gpu,sor,8,n400_b050_p020,400,0.5,0.2,0.168664,10794487,iters,339,7.027328968,9.103906374,0.2280974035,16.85189219,NaN,1,,pmeal-hpc,2026-08-11T17:43:51,
taufactor,gpu,sor,8,n400_b050_p020,400,0.5,0.2,0.168664,10794487,iters,607,7.587173939,9.103906374,0.1666023763,20.01604353,NaN,1,,pmeal-hpc,2026-08-11T17:43:51,
taufactor,gpu,sor,8,n400_b050_p020,400,0.5,0.2,0.168664,10794487,iters,1086,8.175951004,9.103906374,0.1019293622,25.66199441,NaN,1,,pmeal-hpc,2026-08-11T17:43:51,
taufactor,gpu,sor,8,n400_b050_p020,400,0.5,0.2,0.168664,10794487,iters,1945,8.874767303,9.103906374,0.02516931316,35.79444947,NaN,1,,pmeal-hpc,2026-08-11T17:43:51,
taufactor,gpu,sor,8,n400_b050_p020,400,0.5,0.2,0.168664,10794487,iters,3484,9.061243057,9.103906374,0.004686264884,53.93210032,NaN,1,,pmeal-hpc,2026-08-11T17:43:51,
taufactor,gpu,sor,8,n400_b050_p020,400,0.5,0.2,0.168664,10794487,iters,6238,9.1009655,9.103906374,0.0003230343109,86.36369173,NaN,1,target_reached,pmeal-hpc,2026-08-11T17:43:51,
taufactor,gpu,sor,8,n400_b050_p040,400,0.5,0.4,0.391726,25070495,iters,1,1.026865005,2.60655752,0.6060455226,12.89743619,0,3,,pmeal-hpc,2026-08-11T17:44:43,
taufactor,gpu,sor,8,n400_b050_p040,400,0.5,0.4,0.391726,25070495,iters,2,1.042293429,2.60655752,0.6001264421,12.90905225,0,3,,pmeal-hpc,2026-08-11T17:44:43,
taufactor,gpu,sor,8,n400_b050_p040,400,0.5,0.4,0.391726,25070495,iters,3,1.054944038,2.60655752,0.5952730641,12.92065848,0,3,,pmeal-hpc,2026-08-11T17:44:43,
taufactor,gpu,sor,8,n400_b050_p040,400,0.5,0.4,0.391726,25070495,iters,6,1.091930747,2.60655752,0.5810831955,12.95539196,0,3,,pmeal-hpc,2026-08-11T17:44:43,
taufactor,gpu,sor,8,n400_b050_p040,400,0.5,0.4,0.391726,25070495,iters,10,1.143594384,2.60655752,0.5612625559,13.00170227,0,3,,pmeal-hpc,2026-08-11T17:44:43,
taufactor,gpu,sor,8,n400_b050_p040,400,0.5,0.4,0.391726,25070495,iters,18,1.257201672,2.60655752,0.5176773726,13.09421536,0,3,,pmeal-hpc,2026-08-11T17:44:43,
taufactor,gpu,sor,8,n400_b050_p040,400,0.5,0.4,0.391726,25070495,iters,33,1.515234709,2.60655752,0.4186835713,13.26958313,0,3,,pmeal-hpc,2026-08-11T17:44:43,
taufactor,gpu,sor,8,n400_b050_p040,400,0.5,0.4,0.391726,25070495,iters,59,2.053566456,2.60655752,0.2121537929,13.57437722,0,3,,pmeal-hpc,2026-08-11T17:44:43,
taufactor,gpu,sor,8,n400_b050_p040,400,0.5,0.4,0.391726,25070495,iters,106,2.402420282,2.60655752,0.07831679757,14.13062277,0,3,,pmeal-hpc,2026-08-11T17:44:43,
taufactor,gpu,sor,8,n400_b050_p040,400,0.5,0.4,0.391726,25070495,iters,189,2.347369432,2.60655752,0.0994369338,15.10353698,0,3,,pmeal-hpc,2026-08-11T17:44:43,
taufactor,gpu,sor,8,n400_b050_p040,400,0.5,0.4,0.391726,25070495,iters,339,2.607744217,2.60655752,0.0004552736358,16.87256947,0,3,target_reached,pmeal-hpc,2026-08-11T17:44:43,
taufactor,gpu,sor,8,n400_b050_p060,400,0.5,0.6,0.60417,38666899,iters,1,1.017464399,1.563851568,0.3493855682,13.03538256,0,3,,pmeal-hpc,2026-08-11T17:46:01,
taufactor,gpu,sor,8,n400_b050_p060,400,0.5,0.6,0.60417,38666899,iters,2,1.027436376,1.563851568,0.3430090191,13.04699498,0,3,,pmeal-hpc,2026-08-11T17:46:01,
taufactor,gpu,sor,8,n400_b050_p060,400,0.5,0.6,0.60417,38666899,iters,3,1.035472631,1.563851568,0.3378702604,13.0586051,0,3,,pmeal-hpc,2026-08-11T17:46:01,
taufactor,gpu,sor,8,n400_b050_p060,400,0.5,0.6,0.60417,38666899,iters,6,1.058282495,1.563851568,0.3232845647,13.09335264,0,3,,pmeal-hpc,2026-08-11T17:46:01,
taufactor,gpu,sor,8,n400_b050_p060,400,0.5,0.6,0.60417,38666899,iters,10,1.088769674,1.563851568,0.3037896329,13.13963215,0,3,,pmeal-hpc,2026-08-11T17:46:01,
taufactor,gpu,sor,8,n400_b050_p060,400,0.5,0.6,0.60417,38666899,iters,18,1.150541782,1.563851568,0.2642896513,13.23290804,0,3,,pmeal-hpc,2026-08-11T17:46:01,
taufactor,gpu,sor,8,n400_b050_p060,400,0.5,0.6,0.60417,38666899,iters,33,1.2678231,1.563851568,0.1892944791,13.40875102,0,3,,pmeal-hpc,2026-08-11T17:46:01,
taufactor,gpu,sor,8,n400_b050_p060,400,0.5,0.6,0.60417,38666899,iters,59,1.442986012,1.563851568,0.07728710254,13.7135575,0,3,,pmeal-hpc,2026-08-11T17:46:01,
taufactor,gpu,sor,8,n400_b050_p060,400,0.5,0.6,0.60417,38666899,iters,106,1.556369305,1.563851568,0.004784509922,14.26985168,0,3,,pmeal-hpc,2026-08-11T17:46:01,
taufactor,gpu,sor,8,n400_b050_p060,400,0.5,0.6,0.60417,38666899,iters,189,1.522175193,1.563851568,0.02664982791,15.24275546,0,3,,pmeal-hpc,2026-08-11T17:46:01,
taufactor,gpu,sor,8,n400_b050_p060,400,0.5,0.6,0.60417,38666899,iters,339,1.573350668,1.563851568,0.006074169792,17.01183502,0,3,,pmeal-hpc,2026-08-11T17:46:01,
taufactor,gpu,sor,8,n400_b050_p060,400,0.5,0.6,0.60417,38666899,iters,607,1.569982648,1.563851568,0.003920499887,20.16969264,0,3,,pmeal-hpc,2026-08-11T17:46:01,
taufactor,gpu,sor,8,n400_b050_p060,400,0.5,0.6,0.60417,38666899,iters,1086,1.564963341,1.563851568,0.000710919618,25.80609018,0,3,target_reached,pmeal-hpc,2026-08-11T17:46:01,
taufactor,gpu,sor,8,n400_b050_p080,400,0.5,0.8,0.809146,51785369,iters,1,1.008723617,1.177273609,0.1431697705,3.341760286,0,3,,pmeal-hpc,2026-08-11T17:46:19,
taufactor,gpu,sor,8,n400_b050_p080,400,0.5,0.8,0.809146,51785369,iters,2,1.013700724,1.177273609,0.1389421152,3.353372635,0,3,,pmeal-hpc,2026-08-11T17:46:19,
taufactor,gpu,sor,8,n400_b050_p080,400,0.5,0.8,0.809146,51785369,iters,3,1.017670989,1.177273609,0.1355696915,3.364994337,0,3,,pmeal-hpc,2026-08-11T17:46:19,
taufactor,gpu,sor,8,n400_b050_p080,400,0.5,0.8,0.809146,51785369,iters,6,1.02863121,1.177273609,0.126259858,3.399717703,0,3,,pmeal-hpc,2026-08-11T17:46:19,
taufactor,gpu,sor,8,n400_b050_p080,400,0.5,0.8,0.809146,51785369,iters,10,1.042502403,1.177273609,0.1144773863,3.446001794,0,3,,pmeal-hpc,2026-08-11T17:46:19,
taufactor,gpu,sor,8,n400_b050_p080,400,0.5,0.8,0.809146,51785369,iters,18,1.068361044,1.177273609,0.09251253425,3.538768613,0,3,,pmeal-hpc,2026-08-11T17:46:19,
taufactor,gpu,sor,8,n400_b050_p080,400,0.5,0.8,0.809146,51785369,iters,33,1.11015749,1.177273609,0.0570097883,3.714587814,0,3,,pmeal-hpc,2026-08-11T17:46:19,
taufactor,gpu,sor,8,n400_b050_p080,400,0.5,0.8,0.809146,51785369,iters,59,1.160003543,1.177273609,0.01466954323,4.019393553,0,3,,pmeal-hpc,2026-08-11T17:46:19,
taufactor,gpu,sor,8,n400_b050_p080,400,0.5,0.8,0.809146,51785369,iters,106,1.180511594,1.177273609,0.002750409755,4.575837725,0,3,,pmeal-hpc,2026-08-11T17:46:19,
taufactor,gpu,sor,8,n400_b050_p080,400,0.5,0.8,0.809146,51785369,iters,189,1.178287029,1.177273609,0.0008608196588,5.548737915,0,3,target_reached,pmeal-hpc,2026-08-11T17:46:19,
taufactor,gpu,sor,8,n400_b050_p095,400,0.5,0.95,0.949928,60795412,iters,1,1.002658367,1.038538585,0.03454875761,3.205176598,0,3,,pmeal-hpc,2026-08-11T17:46:31,
taufactor,gpu,sor,8,n400_b050_p095,400,0.5,0.95,0.949928,60795412,iters,2,1.004195094,1.038538585,0.03306905626,3.216783986,0,3,,pmeal-hpc,2026-08-11T17:46:31,
taufactor,gpu,sor,8,n400_b050_p095,400,0.5,0.95,0.949928,60795412,iters,3,1.005427718,1.038538585,0.031882173,3.228392363,0,3,,pmeal-hpc,2026-08-11T17:46:31,
taufactor,gpu,sor,8,n400_b050_p095,400,0.5,0.95,0.949928,60795412,iters,6,1.008769155,1.038538585,0.02866473223,3.263121533,0,3,,pmeal-hpc,2026-08-11T17:46:31,
taufactor,gpu,sor,8,n400_b050_p095,400,0.5,0.95,0.949928,60795412,iters,10,1.012822628,1.038538585,0.02476167699,3.309404352,0,3,,pmeal-hpc,2026-08-11T17:46:31,
taufactor,gpu,sor,8,n400_b050_p095,400,0.5,0.95,0.949928,60795412,iters,18,1.019785404,1.038538585,0.01805727882,3.402622058,0,3,,pmeal-hpc,2026-08-11T17:46:31,
taufactor,gpu,sor,8,n400_b050_p095,400,0.5,0.95,0.949928,60795412,iters,33,1.029494047,1.038538585,0.008708908813,3.578453093,0,3,,pmeal-hpc,2026-08-11T17:46:31,
taufactor,gpu,sor,8,n400_b050_p095,400,0.5,0.95,0.949928,60795412,iters,59,1.038642526,1.038538585,0.0001000835929,3.883236788,0,3,target_reached,pmeal-hpc,2026-08-11T17:46:31,
taufactor,gpu,sor,8,n400_b100_p020,400,1,0.2,0.183379,11736271,iters,1,1.072318316,10.24145804,0.8952963229,12.87199359,NaN,1,,pmeal-hpc,2026-08-11T17:48:57,
taufactor,gpu,sor,8,n400_b100_p020,400,1,0.2,0.183379,11736271,iters,2,1.119385839,10.24145804,0.8907005395,12.88360656,NaN,1,,pmeal-hpc,2026-08-11T17:48:57,
taufactor,gpu,sor,8,n400_b100_p020,400,1,0.2,0.183379,11736271,iters,3,1.161499858,10.24145804,0.8865884278,12.89521822,NaN,1,,pmeal-hpc,2026-08-11T17:48:57,
taufactor,gpu,sor,8,n400_b100_p020,400,1,0.2,0.183379,11736271,iters,6,1.305404782,10.24145804,0.8725372132,12.9299389,NaN,1,,pmeal-hpc,2026-08-11T17:48:57,
taufactor,gpu,sor,8,n400_b100_p020,400,1,0.2,0.183379,11736271,iters,10,1.563058972,10.24145804,0.8473792534,12.97639672,NaN,1,,pmeal-hpc,2026-08-11T17:48:57,
taufactor,gpu,sor,8,n400_b100_p020,400,1,0.2,0.183379,11736271,iters,18,2.44641161,10.24145804,0.7611266286,13.07018423,NaN,1,,pmeal-hpc,2026-08-11T17:48:57,
taufactor,gpu,sor,8,n400_b100_p020,400,1,0.2,0.183379,11736271,iters,33,6.096171856,10.24145804,0.4047554721,13.24603859,NaN,1,,pmeal-hpc,2026-08-11T17:48:57,
taufactor,gpu,sor,8,n400_b100_p020,400,1,0.2,0.183379,11736271,iters,59,5.696161747,10.24145804,0.443813398,13.55082979,NaN,1,,pmeal-hpc,2026-08-11T17:48:57,
taufactor,gpu,sor,8,n400_b100_p020,400,1,0.2,0.183379,11736271,iters,106,7.116521835,10.24145804,0.3051261053,14.10731798,NaN,1,,pmeal-hpc,2026-08-11T17:48:57,
taufactor,gpu,sor,8,n400_b100_p020,400,1,0.2,0.183379,11736271,iters,189,8.04074955,10.24145804,0.2148823421,15.08017089,NaN,1,,pmeal-hpc,2026-08-11T17:48:57,
taufactor,gpu,sor,8,n400_b100_p020,400,1,0.2,0.183379,11736271,iters,339,8.006163597,10.24145804,0.2182593957,16.84969661,NaN,1,,pmeal-hpc,2026-08-11T17:48:57,
taufactor,gpu,sor,8,n400_b100_p020,400,1,0.2,0.183379,11736271,iters,607,8.909639359,10.24145804,0.1300419019,20.00734681,NaN,1,,pmeal-hpc,2026-08-11T17:48:57,
taufactor,gpu,sor,8,n400_b100_p020,400,1,0.2,0.183379,11736271,iters,1086,9.07666111,10.24145804,0.1137335061,25.64385012,NaN,1,,pmeal-hpc,2026-08-11T17:48:57,
taufactor,gpu,sor,8,n400_b100_p020,400,1,0.2,0.183379,11736271,iters,1945,9.641294479,10.24145804,0.05860137866,35.76174933,NaN,1,,pmeal-hpc,2026-08-11T17:48:57,
taufactor,gpu,sor,8,n400_b100_p020,400,1,0.2,0.183379,11736271,iters,3484,9.99417305,10.24145804,0.02414548682,53.87553885,NaN,1,,pmeal-hpc,2026-08-11T17:48:57,
taufactor,gpu,sor,8,n400_b100_p020,400,1,0.2,0.183379,11736271,iters,6238,10.17953968,10.24145804,0.006045853947,86.29308092,NaN,1,,pmeal-hpc,2026-08-11T17:48:57,
taufactor,gpu,sor,8,n400_b100_p020,400,1,0.2,0.183379,11736271,iters,11169,10.24339104,10.24145804,0.0001887423626,144.2945628,NaN,1,target_reached,pmeal-hpc,2026-08-11T17:48:57,
taufactor,gpu,sor,8,n400_b100_p040,400,1,0.4,0.394417,25242705,iters,1,1.050368667,2.558566376,0.5894698389,12.92664125,0,3,,pmeal-hpc,2026-08-11T17:50:15,
taufactor,gpu,sor,8,n400_b100_p040,400,1,0.4,0.394417,25242705,iters,2,1.082149625,2.558566376,0.577048446,12.93826972,0,3,,pmeal-hpc,2026-08-11T17:50:15,
taufactor,gpu,sor,8,n400_b100_p040,400,1,0.4,0.394417,25242705,iters,3,1.109489441,2.558566376,0.5663628463,12.94987398,0,3,,pmeal-hpc,2026-08-11T17:50:15,
taufactor,gpu,sor,8,n400_b100_p040,400,1,0.4,0.394417,25242705,iters,6,1.196608901,2.558566376,0.5323127388,12.98458371,0,3,,pmeal-hpc,2026-08-11T17:50:15,
taufactor,gpu,sor,8,n400_b100_p040,400,1,0.4,0.394417,25242705,iters,10,1.332548141,2.558566376,0.4791817191,13.03084641,0,3,,pmeal-hpc,2026-08-11T17:50:15,
taufactor,gpu,sor,8,n400_b100_p040,400,1,0.4,0.394417,25242705,iters,18,1.679373741,2.558566376,0.3436270574,13.12412754,0,3,,pmeal-hpc,2026-08-11T17:50:15,
taufactor,gpu,sor,8,n400_b100_p040,400,1,0.4,0.394417,25242705,iters,33,2.430585861,2.558566376,0.05002040048,13.29971496,0,3,,pmeal-hpc,2026-08-11T17:50:15,
taufactor,gpu,sor,8,n400_b100_p040,400,1,0.4,0.394417,25242705,iters,59,2.564757586,2.558566376,0.00241979633,13.60452431,0,3,,pmeal-hpc,2026-08-11T17:50:15,
taufactor,gpu,sor,8,n400_b100_p040,400,1,0.4,0.394417,25242705,iters,106,2.509283543,2.558566376,0.01926189362,14.16081875,0,3,,pmeal-hpc,2026-08-11T17:50:15,
taufactor,gpu,sor,8,n400_b100_p040,400,1,0.4,0.394417,25242705,iters,189,2.623437405,2.558566376,0.02535444429,15.13375346,0,3,,pmeal-hpc,2026-08-11T17:50:15,
taufactor,gpu,sor,8,n400_b100_p040,400,1,0.4,0.394417,25242705,iters,339,2.536283016,2.558566376,0.008709314718,16.90272474,0,3,,pmeal-hpc,2026-08-11T17:50:15,
taufactor,gpu,sor,8,n400_b100_p040,400,1,0.4,0.394417,25242705,iters,607,2.576261759,2.558566376,0.006916132007,20.06044214,0,3,,pmeal-hpc,2026-08-11T17:50:15,
taufactor,gpu,sor,8,n400_b100_p040,400,1,0.4,0.394417,25242705,iters,1086,2.556716681,2.558566376,0.0007229421486,25.69684558,0,3,target_reached,pmeal-hpc,2026-08-11T17:50:15,
taufactor,gpu,sor,8,n400_b100_p060,400,1,0.6,0.602502,38560157,iters,1,1.032514095,1.558485087,0.3374886267,3.249775057,0,3,,pmeal-hpc,2026-08-11T17:51:04,
taufactor,gpu,sor,8,n400_b100_p060,400,1,0.6,0.602502,38560157,iters,2,1.052470088,1.558485087,0.324683889,3.26138426,0,3,,pmeal-hpc,2026-08-11T17:51:04,
taufactor,gpu,sor,8,n400_b100_p060,400,1,0.6,0.602502,38560157,iters,3,1.069096923,1.558485087,0.3140153013,3.272988587,0,3,,pmeal-hpc,2026-08-11T17:51:04,
taufactor,gpu,sor,8,n400_b100_p060,400,1,0.6,0.602502,38560157,iters,6,1.1187042,1.558485087,0.2821848543,3.30771046,0,3,,pmeal-hpc,2026-08-11T17:51:04,
taufactor,gpu,sor,8,n400_b100_p060,400,1,0.6,0.602502,38560157,iters,10,1.187618971,1.558485087,0.2379657779,3.353998829,0,3,,pmeal-hpc,2026-08-11T17:51:04,
taufactor,gpu,sor,8,n400_b100_p060,400,1,0.6,0.602502,38560157,iters,18,1.330296755,1.558485087,0.1464167569,3.446845962,0,3,,pmeal-hpc,2026-08-11T17:51:04,
taufactor,gpu,sor,8,n400_b100_p060,400,1,0.6,0.602502,38560157,iters,33,1.55443573,1.558485087,0.002598264849,3.622530065,0,3,,pmeal-hpc,2026-08-11T17:51:04,
taufactor,gpu,sor,8,n400_b100_p060,400,1,0.6,0.602502,38560157,iters,59,1.600660682,1.558485087,0.02706191742,3.927163806,0,3,,pmeal-hpc,2026-08-11T17:51:04,
taufactor,gpu,sor,8,n400_b100_p060,400,1,0.6,0.602502,38560157,iters,106,1.575348258,1.558485087,0.01082023252,4.48318043,0,3,,pmeal-hpc,2026-08-11T17:51:04,
taufactor,gpu,sor,8,n400_b100_p060,400,1,0.6,0.602502,38560157,iters,189,1.572800398,1.558485087,0.009185401254,5.455526125,0,3,,pmeal-hpc,2026-08-11T17:51:04,
taufactor,gpu,sor,8,n400_b100_p060,400,1,0.6,0.602502,38560157,iters,339,1.553494573,1.558485087,0.003202157276,7.223555992,0,3,,pmeal-hpc,2026-08-11T17:51:04,
taufactor,gpu,sor,8,n400_b100_p060,400,1,0.6,0.602502,38560157,iters,607,1.560532212,1.558485087,0.001313535352,10.37962791,0,3,,pmeal-hpc,2026-08-11T17:51:04,
taufactor,gpu,sor,8,n400_b100_p060,400,1,0.6,0.602502,38560157,iters,1086,1.558346033,1.558485087,8.922376277e-05,16.01304763,0,3,target_reached,pmeal-hpc,2026-08-11T17:51:04,
taufactor,gpu,sor,8,n400_b100_p080,400,1,0.8,0.807589,51685723,iters,1,1.01650691,1.175919941,0.1355645271,3.233984363,0,3,,pmeal-hpc,2026-08-11T17:51:36,
taufactor,gpu,sor,8,n400_b100_p080,400,1,0.8,0.807589,51685723,iters,2,1.02641201,1.175919941,0.1271412497,3.245597334,0,3,,pmeal-hpc,2026-08-11T17:51:36,
taufactor,gpu,sor,8,n400_b100_p080,400,1,0.8,0.807589,51685723,iters,3,1.034399509,1.175919941,0.1203486961,3.257203222,0,3,,pmeal-hpc,2026-08-11T17:51:36,
taufactor,gpu,sor,8,n400_b100_p080,400,1,0.8,0.807589,51685723,iters,6,1.056752324,1.175919941,0.1013399065,3.29192979,0,3,,pmeal-hpc,2026-08-11T17:51:36,
taufactor,gpu,sor,8,n400_b100_p080,400,1,0.8,0.807589,51685723,iters,10,1.084528804,1.175919941,0.07771884291,3.338354959,0,3,,pmeal-hpc,2026-08-11T17:51:36,
taufactor,gpu,sor,8,n400_b100_p080,400,1,0.8,0.807589,51685723,iters,18,1.132151008,1.175919941,0.03722101465,3.432052714,0,3,,pmeal-hpc,2026-08-11T17:51:36,
taufactor,gpu,sor,8,n400_b100_p080,400,1,0.8,0.807589,51685723,iters,33,1.188907743,1.175919941,0.0110448008,3.607801043,0,3,,pmeal-hpc,2026-08-11T17:51:36,
taufactor,gpu,sor,8,n400_b100_p080,400,1,0.8,0.807589,51685723,iters,59,1.196201563,1.175919941,0.01724745127,3.912432097,0,3,,pmeal-hpc,2026-08-11T17:51:36,
taufactor,gpu,sor,8,n400_b100_p080,400,1,0.8,0.807589,51685723,iters,106,1.180368423,1.175919941,0.003782980717,4.468567735,0,3,,pmeal-hpc,2026-08-11T17:51:36,
taufactor,gpu,sor,8,n400_b100_p080,400,1,0.8,0.807589,51685723,iters,189,1.173052549,1.175919941,0.002438424197,5.440906548,0,3,,pmeal-hpc,2026-08-11T17:51:36,
taufactor,gpu,sor,8,n400_b100_p080,400,1,0.8,0.807589,51685723,iters,339,1.177321076,1.175919941,0.001191522777,7.209179361,0,3,,pmeal-hpc,2026-08-11T17:51:36,
taufactor,gpu,sor,8,n400_b100_p080,400,1,0.8,0.807589,51685723,iters,607,1.175681949,1.175919941,0.0002023882153,10.36512785,0,3,target_reached,pmeal-hpc,2026-08-11T17:51:36,
taufactor,gpu,sor,8,n400_b100_p095,400,1,0.95,0.950994,60863603,iters,1,1.004875779,1.036462383,0.03047539821,3.199278765,0,3,,pmeal-hpc,2026-08-11T17:51:51,
taufactor,gpu,sor,8,n400_b100_p095,400,1,0.95,0.950994,60863603,iters,2,1.007794499,1.036462383,0.02765935752,3.210891924,0,3,,pmeal-hpc,2026-08-11T17:51:51,
taufactor,gpu,sor,8,n400_b100_p095,400,1,0.95,0.950994,60863603,iters,3,1.010080338,1.036462383,0.02545393437,3.222497481,0,3,,pmeal-hpc,2026-08-11T17:51:51,
taufactor,gpu,sor,8,n400_b100_p095,400,1,0.95,0.950994,60863603,iters,6,1.016104937,1.036462383,0.01964127858,3.257217513,0,3,,pmeal-hpc,2026-08-11T17:51:51,
taufactor,gpu,sor,8,n400_b100_p095,400,1,0.95,0.950994,60863603,iters,10,1.022816658,1.036462383,0.01316567316,3.303758264,0,3,,pmeal-hpc,2026-08-11T17:51:51,
taufactor,gpu,sor,8,n400_b100_p095,400,1,0.95,0.950994,60863603,iters,18,1.032357335,1.036462383,0.003960633764,3.39746917,0,3,,pmeal-hpc,2026-08-11T17:51:51,
taufactor,gpu,sor,8,n400_b100_p095,400,1,0.95,0.950994,60863603,iters,33,1.040496588,1.036462383,0.003892282845,3.573225253,0,3,,pmeal-hpc,2026-08-11T17:51:51,
taufactor,gpu,sor,8,n400_b100_p095,400,1,0.95,0.950994,60863603,iters,59,1.040321231,1.036462383,0.003723094973,3.877829624,0,3,,pmeal-hpc,2026-08-11T17:51:51,
taufactor,gpu,sor,8,n400_b100_p095,400,1,0.95,0.950994,60863603,iters,106,1.036803126,1.036462383,0.0003287561042,4.433914671,0,3,target_reached,pmeal-hpc,2026-08-11T17:51:51,
taufactor,gpu,sor,8,n400_b200_p020,400,2,0.2,0.18948,12126729,iters,1,1.146163106,10.76863104,0.8935646414,12.90776826,0,3,,pmeal-hpc,2026-08-11T17:54:34,
taufactor,gpu,sor,8,n400_b200_p020,400,2,0.2,0.18948,12126729,iters,2,1.256391048,10.76863104,0.8833286196,12.91937043,0,3,,pmeal-hpc,2026-08-11T17:54:34,
taufactor,gpu,sor,8,n400_b200_p020,400,2,0.2,0.18948,12126729,iters,3,1.365275502,10.76863104,0.8732173572,12.93099049,0,3,,pmeal-hpc,2026-08-11T17:54:34,
taufactor,gpu,sor,8,n400_b200_p020,400,2,0.2,0.18948,12126729,iters,6,1.834277868,10.76863104,0.8296647121,12.96571632,0,3,,pmeal-hpc,2026-08-11T17:54:34,
taufactor,gpu,sor,8,n400_b200_p020,400,2,0.2,0.18948,12126729,iters,10,3.064818859,10.76863104,0.7153938279,13.01258911,0,3,,pmeal-hpc,2026-08-11T17:54:34,
taufactor,gpu,sor,8,n400_b200_p020,400,2,0.2,0.18948,12126729,iters,18,8.145690918,10.76863104,0.2435722899,13.10639342,0,3,,pmeal-hpc,2026-08-11T17:54:34,
taufactor,gpu,sor,8,n400_b200_p020,400,2,0.2,0.18948,12126729,iters,33,6.741989136,10.76863104,0.373923286,13.28225124,0,3,,pmeal-hpc,2026-08-11T17:54:34,
taufactor,gpu,sor,8,n400_b200_p020,400,2,0.2,0.18948,12126729,iters,59,8.689351082,10.76863104,0.1930867489,13.58703604,0,3,,pmeal-hpc,2026-08-11T17:54:34,
taufactor,gpu,sor,8,n400_b200_p020,400,2,0.2,0.18948,12126729,iters,106,9.346938133,10.76863104,0.1320216935,14.14332548,0,3,,pmeal-hpc,2026-08-11T17:54:34,
taufactor,gpu,sor,8,n400_b200_p020,400,2,0.2,0.18948,12126729,iters,189,9.757580757,10.76863104,0.09388846912,15.11619547,0,3,,pmeal-hpc,2026-08-11T17:54:34,
taufactor,gpu,sor,8,n400_b200_p020,400,2,0.2,0.18948,12126729,iters,339,10.4072094,10.76863104,0.03356245026,16.8851263,0,3,,pmeal-hpc,2026-08-11T17:54:34,
taufactor,gpu,sor,8,n400_b200_p020,400,2,0.2,0.18948,12126729,iters,607,10.37747192,10.76863104,0.03632394078,20.04293871,0,3,,pmeal-hpc,2026-08-11T17:54:34,
taufactor,gpu,sor,8,n400_b200_p020,400,2,0.2,0.18948,12126729,iters,1086,10.56796551,10.76863104,0.01863426574,25.67939862,0,3,,pmeal-hpc,2026-08-11T17:54:34,
taufactor,gpu,sor,8,n400_b200_p020,400,2,0.2,0.18948,12126729,iters,1945,10.72319603,10.76863104,0.004219200209,35.79394698,0,3,,pmeal-hpc,2026-08-11T17:54:34,
taufactor,gpu,sor,8,n400_b200_p020,400,2,0.2,0.18948,12126729,iters,3484,10.76140881,10.76863104,0.0006706733777,53.90514104,0,3,target_reached,pmeal-hpc,2026-08-11T17:54:34,
taufactor,gpu,sor,8,n400_b200_p040,400,2,0.4,0.399236,25551094,iters,1,1.098029971,2.608420127,0.5790440506,13.07633511,0,3,,pmeal-hpc,2026-08-11T17:55:52,
taufactor,gpu,sor,8,n400_b200_p040,400,2,0.4,0.399236,25551094,iters,2,1.166138887,2.608420127,0.5529328748,13.08795187,0,3,,pmeal-hpc,2026-08-11T17:55:52,
taufactor,gpu,sor,8,n400_b200_p040,400,2,0.4,0.399236,25551094,iters,3,1.228277206,2.608420127,0.5291106698,13.09956625,0,3,,pmeal-hpc,2026-08-11T17:55:52,
taufactor,gpu,sor,8,n400_b200_p040,400,2,0.4,0.399236,25551094,iters,6,1.449966192,2.608420127,0.4441209155,13.13429153,0,3,,pmeal-hpc,2026-08-11T17:55:52,
taufactor,gpu,sor,8,n400_b200_p040,400,2,0.4,0.399236,25551094,iters,10,1.840870023,2.608420127,0.294258619,13.18057397,0,3,,pmeal-hpc,2026-08-11T17:55:52,
taufactor,gpu,sor,8,n400_b200_p040,400,2,0.4,0.399236,25551094,iters,18,2.627542973,2.608420127,0.00733119844,13.27421074,0,3,,pmeal-hpc,2026-08-11T17:55:52,
taufactor,gpu,sor,8,n400_b200_p040,400,2,0.4,0.399236,25551094,iters,33,2.635087013,2.608420127,0.01022338617,13.45004462,0,3,,pmeal-hpc,2026-08-11T17:55:52,
taufactor,gpu,sor,8,n400_b200_p040,400,2,0.4,0.399236,25551094,iters,59,2.738308668,2.608420127,0.04979586677,13.75482857,0,3,,pmeal-hpc,2026-08-11T17:55:52,
taufactor,gpu,sor,8,n400_b200_p040,400,2,0.4,0.399236,25551094,iters,106,2.713338137,2.608420127,0.04022281863,14.31124814,0,3,,pmeal-hpc,2026-08-11T17:55:52,
taufactor,gpu,sor,8,n400_b200_p040,400,2,0.4,0.399236,25551094,iters,189,2.60192728,2.608420127,0.002489187423,15.28411817,0,3,,pmeal-hpc,2026-08-11T17:55:52,
taufactor,gpu,sor,8,n400_b200_p040,400,2,0.4,0.399236,25551094,iters,339,2.590572596,2.608420127,0.006842276372,17.05313304,0,3,,pmeal-hpc,2026-08-11T17:55:52,
taufactor,gpu,sor,8,n400_b200_p040,400,2,0.4,0.399236,25551094,iters,607,2.616946697,2.608420127,0.003268863841,20.21069329,0,3,,pmeal-hpc,2026-08-11T17:55:52,
taufactor,gpu,sor,8,n400_b200_p040,400,2,0.4,0.399236,25551094,iters,1086,2.60662365,2.608420127,0.0006887224126,25.84663775,0,3,target_reached,pmeal-hpc,2026-08-11T17:55:52,
taufactor,gpu,sor,8,n400_b200_p060,400,2,0.6,0.601874,38519921,iters,1,1.062551618,1.574940918,0.3253387442,3.248238465,0,3,,pmeal-hpc,2026-08-11T17:56:10,
taufactor,gpu,sor,8,n400_b200_p060,400,2,0.6,0.601874,38519921,iters,2,1.103418708,1.574940918,0.2993904119,3.259851443,0,3,,pmeal-hpc,2026-08-11T17:56:10,
taufactor,gpu,sor,8,n400_b200_p060,400,2,0.6,0.601874,38519921,iters,3,1.138428926,1.574940918,0.2771608678,3.271456845,0,3,,pmeal-hpc,2026-08-11T17:56:10,
taufactor,gpu,sor,8,n400_b200_p060,400,2,0.6,0.601874,38519921,iters,6,1.247634053,1.574940918,0.2078216783,3.306183095,0,3,,pmeal-hpc,2026-08-11T17:56:10,
taufactor,gpu,sor,8,n400_b200_p060,400,2,0.6,0.601874,38519921,iters,10,1.400361657,1.574940918,0.1108481333,3.352482644,0,3,,pmeal-hpc,2026-08-11T17:56:10,
taufactor,gpu,sor,8,n400_b200_p060,400,2,0.6,0.601874,38519921,iters,18,1.635561347,1.574940918,0.03849060515,3.445758763,0,3,,pmeal-hpc,2026-08-11T17:56:10,
taufactor,gpu,sor,8,n400_b200_p060,400,2,0.6,0.601874,38519921,iters,33,1.651756048,1.574940918,0.04877334084,3.62159036,0,3,,pmeal-hpc,2026-08-11T17:56:10,
taufactor,gpu,sor,8,n400_b200_p060,400,2,0.6,0.601874,38519921,iters,59,1.617958784,1.574940918,0.02731395547,3.926396802,0,3,,pmeal-hpc,2026-08-11T17:56:10,
taufactor,gpu,sor,8,n400_b200_p060,400,2,0.6,0.601874,38519921,iters,106,1.577063799,1.574940918,0.001347911455,4.482690595,0,3,,pmeal-hpc,2026-08-11T17:56:10,
taufactor,gpu,sor,8,n400_b200_p060,400,2,0.6,0.601874,38519921,iters,189,1.574298978,1.574940918,0.0004075963363,5.455528829,0,3,target_reached,pmeal-hpc,2026-08-11T17:56:10,
taufactor,gpu,sor,8,n400_b200_p080,400,2,0.8,0.802397,51353403,iters,1,1.032410026,1.199127461,0.1390322887,3.22203322,0,3,,pmeal-hpc,2026-08-11T17:56:24,
taufactor,gpu,sor,8,n400_b200_p080,400,2,0.8,0.802397,51353403,iters,2,1.052457452,1.199127461,0.1223139441,3.233644014,0,3,,pmeal-hpc,2026-08-11T17:56:24,
taufactor,gpu,sor,8,n400_b200_p080,400,2,0.8,0.802397,51353403,iters,3,1.068605781,1.199127461,0.1088472115,3.245251021,0,3,,pmeal-hpc,2026-08-11T17:56:24,
taufactor,gpu,sor,8,n400_b200_p080,400,2,0.8,0.802397,51353403,iters,6,1.112948656,1.199127461,0.07186792707,3.279979763,0,3,,pmeal-hpc,2026-08-11T17:56:24,
taufactor,gpu,sor,8,n400_b200_p080,400,2,0.8,0.802397,51353403,iters,10,1.163534522,1.199127461,0.02968236497,3.326528209,0,3,,pmeal-hpc,2026-08-11T17:56:24,
taufactor,gpu,sor,8,n400_b200_p080,400,2,0.8,0.802397,51353403,iters,18,1.225341201,1.199127461,0.02186067844,3.420288531,0,3,,pmeal-hpc,2026-08-11T17:56:24,
taufactor,gpu,sor,8,n400_b200_p080,400,2,0.8,0.802397,51353403,iters,33,1.225994229,1.199127461,0.02240526482,3.596134146,0,3,,pmeal-hpc,2026-08-11T17:56:24,
taufactor,gpu,sor,8,n400_b200_p080,400,2,0.8,0.802397,51353403,iters,59,1.205824018,1.199127461,0.005584524367,3.900907127,0,3,,pmeal-hpc,2026-08-11T17:56:24,
taufactor,gpu,sor,8,n400_b200_p080,400,2,0.8,0.802397,51353403,iters,106,1.198301911,1.199127461,0.0006884586274,4.45728819,0,3,target_reached,pmeal-hpc,2026-08-11T17:56:24,
taufactor,gpu,sor,8,n400_b200_p095,400,2,0.95,0.950293,60818722,iters,1,1.009547353,1.041214741,0.0304138877,3.213012068,0,3,,pmeal-hpc,2026-08-11T17:56:37,
taufactor,gpu,sor,8,n400_b200_p095,400,2,0.95,0.950293,60818722,iters,2,1.015221834,1.041214741,0.02496402115,3.224623097,0,3,,pmeal-hpc,2026-08-11T17:56:37,
taufactor,gpu,sor,8,n400_b200_p095,400,2,0.95,0.950293,60818722,iters,3,1.019493341,1.041214741,0.02086159435,3.236229331,0,3,,pmeal-hpc,2026-08-11T17:56:37,
taufactor,gpu,sor,8,n400_b200_p095,400,2,0.95,0.950293,60818722,iters,6,1.029691696,1.041214741,0.01106692441,3.270949633,0,3,,pmeal-hpc,2026-08-11T17:56:37,
taufactor,gpu,sor,8,n400_b200_p095,400,2,0.95,0.950293,60818722,iters,10,1.038915396,1.041214741,0.002208329534,3.317231202,0,3,,pmeal-hpc,2026-08-11T17:56:37,
taufactor,gpu,sor,8,n400_b200_p095,400,2,0.95,0.950293,60818722,iters,18,1.046818733,1.041214741,0.005382167573,3.410861189,0,3,,pmeal-hpc,2026-08-11T17:56:37,
taufactor,gpu,sor,8,n400_b200_p095,400,2,0.95,0.950293,60818722,iters,33,1.045147777,1.041214741,0.003777352979,3.586708246,0,3,,pmeal-hpc,2026-08-11T17:56:37,
taufactor,gpu,sor,8,n400_b200_p095,400,2,0.95,0.950293,60818722,iters,59,1.041418791,1.041214741,0.0001959728471,3.891496958,0,3,target_reached,pmeal-hpc,2026-08-11T17:56:37,
taufactor,gpu,sor,8,n600_b050_p020,600,0.5,0.2,0.156443,33791688,iters,1,1.026658416,23.43955199,0.9561997424,48.84860088,NaN,1,,pmeal-hpc,2026-08-12T03:06:18,
taufactor,gpu,sor,8,n600_b050_p020,600,0.5,0.2,0.156443,33791688,iters,2,1.041821122,23.43955199,0.9555528569,48.88895762,NaN,1,,pmeal-hpc,2026-08-12T03:06:18,
taufactor,gpu,sor,8,n600_b050_p020,600,0.5,0.2,0.156443,33791688,iters,3,1.054510117,23.43955199,0.9550115072,48.92930934,NaN,1,,pmeal-hpc,2026-08-12T03:06:18,
taufactor,gpu,sor,8,n600_b050_p020,600,0.5,0.2,0.156443,33791688,iters,6,1.091564178,23.43955199,0.9534306723,49.05153204,NaN,1,,pmeal-hpc,2026-08-12T03:06:18,
taufactor,gpu,sor,8,n600_b050_p020,600,0.5,0.2,0.156443,33791688,iters,10,1.14431262,23.43955199,0.9511802691,49.2150232,NaN,1,,pmeal-hpc,2026-08-12T03:06:18,
taufactor,gpu,sor,8,n600_b050_p020,600,0.5,0.2,0.156443,33791688,iters,18,1.264524937,23.43955199,0.9460516593,49.54193605,NaN,1,,pmeal-hpc,2026-08-12T03:06:18,
taufactor,gpu,sor,8,n600_b050_p020,600,0.5,0.2,0.156443,33791688,iters,33,1.568988919,23.43955199,0.9330623333,50.15483614,NaN,1,,pmeal-hpc,2026-08-12T03:06:18,
taufactor,gpu,sor,8,n600_b050_p020,600,0.5,0.2,0.156443,33791688,iters,59,2.497834206,23.43955199,0.8934350705,51.21718465,NaN,1,,pmeal-hpc,2026-08-12T03:06:18,
taufactor,gpu,sor,8,n600_b050_p020,600,0.5,0.2,0.156443,33791688,iters,106,5.408372879,23.43955199,0.7692629586,53.1553848,NaN,1,,pmeal-hpc,2026-08-12T03:06:18,
taufactor,gpu,sor,8,n600_b050_p020,600,0.5,0.2,0.156443,33791688,iters,189,5.470160484,23.43955199,0.7666269182,56.54653969,NaN,1,,pmeal-hpc,2026-08-12T03:06:18,
taufactor,gpu,sor,8,n600_b050_p020,600,0.5,0.2,0.156443,33791688,iters,339,7.600486755,23.43955199,0.6757409545,62.71084803,NaN,1,,pmeal-hpc,2026-08-12T03:06:18,
taufactor,gpu,sor,8,n600_b050_p020,600,0.5,0.2,0.156443,33791688,iters,607,6.817372799,23.43955199,0.7091508915,73.70907622,NaN,1,,pmeal-hpc,2026-08-12T03:06:18,
taufactor,gpu,sor,8,n600_b050_p020,600,0.5,0.2,0.156443,33791688,iters,1086,8.821931839,23.43955199,0.6236305266,93.33172649,NaN,1,,pmeal-hpc,2026-08-12T03:06:18,
taufactor,gpu,sor,8,n600_b050_p020,600,0.5,0.2,0.156443,33791688,iters,1945,13.71319199,23.43955199,0.4149550302,128.546781,NaN,1,,pmeal-hpc,2026-08-12T03:06:18,
taufactor,gpu,sor,8,n600_b050_p020,600,0.5,0.2,0.156443,33791688,iters,3484,18.87844849,23.43955199,0.1945900462,191.6178676,NaN,1,,pmeal-hpc,2026-08-12T03:06:18,
taufactor,gpu,sor,8,n600_b050_p020,600,0.5,0.2,0.156443,33791688,iters,6238,22.22729111,23.43955199,0.05171860296,304.4685066,NaN,1,,pmeal-hpc,2026-08-12T03:06:18,
taufactor,gpu,sor,8,n600_b050_p020,600,0.5,0.2,0.156443,33791688,iters,11169,23.02798843,23.43955199,0.01755850779,506.4909712,NaN,1,,pmeal-hpc,2026-08-12T03:06:18,
taufactor,gpu,sor,8,n600_b050_p020,600,0.5,0.2,0.156443,33791688,iters,20000,23.47514915,23.43955199,0.001518679396,868.3015852,NaN,1,ladder_exhausted,pmeal-hpc,2026-08-12T03:06:18,
taufactor,gpu,sor,8,n600_b050_p040,600,0.5,0.4,0.393651,85028549,iters,1,1.020061255,2.911720482,0.649670612,48.77362035,NaN,1,,pmeal-hpc,2026-08-12T03:07:35,
taufactor,gpu,sor,8,n600_b050_p040,600,0.5,0.4,0.393651,85028549,iters,2,1.03132081,2.911720482,0.6458036351,48.81399857,NaN,1,,pmeal-hpc,2026-08-12T03:07:35,
taufactor,gpu,sor,8,n600_b050_p040,600,0.5,0.4,0.393651,85028549,iters,3,1.040616035,2.911720482,0.6426112871,48.85448215,NaN,1,,pmeal-hpc,2026-08-12T03:07:35,
taufactor,gpu,sor,8,n600_b050_p040,600,0.5,0.4,0.393651,85028549,iters,6,1.067075729,2.911720482,0.6335239815,48.97587752,NaN,1,,pmeal-hpc,2026-08-12T03:07:35,
taufactor,gpu,sor,8,n600_b050_p040,600,0.5,0.4,0.393651,85028549,iters,10,1.10332191,2.911720482,0.6210756092,49.1393342,NaN,1,,pmeal-hpc,2026-08-12T03:07:35,
taufactor,gpu,sor,8,n600_b050_p040,600,0.5,0.4,0.393651,85028549,iters,18,1.180769444,2.911720482,0.5944770623,49.46623964,NaN,1,,pmeal-hpc,2026-08-12T03:07:35,
taufactor,gpu,sor,8,n600_b050_p040,600,0.5,0.4,0.393651,85028549,iters,33,1.34939301,2.911720482,0.5365650589,50.07916182,NaN,1,,pmeal-hpc,2026-08-12T03:07:35,
taufactor,gpu,sor,8,n600_b050_p040,600,0.5,0.4,0.393651,85028549,iters,59,1.721914887,2.911720482,0.4086263094,51.14150315,NaN,1,,pmeal-hpc,2026-08-12T03:07:35,
taufactor,gpu,sor,8,n600_b050_p040,600,0.5,0.4,0.393651,85028549,iters,106,2.40319705,2.911720482,0.1746470635,53.07959811,NaN,1,,pmeal-hpc,2026-08-12T03:07:35,
taufactor,gpu,sor,8,n600_b050_p040,600,0.5,0.4,0.393651,85028549,iters,189,2.552093267,2.911720482,0.1235102122,56.47075837,NaN,1,,pmeal-hpc,2026-08-12T03:07:35,
taufactor,gpu,sor,8,n600_b050_p040,600,0.5,0.4,0.393651,85028549,iters,339,2.627863169,2.911720482,0.09748783066,62.63319735,NaN,1,,pmeal-hpc,2026-08-12T03:07:35,
taufactor,gpu,sor,8,n600_b050_p040,600,0.5,0.4,0.393651,85028549,iters,607,2.910149336,2.911720482,0.000539593738,73.62884384,NaN,1,target_reached,pmeal-hpc,2026-08-12T03:07:35,
taufactor,gpu,sor,8,n600_b050_p060,600,0.5,0.6,0.603327,130318526,iters,1,1.012887955,1.644772466,0.3841774618,11.07275611,0,3,,pmeal-hpc,2026-08-12T03:10:26,
taufactor,gpu,sor,8,n600_b050_p060,600,0.5,0.6,0.603327,130318526,iters,2,1.020154119,1.644772466,0.3797597299,11.11311098,0,3,,pmeal-hpc,2026-08-12T03:10:26,
taufactor,gpu,sor,8,n600_b050_p060,600,0.5,0.6,0.603327,130318526,iters,3,1.026117086,1.644772466,0.376134324,11.15347774,0,3,,pmeal-hpc,2026-08-12T03:10:26,
taufactor,gpu,sor,8,n600_b050_p060,600,0.5,0.6,0.603327,130318526,iters,6,1.042752743,1.644772466,0.366020064,11.27505719,0,3,,pmeal-hpc,2026-08-12T03:10:26,
taufactor,gpu,sor,8,n600_b050_p060,600,0.5,0.6,0.603327,130318526,iters,10,1.06490612,1.644772466,0.3525511022,11.43843206,0,3,,pmeal-hpc,2026-08-12T03:10:26,
taufactor,gpu,sor,8,n600_b050_p060,600,0.5,0.6,0.603327,130318526,iters,18,1.109714389,1.644772466,0.325308265,11.76516273,0,3,,pmeal-hpc,2026-08-12T03:10:26,
taufactor,gpu,sor,8,n600_b050_p060,600,0.5,0.6,0.603327,130318526,iters,33,1.197167277,1.644772466,0.2721380604,12.37775426,0,3,,pmeal-hpc,2026-08-12T03:10:26,
taufactor,gpu,sor,8,n600_b050_p060,600,0.5,0.6,0.603327,130318526,iters,59,1.354953408,1.644772466,0.1762061706,13.4395783,0,3,,pmeal-hpc,2026-08-12T03:10:26,
taufactor,gpu,sor,8,n600_b050_p060,600,0.5,0.6,0.603327,130318526,iters,106,1.588265657,1.644772466,0.0343553955,15.37674657,0,3,,pmeal-hpc,2026-08-12T03:10:26,
taufactor,gpu,sor,8,n600_b050_p060,600,0.5,0.6,0.603327,130318526,iters,189,1.667232513,1.644772466,0.01365541307,18.76526493,0,3,,pmeal-hpc,2026-08-12T03:10:26,
taufactor,gpu,sor,8,n600_b050_p060,600,0.5,0.6,0.603327,130318526,iters,339,1.62784636,1.644772466,0.01029084943,24.92295323,0,3,,pmeal-hpc,2026-08-12T03:10:26,
taufactor,gpu,sor,8,n600_b050_p060,600,0.5,0.6,0.603327,130318526,iters,607,1.670134187,1.644772466,0.01541959223,35.91443828,0,3,,pmeal-hpc,2026-08-12T03:10:26,
taufactor,gpu,sor,8,n600_b050_p060,600,0.5,0.6,0.603327,130318526,iters,1086,1.646389961,1.644772466,0.0009834158074,55.53248623,0,3,target_reached,pmeal-hpc,2026-08-12T03:10:26,
taufactor,gpu,sor,8,n600_b050_p080,600,0.5,0.8,0.801395,173101417,iters,1,1.006780624,1.207519104,0.1662404172,11.03516664,0,3,,pmeal-hpc,2026-08-12T03:13:16,
taufactor,gpu,sor,8,n600_b050_p080,600,0.5,0.8,0.801395,173101417,iters,2,1.010626912,1.207519104,0.1630551361,11.0755472,0,3,,pmeal-hpc,2026-08-12T03:13:16,
taufactor,gpu,sor,8,n600_b050_p080,600,0.5,0.8,0.801395,173101417,iters,3,1.013749838,1.207519104,0.1604689031,11.11590207,0,3,,pmeal-hpc,2026-08-12T03:13:16,
taufactor,gpu,sor,8,n600_b050_p080,600,0.5,0.8,0.801395,173101417,iters,6,1.022343874,1.207519104,0.1533518016,11.23830913,0,3,,pmeal-hpc,2026-08-12T03:13:16,
taufactor,gpu,sor,8,n600_b050_p080,600,0.5,0.8,0.801395,173101417,iters,10,1.033438563,1.207519104,0.1441637984,11.40161923,0,3,,pmeal-hpc,2026-08-12T03:13:16,
taufactor,gpu,sor,8,n600_b050_p080,600,0.5,0.8,0.801395,173101417,iters,18,1.054680109,1.207519104,0.1265727345,11.72816788,0,3,,pmeal-hpc,2026-08-12T03:13:16,
taufactor,gpu,sor,8,n600_b050_p080,600,0.5,0.8,0.801395,173101417,iters,33,1.091851592,1.207519104,0.09578938466,12.34042845,0,3,,pmeal-hpc,2026-08-12T03:13:16,
taufactor,gpu,sor,8,n600_b050_p080,600,0.5,0.8,0.801395,173101417,iters,59,1.147188544,1.207519104,0.049962406,13.40164664,0,3,,pmeal-hpc,2026-08-12T03:13:16,
taufactor,gpu,sor,8,n600_b050_p080,600,0.5,0.8,0.801395,173101417,iters,106,1.212615967,1.207519104,0.004220937607,15.33780289,0,3,,pmeal-hpc,2026-08-12T03:13:16,
taufactor,gpu,sor,8,n600_b050_p080,600,0.5,0.8,0.801395,173101417,iters,189,1.239004254,1.207519104,0.02607424614,18.72540363,0,3,,pmeal-hpc,2026-08-12T03:13:16,
taufactor,gpu,sor,8,n600_b050_p080,600,0.5,0.8,0.801395,173101417,iters,339,1.210992694,1.207519104,0.002876633496,24.88304772,0,3,,pmeal-hpc,2026-08-12T03:13:16,
taufactor,gpu,sor,8,n600_b050_p080,600,0.5,0.8,0.801395,173101417,iters,607,1.203367233,1.207519104,0.003438347857,35.87339316,0,3,,pmeal-hpc,2026-08-12T03:13:16,
taufactor,gpu,sor,8,n600_b050_p080,600,0.5,0.8,0.801395,173101417,iters,1086,1.206896782,1.207519104,0.0005153724496,55.49154708,0,3,target_reached,pmeal-hpc,2026-08-12T03:13:16,
taufactor,gpu,sor,8,n600_b050_p095,600,0.5,0.95,0.949611,205116041,iters,1,1.00205934,1.036289257,0.03303123746,10.89119172,0,3,,pmeal-hpc,2026-08-12T03:14:35,
taufactor,gpu,sor,8,n600_b050_p095,600,0.5,0.95,0.949611,205116041,iters,2,1.003234744,1.036289257,0.03189699469,10.93154435,0,3,,pmeal-hpc,2026-08-12T03:14:35,
taufactor,gpu,sor,8,n600_b050_p095,600,0.5,0.95,0.949611,205116041,iters,3,1.004172802,1.036289257,0.03099178614,10.97189355,0,3,,pmeal-hpc,2026-08-12T03:14:35,
taufactor,gpu,sor,8,n600_b050_p095,600,0.5,0.95,0.949611,205116041,iters,6,1.006714821,1.036289257,0.02853878484,11.09400345,0,3,,pmeal-hpc,2026-08-12T03:14:35,
taufactor,gpu,sor,8,n600_b050_p095,600,0.5,0.95,0.949611,205116041,iters,10,1.009862065,1.036289257,0.02550175205,11.25729281,0,3,,pmeal-hpc,2026-08-12T03:14:35,
taufactor,gpu,sor,8,n600_b050_p095,600,0.5,0.95,0.949611,205116041,iters,18,1.015496612,1.036289257,0.02006451892,11.58385916,0,3,,pmeal-hpc,2026-08-12T03:14:35,
taufactor,gpu,sor,8,n600_b050_p095,600,0.5,0.95,0.949611,205116041,iters,33,1.02404356,1.036289257,0.01181687149,12.1961177,0,3,,pmeal-hpc,2026-08-12T03:14:35,
taufactor,gpu,sor,8,n600_b050_p095,600,0.5,0.95,0.949611,205116041,iters,59,1.033819556,1.036289257,0.002383215639,13.25732884,0,3,,pmeal-hpc,2026-08-12T03:14:35,
taufactor,gpu,sor,8,n600_b050_p095,600,0.5,0.95,0.949611,205116041,iters,106,1.040660024,1.036289257,0.004217709158,15.19355129,0,3,,pmeal-hpc,2026-08-12T03:14:35,
taufactor,gpu,sor,8,n600_b050_p095,600,0.5,0.95,0.949611,205116041,iters,189,1.03925252,1.036289257,0.002859493706,18.58115269,0,3,,pmeal-hpc,2026-08-12T03:14:35,
taufactor,gpu,sor,8,n600_b050_p095,600,0.5,0.95,0.949611,205116041,iters,339,1.036476254,1.036289257,0.0001804490995,24.73905194,0,3,target_reached,pmeal-hpc,2026-08-12T03:14:35,
taufactor,gpu,sor,8,n600_b100_p020,600,1,0.2,0.186121,40202032,iters,1,1.05115664,12.53312864,0.9161297494,48.5175202,NaN,1,,pmeal-hpc,2026-08-12T03:29:07,
taufactor,gpu,sor,8,n600_b100_p020,600,1,0.2,0.186121,40202032,iters,2,1.082811356,12.53312864,0.9136040659,48.55786642,NaN,1,,pmeal-hpc,2026-08-12T03:29:07,
taufactor,gpu,sor,8,n600_b100_p020,600,1,0.2,0.186121,40202032,iters,3,1.110316396,12.53312864,0.911409479,48.59821752,NaN,1,,pmeal-hpc,2026-08-12T03:29:07,
taufactor,gpu,sor,8,n600_b100_p020,600,1,0.2,0.186121,40202032,iters,6,1.197833657,12.53312864,0.9044266047,48.71965836,NaN,1,,pmeal-hpc,2026-08-12T03:29:07,
taufactor,gpu,sor,8,n600_b100_p020,600,1,0.2,0.186121,40202032,iters,10,1.337956309,12.53312864,0.8932464233,48.88320174,NaN,1,,pmeal-hpc,2026-08-12T03:29:07,
taufactor,gpu,sor,8,n600_b100_p020,600,1,0.2,0.186121,40202032,iters,18,1.737726331,12.53312864,0.8613493581,49.21022901,NaN,1,,pmeal-hpc,2026-08-12T03:29:07,
taufactor,gpu,sor,8,n600_b100_p020,600,1,0.2,0.186121,40202032,iters,33,3.319886208,12.53312864,0.735111136,49.82332805,NaN,1,,pmeal-hpc,2026-08-12T03:29:07,
taufactor,gpu,sor,8,n600_b100_p020,600,1,0.2,0.186121,40202032,iters,59,7.407513142,12.53312864,0.4089653626,50.88594819,NaN,1,,pmeal-hpc,2026-08-12T03:29:07,
taufactor,gpu,sor,8,n600_b100_p020,600,1,0.2,0.186121,40202032,iters,106,6.101381302,12.53312864,0.5131797114,52.8241121,NaN,1,,pmeal-hpc,2026-08-12T03:29:07,
taufactor,gpu,sor,8,n600_b100_p020,600,1,0.2,0.186121,40202032,iters,189,8.357395172,12.53312864,0.3331756649,56.21527936,NaN,1,,pmeal-hpc,2026-08-12T03:29:07,
taufactor,gpu,sor,8,n600_b100_p020,600,1,0.2,0.186121,40202032,iters,339,10.18835449,12.53312864,0.1870860992,62.37782919,NaN,1,,pmeal-hpc,2026-08-12T03:29:07,
taufactor,gpu,sor,8,n600_b100_p020,600,1,0.2,0.186121,40202032,iters,607,9.407409668,12.53312864,0.2493965443,73.3733859,NaN,1,,pmeal-hpc,2026-08-12T03:29:07,
taufactor,gpu,sor,8,n600_b100_p020,600,1,0.2,0.186121,40202032,iters,1086,10.15194035,12.53312864,0.1899915307,92.99483929,NaN,1,,pmeal-hpc,2026-08-12T03:29:07,
taufactor,gpu,sor,8,n600_b100_p020,600,1,0.2,0.186121,40202032,iters,1945,11.28664875,12.53312864,0.09945480698,128.2146543,NaN,1,,pmeal-hpc,2026-08-12T03:29:07,
taufactor,gpu,sor,8,n600_b100_p020,600,1,0.2,0.186121,40202032,iters,3484,12.07876015,12.53312864,0.03625339737,191.2689052,NaN,1,,pmeal-hpc,2026-08-12T03:29:07,
taufactor,gpu,sor,8,n600_b100_p020,600,1,0.2,0.186121,40202032,iters,6238,12.33102226,12.53312864,0.0161257722,304.1102013,NaN,1,,pmeal-hpc,2026-08-12T03:29:07,
taufactor,gpu,sor,8,n600_b100_p020,600,1,0.2,0.186121,40202032,iters,11169,12.4894228,12.53312864,0.003487225185,506.1319976,NaN,1,,pmeal-hpc,2026-08-12T03:29:07,
taufactor,gpu,sor,8,n600_b100_p020,600,1,0.2,0.186121,40202032,iters,20000,12.53759289,12.53312864,0.0003561958077,867.9399183,NaN,1,target_reached,pmeal-hpc,2026-08-12T03:29:07,
taufactor,gpu,sor,8,n600_b100_p040,600,1,0.4,0.400067,86414504,iters,1,1.035160899,2.584229768,0.5994315552,11.97760613,NaN,1,,pmeal-hpc,2026-08-12T03:30:42,
taufactor,gpu,sor,8,n600_b100_p040,600,1,0.4,0.400067,86414504,iters,2,1.056509376,2.584229768,0.5911704955,12.01796307,NaN,1,,pmeal-hpc,2026-08-12T03:30:42,
taufactor,gpu,sor,8,n600_b100_p040,600,1,0.4,0.400067,86414504,iters,3,1.074654341,2.584229768,0.5841490745,12.0583129,NaN,1,,pmeal-hpc,2026-08-12T03:30:42,
taufactor,gpu,sor,8,n600_b100_p040,600,1,0.4,0.400067,86414504,iters,6,1.129799962,2.584229768,0.5628097873,12.18071819,NaN,1,,pmeal-hpc,2026-08-12T03:30:42,
taufactor,gpu,sor,8,n600_b100_p040,600,1,0.4,0.400067,86414504,iters,10,1.210938334,2.584229768,0.5314122802,12.34402483,NaN,1,,pmeal-hpc,2026-08-12T03:30:42,
taufactor,gpu,sor,8,n600_b100_p040,600,1,0.4,0.400067,86414504,iters,18,1.404387355,2.584229768,0.4565547645,12.67060007,NaN,1,,pmeal-hpc,2026-08-12T03:30:42,
taufactor,gpu,sor,8,n600_b100_p040,600,1,0.4,0.400067,86414504,iters,33,1.890488029,2.584229768,0.2684520347,13.28283377,NaN,1,,pmeal-hpc,2026-08-12T03:30:42,
taufactor,gpu,sor,8,n600_b100_p040,600,1,0.4,0.400067,86414504,iters,59,2.649401188,2.584229768,0.02521889528,14.34402799,NaN,1,,pmeal-hpc,2026-08-12T03:30:42,
taufactor,gpu,sor,8,n600_b100_p040,600,1,0.4,0.400067,86414504,iters,106,2.558418274,2.584229768,0.00998808016,16.28023929,NaN,1,,pmeal-hpc,2026-08-12T03:30:42,
taufactor,gpu,sor,8,n600_b100_p040,600,1,0.4,0.400067,86414504,iters,189,2.648561239,2.584229768,0.02489386665,19.66780109,NaN,1,,pmeal-hpc,2026-08-12T03:30:42,
taufactor,gpu,sor,8,n600_b100_p040,600,1,0.4,0.400067,86414504,iters,339,2.648566008,2.584229768,0.02489571183,25.82564665,NaN,1,,pmeal-hpc,2026-08-12T03:30:42,
taufactor,gpu,sor,8,n600_b100_p040,600,1,0.4,0.400067,86414504,iters,607,2.616310596,2.584229768,0.01241407744,36.81734157,NaN,1,,pmeal-hpc,2026-08-12T03:30:42,
taufactor,gpu,sor,8,n600_b100_p040,600,1,0.4,0.400067,86414504,iters,1086,2.589304924,2.584229768,0.001963895035,56.43857025,NaN,1,,pmeal-hpc,2026-08-12T03:30:42,
taufactor,gpu,sor,8,n600_b100_p040,600,1,0.4,0.400067,86414504,iters,1945,2.583433628,2.584229768,0.0003080762893,91.64482944,NaN,1,target_reached,pmeal-hpc,2026-08-12T03:30:42,
taufactor,gpu,sor,8,n600_b100_p060,600,1,0.6,0.601152,129848851,iters,1,1.022877097,1.574643825,0.3504073233,11.02096591,0,3,,pmeal-hpc,2026-08-12T03:32:34,
taufactor,gpu,sor,8,n600_b100_p060,600,1,0.6,0.601152,129848851,iters,2,1.036559105,1.574643825,0.3417183693,11.06132132,0,3,,pmeal-hpc,2026-08-12T03:32:34,
taufactor,gpu,sor,8,n600_b100_p060,600,1,0.6,0.601152,129848851,iters,3,1.047961473,1.574643825,0.3344771327,11.1016759,0,3,,pmeal-hpc,2026-08-12T03:32:34,
taufactor,gpu,sor,8,n600_b100_p060,600,1,0.6,0.601152,129848851,iters,6,1.081308246,1.574643825,0.3132997898,11.22411519,0,3,,pmeal-hpc,2026-08-12T03:32:34,
taufactor,gpu,sor,8,n600_b100_p060,600,1,0.6,0.601152,129848851,iters,10,1.127052665,1.574643825,0.2842491446,11.387417,0,3,,pmeal-hpc,2026-08-12T03:32:34,
taufactor,gpu,sor,8,n600_b100_p060,600,1,0.6,0.601152,129848851,iters,18,1.222826958,1.574643825,0.223426315,11.71398219,0,3,,pmeal-hpc,2026-08-12T03:32:34,
taufactor,gpu,sor,8,n600_b100_p060,600,1,0.6,0.601152,129848851,iters,33,1.409300447,1.574643825,0.1050036687,12.32627996,0,3,,pmeal-hpc,2026-08-12T03:32:34,
taufactor,gpu,sor,8,n600_b100_p060,600,1,0.6,0.601152,129848851,iters,59,1.636397123,1.574643825,0.0392173121,13.38750894,0,3,,pmeal-hpc,2026-08-12T03:32:34,
taufactor,gpu,sor,8,n600_b100_p060,600,1,0.6,0.601152,129848851,iters,106,1.621984124,1.574643825,0.0300641316,15.32370771,0,3,,pmeal-hpc,2026-08-12T03:32:34,
taufactor,gpu,sor,8,n600_b100_p060,600,1,0.6,0.601152,129848851,iters,189,1.605919957,1.574643825,0.01986235342,18.71134199,0,3,,pmeal-hpc,2026-08-12T03:32:34,
taufactor,gpu,sor,8,n600_b100_p060,600,1,0.6,0.601152,129848851,iters,339,1.582754731,1.574643825,0.00515094655,24.86927418,0,3,,pmeal-hpc,2026-08-12T03:32:34,
taufactor,gpu,sor,8,n600_b100_p060,600,1,0.6,0.601152,129848851,iters,607,1.57389164,1.574643825,0.0004776859875,35.86114561,0,3,target_reached,pmeal-hpc,2026-08-12T03:32:34,
taufactor,gpu,sor,8,n600_b100_p080,600,1,0.8,0.800675,172945908,iters,1,1.012154698,1.194292393,0.1525067862,10.9217086,0,3,,pmeal-hpc,2026-08-12T03:34:25,
taufactor,gpu,sor,8,n600_b100_p080,600,1,0.8,0.800675,172945908,iters,2,1.01932013,1.194292393,0.1465070561,10.96205691,0,3,,pmeal-hpc,2026-08-12T03:34:25,
taufactor,gpu,sor,8,n600_b100_p080,600,1,0.8,0.800675,172945908,iters,3,1.025145769,1.194292393,0.1416291562,11.00240536,0,3,,pmeal-hpc,2026-08-12T03:34:25,
taufactor,gpu,sor,8,n600_b100_p080,600,1,0.8,0.800675,172945908,iters,6,1.041549206,1.194292393,0.127894298,11.12431296,0,3,,pmeal-hpc,2026-08-12T03:34:25,
taufactor,gpu,sor,8,n600_b100_p080,600,1,0.8,0.800675,172945908,iters,10,1.062527776,1.194292393,0.110328608,11.28760864,0,3,,pmeal-hpc,2026-08-12T03:34:25,
taufactor,gpu,sor,8,n600_b100_p080,600,1,0.8,0.800675,172945908,iters,18,1.101305604,1.194292393,0.07785931616,11.61416348,0,3,,pmeal-hpc,2026-08-12T03:34:25,
taufactor,gpu,sor,8,n600_b100_p080,600,1,0.8,0.800675,172945908,iters,33,1.161644697,1.194292393,0.02733643453,12.2264257,0,3,,pmeal-hpc,2026-08-12T03:34:25,
taufactor,gpu,sor,8,n600_b100_p080,600,1,0.8,0.800675,172945908,iters,59,1.218653321,1.194292393,0.02039779237,13.28766491,0,3,,pmeal-hpc,2026-08-12T03:34:25,
taufactor,gpu,sor,8,n600_b100_p080,600,1,0.8,0.800675,172945908,iters,106,1.213394761,1.194292393,0.01599471637,15.22386253,0,3,,pmeal-hpc,2026-08-12T03:34:25,
taufactor,gpu,sor,8,n600_b100_p080,600,1,0.8,0.800675,172945908,iters,189,1.200322628,1.194292393,0.005049211614,18.61144914,0,3,,pmeal-hpc,2026-08-12T03:34:25,
taufactor,gpu,sor,8,n600_b100_p080,600,1,0.8,0.800675,172945908,iters,339,1.195615053,1.194292393,0.001107484385,24.76919153,0,3,,pmeal-hpc,2026-08-12T03:34:25,
taufactor,gpu,sor,8,n600_b100_p080,600,1,0.8,0.800675,172945908,iters,607,1.193300605,1.194292393,0.0008304400041,35.76103419,0,3,target_reached,pmeal-hpc,2026-08-12T03:34:25,
taufactor,gpu,sor,8,n600_b100_p095,600,1,0.95,0.950634,205336897,iters,1,1.003672242,1.038559849,0.03359229309,10.88439847,0,3,,pmeal-hpc,2026-08-12T03:35:25,
taufactor,gpu,sor,8,n600_b100_p095,600,1,0.95,0.950634,205336897,iters,2,1.005831242,1.038559849,0.03151345339,10.92475347,0,3,,pmeal-hpc,2026-08-12T03:35:25,
taufactor,gpu,sor,8,n600_b100_p095,600,1,0.95,0.950634,205336897,iters,3,1.007549882,1.038559849,0.02985862307,10.96509721,0,3,,pmeal-hpc,2026-08-12T03:35:25,
taufactor,gpu,sor,8,n600_b100_p095,600,1,0.95,0.950634,205336897,iters,6,1.012173533,1.038559849,0.02540663938,11.08710927,0,3,,pmeal-hpc,2026-08-12T03:35:25,
taufactor,gpu,sor,8,n600_b100_p095,600,1,0.95,0.950634,205336897,iters,10,1.017655373,1.038559849,0.02012833098,11.25047362,0,3,,pmeal-hpc,2026-08-12T03:35:25,
taufactor,gpu,sor,8,n600_b100_p095,600,1,0.95,0.950634,205336897,iters,18,1.026498914,1.038559849,0.01161313452,11.57720705,0,3,,pmeal-hpc,2026-08-12T03:35:25,
taufactor,gpu,sor,8,n600_b100_p095,600,1,0.95,0.950634,205336897,iters,33,1.037171006,1.038559849,0.001337277576,12.18981125,0,3,,pmeal-hpc,2026-08-12T03:35:25,
taufactor,gpu,sor,8,n600_b100_p095,600,1,0.95,0.950634,205336897,iters,59,1.044154763,1.038559849,0.005387185175,13.25155875,0,3,,pmeal-hpc,2026-08-12T03:35:25,
taufactor,gpu,sor,8,n600_b100_p095,600,1,0.95,0.950634,205336897,iters,106,1.041708589,1.038559849,0.003031832593,15.1879289,0,3,,pmeal-hpc,2026-08-12T03:35:25,
taufactor,gpu,sor,8,n600_b100_p095,600,1,0.95,0.950634,205336897,iters,189,1.038752079,1.038559849,0.0001850928574,18.57554845,0,3,target_reached,pmeal-hpc,2026-08-12T03:35:25,
taufactor,gpu,sor,8,n600_b200_p020,600,2,0.2,0.19095,41245095,iters,1,1.092594981,11.15581331,0.9020604818,48.628007,NaN,1,,pmeal-hpc,2026-08-12T03:40:33,
taufactor,gpu,sor,8,n600_b200_p020,600,2,0.2,0.19095,41245095,iters,2,1.156905651,11.15581331,0.8962957143,48.66835853,NaN,1,,pmeal-hpc,2026-08-12T03:40:33,
taufactor,gpu,sor,8,n600_b200_p020,600,2,0.2,0.19095,41245095,iters,3,1.216509819,11.15581331,0.8909528346,48.70871033,NaN,1,,pmeal-hpc,2026-08-12T03:40:33,
taufactor,gpu,sor,8,n600_b200_p020,600,2,0.2,0.19095,41245095,iters,6,1.439231396,11.15581331,0.8709882143,48.83014004,NaN,1,,pmeal-hpc,2026-08-12T03:40:33,
taufactor,gpu,sor,8,n600_b200_p020,600,2,0.2,0.19095,41245095,iters,10,1.897390842,11.15581331,0.8299190933,48.99367331,NaN,1,,pmeal-hpc,2026-08-12T03:40:33,
taufactor,gpu,sor,8,n600_b200_p020,600,2,0.2,0.19095,41245095,iters,18,3.912852526,11.15581331,0.6492543917,49.3206843,NaN,1,,pmeal-hpc,2026-08-12T03:40:33,
taufactor,gpu,sor,8,n600_b200_p020,600,2,0.2,0.19095,41245095,iters,33,9.00549984,11.15581331,0.1927527299,49.93381061,NaN,1,,pmeal-hpc,2026-08-12T03:40:33,
taufactor,gpu,sor,8,n600_b200_p020,600,2,0.2,0.19095,41245095,iters,59,6.908923149,11.15581331,0.3806885292,50.9965259,NaN,1,,pmeal-hpc,2026-08-12T03:40:33,
taufactor,gpu,sor,8,n600_b200_p020,600,2,0.2,0.19095,41245095,iters,106,9.479726791,11.15581331,0.150243328,52.93491834,NaN,1,,pmeal-hpc,2026-08-12T03:40:33,
taufactor,gpu,sor,8,n600_b200_p020,600,2,0.2,0.19095,41245095,iters,189,10.00759888,11.15581331,0.1029252105,56.32607894,NaN,1,,pmeal-hpc,2026-08-12T03:40:33,
taufactor,gpu,sor,8,n600_b200_p020,600,2,0.2,0.19095,41245095,iters,339,10.252244,11.15581331,0.08099537786,62.48903533,NaN,1,,pmeal-hpc,2026-08-12T03:40:33,
taufactor,gpu,sor,8,n600_b200_p020,600,2,0.2,0.19095,41245095,iters,607,9.999625206,11.15581331,0.1036399653,73.48512942,NaN,1,,pmeal-hpc,2026-08-12T03:40:33,
taufactor,gpu,sor,8,n600_b200_p020,600,2,0.2,0.19095,41245095,iters,1086,10.70403385,11.15581331,0.04049722291,93.10652529,NaN,1,,pmeal-hpc,2026-08-12T03:40:33,
taufactor,gpu,sor,8,n600_b200_p020,600,2,0.2,0.19095,41245095,iters,1945,10.90320206,11.15581331,0.02264391184,128.3263112,NaN,1,,pmeal-hpc,2026-08-12T03:40:33,
taufactor,gpu,sor,8,n600_b200_p020,600,2,0.2,0.19095,41245095,iters,3484,11.09354115,11.15581331,0.005582037181,191.3759291,NaN,1,,pmeal-hpc,2026-08-12T03:40:33,
taufactor,gpu,sor,8,n600_b200_p020,600,2,0.2,0.19095,41245095,iters,6238,11.15527916,11.15581331,4.788090651e-05,304.2171737,NaN,1,target_reached,pmeal-hpc,2026-08-12T03:40:33,
taufactor,gpu,sor,8,n600_b200_p040,600,2,0.4,0.398822,86145631,iters,1,1.062762141,2.58840573,0.5894143917,11.55239551,0,3,,pmeal-hpc,2026-08-12T03:43:25,
taufactor,gpu,sor,8,n600_b200_p040,600,2,0.4,0.398822,86145631,iters,2,1.104193568,2.58840573,0.5734078489,11.59274919,0,3,,pmeal-hpc,2026-08-12T03:43:25,
taufactor,gpu,sor,8,n600_b200_p040,600,2,0.4,0.398822,86145631,iters,3,1.140709758,2.58840573,0.5593002501,11.63310186,0,3,,pmeal-hpc,2026-08-12T03:43:25,
taufactor,gpu,sor,8,n600_b200_p040,600,2,0.4,0.398822,86145631,iters,6,1.262915492,2.58840573,0.5120875072,11.75468542,0,3,,pmeal-hpc,2026-08-12T03:43:25,
taufactor,gpu,sor,8,n600_b200_p040,600,2,0.4,0.398822,86145631,iters,10,1.464583039,2.58840573,0.4341756308,11.91804017,0,3,,pmeal-hpc,2026-08-12T03:43:25,
taufactor,gpu,sor,8,n600_b200_p040,600,2,0.4,0.398822,86145631,iters,18,1.99211061,2.58840573,0.2303715809,12.24469399,0,3,,pmeal-hpc,2026-08-12T03:43:25,
taufactor,gpu,sor,8,n600_b200_p040,600,2,0.4,0.398822,86145631,iters,33,2.723634958,2.58840573,0.05224421608,12.85718441,0,3,,pmeal-hpc,2026-08-12T03:43:25,
taufactor,gpu,sor,8,n600_b200_p040,600,2,0.4,0.398822,86145631,iters,59,2.678021908,2.58840573,0.03462215246,13.91875491,0,3,,pmeal-hpc,2026-08-12T03:43:25,
taufactor,gpu,sor,8,n600_b200_p040,600,2,0.4,0.398822,86145631,iters,106,2.700073481,2.58840573,0.04314151731,15.85521373,0,3,,pmeal-hpc,2026-08-12T03:43:25,
taufactor,gpu,sor,8,n600_b200_p040,600,2,0.4,0.398822,86145631,iters,189,2.660672188,2.58840573,0.02791929293,19.24275881,0,3,,pmeal-hpc,2026-08-12T03:43:25,
taufactor,gpu,sor,8,n600_b200_p040,600,2,0.4,0.398822,86145631,iters,339,2.614248276,2.58840573,0.009983962505,25.40094487,0,3,,pmeal-hpc,2026-08-12T03:43:25,
taufactor,gpu,sor,8,n600_b200_p040,600,2,0.4,0.398822,86145631,iters,607,2.591941595,2.58840573,0.001366039735,36.39259468,0,3,,pmeal-hpc,2026-08-12T03:43:25,
taufactor,gpu,sor,8,n600_b200_p040,600,2,0.4,0.398822,86145631,iters,1086,2.588858843,2.58840573,0.0001750548009,56.0066724,0,3,target_reached,pmeal-hpc,2026-08-12T03:43:25,
taufactor,gpu,sor,8,n600_b200_p060,600,2,0.6,0.600028,129606057,iters,1,1.040843487,1.576153581,0.3396306684,11.00170046,0,3,,pmeal-hpc,2026-08-12T03:46:16,
taufactor,gpu,sor,8,n600_b200_p060,600,2,0.6,0.600028,129606057,iters,2,1.066789985,1.576153581,0.3231687587,11.04205245,0,3,,pmeal-hpc,2026-08-12T03:46:16,
taufactor,gpu,sor,8,n600_b200_p060,600,2,0.6,0.600028,129606057,iters,3,1.088795781,1.576153581,0.3092070505,11.08239829,0,3,,pmeal-hpc,2026-08-12T03:46:16,
taufactor,gpu,sor,8,n600_b200_p060,600,2,0.6,0.600028,129606057,iters,6,1.156499267,1.576153581,0.266252172,11.20436908,0,3,,pmeal-hpc,2026-08-12T03:46:16,
taufactor,gpu,sor,8,n600_b200_p060,600,2,0.6,0.600028,129606057,iters,10,1.252875805,1.576153581,0.2051055049,11.36766534,0,3,,pmeal-hpc,2026-08-12T03:46:16,
taufactor,gpu,sor,8,n600_b200_p060,600,2,0.6,0.600028,129606057,iters,18,1.449096084,1.576153581,0.08061238377,11.69422386,0,3,,pmeal-hpc,2026-08-12T03:46:16,
taufactor,gpu,sor,8,n600_b200_p060,600,2,0.6,0.600028,129606057,iters,33,1.664850593,1.576153581,0.05627434578,12.30646667,0,3,,pmeal-hpc,2026-08-12T03:46:16,
taufactor,gpu,sor,8,n600_b200_p060,600,2,0.6,0.600028,129606057,iters,59,1.650570869,1.576153581,0.04721449061,13.36766537,0,3,,pmeal-hpc,2026-08-12T03:46:16,
taufactor,gpu,sor,8,n600_b200_p060,600,2,0.6,0.600028,129606057,iters,106,1.610046744,1.576153581,0.02150371877,15.3037853,0,3,,pmeal-hpc,2026-08-12T03:46:16,
taufactor,gpu,sor,8,n600_b200_p060,600,2,0.6,0.600028,129606057,iters,189,1.578694463,1.576153581,0.001612077533,18.69139143,0,3,,pmeal-hpc,2026-08-12T03:46:16,
taufactor,gpu,sor,8,n600_b200_p060,600,2,0.6,0.600028,129606057,iters,339,1.579461336,1.576153581,0.00209862489,24.84910603,0,3,,pmeal-hpc,2026-08-12T03:46:16,
taufactor,gpu,sor,8,n600_b200_p060,600,2,0.6,0.600028,129606057,iters,607,1.578936458,1.576153581,0.001765612608,35.84080161,0,3,,pmeal-hpc,2026-08-12T03:46:16,
taufactor,gpu,sor,8,n600_b200_p060,600,2,0.6,0.600028,129606057,iters,1086,1.575759888,1.576153581,0.0002497810552,55.4540632,0,3,target_reached,pmeal-hpc,2026-08-12T03:46:16,
taufactor,gpu,sor,8,n600_b200_p080,600,2,0.8,0.801043,173025334,iters,1,1.02154851,1.194359614,0.1446893401,10.9622329,0,3,,pmeal-hpc,2026-08-12T03:47:16,
taufactor,gpu,sor,8,n600_b200_p080,600,2,0.8,0.801043,173025334,iters,2,1.034794331,1.194359614,0.1335990279,11.00261739,0,3,,pmeal-hpc,2026-08-12T03:47:16,
taufactor,gpu,sor,8,n600_b200_p080,600,2,0.8,0.801043,173025334,iters,3,1.045556068,1.194359614,0.124588561,11.04310138,0,3,,pmeal-hpc,2026-08-12T03:47:16,
taufactor,gpu,sor,8,n600_b200_p080,600,2,0.8,0.801043,173025334,iters,6,1.076078653,1.194359614,0.09903295396,11.16449248,0,3,,pmeal-hpc,2026-08-12T03:47:16,
taufactor,gpu,sor,8,n600_b200_p080,600,2,0.8,0.801043,173025334,iters,10,1.113796711,1.194359614,0.0674528024,11.32784953,0,3,,pmeal-hpc,2026-08-12T03:47:16,
taufactor,gpu,sor,8,n600_b200_p080,600,2,0.8,0.801043,173025334,iters,18,1.175712705,1.194359614,0.01561247477,11.65453806,0,3,,pmeal-hpc,2026-08-12T03:47:16,
taufactor,gpu,sor,8,n600_b200_p080,600,2,0.8,0.801043,173025334,iters,33,1.229534388,1.194359614,0.02945073927,12.26701786,0,3,,pmeal-hpc,2026-08-12T03:47:16,
taufactor,gpu,sor,8,n600_b200_p080,600,2,0.8,0.801043,173025334,iters,59,1.215630174,1.194359614,0.01780917525,13.32863609,0,3,,pmeal-hpc,2026-08-12T03:47:16,
taufactor,gpu,sor,8,n600_b200_p080,600,2,0.8,0.801043,173025334,iters,106,1.196967006,1.194359614,0.002183087656,15.26552225,0,3,,pmeal-hpc,2026-08-12T03:47:16,
taufactor,gpu,sor,8,n600_b200_p080,600,2,0.8,0.801043,173025334,iters,189,1.1937958,1.194359614,0.0004720636769,18.65428916,0,3,target_reached,pmeal-hpc,2026-08-12T03:47:16,
taufactor,gpu,sor,8,n600_b200_p095,600,2,0.95,0.950849,205383281,iters,1,1.006385684,1.037615234,0.03009742818,10.88613671,0,3,,pmeal-hpc,2026-08-12T03:48:06,
taufactor,gpu,sor,8,n600_b200_p095,600,2,0.95,0.950849,205383281,iters,2,1.010206342,1.037615234,0.02641527549,10.92648844,0,3,,pmeal-hpc,2026-08-12T03:48:06,
taufactor,gpu,sor,8,n600_b200_p095,600,2,0.95,0.950849,205383281,iters,3,1.013168573,1.037615234,0.02356042955,10.96696425,0,3,,pmeal-hpc,2026-08-12T03:48:06,
taufactor,gpu,sor,8,n600_b200_p095,600,2,0.95,0.950849,205383281,iters,6,1.020794511,1.037615234,0.01621094468,11.08946075,0,3,,pmeal-hpc,2026-08-12T03:48:06,
taufactor,gpu,sor,8,n600_b200_p095,600,2,0.95,0.950849,205383281,iters,10,1.028773546,1.037615234,0.008521162268,11.25284985,0,3,,pmeal-hpc,2026-08-12T03:48:06,
taufactor,gpu,sor,8,n600_b200_p095,600,2,0.95,0.950849,205383281,iters,18,1.038677931,1.037615234,0.001024172349,11.5795854,0,3,,pmeal-hpc,2026-08-12T03:48:06,
taufactor,gpu,sor,8,n600_b200_p095,600,2,0.95,0.950849,205383281,iters,33,1.043594956,1.037615234,0.005762947769,12.19215521,0,3,,pmeal-hpc,2026-08-12T03:48:06,
taufactor,gpu,sor,8,n600_b200_p095,600,2,0.95,0.950849,205383281,iters,59,1.039608121,1.037615234,0.001920641537,13.25393496,0,3,,pmeal-hpc,2026-08-12T03:48:06,
taufactor,gpu,sor,8,n600_b200_p095,600,2,0.95,0.950849,205383281,iters,106,1.037561536,1.037615234,5.175151923e-05,15.19100294,0,3,target_reached,pmeal-hpc,2026-08-12T03:48:06,
taufactor,gpu,sor,8,n800_b050_p020,800,0.5,0.2,0.174096,89137139,iters,1,1.023248553,10.10700996,0.8987585292,118.9847489,NaN,1,,pmeal-hpc,2026-08-12T19:15:38,
taufactor,gpu,sor,8,n800_b050_p020,800,0.5,0.2,0.174096,89137139,iters,2,1.035938621,10.10700996,0.8975029584,119.0814976,NaN,1,,pmeal-hpc,2026-08-12T19:15:38,
taufactor,gpu,sor,8,n800_b050_p020,800,0.5,0.2,0.174096,89137139,iters,3,1.04628098,10.10700996,0.8964796726,119.1783672,NaN,1,,pmeal-hpc,2026-08-12T19:15:38,
taufactor,gpu,sor,8,n800_b050_p020,800,0.5,0.2,0.174096,89137139,iters,6,1.075446606,10.10700996,0.8935939897,119.4689253,NaN,1,,pmeal-hpc,2026-08-12T19:15:38,
taufactor,gpu,sor,8,n800_b050_p020,800,0.5,0.2,0.174096,89137139,iters,10,1.115924835,10.10700996,0.8895890239,119.8563411,NaN,1,,pmeal-hpc,2026-08-12T19:15:38,
taufactor,gpu,sor,8,n800_b050_p020,800,0.5,0.2,0.174096,89137139,iters,18,1.20391345,10.10700996,0.8808833221,120.6311099,NaN,1,,pmeal-hpc,2026-08-12T19:15:38,
taufactor,gpu,sor,8,n800_b050_p020,800,0.5,0.2,0.174096,89137139,iters,33,1.411806345,10.10700996,0.8603141433,122.083675,NaN,1,,pmeal-hpc,2026-08-12T19:15:38,
taufactor,gpu,sor,8,n800_b050_p020,800,0.5,0.2,0.174096,89137139,iters,59,1.981978893,10.10700996,0.8039005699,124.6009593,NaN,1,,pmeal-hpc,2026-08-12T19:15:38,
taufactor,gpu,sor,8,n800_b050_p020,800,0.5,0.2,0.174096,89137139,iters,106,4.484510422,10.10700996,0.5562970216,129.1954996,NaN,1,,pmeal-hpc,2026-08-12T19:15:38,
taufactor,gpu,sor,8,n800_b050_p020,800,0.5,0.2,0.174096,89137139,iters,189,9.477517128,10.10700996,0.06228279526,137.2290827,NaN,1,,pmeal-hpc,2026-08-12T19:15:38,
taufactor,gpu,sor,8,n800_b050_p020,800,0.5,0.2,0.174096,89137139,iters,339,7.18083477,10.10700996,0.2895193733,151.8276961,NaN,1,,pmeal-hpc,2026-08-12T19:15:38,
taufactor,gpu,sor,8,n800_b050_p020,800,0.5,0.2,0.174096,89137139,iters,607,10.07102489,10.10700996,0.003560406631,177.8708692,NaN,1,,pmeal-hpc,2026-08-12T19:15:38,
taufactor,gpu,sor,8,n800_b050_p020,800,0.5,0.2,0.174096,89137139,iters,1086,8.119960785,10.10700996,0.19660109,224.3579193,NaN,1,,pmeal-hpc,2026-08-12T19:15:38,
taufactor,gpu,sor,8,n800_b050_p020,800,0.5,0.2,0.174096,89137139,iters,1945,8.769687653,10.10700996,0.1323163144,307.7787005,NaN,1,,pmeal-hpc,2026-08-12T19:15:38,
taufactor,gpu,sor,8,n800_b050_p020,800,0.5,0.2,0.174096,89137139,iters,3484,9.167347908,10.10700996,0.09297131948,457.1552115,NaN,1,,pmeal-hpc,2026-08-12T19:15:38,
taufactor,gpu,sor,8,n800_b050_p020,800,0.5,0.2,0.174096,89137139,iters,6238,9.58748436,10.10700996,0.05140250206,724.5114459,NaN,1,,pmeal-hpc,2026-08-12T19:15:38,
taufactor,gpu,sor,8,n800_b050_p020,800,0.5,0.2,0.174096,89137139,iters,11169,10.00747299,10.10700996,0.009848310079,1203.158441,NaN,1,,pmeal-hpc,2026-08-12T19:15:38,
taufactor,gpu,sor,8,n800_b050_p020,800,0.5,0.2,0.174096,89137139,iters,20000,10.08933163,10.10700996,0.001749116027,2060.386606,NaN,1,ladder_exhausted,pmeal-hpc,2026-08-12T19:15:38,
taufactor,gpu,sor,8,n800_b050_p040,800,0.5,0.4,0.384479,196853200,iters,1,1.016636014,2.713834504,0.6253876158,26.56053792,NaN,1,,pmeal-hpc,2026-08-12T19:21:55,
taufactor,gpu,sor,8,n800_b050_p040,800,0.5,0.4,0.384479,196853200,iters,2,1.025702238,2.713834504,0.6220468726,26.65733624,NaN,1,,pmeal-hpc,2026-08-12T19:21:55,
taufactor,gpu,sor,8,n800_b050_p040,800,0.5,0.4,0.384479,196853200,iters,3,1.032975912,2.713834504,0.6193666524,26.75412594,NaN,1,,pmeal-hpc,2026-08-12T19:21:55,
taufactor,gpu,sor,8,n800_b050_p040,800,0.5,0.4,0.384479,196853200,iters,6,1.053074121,2.713834504,0.6119608178,27.04436595,NaN,1,,pmeal-hpc,2026-08-12T19:21:55,
taufactor,gpu,sor,8,n800_b050_p040,800,0.5,0.4,0.384479,196853200,iters,10,1.080032229,2.713834504,0.602027232,27.43135015,NaN,1,,pmeal-hpc,2026-08-12T19:21:55,
taufactor,gpu,sor,8,n800_b050_p040,800,0.5,0.4,0.384479,196853200,iters,18,1.135755777,2.713834504,0.5814940905,28.20526704,NaN,1,,pmeal-hpc,2026-08-12T19:21:55,
taufactor,gpu,sor,8,n800_b050_p040,800,0.5,0.4,0.384479,196853200,iters,33,1.252603769,2.713834504,0.5384376728,29.65636273,NaN,1,,pmeal-hpc,2026-08-12T19:21:55,
taufactor,gpu,sor,8,n800_b050_p040,800,0.5,0.4,0.384479,196853200,iters,59,1.501717925,2.713834504,0.4466435139,32.17155512,NaN,1,,pmeal-hpc,2026-08-12T19:21:55,
taufactor,gpu,sor,8,n800_b050_p040,800,0.5,0.4,0.384479,196853200,iters,106,2.085504055,2.713834504,0.2315286537,36.76208284,NaN,1,,pmeal-hpc,2026-08-12T19:21:55,
taufactor,gpu,sor,8,n800_b050_p040,800,0.5,0.4,0.384479,196853200,iters,189,2.780137062,2.713834504,0.02443131959,44.78806061,NaN,1,,pmeal-hpc,2026-08-12T19:21:55,
taufactor,gpu,sor,8,n800_b050_p040,800,0.5,0.4,0.384479,196853200,iters,339,2.69058919,2.713834504,0.008565487113,59.37850357,NaN,1,,pmeal-hpc,2026-08-12T19:21:55,
taufactor,gpu,sor,8,n800_b050_p040,800,0.5,0.4,0.384479,196853200,iters,607,2.555351973,2.713834504,0.05839800886,85.42167402,NaN,1,,pmeal-hpc,2026-08-12T19:21:55,
taufactor,gpu,sor,8,n800_b050_p040,800,0.5,0.4,0.384479,196853200,iters,1086,2.651049614,2.713834504,0.02313512116,131.885444,NaN,1,,pmeal-hpc,2026-08-12T19:21:55,
taufactor,gpu,sor,8,n800_b050_p040,800,0.5,0.4,0.384479,196853200,iters,1945,2.696729422,2.713834504,0.006302920226,215.2882969,NaN,1,,pmeal-hpc,2026-08-12T19:21:55,
taufactor,gpu,sor,8,n800_b050_p040,800,0.5,0.4,0.384479,196853200,iters,3484,2.716130972,2.713834504,0.0008462077939,364.6650001,NaN,1,target_reached,pmeal-hpc,2026-08-12T19:21:55,
taufactor,gpu,sor,8,n800_b050_p060,800,0.5,0.6,0.59834,306349955,iters,1,1.010926247,1.573690994,0.3576081642,26.30444332,NaN,1,,pmeal-hpc,2026-08-12T19:28:13,
taufactor,gpu,sor,8,n800_b050_p060,800,0.5,0.6,0.59834,306349955,iters,2,1.016869903,1.573690994,0.3538312753,26.40123654,NaN,1,,pmeal-hpc,2026-08-12T19:28:13,
taufactor,gpu,sor,8,n800_b050_p060,800,0.5,0.6,0.59834,306349955,iters,3,1.021561742,1.573690994,0.3508498519,26.49802086,NaN,1,,pmeal-hpc,2026-08-12T19:28:13,
taufactor,gpu,sor,8,n800_b050_p060,800,0.5,0.6,0.59834,306349955,iters,6,1.034250736,1.573690994,0.3427866461,26.78828632,NaN,1,,pmeal-hpc,2026-08-12T19:28:13,
taufactor,gpu,sor,8,n800_b050_p060,800,0.5,0.6,0.59834,306349955,iters,10,1.050796866,1.573690994,0.3322724281,27.17529035,NaN,1,,pmeal-hpc,2026-08-12T19:28:13,
taufactor,gpu,sor,8,n800_b050_p060,800,0.5,0.6,0.59834,306349955,iters,18,1.083501339,1.573690994,0.3114904113,27.94921228,NaN,1,,pmeal-hpc,2026-08-12T19:28:13,
taufactor,gpu,sor,8,n800_b050_p060,800,0.5,0.6,0.59834,306349955,iters,33,1.145984411,1.573690994,0.2717856202,29.40030316,NaN,1,,pmeal-hpc,2026-08-12T19:28:13,
taufactor,gpu,sor,8,n800_b050_p060,800,0.5,0.6,0.59834,306349955,iters,59,1.257542491,1.573690994,0.2008961761,31.91547519,NaN,1,,pmeal-hpc,2026-08-12T19:28:13,
taufactor,gpu,sor,8,n800_b050_p060,800,0.5,0.6,0.59834,306349955,iters,106,1.448682904,1.573690994,0.07943623636,36.50601216,NaN,1,,pmeal-hpc,2026-08-12T19:28:13,
taufactor,gpu,sor,8,n800_b050_p060,800,0.5,0.6,0.59834,306349955,iters,189,1.596223116,1.573690994,0.01431800907,44.53116346,NaN,1,,pmeal-hpc,2026-08-12T19:28:13,
taufactor,gpu,sor,8,n800_b050_p060,800,0.5,0.6,0.59834,306349955,iters,339,1.588061929,1.573690994,0.009131992751,59.12171317,NaN,1,,pmeal-hpc,2026-08-12T19:28:13,
taufactor,gpu,sor,8,n800_b050_p060,800,0.5,0.6,0.59834,306349955,iters,607,1.579682589,1.573690994,0.00380735138,85.16086994,NaN,1,,pmeal-hpc,2026-08-12T19:28:13,
taufactor,gpu,sor,8,n800_b050_p060,800,0.5,0.6,0.59834,306349955,iters,1086,1.570249915,1.573690994,0.002186629326,131.6238079,NaN,1,,pmeal-hpc,2026-08-12T19:28:13,
taufactor,gpu,sor,8,n800_b050_p060,800,0.5,0.6,0.59834,306349955,iters,1945,1.572001457,1.573690994,0.001073614065,215.0265737,NaN,1,,pmeal-hpc,2026-08-12T19:28:13,
taufactor,gpu,sor,8,n800_b050_p060,800,0.5,0.6,0.59834,306349955,iters,3484,1.573336959,1.573690994,0.0002249711768,364.4035749,NaN,1,target_reached,pmeal-hpc,2026-08-12T19:28:13,
taufactor,gpu,sor,8,n800_b050_p080,800,0.5,0.8,0.807732,413558797,iters,1,1.005439043,1.158681783,0.1322561053,26.06857852,0,3,,pmeal-hpc,2026-08-12T19:31:23,
taufactor,gpu,sor,8,n800_b050_p080,800,0.5,0.8,0.807732,413558797,iters,2,1.008400321,1.158681783,0.1297003752,26.1653317,0,3,,pmeal-hpc,2026-08-12T19:31:23,
taufactor,gpu,sor,8,n800_b050_p080,800,0.5,0.8,0.807732,413558797,iters,3,1.010697126,1.158681783,0.1277181179,26.26211189,0,3,,pmeal-hpc,2026-08-12T19:31:23,
taufactor,gpu,sor,8,n800_b050_p080,800,0.5,0.8,0.807732,413558797,iters,6,1.016795874,1.158681783,0.1224545958,26.55237825,0,3,,pmeal-hpc,2026-08-12T19:31:23,
taufactor,gpu,sor,8,n800_b050_p080,800,0.5,0.8,0.807732,413558797,iters,10,1.024610639,1.158681783,0.115710065,26.93937095,0,3,,pmeal-hpc,2026-08-12T19:31:23,
taufactor,gpu,sor,8,n800_b050_p080,800,0.5,0.8,0.807732,413558797,iters,18,1.039314389,1.158681783,0.103019997,27.71332307,0,3,,pmeal-hpc,2026-08-12T19:31:23,
taufactor,gpu,sor,8,n800_b050_p080,800,0.5,0.8,0.807732,413558797,iters,33,1.064731956,1.158681783,0.08108337324,29.16444281,0,3,,pmeal-hpc,2026-08-12T19:31:23,
taufactor,gpu,sor,8,n800_b050_p080,800,0.5,0.8,0.807732,413558797,iters,59,1.102706909,1.158681783,0.04830909974,31.67958619,0,3,,pmeal-hpc,2026-08-12T19:31:23,
taufactor,gpu,sor,8,n800_b050_p080,800,0.5,0.8,0.807732,413558797,iters,106,1.151794314,1.158681783,0.005944227929,36.26946751,0,3,,pmeal-hpc,2026-08-12T19:31:23,
taufactor,gpu,sor,8,n800_b050_p080,800,0.5,0.8,0.807732,413558797,iters,189,1.178481936,1.158681783,0.01708851709,44.29707836,0,3,,pmeal-hpc,2026-08-12T19:31:23,
taufactor,gpu,sor,8,n800_b050_p080,800,0.5,0.8,0.807732,413558797,iters,339,1.158824563,1.158681783,0.0001232262633,58.88817426,0,3,target_reached,pmeal-hpc,2026-08-12T19:31:23,
taufactor,gpu,sor,8,n800_b050_p095,800,0.5,0.95,0.953798,488344573,iters,1,1.001499653,1.027543224,0.02534547504,26.0197767,0,3,,pmeal-hpc,2026-08-12T19:34:33,
taufactor,gpu,sor,8,n800_b050_p095,800,0.5,0.95,0.953798,488344573,iters,2,1.00233233,1.027543224,0.024535118,26.11648631,0,3,,pmeal-hpc,2026-08-12T19:34:33,
taufactor,gpu,sor,8,n800_b050_p095,800,0.5,0.95,0.953798,488344573,iters,3,1.002967954,1.027543224,0.02391653192,26.21326707,0,3,,pmeal-hpc,2026-08-12T19:34:33,
taufactor,gpu,sor,8,n800_b050_p095,800,0.5,0.95,0.953798,488344573,iters,6,1.004626036,1.027543224,0.02230289469,26.50351126,0,3,,pmeal-hpc,2026-08-12T19:34:33,
taufactor,gpu,sor,8,n800_b050_p095,800,0.5,0.95,0.953798,488344573,iters,10,1.006676555,1.027543224,0.02030733971,26.89050411,0,3,,pmeal-hpc,2026-08-12T19:34:33,
taufactor,gpu,sor,8,n800_b050_p095,800,0.5,0.95,0.953798,488344573,iters,18,1.010340929,1.027543224,0.01674118866,27.66445807,0,3,,pmeal-hpc,2026-08-12T19:34:33,
taufactor,gpu,sor,8,n800_b050_p095,800,0.5,0.95,0.953798,488344573,iters,33,1.016065717,1.027543224,0.01116985348,29.11553741,0,3,,pmeal-hpc,2026-08-12T19:34:33,
taufactor,gpu,sor,8,n800_b050_p095,800,0.5,0.95,0.953798,488344573,iters,59,1.023065686,1.027543224,0.004357517688,31.63069151,0,3,,pmeal-hpc,2026-08-12T19:34:33,
taufactor,gpu,sor,8,n800_b050_p095,800,0.5,0.95,0.953798,488344573,iters,106,1.029438019,1.027543224,0.001844004957,36.22053903,0,3,,pmeal-hpc,2026-08-12T19:34:33,
taufactor,gpu,sor,8,n800_b050_p095,800,0.5,0.95,0.953798,488344573,iters,189,1.031003952,1.027543224,0.003367963455,44.24823192,0,3,,pmeal-hpc,2026-08-12T19:34:33,
taufactor,gpu,sor,8,n800_b050_p095,800,0.5,0.95,0.953798,488344573,iters,339,1.027540565,1.027543224,2.588176234e-06,58.83950759,0,3,target_reached,pmeal-hpc,2026-08-12T19:34:33,
taufactor,gpu,sor,8,n800_b100_p020,800,1,0.2,0.185425,94937803,iters,1,1.039955854,12.62304881,0.9176145264,118.2355277,NaN,1,,pmeal-hpc,2026-08-12T20:09:06,
taufactor,gpu,sor,8,n800_b100_p020,800,1,0.2,0.185425,94937803,iters,2,1.063895345,12.62304881,0.9157180361,118.3323482,NaN,1,,pmeal-hpc,2026-08-12T20:09:06,
taufactor,gpu,sor,8,n800_b100_p020,800,1,0.2,0.185425,94937803,iters,3,1.084281921,12.62304881,0.9141030081,118.4292886,NaN,1,,pmeal-hpc,2026-08-12T20:09:06,
taufactor,gpu,sor,8,n800_b100_p020,800,1,0.2,0.185425,94937803,iters,6,1.146703959,12.62304881,0.9091579241,118.7199658,NaN,1,,pmeal-hpc,2026-08-12T20:09:06,
taufactor,gpu,sor,8,n800_b100_p020,800,1,0.2,0.185425,94937803,iters,10,1.241456628,12.62304881,0.901651602,119.1073917,NaN,1,,pmeal-hpc,2026-08-12T20:09:06,
taufactor,gpu,sor,8,n800_b100_p020,800,1,0.2,0.185425,94937803,iters,18,1.485595822,12.62304881,0.882310855,119.8821556,NaN,1,,pmeal-hpc,2026-08-12T20:09:06,
taufactor,gpu,sor,8,n800_b100_p020,800,1,0.2,0.185425,94937803,iters,33,2.28710556,12.62304881,0.8188151219,121.3347998,NaN,1,,pmeal-hpc,2026-08-12T20:09:06,
taufactor,gpu,sor,8,n800_b100_p020,800,1,0.2,0.185425,94937803,iters,59,6.17594862,12.62304881,0.510740336,123.8526554,NaN,1,,pmeal-hpc,2026-08-12T20:09:06,
taufactor,gpu,sor,8,n800_b100_p020,800,1,0.2,0.185425,94937803,iters,106,6.839565754,12.62304881,0.4581684776,128.4468557,NaN,1,,pmeal-hpc,2026-08-12T20:09:06,
taufactor,gpu,sor,8,n800_b100_p020,800,1,0.2,0.185425,94937803,iters,189,7.584157944,12.62304881,0.399181762,136.4794853,NaN,1,,pmeal-hpc,2026-08-12T20:09:06,
taufactor,gpu,sor,8,n800_b100_p020,800,1,0.2,0.185425,94937803,iters,339,8.951029778,12.62304881,0.2908979509,151.0765226,NaN,1,,pmeal-hpc,2026-08-12T20:09:06,
taufactor,gpu,sor,8,n800_b100_p020,800,1,0.2,0.185425,94937803,iters,607,11.27584553,12.62304881,0.1067256653,177.1229169,NaN,1,,pmeal-hpc,2026-08-12T20:09:06,
taufactor,gpu,sor,8,n800_b100_p020,800,1,0.2,0.185425,94937803,iters,1086,10.55583763,12.62304881,0.1637648091,223.6013907,NaN,1,,pmeal-hpc,2026-08-12T20:09:06,
taufactor,gpu,sor,8,n800_b100_p020,800,1,0.2,0.185425,94937803,iters,1945,11.63708973,12.62304881,0.07810784031,307.0043331,NaN,1,,pmeal-hpc,2026-08-12T20:09:06,
taufactor,gpu,sor,8,n800_b100_p020,800,1,0.2,0.185425,94937803,iters,3484,12.22445965,12.62304881,0.03157629887,456.3806781,NaN,1,,pmeal-hpc,2026-08-12T20:09:06,
taufactor,gpu,sor,8,n800_b100_p020,800,1,0.2,0.185425,94937803,iters,6238,12.35129166,12.62304881,0.02152864634,723.7366971,NaN,1,,pmeal-hpc,2026-08-12T20:09:06,
taufactor,gpu,sor,8,n800_b100_p020,800,1,0.2,0.185425,94937803,iters,11169,12.49479485,12.62304881,0.01016030013,1202.384321,NaN,1,,pmeal-hpc,2026-08-12T20:09:06,
taufactor,gpu,sor,8,n800_b100_p020,800,1,0.2,0.185425,94937803,iters,20000,12.6175499,12.62304881,0.0004356248512,2059.610802,NaN,1,target_reached,pmeal-hpc,2026-08-12T20:09:06,
taufactor,gpu,sor,8,n800_b100_p040,800,1,0.4,0.394666,202068918,iters,1,1.027910709,2.604118691,0.6052750157,27.25651562,0,3,,pmeal-hpc,2026-08-12T20:11:36,
taufactor,gpu,sor,8,n800_b100_p040,800,1,0.4,0.394666,202068918,iters,2,1.044342756,2.604118691,0.5989649935,27.35330475,0,3,,pmeal-hpc,2026-08-12T20:11:36,
taufactor,gpu,sor,8,n800_b100_p040,800,1,0.4,0.394666,202068918,iters,3,1.058012486,2.604118691,0.5937157207,27.45008212,0,3,,pmeal-hpc,2026-08-12T20:11:36,
taufactor,gpu,sor,8,n800_b100_p040,800,1,0.4,0.394666,202068918,iters,6,1.098393202,2.604118691,0.57820924,27.74033215,0,3,,pmeal-hpc,2026-08-12T20:11:36,
taufactor,gpu,sor,8,n800_b100_p040,800,1,0.4,0.394666,202068918,iters,10,1.155913115,2.604118691,0.5561211866,28.12732048,0,3,,pmeal-hpc,2026-08-12T20:11:36,
taufactor,gpu,sor,8,n800_b100_p040,800,1,0.4,0.394666,202068918,iters,18,1.286223173,2.604118691,0.5060812022,28.90123793,0,3,,pmeal-hpc,2026-08-12T20:11:36,
taufactor,gpu,sor,8,n800_b100_p040,800,1,0.4,0.394666,202068918,iters,33,1.598894477,2.604118691,0.3860132096,30.35230889,0,3,,pmeal-hpc,2026-08-12T20:11:36,
taufactor,gpu,sor,8,n800_b100_p040,800,1,0.4,0.394666,202068918,iters,59,2.28778863,2.604118691,0.1214729815,32.8674838,0,3,,pmeal-hpc,2026-08-12T20:11:36,
taufactor,gpu,sor,8,n800_b100_p040,800,1,0.4,0.394666,202068918,iters,106,2.659279585,2.604118691,0.02118217348,37.45793564,0,3,,pmeal-hpc,2026-08-12T20:11:36,
taufactor,gpu,sor,8,n800_b100_p040,800,1,0.4,0.394666,202068918,iters,189,2.604997635,2.604118691,0.0003375206709,45.48686934,0,3,target_reached,pmeal-hpc,2026-08-12T20:11:36,
taufactor,gpu,sor,8,n800_b100_p060,800,1,0.6,0.599309,306846383,iters,1,1.018146992,1.538358863,0.3381602848,26.03129704,NaN,1,,pmeal-hpc,2026-08-12T20:15:24,
taufactor,gpu,sor,8,n800_b100_p060,800,1,0.6,0.599309,306846383,iters,2,1.028730869,1.538358863,0.3312803052,26.12808986,NaN,1,,pmeal-hpc,2026-08-12T20:15:24,
taufactor,gpu,sor,8,n800_b100_p060,800,1,0.6,0.599309,306846383,iters,3,1.037406802,1.538358863,0.3256405725,26.22487743,NaN,1,,pmeal-hpc,2026-08-12T20:15:24,
taufactor,gpu,sor,8,n800_b100_p060,800,1,0.6,0.599309,306846383,iters,6,1.062278271,1.538358863,0.3094730389,26.51513173,NaN,1,,pmeal-hpc,2026-08-12T20:15:24,
taufactor,gpu,sor,8,n800_b100_p060,800,1,0.6,0.599309,306846383,iters,10,1.095926881,1.538358863,0.2875999826,26.90211665,NaN,1,,pmeal-hpc,2026-08-12T20:15:24,
taufactor,gpu,sor,8,n800_b100_p060,800,1,0.6,0.599309,306846383,iters,18,1.164984107,1.538358863,0.2427097896,27.67604484,NaN,1,,pmeal-hpc,2026-08-12T20:15:24,
taufactor,gpu,sor,8,n800_b100_p060,800,1,0.6,0.599309,306846383,iters,33,1.300138235,1.538358863,0.1548537429,29.12713517,NaN,1,,pmeal-hpc,2026-08-12T20:15:24,
taufactor,gpu,sor,8,n800_b100_p060,800,1,0.6,0.599309,306846383,iters,59,1.513584375,1.538358863,0.01610449175,31.64230487,NaN,1,,pmeal-hpc,2026-08-12T20:15:24,
taufactor,gpu,sor,8,n800_b100_p060,800,1,0.6,0.599309,306846383,iters,106,1.616340041,1.538358863,0.05069114888,36.23276062,NaN,1,,pmeal-hpc,2026-08-12T20:15:24,
taufactor,gpu,sor,8,n800_b100_p060,800,1,0.6,0.599309,306846383,iters,189,1.582664013,1.538358863,0.02880026954,44.26166683,NaN,1,,pmeal-hpc,2026-08-12T20:15:24,
taufactor,gpu,sor,8,n800_b100_p060,800,1,0.6,0.599309,306846383,iters,339,1.548985243,1.538358863,0.006907607906,58.85426688,NaN,1,,pmeal-hpc,2026-08-12T20:15:24,
taufactor,gpu,sor,8,n800_b100_p060,800,1,0.6,0.599309,306846383,iters,607,1.540017128,1.538358863,0.001077944185,84.89074833,NaN,1,,pmeal-hpc,2026-08-12T20:15:24,
taufactor,gpu,sor,8,n800_b100_p060,800,1,0.6,0.599309,306846383,iters,1086,1.53538084,1.538358863,0.00193584395,131.3533697,NaN,1,,pmeal-hpc,2026-08-12T20:15:24,
taufactor,gpu,sor,8,n800_b100_p060,800,1,0.6,0.599309,306846383,iters,1945,1.538979173,1.538358863,0.0004032282204,214.7555966,NaN,1,target_reached,pmeal-hpc,2026-08-12T20:15:24,
taufactor,gpu,sor,8,n800_b100_p080,800,1,0.8,0.802797,411032289,iters,1,1.009509563,1.178837076,0.1436394528,25.88152467,0,3,,pmeal-hpc,2026-08-12T20:18:34,
taufactor,gpu,sor,8,n800_b100_p080,800,1,0.8,0.802797,411032289,iters,2,1.015020728,1.178837076,0.1389643669,25.97832465,0,3,,pmeal-hpc,2026-08-12T20:18:34,
taufactor,gpu,sor,8,n800_b100_p080,800,1,0.8,0.802797,411032289,iters,3,1.019452453,1.178837076,0.1352049631,26.07514608,0,3,,pmeal-hpc,2026-08-12T20:18:34,
taufactor,gpu,sor,8,n800_b100_p080,800,1,0.8,0.802797,411032289,iters,6,1.031804562,1.178837076,0.1247267476,26.36540652,0,3,,pmeal-hpc,2026-08-12T20:18:34,
taufactor,gpu,sor,8,n800_b100_p080,800,1,0.8,0.802797,411032289,iters,10,1.04765141,1.178837076,0.1112839667,26.75239845,0,3,,pmeal-hpc,2026-08-12T20:18:34,
taufactor,gpu,sor,8,n800_b100_p080,800,1,0.8,0.802797,411032289,iters,18,1.077336311,1.178837076,0.08610245362,27.52630546,0,3,,pmeal-hpc,2026-08-12T20:18:34,
taufactor,gpu,sor,8,n800_b100_p080,800,1,0.8,0.802797,411032289,iters,33,1.126022935,1.178837076,0.04480190025,28.977236,0,3,,pmeal-hpc,2026-08-12T20:18:34,
taufactor,gpu,sor,8,n800_b100_p080,800,1,0.8,0.802797,411032289,iters,59,1.185340166,1.178837076,0.005516529997,31.4919803,0,3,,pmeal-hpc,2026-08-12T20:18:34,
taufactor,gpu,sor,8,n800_b100_p080,800,1,0.8,0.802797,411032289,iters,106,1.208811402,1.178837076,0.02542703053,36.08166188,0,3,,pmeal-hpc,2026-08-12T20:18:34,
taufactor,gpu,sor,8,n800_b100_p080,800,1,0.8,0.802797,411032289,iters,189,1.190534592,1.178837076,0.009922928209,44.10812307,0,3,,pmeal-hpc,2026-08-12T20:18:34,
taufactor,gpu,sor,8,n800_b100_p080,800,1,0.8,0.802797,411032289,iters,339,1.177883744,1.178837076,0.0008087052737,58.69857154,0,3,target_reached,pmeal-hpc,2026-08-12T20:18:34,
taufactor,gpu,sor,8,n800_b100_p095,800,1,0.95,0.952043,487445980,iters,1,1.002772212,1.033344548,0.02958581049,25.74442033,0,3,,pmeal-hpc,2026-08-12T20:20:59,
taufactor,gpu,sor,8,n800_b100_p095,800,1,0.95,0.952043,487445980,iters,2,1.004377246,1.033344548,0.02803256876,25.84119429,0,3,,pmeal-hpc,2026-08-12T20:20:59,
taufactor,gpu,sor,8,n800_b100_p095,800,1,0.95,0.952043,487445980,iters,3,1.005644441,1.033344548,0.02680626457,25.93797923,0,3,,pmeal-hpc,2026-08-12T20:20:59,
taufactor,gpu,sor,8,n800_b100_p095,800,1,0.95,0.952043,487445980,iters,6,1.009037256,1.033344548,0.02352293028,26.22823647,0,3,,pmeal-hpc,2026-08-12T20:20:59,
taufactor,gpu,sor,8,n800_b100_p095,800,1,0.95,0.952043,487445980,iters,10,1.013150573,1.033344548,0.01954234458,26.61521898,0,3,,pmeal-hpc,2026-08-12T20:20:59,
taufactor,gpu,sor,8,n800_b100_p095,800,1,0.95,0.952043,487445980,iters,18,1.020049691,1.033344548,0.01286585082,27.389166,0,3,,pmeal-hpc,2026-08-12T20:20:59,
taufactor,gpu,sor,8,n800_b100_p095,800,1,0.95,0.952043,487445980,iters,33,1.029157639,1.033344548,0.004051803881,28.84022899,0,3,,pmeal-hpc,2026-08-12T20:20:59,
taufactor,gpu,sor,8,n800_b100_p095,800,1,0.95,0.952043,487445980,iters,59,1.036707282,1.033344548,0.003254223456,31.35536212,0,3,,pmeal-hpc,2026-08-12T20:20:59,
taufactor,gpu,sor,8,n800_b100_p095,800,1,0.95,0.952043,487445980,iters,106,1.037244797,1.033344548,0.003774393314,35.94554225,0,3,,pmeal-hpc,2026-08-12T20:20:59,
taufactor,gpu,sor,8,n800_b100_p095,800,1,0.95,0.952043,487445980,iters,189,1.034320831,1.033344548,0.0009447800356,43.97291651,0,3,target_reached,pmeal-hpc,2026-08-12T20:20:59,
taufactor,gpu,sor,8,n800_b200_p020,800,2,0.2,0.18995,97254252,iters,1,1.073905945,13.56020695,0.9208046051,118.2042132,NaN,1,,pmeal-hpc,2026-08-12T20:41:15,
taufactor,gpu,sor,8,n800_b200_p020,800,2,0.2,0.18995,97254252,iters,2,1.122565031,13.56020695,0.9172162316,118.3009508,NaN,1,,pmeal-hpc,2026-08-12T20:41:15,
taufactor,gpu,sor,8,n800_b200_p020,800,2,0.2,0.18995,97254252,iters,3,1.166319728,13.56020695,0.9139895333,118.3978635,NaN,1,,pmeal-hpc,2026-08-12T20:41:15,
taufactor,gpu,sor,8,n800_b200_p020,800,2,0.2,0.18995,97254252,iters,6,1.31745708,13.56020695,0.902843881,118.6885453,NaN,1,,pmeal-hpc,2026-08-12T20:41:15,
taufactor,gpu,sor,8,n800_b200_p020,800,2,0.2,0.18995,97254252,iters,10,1.593996525,13.56020695,0.8824504279,119.0759654,NaN,1,,pmeal-hpc,2026-08-12T20:41:15,
taufactor,gpu,sor,8,n800_b200_p020,800,2,0.2,0.18995,97254252,iters,18,2.60769105,13.56020695,0.8076953354,119.8507266,NaN,1,,pmeal-hpc,2026-08-12T20:41:15,
taufactor,gpu,sor,8,n800_b200_p020,800,2,0.2,0.18995,97254252,iters,33,8.12685585,13.56020695,0.400683494,121.303324,NaN,1,,pmeal-hpc,2026-08-12T20:41:15,
taufactor,gpu,sor,8,n800_b200_p020,800,2,0.2,0.18995,97254252,iters,59,7.363969803,13.56020695,0.4569426684,123.821169,NaN,1,,pmeal-hpc,2026-08-12T20:41:15,
taufactor,gpu,sor,8,n800_b200_p020,800,2,0.2,0.18995,97254252,iters,106,9.135724068,13.56020695,0.3262843184,128.4150298,NaN,1,,pmeal-hpc,2026-08-12T20:41:15,
taufactor,gpu,sor,8,n800_b200_p020,800,2,0.2,0.18995,97254252,iters,189,10.33770847,13.56020695,0.2376437534,136.4476614,NaN,1,,pmeal-hpc,2026-08-12T20:41:15,
taufactor,gpu,sor,8,n800_b200_p020,800,2,0.2,0.18995,97254252,iters,339,11.83216763,13.56020695,0.1274345835,151.0445745,NaN,1,,pmeal-hpc,2026-08-12T20:41:15,
taufactor,gpu,sor,8,n800_b200_p020,800,2,0.2,0.18995,97254252,iters,607,12.39981651,13.56020695,0.08557321,177.0907304,NaN,1,,pmeal-hpc,2026-08-12T20:41:15,
taufactor,gpu,sor,8,n800_b200_p020,800,2,0.2,0.18995,97254252,iters,1086,12.91332054,13.56020695,0.0477047593,223.5707714,NaN,1,,pmeal-hpc,2026-08-12T20:41:15,
taufactor,gpu,sor,8,n800_b200_p020,800,2,0.2,0.18995,97254252,iters,1945,13.14021111,13.56020695,0.03097267219,306.973643,NaN,1,,pmeal-hpc,2026-08-12T20:41:15,
taufactor,gpu,sor,8,n800_b200_p020,800,2,0.2,0.18995,97254252,iters,3484,13.37632751,13.56020695,0.01356022338,456.349396,NaN,1,,pmeal-hpc,2026-08-12T20:41:15,
taufactor,gpu,sor,8,n800_b200_p020,800,2,0.2,0.18995,97254252,iters,6238,13.52842045,13.56020695,0.002344101518,723.7045195,NaN,1,,pmeal-hpc,2026-08-12T20:41:15,
taufactor,gpu,sor,8,n800_b200_p020,800,2,0.2,0.18995,97254252,iters,11169,13.57054615,13.56020695,0.0007624662548,1202.351354,NaN,1,target_reached,pmeal-hpc,2026-08-12T20:41:15,
taufactor,gpu,sor,8,n800_b200_p040,800,2,0.4,0.3993,204441481,iters,1,1.050745606,2.540426233,0.5863900346,26.25399328,NaN,1,,pmeal-hpc,2026-08-12T20:45:03,
taufactor,gpu,sor,8,n800_b200_p040,800,2,0.4,0.3993,204441481,iters,2,1.082913399,2.540426233,0.5737276742,26.35072661,NaN,1,,pmeal-hpc,2026-08-12T20:45:03,
taufactor,gpu,sor,8,n800_b200_p040,800,2,0.4,0.3993,204441481,iters,3,1.110720515,2.540426233,0.5627818274,26.44749687,NaN,1,,pmeal-hpc,2026-08-12T20:45:03,
taufactor,gpu,sor,8,n800_b200_p040,800,2,0.4,0.3993,204441481,iters,6,1.199493408,2.540426233,0.5278377334,26.73776866,NaN,1,,pmeal-hpc,2026-08-12T20:45:03,
taufactor,gpu,sor,8,n800_b200_p040,800,2,0.4,0.3993,204441481,iters,10,1.33894968,2.540426233,0.4729429011,27.12477053,NaN,1,,pmeal-hpc,2026-08-12T20:45:03,
taufactor,gpu,sor,8,n800_b200_p040,800,2,0.4,0.3993,204441481,iters,18,1.701215744,2.540426233,0.3303423961,27.89872129,NaN,1,,pmeal-hpc,2026-08-12T20:45:03,
taufactor,gpu,sor,8,n800_b200_p040,800,2,0.4,0.3993,204441481,iters,33,2.517294168,2.540426233,0.009105584027,29.34980561,NaN,1,,pmeal-hpc,2026-08-12T20:45:03,
taufactor,gpu,sor,8,n800_b200_p040,800,2,0.4,0.3993,204441481,iters,59,2.680207968,2.540426233,0.05502294573,31.8649999,NaN,1,,pmeal-hpc,2026-08-12T20:45:03,
taufactor,gpu,sor,8,n800_b200_p040,800,2,0.4,0.3993,204441481,iters,106,2.706332922,2.540426233,0.06530663509,36.45529935,NaN,1,,pmeal-hpc,2026-08-12T20:45:03,
taufactor,gpu,sor,8,n800_b200_p040,800,2,0.4,0.3993,204441481,iters,189,2.647589445,2.540426233,0.04218316231,44.48309874,NaN,1,,pmeal-hpc,2026-08-12T20:45:03,
taufactor,gpu,sor,8,n800_b200_p040,800,2,0.4,0.3993,204441481,iters,339,2.588619232,2.540426233,0.01897043833,59.07490392,NaN,1,,pmeal-hpc,2026-08-12T20:45:03,
taufactor,gpu,sor,8,n800_b200_p040,800,2,0.4,0.3993,204441481,iters,607,2.533653498,2.540426233,0.002665983848,85.11054916,NaN,1,,pmeal-hpc,2026-08-12T20:45:03,
taufactor,gpu,sor,8,n800_b200_p040,800,2,0.4,0.3993,204441481,iters,1086,2.54437089,2.540426233,0.00155275387,131.5729422,NaN,1,,pmeal-hpc,2026-08-12T20:45:03,
taufactor,gpu,sor,8,n800_b200_p040,800,2,0.4,0.3993,204441481,iters,1945,2.541111708,2.540426233,0.000269826645,214.97496,NaN,1,target_reached,pmeal-hpc,2026-08-12T20:45:03,
taufactor,gpu,sor,8,n800_b200_p060,800,2,0.6,0.602005,308226382,iters,1,1.032856822,1.551467408,0.3342710155,26.03799833,0,3,,pmeal-hpc,2026-08-12T20:48:13,
taufactor,gpu,sor,8,n800_b200_p060,800,2,0.6,0.602005,308226382,iters,2,1.053117394,1.551467408,0.3212120416,26.13478737,0,3,,pmeal-hpc,2026-08-12T20:48:13,
taufactor,gpu,sor,8,n800_b200_p060,800,2,0.6,0.602005,308226382,iters,3,1.070098996,1.551467408,0.3102665318,26.23159858,0,3,,pmeal-hpc,2026-08-12T20:48:13,
taufactor,gpu,sor,8,n800_b200_p060,800,2,0.6,0.602005,308226382,iters,6,1.121063709,1.551467408,0.2774171707,26.52184982,0,3,,pmeal-hpc,2026-08-12T20:48:13,
taufactor,gpu,sor,8,n800_b200_p060,800,2,0.6,0.602005,308226382,iters,10,1.192548156,1.551467408,0.2313417932,26.90883893,0,3,,pmeal-hpc,2026-08-12T20:48:13,
taufactor,gpu,sor,8,n800_b200_p060,800,2,0.6,0.602005,308226382,iters,18,1.343428969,1.551467408,0.1340914012,27.68275455,0,3,,pmeal-hpc,2026-08-12T20:48:13,
taufactor,gpu,sor,8,n800_b200_p060,800,2,0.6,0.602005,308226382,iters,33,1.589830279,1.551467408,0.02472683032,29.13384143,0,3,,pmeal-hpc,2026-08-12T20:48:13,
taufactor,gpu,sor,8,n800_b200_p060,800,2,0.6,0.602005,308226382,iters,59,1.646977067,1.551467408,0.06156085426,31.64879901,0,3,,pmeal-hpc,2026-08-12T20:48:13,
taufactor,gpu,sor,8,n800_b200_p060,800,2,0.6,0.602005,308226382,iters,106,1.608573079,1.551467408,0.03680752223,36.2386678,0,3,,pmeal-hpc,2026-08-12T20:48:13,
taufactor,gpu,sor,8,n800_b200_p060,800,2,0.6,0.602005,308226382,iters,189,1.561273694,1.551467408,0.006320652298,44.26640798,0,3,,pmeal-hpc,2026-08-12T20:48:13,
taufactor,gpu,sor,8,n800_b200_p060,800,2,0.6,0.602005,308226382,iters,339,1.550027132,1.551467408,0.0009283314353,58.85678371,0,3,target_reached,pmeal-hpc,2026-08-12T20:48:13,
taufactor,gpu,sor,8,n800_b200_p080,800,2,0.8,0.802459,410859253,iters,1,1.017299056,1.188212956,0.1438411348,25.83551298,0,3,,pmeal-hpc,2026-08-12T20:50:40,
taufactor,gpu,sor,8,n800_b200_p080,800,2,0.8,0.802459,410859253,iters,2,1.027706623,1.188212956,0.1350821266,25.93229283,0,3,,pmeal-hpc,2026-08-12T20:50:40,
taufactor,gpu,sor,8,n800_b200_p080,800,2,0.8,0.802459,410859253,iters,3,1.036179423,1.188212956,0.1279514181,26.02907593,0,3,,pmeal-hpc,2026-08-12T20:50:40,
taufactor,gpu,sor,8,n800_b200_p080,800,2,0.8,0.802459,410859253,iters,6,1.060097814,1.188212956,0.1078217013,26.31934396,0,3,,pmeal-hpc,2026-08-12T20:50:40,
taufactor,gpu,sor,8,n800_b200_p080,800,2,0.8,0.802459,410859253,iters,10,1.090217113,1.188212956,0.08247329909,26.70632906,0,3,,pmeal-hpc,2026-08-12T20:50:40,
taufactor,gpu,sor,8,n800_b200_p080,800,2,0.8,0.802459,410859253,iters,18,1.143183708,1.188212956,0.03789661406,27.48024203,0,3,,pmeal-hpc,2026-08-12T20:50:40,
taufactor,gpu,sor,8,n800_b200_p080,800,2,0.8,0.802459,410859253,iters,33,1.209539652,1.188212956,0.01794854682,28.93131314,0,3,,pmeal-hpc,2026-08-12T20:50:40,
taufactor,gpu,sor,8,n800_b200_p080,800,2,0.8,0.802459,410859253,iters,59,1.221428037,1.188212956,0.02795381124,31.44648193,0,3,,pmeal-hpc,2026-08-12T20:50:40,
taufactor,gpu,sor,8,n800_b200_p080,800,2,0.8,0.802459,410859253,iters,106,1.19805944,1.188212956,0.008286800451,36.03651687,0,3,,pmeal-hpc,2026-08-12T20:50:40,
taufactor,gpu,sor,8,n800_b200_p080,800,2,0.8,0.802459,410859253,iters,189,1.187489986,1.188212956,0.0006084511843,44.06429432,0,3,target_reached,pmeal-hpc,2026-08-12T20:50:40,
taufactor,gpu,sor,8,n800_b200_p095,800,2,0.95,0.949699,486245700,iters,1,1.005246043,1.038427024,0.03195311758,25.74777103,0,3,,pmeal-hpc,2026-08-12T20:52:41,
taufactor,gpu,sor,8,n800_b200_p095,800,2,0.95,0.949699,486245700,iters,2,1.008359671,1.038427024,0.02895471002,25.84456354,0,3,,pmeal-hpc,2026-08-12T20:52:41,
taufactor,gpu,sor,8,n800_b200_p095,800,2,0.95,0.949699,486245700,iters,3,1.010811329,1.038427024,0.02659377546,25.94139683,0,3,,pmeal-hpc,2026-08-12T20:52:41,
taufactor,gpu,sor,8,n800_b200_p095,800,2,0.95,0.949699,486245700,iters,6,1.017287612,1.038427024,0.02035714745,26.23165742,0,3,,pmeal-hpc,2026-08-12T20:52:41,
taufactor,gpu,sor,8,n800_b200_p095,800,2,0.95,0.949699,486245700,iters,10,1.02452004,1.038427024,0.01339235605,26.6186547,0,3,,pmeal-hpc,2026-08-12T20:52:41,
taufactor,gpu,sor,8,n800_b200_p095,800,2,0.95,0.949699,486245700,iters,18,1.03486371,1.038427024,0.003431453067,27.39258647,0,3,,pmeal-hpc,2026-08-12T20:52:41,
taufactor,gpu,sor,8,n800_b200_p095,800,2,0.95,0.949699,486245700,iters,33,1.04381001,1.038427024,0.005183788395,28.84365349,0,3,,pmeal-hpc,2026-08-12T20:52:41,
taufactor,gpu,sor,8,n800_b200_p095,800,2,0.95,0.949699,486245700,iters,59,1.043233871,1.038427024,0.004628969922,31.35879234,0,3,,pmeal-hpc,2026-08-12T20:52:41,
taufactor,gpu,sor,8,n800_b200_p095,800,2,0.95,0.949699,486245700,iters,106,1.038688183,1.038427024,0.0002514946402,35.94928605,0,3,target_reached,pmeal-hpc,2026-08-12T20:52:41,
taufactor,gpu,sor,8,n1000_b050_p040,1000,0.5,0.4,0.389098,389098003,iters,1,1.013274312,3.244818259,0.6877254037,234.6978446,NaN,1,,pmeal-hpc,2026-08-20T17:27:48,
taufactor,gpu,sor,8,n1000_b050_p040,1000,0.5,0.4,0.389098,389098003,iters,2,1.020390868,3.244818259,0.6855321973,234.8870693,NaN,1,,pmeal-hpc,2026-08-20T17:27:48,
taufactor,gpu,sor,8,n1000_b050_p040,1000,0.5,0.4,0.389098,389098003,iters,3,1.025975943,3.244818259,0.6838109685,235.076344,NaN,1,,pmeal-hpc,2026-08-20T17:27:48,
taufactor,gpu,sor,8,n1000_b050_p040,1000,0.5,0.4,0.389098,389098003,iters,6,1.041057348,3.244818259,0.6791631256,235.6439847,NaN,1,,pmeal-hpc,2026-08-20T17:27:48,
taufactor,gpu,sor,8,n1000_b050_p040,1000,0.5,0.4,0.389098,389098003,iters,10,1.06095612,3.244818259,0.6730306489,236.4008516,NaN,1,,pmeal-hpc,2026-08-20T17:27:48,
taufactor,gpu,sor,8,n1000_b050_p040,1000,0.5,0.4,0.389098,389098003,iters,18,1.10129571,3.244818259,0.6605986463,237.9145438,NaN,1,,pmeal-hpc,2026-08-20T17:27:48,
taufactor,gpu,sor,8,n1000_b050_p040,1000,0.5,0.4,0.389098,389098003,iters,33,1.182465196,3.244818259,0.6355835362,240.7530055,NaN,1,,pmeal-hpc,2026-08-20T17:27:48,
taufactor,gpu,sor,8,n1000_b050_p040,1000,0.5,0.4,0.389098,389098003,iters,59,1.345350862,3.244818259,0.5853848339,245.6709851,NaN,1,,pmeal-hpc,2026-08-20T17:27:48,
taufactor,gpu,sor,8,n1000_b050_p040,1000,0.5,0.4,0.389098,389098003,iters,106,1.717213631,3.244818259,0.4707828009,254.6457503,NaN,1,,pmeal-hpc,2026-08-20T17:27:48,
taufactor,gpu,sor,8,n1000_b050_p040,1000,0.5,0.4,0.389098,389098003,iters,189,2.365530729,3.244818259,0.270982058,270.3339015,NaN,1,,pmeal-hpc,2026-08-20T17:27:48,
taufactor,gpu,sor,8,n1000_b050_p040,1000,0.5,0.4,0.389098,389098003,iters,339,2.659962893,3.244818259,0.1802428733,298.840863,NaN,1,,pmeal-hpc,2026-08-20T17:27:48,
taufactor,gpu,sor,8,n1000_b050_p040,1000,0.5,0.4,0.389098,389098003,iters,607,2.761558533,3.244818259,0.1489327561,349.695749,NaN,1,,pmeal-hpc,2026-08-20T17:27:48,
taufactor,gpu,sor,8,n1000_b050_p040,1000,0.5,0.4,0.389098,389098003,iters,1086,3.041138172,3.244818259,0.0627708767,440.4292375,NaN,1,,pmeal-hpc,2026-08-20T17:27:48,
taufactor,gpu,sor,8,n1000_b050_p040,1000,0.5,0.4,0.389098,389098003,iters,1945,3.125132561,3.244818259,0.03688517776,603.2986804,NaN,1,,pmeal-hpc,2026-08-20T17:27:48,
taufactor,gpu,sor,8,n1000_b050_p040,1000,0.5,0.4,0.389098,389098003,iters,3484,3.21313405,3.244818259,0.009764555701,895.0009855,NaN,1,,pmeal-hpc,2026-08-20T17:27:48,
taufactor,gpu,sor,8,n1000_b050_p040,1000,0.5,0.4,0.389098,389098003,iters,6238,3.254338503,3.244818259,0.002933983701,1417.095288,NaN,1,,pmeal-hpc,2026-08-20T17:27:48,
taufactor,gpu,sor,8,n1000_b050_p040,1000,0.5,0.4,0.389098,389098003,iters,11169,3.251902342,3.244818259,0.00218319865,2351.804155,NaN,1,timeout,pmeal-hpc,2026-08-20T17:27:48,
taufactor,gpu,sor,8,n1000_b050_p060,1000,0.5,0.6,0.600543,600543162,iters,1,1.008604288,1.529751146,0.3406742719,232.1449955,NaN,1,,pmeal-hpc,2026-08-20T17:42:59,
taufactor,gpu,sor,8,n1000_b050_p060,1000,0.5,0.6,0.600543,600543162,iters,2,1.013236403,1.529751146,0.337646253,232.3342474,NaN,1,,pmeal-hpc,2026-08-20T17:42:59,
taufactor,gpu,sor,8,n1000_b050_p060,1000,0.5,0.6,0.600543,600543162,iters,3,1.01685071,1.529751146,0.335283577,232.5234622,NaN,1,,pmeal-hpc,2026-08-20T17:42:59,
taufactor,gpu,sor,8,n1000_b050_p060,1000,0.5,0.6,0.600543,600543162,iters,6,1.026520133,1.529751146,0.3289626645,233.0909663,NaN,1,,pmeal-hpc,2026-08-20T17:42:59,
taufactor,gpu,sor,8,n1000_b050_p060,1000,0.5,0.6,0.600543,600543162,iters,10,1.039117694,1.529751146,0.3207276251,233.847659,NaN,1,,pmeal-hpc,2026-08-20T17:42:59,
taufactor,gpu,sor,8,n1000_b050_p060,1000,0.5,0.6,0.600543,600543162,iters,18,1.063709378,1.529751146,0.3046520141,235.361289,NaN,1,,pmeal-hpc,2026-08-20T17:42:59,
taufactor,gpu,sor,8,n1000_b050_p060,1000,0.5,0.6,0.600543,600543162,iters,33,1.109738111,1.529751146,0.2745629808,238.1986323,NaN,1,,pmeal-hpc,2026-08-20T17:42:59,
taufactor,gpu,sor,8,n1000_b050_p060,1000,0.5,0.6,0.600543,600543162,iters,59,1.19112277,1.529751146,0.2213617402,243.1155929,NaN,1,,pmeal-hpc,2026-08-20T17:42:59,
taufactor,gpu,sor,8,n1000_b050_p060,1000,0.5,0.6,0.600543,600543162,iters,106,1.334527969,1.529751146,0.1276176044,252.0860156,NaN,1,,pmeal-hpc,2026-08-20T17:42:59,
taufactor,gpu,sor,8,n1000_b050_p060,1000,0.5,0.6,0.600543,600543162,iters,189,1.504926801,1.529751146,0.0162277017,267.7664487,NaN,1,,pmeal-hpc,2026-08-20T17:42:59,
taufactor,gpu,sor,8,n1000_b050_p060,1000,0.5,0.6,0.600543,600543162,iters,339,1.536754608,1.529751146,0.004578170883,296.2642762,NaN,1,,pmeal-hpc,2026-08-20T17:42:59,
taufactor,gpu,sor,8,n1000_b050_p060,1000,0.5,0.6,0.600543,600543162,iters,607,1.510679603,1.529751146,0.0124670888,347.1030614,NaN,1,,pmeal-hpc,2026-08-20T17:42:59,
taufactor,gpu,sor,8,n1000_b050_p060,1000,0.5,0.6,0.600543,600543162,iters,1086,1.514157653,1.529751146,0.01019348355,437.8360885,NaN,1,,pmeal-hpc,2026-08-20T17:42:59,
taufactor,gpu,sor,8,n1000_b050_p060,1000,0.5,0.6,0.600543,600543162,iters,1945,1.533818364,1.529751146,0.002658744956,600.7053204,NaN,1,,pmeal-hpc,2026-08-20T17:42:59,
taufactor,gpu,sor,8,n1000_b050_p060,1000,0.5,0.6,0.600543,600543162,iters,3484,1.529821277,1.529751146,4.584449237e-05,892.4077981,NaN,1,target_reached,pmeal-hpc,2026-08-20T17:42:59,
taufactor,gpu,sor,8,n1000_b050_p080,1000,0.5,0.8,0.808622,808621670,iters,1,1.004379749,1.174130449,0.1445756729,49.6841946,NaN,1,,pmeal-hpc,2026-08-20T17:47:32,
taufactor,gpu,sor,8,n1000_b050_p080,1000,0.5,0.8,0.808622,808621670,iters,2,1.006768465,1.174130449,0.1425412177,49.87324929,NaN,1,,pmeal-hpc,2026-08-20T17:47:32,
taufactor,gpu,sor,8,n1000_b050_p080,1000,0.5,0.8,0.808622,808621670,iters,3,1.008631349,1.174130449,0.1409546107,50.06230859,NaN,1,,pmeal-hpc,2026-08-20T17:47:32,
taufactor,gpu,sor,8,n1000_b050_p080,1000,0.5,0.8,0.808622,808621670,iters,6,1.013585448,1.174130449,0.1367352332,50.62935473,NaN,1,,pmeal-hpc,2026-08-20T17:47:32,
taufactor,gpu,sor,8,n1000_b050_p080,1000,0.5,0.8,0.808622,808621670,iters,10,1.019963741,1.174130449,0.1313028785,51.38541354,NaN,1,,pmeal-hpc,2026-08-20T17:47:32,
taufactor,gpu,sor,8,n1000_b050_p080,1000,0.5,0.8,0.808622,808621670,iters,18,1.032079101,1.174130449,0.1209842982,52.89748208,NaN,1,,pmeal-hpc,2026-08-20T17:47:32,
taufactor,gpu,sor,8,n1000_b050_p080,1000,0.5,0.8,0.808622,808621670,iters,33,1.053460598,1.174130449,0.1027738026,55.73270566,NaN,1,,pmeal-hpc,2026-08-20T17:47:32,
taufactor,gpu,sor,8,n1000_b050_p080,1000,0.5,0.8,0.808622,808621670,iters,59,1.086945534,1.174130449,0.0742548797,60.64588473,NaN,1,,pmeal-hpc,2026-08-20T17:47:32,
taufactor,gpu,sor,8,n1000_b050_p080,1000,0.5,0.8,0.808622,808621670,iters,106,1.135879993,1.174130449,0.0325776881,69.61105287,NaN,1,,pmeal-hpc,2026-08-20T17:47:32,
taufactor,gpu,sor,8,n1000_b050_p080,1000,0.5,0.8,0.808622,808621670,iters,189,1.18507421,1.174130449,0.009320737041,85.28462337,NaN,1,,pmeal-hpc,2026-08-20T17:47:32,
taufactor,gpu,sor,8,n1000_b050_p080,1000,0.5,0.8,0.808622,808621670,iters,339,1.192292452,1.174130449,0.01546847105,113.7663615,NaN,1,,pmeal-hpc,2026-08-20T17:47:32,
taufactor,gpu,sor,8,n1000_b050_p080,1000,0.5,0.8,0.808622,808621670,iters,607,1.172920346,1.174130449,0.001030637389,164.5965648,NaN,1,,pmeal-hpc,2026-08-20T17:47:32,
taufactor,gpu,sor,8,n1000_b050_p080,1000,0.5,0.8,0.808622,808621670,iters,1086,1.173005342,1.174130449,0.0009582466049,255.3290419,NaN,1,target_reached,pmeal-hpc,2026-08-20T17:47:32,
taufactor,gpu,sor,8,n1000_b050_p095,1000,0.5,0.95,0.951714,951714034,iters,1,1.001267433,1.035720079,0.0332644375,49.57142888,NaN,1,,pmeal-hpc,2026-08-20T17:50:34,
taufactor,gpu,sor,8,n1000_b050_p095,1000,0.5,0.95,0.951714,951714034,iters,2,1.001994252,1.035720079,0.03256268511,49.76048188,NaN,1,,pmeal-hpc,2026-08-20T17:50:34,
taufactor,gpu,sor,8,n1000_b050_p095,1000,0.5,0.95,0.951714,951714034,iters,3,1.002561569,1.035720079,0.03201493382,49.94950243,NaN,1,,pmeal-hpc,2026-08-20T17:50:34,
taufactor,gpu,sor,8,n1000_b050_p095,1000,0.5,0.95,0.951714,951714034,iters,6,1.004066467,1.035720079,0.03056193691,50.51655245,NaN,1,,pmeal-hpc,2026-08-20T17:50:34,
taufactor,gpu,sor,8,n1000_b050_p095,1000,0.5,0.95,0.951714,951714034,iters,10,1.005962968,1.035720079,0.02873084314,51.27263623,NaN,1,,pmeal-hpc,2026-08-20T17:50:34,
taufactor,gpu,sor,8,n1000_b050_p095,1000,0.5,0.95,0.951714,951714034,iters,18,1.009468555,1.035720079,0.02534615683,52.78471112,NaN,1,,pmeal-hpc,2026-08-20T17:50:34,
taufactor,gpu,sor,8,n1000_b050_p095,1000,0.5,0.95,0.951714,951714034,iters,33,1.015222192,1.035720079,0.01979095279,55.61964984,NaN,1,,pmeal-hpc,2026-08-20T17:50:34,
taufactor,gpu,sor,8,n1000_b050_p095,1000,0.5,0.95,0.951714,951714034,iters,59,1.023063779,1.035720079,0.01221980763,60.53102222,NaN,1,,pmeal-hpc,2026-08-20T17:50:34,
taufactor,gpu,sor,8,n1000_b050_p095,1000,0.5,0.95,0.951714,951714034,iters,106,1.032197475,1.035720079,0.003401115454,69.49557842,NaN,1,,pmeal-hpc,2026-08-20T17:50:34,
taufactor,gpu,sor,8,n1000_b050_p095,1000,0.5,0.95,0.951714,951714034,iters,189,1.038239717,1.035720079,0.00243274079,85.16950954,NaN,1,,pmeal-hpc,2026-08-20T17:50:34,
taufactor,gpu,sor,8,n1000_b050_p095,1000,0.5,0.95,0.951714,951714034,iters,339,1.038422227,1.035720079,0.002608955799,113.6518041,NaN,1,,pmeal-hpc,2026-08-20T17:50:34,
taufactor,gpu,sor,8,n1000_b050_p095,1000,0.5,0.95,0.951714,951714034,iters,607,1.03616333,1.035720079,0.0004279641644,164.4820168,NaN,1,target_reached,pmeal-hpc,2026-08-20T17:50:34,
taufactor,gpu,sor,8,n1000_b100_p020,1000,1,0.2,0.184187,184187030,iters,1,1.031826973,13.16595545,0.9216291611,232.1170543,NaN,1,,pmeal-hpc,2026-08-20T18:30:01,
taufactor,gpu,sor,8,n1000_b100_p020,1000,1,0.2,0.184187,184187030,iters,2,1.050374985,13.16595545,0.9202203753,232.306292,NaN,1,,pmeal-hpc,2026-08-20T18:30:01,
taufactor,gpu,sor,8,n1000_b100_p020,1000,1,0.2,0.184187,184187030,iters,3,1.065801024,13.16595545,0.9190487141,232.4955177,NaN,1,,pmeal-hpc,2026-08-20T18:30:01,
taufactor,gpu,sor,8,n1000_b100_p020,1000,1,0.2,0.184187,184187030,iters,6,1.111557841,13.16595545,0.915573325,233.0630511,NaN,1,,pmeal-hpc,2026-08-20T18:30:01,
taufactor,gpu,sor,8,n1000_b100_p020,1000,1,0.2,0.184187,184187030,iters,10,1.178165555,13.16595545,0.9105142381,233.8197666,NaN,1,,pmeal-hpc,2026-08-20T18:30:01,
taufactor,gpu,sor,8,n1000_b100_p020,1000,1,0.2,0.184187,184187030,iters,18,1.336453438,13.16595545,0.8984917241,235.3331117,NaN,1,,pmeal-hpc,2026-08-20T18:30:01,
taufactor,gpu,sor,8,n1000_b100_p020,1000,1,0.2,0.184187,184187030,iters,33,1.773805618,13.16595545,0.8652733085,238.1704785,NaN,1,,pmeal-hpc,2026-08-20T18:30:01,
taufactor,gpu,sor,8,n1000_b100_p020,1000,1,0.2,0.184187,184187030,iters,59,3.330366611,13.16595545,0.7470471001,243.0873921,NaN,1,,pmeal-hpc,2026-08-20T18:30:01,
taufactor,gpu,sor,8,n1000_b100_p020,1000,1,0.2,0.184187,184187030,iters,106,6.677474022,13.16595545,0.4928226784,252.0581516,NaN,1,,pmeal-hpc,2026-08-20T18:30:01,
taufactor,gpu,sor,8,n1000_b100_p020,1000,1,0.2,0.184187,184187030,iters,189,5.340605736,13.16595545,0.5943624634,267.7397907,NaN,1,,pmeal-hpc,2026-08-20T18:30:01,
taufactor,gpu,sor,8,n1000_b100_p020,1000,1,0.2,0.184187,184187030,iters,339,8.647798538,13.16595545,0.3431696947,296.2370541,NaN,1,,pmeal-hpc,2026-08-20T18:30:01,
taufactor,gpu,sor,8,n1000_b100_p020,1000,1,0.2,0.184187,184187030,iters,607,8.339426994,13.16595545,0.3665915834,347.0899165,NaN,1,,pmeal-hpc,2026-08-20T18:30:01,
taufactor,gpu,sor,8,n1000_b100_p020,1000,1,0.2,0.184187,184187030,iters,1086,9.653571129,13.16595545,0.2667777766,437.8221443,NaN,1,,pmeal-hpc,2026-08-20T18:30:01,
taufactor,gpu,sor,8,n1000_b100_p020,1000,1,0.2,0.184187,184187030,iters,1945,10.44976234,13.16595545,0.2063042911,600.6904122,NaN,1,,pmeal-hpc,2026-08-20T18:30:01,
taufactor,gpu,sor,8,n1000_b100_p020,1000,1,0.2,0.184187,184187030,iters,3484,11.33210087,13.16595545,0.1392876186,892.3923519,NaN,1,,pmeal-hpc,2026-08-20T18:30:01,
taufactor,gpu,sor,8,n1000_b100_p020,1000,1,0.2,0.184187,184187030,iters,6238,12.22587872,13.16595545,0.07140208989,1414.484192,NaN,1,,pmeal-hpc,2026-08-20T18:30:01,
taufactor,gpu,sor,8,n1000_b100_p020,1000,1,0.2,0.184187,184187030,iters,11169,13.05254269,13.16595545,0.008614092913,2349.184597,NaN,1,timeout,pmeal-hpc,2026-08-20T18:30:01,
taufactor,gpu,sor,8,n1000_b100_p040,1000,1,0.4,0.395251,395251340,iters,1,1.022892356,2.652234457,0.6143280798,52.02471358,NaN,1,,pmeal-hpc,2026-08-20T18:42:11,
taufactor,gpu,sor,8,n1000_b100_p040,1000,1,0.4,0.395251,395251340,iters,2,1.036034226,2.652234457,0.6093730614,52.21385813,NaN,1,,pmeal-hpc,2026-08-20T18:42:11,
taufactor,gpu,sor,8,n1000_b100_p040,1000,1,0.4,0.395251,395251340,iters,3,1.046773672,2.652234457,0.6053238546,52.4029546,NaN,1,,pmeal-hpc,2026-08-20T18:42:11,
taufactor,gpu,sor,8,n1000_b100_p040,1000,1,0.4,0.395251,395251340,iters,6,1.077715397,2.652234457,0.593657569,52.96997799,NaN,1,,pmeal-hpc,2026-08-20T18:42:11,
taufactor,gpu,sor,8,n1000_b100_p040,1000,1,0.4,0.395251,395251340,iters,10,1.120774865,2.652234457,0.5774224024,53.72606245,NaN,1,,pmeal-hpc,2026-08-20T18:42:11,
taufactor,gpu,sor,8,n1000_b100_p040,1000,1,0.4,0.395251,395251340,iters,18,1.214799643,2.652234457,0.5419712464,55.23815741,NaN,1,,pmeal-hpc,2026-08-20T18:42:11,
taufactor,gpu,sor,8,n1000_b100_p040,1000,1,0.4,0.395251,395251340,iters,33,1.42834425,2.652234457,0.4614562653,58.07356049,NaN,1,,pmeal-hpc,2026-08-20T18:42:11,
taufactor,gpu,sor,8,n1000_b100_p040,1000,1,0.4,0.395251,395251340,iters,59,1.910986662,2.652234457,0.2794804936,62.98567324,NaN,1,,pmeal-hpc,2026-08-20T18:42:11,
taufactor,gpu,sor,8,n1000_b100_p040,1000,1,0.4,0.395251,395251340,iters,106,2.578934193,2.652234457,0.02763717369,71.94978122,NaN,1,,pmeal-hpc,2026-08-20T18:42:11,
taufactor,gpu,sor,8,n1000_b100_p040,1000,1,0.4,0.395251,395251340,iters,189,2.49557519,2.652234457,0.05906689999,87.62428574,NaN,1,,pmeal-hpc,2026-08-20T18:42:11,
taufactor,gpu,sor,8,n1000_b100_p040,1000,1,0.4,0.395251,395251340,iters,339,2.694242001,2.652234457,0.01583854831,116.1146026,NaN,1,,pmeal-hpc,2026-08-20T18:42:11,
taufactor,gpu,sor,8,n1000_b100_p040,1000,1,0.4,0.395251,395251340,iters,607,2.62607646,2.652234457,0.009862626227,166.9448506,NaN,1,,pmeal-hpc,2026-08-20T18:42:11,
taufactor,gpu,sor,8,n1000_b100_p040,1000,1,0.4,0.395251,395251340,iters,1086,2.596436501,2.652234457,0.02103809349,257.677195,NaN,1,,pmeal-hpc,2026-08-20T18:42:11,
taufactor,gpu,sor,8,n1000_b100_p040,1000,1,0.4,0.395251,395251340,iters,1945,2.636689186,2.652234457,0.005861197853,420.5453684,NaN,1,,pmeal-hpc,2026-08-20T18:42:11,
taufactor,gpu,sor,8,n1000_b100_p040,1000,1,0.4,0.395251,395251340,iters,3484,2.653918266,2.652234457,0.0006348644223,712.2472486,NaN,1,target_reached,pmeal-hpc,2026-08-20T18:42:11,
taufactor,gpu,sor,8,n1000_b100_p060,1000,1,0.6,0.601834,601833672,iters,1,1.014936805,1.541790971,0.3417156905,50.37486774,NaN,1,,pmeal-hpc,2026-08-20T18:45:15,
taufactor,gpu,sor,8,n1000_b100_p060,1000,1,0.6,0.601834,601833672,iters,2,1.023447633,1.541790971,0.3361955985,50.56402279,NaN,1,,pmeal-hpc,2026-08-20T18:45:15,
taufactor,gpu,sor,8,n1000_b100_p060,1000,1,0.6,0.601834,601833672,iters,3,1.030321479,1.541790971,0.331737247,50.75313349,NaN,1,,pmeal-hpc,2026-08-20T18:45:15,
taufactor,gpu,sor,8,n1000_b100_p060,1000,1,0.6,0.601834,601833672,iters,6,1.049711466,1.541790971,0.3191609722,51.3205069,NaN,1,,pmeal-hpc,2026-08-20T18:45:15,
taufactor,gpu,sor,8,n1000_b100_p060,1000,1,0.6,0.601834,601833672,iters,10,1.07569015,1.541790971,0.3023112922,52.07658764,NaN,1,,pmeal-hpc,2026-08-20T18:45:15,
taufactor,gpu,sor,8,n1000_b100_p060,1000,1,0.6,0.601834,601833672,iters,18,1.128481746,1.541790971,0.2680708559,53.58865823,NaN,1,,pmeal-hpc,2026-08-20T18:45:15,
taufactor,gpu,sor,8,n1000_b100_p060,1000,1,0.6,0.601834,601833672,iters,33,1.231581569,1.541790971,0.2012006868,56.4237364,NaN,1,,pmeal-hpc,2026-08-20T18:45:15,
taufactor,gpu,sor,8,n1000_b100_p060,1000,1,0.6,0.601834,601833672,iters,59,1.411015868,1.541790971,0.08482025467,61.33642208,NaN,1,,pmeal-hpc,2026-08-20T18:45:15,
taufactor,gpu,sor,8,n1000_b100_p060,1000,1,0.6,0.601834,601833672,iters,106,1.604282022,1.541790971,0.04053146743,70.30022963,NaN,1,,pmeal-hpc,2026-08-20T18:45:15,
taufactor,gpu,sor,8,n1000_b100_p060,1000,1,0.6,0.601834,601833672,iters,189,1.579304695,1.541790971,0.02433126464,85.97421424,NaN,1,,pmeal-hpc,2026-08-20T18:45:15,
taufactor,gpu,sor,8,n1000_b100_p060,1000,1,0.6,0.601834,601833672,iters,339,1.578344703,1.541790971,0.02370861706,114.4629209,NaN,1,,pmeal-hpc,2026-08-20T18:45:15,
taufactor,gpu,sor,8,n1000_b100_p060,1000,1,0.6,0.601834,601833672,iters,607,1.542435527,1.541790971,0.0004180565718,165.2935442,NaN,1,target_reached,pmeal-hpc,2026-08-20T18:45:15,
taufactor,gpu,sor,8,n1000_b100_p080,1000,1,0.8,0.805227,805226521,iters,1,1.007704854,1.177749756,0.1443811821,50.44215766,NaN,1,,pmeal-hpc,2026-08-20T18:48:18,
taufactor,gpu,sor,8,n1000_b100_p080,1000,1,0.8,0.805227,805226521,iters,2,1.012088776,1.177749756,0.1406588959,50.63126843,NaN,1,,pmeal-hpc,2026-08-20T18:48:18,
taufactor,gpu,sor,8,n1000_b100_p080,1000,1,0.8,0.805227,805226521,iters,3,1.015588164,1.177749756,0.1376876462,50.82040348,NaN,1,,pmeal-hpc,2026-08-20T18:48:18,
taufactor,gpu,sor,8,n1000_b100_p080,1000,1,0.8,0.805227,805226521,iters,6,1.025241017,1.177749756,0.1294916326,51.38749547,NaN,1,,pmeal-hpc,2026-08-20T18:48:18,
taufactor,gpu,sor,8,n1000_b100_p080,1000,1,0.8,0.805227,805226521,iters,10,1.037689567,1.177749756,0.1189218581,52.14355509,NaN,1,,pmeal-hpc,2026-08-20T18:48:18,
taufactor,gpu,sor,8,n1000_b100_p080,1000,1,0.8,0.805227,805226521,iters,18,1.061214805,1.177749756,0.09894712417,53.6556194,NaN,1,,pmeal-hpc,2026-08-20T18:48:18,
taufactor,gpu,sor,8,n1000_b100_p080,1000,1,0.8,0.805227,805226521,iters,33,1.101133585,1.177749756,0.06505301371,56.49106223,NaN,1,,pmeal-hpc,2026-08-20T18:48:18,
taufactor,gpu,sor,8,n1000_b100_p080,1000,1,0.8,0.805227,805226521,iters,59,1.156437993,1.177749756,0.0180953236,61.40397504,NaN,1,,pmeal-hpc,2026-08-20T18:48:18,
taufactor,gpu,sor,8,n1000_b100_p080,1000,1,0.8,0.805227,805226521,iters,106,1.20389843,1.177749756,0.02220223247,70.36800463,NaN,1,,pmeal-hpc,2026-08-20T18:48:18,
taufactor,gpu,sor,8,n1000_b100_p080,1000,1,0.8,0.805227,805226521,iters,189,1.194435835,1.177749756,0.01416776255,86.0426375,NaN,1,,pmeal-hpc,2026-08-20T18:48:18,
taufactor,gpu,sor,8,n1000_b100_p080,1000,1,0.8,0.805227,805226521,iters,339,1.181974888,1.177749756,0.00358746145,114.5311526,NaN,1,,pmeal-hpc,2026-08-20T18:48:18,
taufactor,gpu,sor,8,n1000_b100_p080,1000,1,0.8,0.805227,805226521,iters,607,1.176943421,1.177749756,0.0006846400367,165.3619447,NaN,1,target_reached,pmeal-hpc,2026-08-20T18:48:18,
taufactor,gpu,sor,8,n1000_b100_p095,1000,1,0.95,0.950636,950636264,iters,1,1.002269506,1.034226161,0.03089909707,50.12328504,NaN,1,,pmeal-hpc,2026-08-20T18:49:36,
taufactor,gpu,sor,8,n1000_b100_p095,1000,1,0.95,0.950636,950636264,iters,2,1.003577352,1.034226161,0.02963453313,50.31241715,NaN,1,,pmeal-hpc,2026-08-20T18:49:36,
taufactor,gpu,sor,8,n1000_b100_p095,1000,1,0.95,0.950636,950636264,iters,3,1.004603267,1.034226161,0.0286425691,50.50188936,NaN,1,,pmeal-hpc,2026-08-20T18:49:36,
taufactor,gpu,sor,8,n1000_b100_p095,1000,1,0.95,0.950636,950636264,iters,6,1.007367611,1.034226161,0.02596970671,51.0691169,NaN,1,,pmeal-hpc,2026-08-20T18:49:36,
taufactor,gpu,sor,8,n1000_b100_p095,1000,1,0.95,0.950636,950636264,iters,10,1.010786414,1.034226161,0.02266404365,51.82517627,NaN,1,,pmeal-hpc,2026-08-20T18:49:36,
taufactor,gpu,sor,8,n1000_b100_p095,1000,1,0.95,0.950636,950636264,iters,18,1.016742229,1.034226161,0.01690532709,53.33723342,NaN,1,,pmeal-hpc,2026-08-20T18:49:36,
taufactor,gpu,sor,8,n1000_b100_p095,1000,1,0.95,0.950636,950636264,iters,33,1.025363922,1.034226161,0.0085689564,56.17233613,NaN,1,,pmeal-hpc,2026-08-20T18:49:36,
taufactor,gpu,sor,8,n1000_b100_p095,1000,1,0.95,0.950636,950636264,iters,59,1.034363151,1.034226161,0.0001324561317,61.08566936,NaN,1,target_reached,pmeal-hpc,2026-08-20T18:49:36,
taufactor,gpu,sor,8,n1000_b200_p020,1000,2,0.2,0.190252,190252394,iters,1,1.057424664,10.17284166,0.8960541509,233.5680087,NaN,1,,pmeal-hpc,2026-08-20T19:13:31,
taufactor,gpu,sor,8,n1000_b200_p020,1000,2,0.2,0.190252,190252394,iters,2,1.094369173,10.17284166,0.8924224706,233.7572432,NaN,1,,pmeal-hpc,2026-08-20T19:13:31,
taufactor,gpu,sor,8,n1000_b200_p020,1000,2,0.2,0.190252,190252394,iters,3,1.126881003,10.17284166,0.8892265268,233.9465015,NaN,1,,pmeal-hpc,2026-08-20T19:13:31,
taufactor,gpu,sor,8,n1000_b200_p020,1000,2,0.2,0.190252,190252394,iters,6,1.234892845,10.17284166,0.8786088601,234.5141767,NaN,1,,pmeal-hpc,2026-08-20T19:13:31,
taufactor,gpu,sor,8,n1000_b200_p020,1000,2,0.2,0.190252,190252394,iters,10,1.418228388,10.17284166,0.8605868021,235.2710449,NaN,1,,pmeal-hpc,2026-08-20T19:13:31,
taufactor,gpu,sor,8,n1000_b200_p020,1000,2,0.2,0.190252,190252394,iters,18,1.996474743,10.17284166,0.803744636,236.784895,NaN,1,,pmeal-hpc,2026-08-20T19:13:31,
taufactor,gpu,sor,8,n1000_b200_p020,1000,2,0.2,0.190252,190252394,iters,33,4.713079929,10.17284166,0.5366997652,239.6214493,NaN,1,,pmeal-hpc,2026-08-20T19:13:31,
taufactor,gpu,sor,8,n1000_b200_p020,1000,2,0.2,0.190252,190252394,iters,59,8.112524986,10.17284166,0.2025310865,244.5384296,NaN,1,,pmeal-hpc,2026-08-20T19:13:31,
taufactor,gpu,sor,8,n1000_b200_p020,1000,2,0.2,0.190252,190252394,iters,106,7.236563206,10.17284166,0.2886389617,253.5102878,NaN,1,,pmeal-hpc,2026-08-20T19:13:31,
taufactor,gpu,sor,8,n1000_b200_p020,1000,2,0.2,0.190252,190252394,iters,189,8.741718292,10.17284166,0.1406807867,269.1947545,NaN,1,,pmeal-hpc,2026-08-20T19:13:31,
taufactor,gpu,sor,8,n1000_b200_p020,1000,2,0.2,0.190252,190252394,iters,339,9.353351593,10.17284166,0.08055665215,297.6908237,NaN,1,,pmeal-hpc,2026-08-20T19:13:31,
taufactor,gpu,sor,8,n1000_b200_p020,1000,2,0.2,0.190252,190252394,iters,607,10.25106335,10.17284166,0.007689266134,348.5480259,NaN,1,,pmeal-hpc,2026-08-20T19:13:31,
taufactor,gpu,sor,8,n1000_b200_p020,1000,2,0.2,0.190252,190252394,iters,1086,9.616774559,10.17284166,0.05466192432,439.3176497,NaN,1,,pmeal-hpc,2026-08-20T19:13:31,
taufactor,gpu,sor,8,n1000_b200_p020,1000,2,0.2,0.190252,190252394,iters,1945,10.1014719,10.17284166,0.007015715121,602.1864497,NaN,1,,pmeal-hpc,2026-08-20T19:13:31,
taufactor,gpu,sor,8,n1000_b200_p020,1000,2,0.2,0.190252,190252394,iters,3484,10.07026196,10.17284166,0.01008368243,893.8877848,NaN,1,,pmeal-hpc,2026-08-20T19:13:31,
taufactor,gpu,sor,8,n1000_b200_p020,1000,2,0.2,0.190252,190252394,iters,6238,10.17132473,10.17284166,0.0001491156681,1415.980617,NaN,1,target_reached,pmeal-hpc,2026-08-20T19:13:31,
taufactor,gpu,sor,8,n1000_b200_p040,1000,2,0.4,0.398291,398291423,iters,1,1.039446473,2.506045383,0.5852244017,234.4754921,NaN,1,,pmeal-hpc,2026-08-20T19:23:53,
taufactor,gpu,sor,8,n1000_b200_p040,1000,2,0.4,0.398291,398291423,iters,2,1.064057708,2.506045383,0.5754036559,234.6647575,NaN,1,,pmeal-hpc,2026-08-20T19:23:53,
taufactor,gpu,sor,8,n1000_b200_p040,1000,2,0.4,0.398291,398291423,iters,3,1.085056186,2.506045383,0.5670245267,234.854021,NaN,1,,pmeal-hpc,2026-08-20T19:23:53,
taufactor,gpu,sor,8,n1000_b200_p040,1000,2,0.4,0.398291,398291423,iters,6,1.150724888,2.506045383,0.5408204115,235.4220338,NaN,1,,pmeal-hpc,2026-08-20T19:23:53,
taufactor,gpu,sor,8,n1000_b200_p040,1000,2,0.4,0.398291,398291423,iters,10,1.250219464,2.506045383,0.501118586,236.1788999,NaN,1,,pmeal-hpc,2026-08-20T19:23:53,
taufactor,gpu,sor,8,n1000_b200_p040,1000,2,0.4,0.398291,398291423,iters,18,1.496906877,2.506045383,0.4026816566,237.6919111,NaN,1,,pmeal-hpc,2026-08-20T19:23:53,
taufactor,gpu,sor,8,n1000_b200_p040,1000,2,0.4,0.398291,398291423,iters,33,2.114838123,2.506045383,0.1561054171,240.5284806,NaN,1,,pmeal-hpc,2026-08-20T19:23:53,
taufactor,gpu,sor,8,n1000_b200_p040,1000,2,0.4,0.398291,398291423,iters,59,2.694276571,2.506045383,0.07511084578,245.4450735,NaN,1,,pmeal-hpc,2026-08-20T19:23:53,
taufactor,gpu,sor,8,n1000_b200_p040,1000,2,0.4,0.398291,398291423,iters,106,2.590351582,2.506045383,0.03364113002,254.4161631,NaN,1,,pmeal-hpc,2026-08-20T19:23:53,
taufactor,gpu,sor,8,n1000_b200_p040,1000,2,0.4,0.398291,398291423,iters,189,2.615636587,2.506045383,0.04373073404,270.0986343,NaN,1,,pmeal-hpc,2026-08-20T19:23:53,
taufactor,gpu,sor,8,n1000_b200_p040,1000,2,0.4,0.398291,398291423,iters,339,2.54054141,2.506045383,0.0137651248,298.5917435,NaN,1,,pmeal-hpc,2026-08-20T19:23:53,
taufactor,gpu,sor,8,n1000_b200_p040,1000,2,0.4,0.398291,398291423,iters,607,2.494737148,2.506045383,0.004512382254,349.4391808,NaN,1,,pmeal-hpc,2026-08-20T19:23:53,
taufactor,gpu,sor,8,n1000_b200_p040,1000,2,0.4,0.398291,398291423,iters,1086,2.513082981,2.506045383,0.002808248469,440.177265,NaN,1,,pmeal-hpc,2026-08-20T19:23:53,
taufactor,gpu,sor,8,n1000_b200_p040,1000,2,0.4,0.398291,398291423,iters,1945,2.50747323,2.506045383,0.000569761175,603.0384564,NaN,1,target_reached,pmeal-hpc,2026-08-20T19:23:53,
taufactor,gpu,sor,8,n1000_b200_p060,1000,2,0.6,0.601128,601127844,iters,1,1.025809288,1.539069636,0.3334874108,50.36282872,NaN,1,,pmeal-hpc,2026-08-20T19:28:27,
taufactor,gpu,sor,8,n1000_b200_p060,1000,2,0.6,0.601128,601127844,iters,2,1.041557312,1.539069636,0.3232552396,50.55188912,NaN,1,,pmeal-hpc,2026-08-20T19:28:27,
taufactor,gpu,sor,8,n1000_b200_p060,1000,2,0.6,0.601128,601127844,iters,3,1.054664612,1.539069636,0.314738861,50.74094629,NaN,1,,pmeal-hpc,2026-08-20T19:28:27,
taufactor,gpu,sor,8,n1000_b200_p060,1000,2,0.6,0.601128,601127844,iters,6,1.093730807,1.539069636,0.2893558669,51.30832979,NaN,1,,pmeal-hpc,2026-08-20T19:28:27,
taufactor,gpu,sor,8,n1000_b200_p060,1000,2,0.6,0.601128,601127844,iters,10,1.147990823,1.539069636,0.2541007918,52.06437742,NaN,1,,pmeal-hpc,2026-08-20T19:28:27,
taufactor,gpu,sor,8,n1000_b200_p060,1000,2,0.6,0.601128,601127844,iters,18,1.262573719,1.539069636,0.1796513364,53.57645928,NaN,1,,pmeal-hpc,2026-08-20T19:28:27,
taufactor,gpu,sor,8,n1000_b200_p060,1000,2,0.6,0.601128,601127844,iters,33,1.475479722,1.539069636,0.04131711294,56.41147538,NaN,1,,pmeal-hpc,2026-08-20T19:28:27,
taufactor,gpu,sor,8,n1000_b200_p060,1000,2,0.6,0.601128,601127844,iters,59,1.642955661,1.539069636,0.06749923616,61.32478475,NaN,1,,pmeal-hpc,2026-08-20T19:28:27,
taufactor,gpu,sor,8,n1000_b200_p060,1000,2,0.6,0.601128,601127844,iters,106,1.596930146,1.539069636,0.03759447192,70.2881183,NaN,1,,pmeal-hpc,2026-08-20T19:28:27,
taufactor,gpu,sor,8,n1000_b200_p060,1000,2,0.6,0.601128,601127844,iters,189,1.564481378,1.539069636,0.01651110581,85.95869276,NaN,1,,pmeal-hpc,2026-08-20T19:28:27,
taufactor,gpu,sor,8,n1000_b200_p060,1000,2,0.6,0.601128,601127844,iters,339,1.542783737,1.539069636,0.002413211914,114.4460812,NaN,1,,pmeal-hpc,2026-08-20T19:28:27,
taufactor,gpu,sor,8,n1000_b200_p060,1000,2,0.6,0.601128,601127844,iters,607,1.53449285,1.539069636,0.002973735294,165.2754585,NaN,1,,pmeal-hpc,2026-08-20T19:28:27,
taufactor,gpu,sor,8,n1000_b200_p060,1000,2,0.6,0.601128,601127844,iters,1086,1.540273786,1.539069636,0.0007823879849,256.0003927,NaN,1,target_reached,pmeal-hpc,2026-08-20T19:28:27,
taufactor,gpu,sor,8,n1000_b200_p080,1000,2,0.8,0.802364,802363965,iters,1,1.013568997,1.181214812,0.1419266106,50.27626042,NaN,1,,pmeal-hpc,2026-08-20T19:30:39,
taufactor,gpu,sor,8,n1000_b200_p080,1000,2,0.8,0.802364,802363965,iters,2,1.021698713,1.181214812,0.1350441064,50.46530173,NaN,1,,pmeal-hpc,2026-08-20T19:30:39,
taufactor,gpu,sor,8,n1000_b200_p080,1000,2,0.8,0.802364,802363965,iters,3,1.028307796,1.181214812,0.1294489494,50.65436633,NaN,1,,pmeal-hpc,2026-08-20T19:30:39,
taufactor,gpu,sor,8,n1000_b200_p080,1000,2,0.8,0.802364,802363965,iters,6,1.047070742,1.181214812,0.1135645007,51.22140187,NaN,1,,pmeal-hpc,2026-08-20T19:30:39,
taufactor,gpu,sor,8,n1000_b200_p080,1000,2,0.8,0.802364,802363965,iters,10,1.070988178,1.181214812,0.09331633216,51.97745661,NaN,1,,pmeal-hpc,2026-08-20T19:30:39,
taufactor,gpu,sor,8,n1000_b200_p080,1000,2,0.8,0.802364,802363965,iters,18,1.114483476,1.181214812,0.05649381944,53.48932933,NaN,1,,pmeal-hpc,2026-08-20T19:30:39,
taufactor,gpu,sor,8,n1000_b200_p080,1000,2,0.8,0.802364,802363965,iters,33,1.177415848,1.181214812,0.003216150173,56.32434403,NaN,1,,pmeal-hpc,2026-08-20T19:30:39,
taufactor,gpu,sor,8,n1000_b200_p080,1000,2,0.8,0.802364,802363965,iters,59,1.217121482,1.181214812,0.03039808639,61.23702691,NaN,1,,pmeal-hpc,2026-08-20T19:30:39,
taufactor,gpu,sor,8,n1000_b200_p080,1000,2,0.8,0.802364,802363965,iters,106,1.196816564,1.181214812,0.0132082255,70.20088378,NaN,1,,pmeal-hpc,2026-08-20T19:30:39,
taufactor,gpu,sor,8,n1000_b200_p080,1000,2,0.8,0.802364,802363965,iters,189,1.182683706,1.181214812,0.001243545432,85.87142057,NaN,1,,pmeal-hpc,2026-08-20T19:30:39,
taufactor,gpu,sor,8,n1000_b200_p080,1000,2,0.8,0.802364,802363965,iters,339,1.182128072,1.181214812,0.000773153008,114.3596751,NaN,1,target_reached,pmeal-hpc,2026-08-20T19:30:39,
taufactor,gpu,sor,8,n1000_b200_p095,1000,2,0.95,0.950179,950179051,iters,1,1.004102111,1.036268195,0.03104030819,49.97455584,NaN,1,,pmeal-hpc,2026-08-20T19:32:23,
taufactor,gpu,sor,8,n1000_b200_p095,1000,2,0.95,0.950179,950179051,iters,2,1.006535888,1.036268195,0.02869171072,50.16361416,NaN,1,,pmeal-hpc,2026-08-20T19:32:23,
taufactor,gpu,sor,8,n1000_b200_p095,1000,2,0.95,0.950179,950179051,iters,3,1.008463264,1.036268195,0.02683179087,50.35267923,NaN,1,,pmeal-hpc,2026-08-20T19:32:23,
taufactor,gpu,sor,8,n1000_b200_p095,1000,2,0.95,0.950179,950179051,iters,6,1.013655066,1.036268195,0.02182169502,50.91975272,NaN,1,,pmeal-hpc,2026-08-20T19:32:23,
taufactor,gpu,sor,8,n1000_b200_p095,1000,2,0.95,0.950179,950179051,iters,10,1.019682884,1.036268195,0.01600484398,51.67582749,NaN,1,,pmeal-hpc,2026-08-20T19:32:23,
taufactor,gpu,sor,8,n1000_b200_p095,1000,2,0.95,0.950179,950179051,iters,18,1.028981805,1.036268195,0.007031374877,53.18823445,NaN,1,,pmeal-hpc,2026-08-20T19:32:23,
taufactor,gpu,sor,8,n1000_b200_p095,1000,2,0.95,0.950179,950179051,iters,33,1.038898587,1.036268195,0.002538331524,56.02294524,NaN,1,,pmeal-hpc,2026-08-20T19:32:23,
taufactor,gpu,sor,8,n1000_b200_p095,1000,2,0.95,0.950179,950179051,iters,59,1.042226791,1.036268195,0.005750052362,60.93652639,NaN,1,,pmeal-hpc,2026-08-20T19:32:23,
taufactor,gpu,sor,8,n1000_b200_p095,1000,2,0.95,0.950179,950179051,iters,106,1.037583709,1.036268195,0.001269472294,69.90128366,NaN,1,,pmeal-hpc,2026-08-20T19:32:23,
taufactor,gpu,sor,8,n1000_b200_p095,1000,2,0.95,0.950179,950179051,iters,189,1.036097288,1.036268195,0.0001649253245,85.57325865,NaN,1,target_reached,pmeal-hpc,2026-08-20T19:32:23,
