tool,device,variant,cpu_threads,case_id,size,blobiness,porosity_target,porosity,nnodes,knob_name,knob,tau,tau_ref,rel_error,time_s,tau_spread,repeats,stop_reason,host,measured_at,note
tortuosity,gpu,matrixfree,16,n200_b050_p020,200,0.5,0.2,0.161462,1291692,iters,1,0.01340797353,33.93155464,0.9996048524,0.0379397471,0,3,,pmeal-hpc,2026-09-04T15:55:49,
tortuosity,gpu,matrixfree,16,n200_b050_p020,200,0.5,0.2,0.161462,1291692,iters,2,0.01769771809,33.93155464,0.9994784289,0.03894410818,0,3,,pmeal-hpc,2026-09-04T15:55:50,
tortuosity,gpu,matrixfree,16,n200_b050_p020,200,0.5,0.2,0.161462,1291692,iters,3,0.02953244067,33.93155464,0.9991296467,0.03985205805,0,3,,pmeal-hpc,2026-09-04T15:55:50,
tortuosity,gpu,matrixfree,16,n200_b050_p020,200,0.5,0.2,0.161462,1291692,iters,6,0.1690548858,33.93155464,0.9950177678,0.04256725498,0,3,,pmeal-hpc,2026-09-04T15:55:50,
tortuosity,gpu,matrixfree,16,n200_b050_p020,200,0.5,0.2,0.161462,1291692,iters,10,0.3169495684,33.93155464,0.9906591498,0.04616242205,0,3,,pmeal-hpc,2026-09-04T15:55:50,
tortuosity,gpu,matrixfree,16,n200_b050_p020,200,0.5,0.2,0.161462,1291692,iters,18,16.00264928,33.93155464,0.528384436,0.05333078606,0,3,,pmeal-hpc,2026-09-04T15:55:50,
tortuosity,gpu,matrixfree,16,n200_b050_p020,200,0.5,0.2,0.161462,1291692,iters,33,24.51536485,33.93155464,0.2775054044,0.0667452882,0,3,,pmeal-hpc,2026-09-04T15:55:50,
tortuosity,gpu,matrixfree,16,n200_b050_p020,200,0.5,0.2,0.161462,1291692,iters,59,33.84829715,33.93155464,0.002453689156,0.08982857922,0,3,,pmeal-hpc,2026-09-04T15:55:50,
tortuosity,gpu,matrixfree,16,n200_b050_p020,200,0.5,0.2,0.161462,1291692,iters,106,33.88780273,33.93155464,0.001289416506,0.1423175794,0,3,,pmeal-hpc,2026-09-04T15:55:50,
tortuosity,gpu,matrixfree,16,n200_b050_p020,200,0.5,0.2,0.161462,1291692,iters,189,33.93174677,33.93155464,5.662153006e-06,0.2434226538,0,3,target_reached,pmeal-hpc,2026-09-04T15:55:50,
tortuosity,gpu,matrixfree,16,n200_b050_p040,200,0.5,0.4,0.399036,3192287,iters,1,0.02024749975,2.920079096,0.9930661126,0.06573543721,0,3,,pmeal-hpc,2026-09-04T15:55:51,
tortuosity,gpu,matrixfree,16,n200_b050_p040,200,0.5,0.4,0.399036,3192287,iters,2,0.02554955346,2.920079096,0.9912503899,0.06936275214,0,3,,pmeal-hpc,2026-09-04T15:55:51,
tortuosity,gpu,matrixfree,16,n200_b050_p040,200,0.5,0.4,0.399036,3192287,iters,3,0.0464837976,2.920079096,0.9840813224,0.07294503832,0,3,,pmeal-hpc,2026-09-04T15:55:51,
tortuosity,gpu,matrixfree,16,n200_b050_p040,200,0.5,0.4,0.399036,3192287,iters,6,0.2535613391,2.920079096,0.9131662771,0.08456915617,0,3,,pmeal-hpc,2026-09-04T15:55:51,
tortuosity,gpu,matrixfree,16,n200_b050_p040,200,0.5,0.4,0.399036,3192287,iters,10,0.4263867445,2.920079096,0.8539810976,0.09837100934,0,3,,pmeal-hpc,2026-09-04T15:55:51,
tortuosity,gpu,matrixfree,16,n200_b050_p040,200,0.5,0.4,0.399036,3192287,iters,18,3.135925185,2.920079096,0.07391789139,0.1261301853,0,3,,pmeal-hpc,2026-09-04T15:55:51,
tortuosity,gpu,matrixfree,16,n200_b050_p040,200,0.5,0.4,0.399036,3192287,iters,33,2.901928703,2.920079096,0.00621571974,0.18493993,0,3,,pmeal-hpc,2026-09-04T15:55:51,
tortuosity,gpu,matrixfree,16,n200_b050_p040,200,0.5,0.4,0.399036,3192287,iters,59,2.920348078,2.920079096,9.211464096e-05,0.2678244051,0,3,target_reached,pmeal-hpc,2026-09-04T15:55:51,
tortuosity,gpu,matrixfree,16,n200_b050_p060,200,0.5,0.6,0.609627,4877016,iters,1,0.02208611665,1.551550164,0.9857651289,0.134131622,0,3,,pmeal-hpc,2026-09-04T15:55:53,
tortuosity,gpu,matrixfree,16,n200_b050_p060,200,0.5,0.6,0.609627,4877016,iters,2,0.02813999812,1.551550164,0.9818633011,0.1411447229,0,3,,pmeal-hpc,2026-09-04T15:55:53,
tortuosity,gpu,matrixfree,16,n200_b050_p060,200,0.5,0.6,0.609627,4877016,iters,3,0.05304719975,1.551550164,0.9658101936,0.14804028,0,3,,pmeal-hpc,2026-09-04T15:55:53,
tortuosity,gpu,matrixfree,16,n200_b050_p060,200,0.5,0.6,0.609627,4877016,iters,6,0.2691306405,1.551550164,0.8265408062,0.1679185119,0,3,,pmeal-hpc,2026-09-04T15:55:53,
tortuosity,gpu,matrixfree,16,n200_b050_p060,200,0.5,0.6,0.609627,4877016,iters,10,0.4128125882,1.551550164,0.7339353907,0.1912590589,0,3,,pmeal-hpc,2026-09-04T15:55:53,
tortuosity,gpu,matrixfree,16,n200_b050_p060,200,0.5,0.6,0.609627,4877016,iters,18,1.845375765,1.551550164,0.1893755085,0.2343527488,0,3,,pmeal-hpc,2026-09-04T15:55:53,
tortuosity,gpu,matrixfree,16,n200_b050_p060,200,0.5,0.6,0.609627,4877016,iters,33,1.548875524,1.551550164,0.001723850387,0.3070425231,0,3,,pmeal-hpc,2026-09-04T15:55:53,
tortuosity,gpu,matrixfree,16,n200_b050_p060,200,0.5,0.6,0.609627,4877016,iters,59,1.551571754,1.551550164,1.391508941e-05,0.4448843161,0,3,target_reached,pmeal-hpc,2026-09-04T15:55:53,
tortuosity,gpu,matrixfree,16,n200_b050_p080,200,0.5,0.8,0.81175,6494003,iters,1,0.02244623236,1.170581237,0.980824712,0.06306286808,0,3,,pmeal-hpc,2026-09-04T15:55:55,
tortuosity,gpu,matrixfree,16,n200_b050_p080,200,0.5,0.8,0.81175,6494003,iters,2,0.02702847275,1.170581237,0.9769102119,0.066983714,0,3,,pmeal-hpc,2026-09-04T15:55:55,
tortuosity,gpu,matrixfree,16,n200_b050_p080,200,0.5,0.8,0.81175,6494003,iters,3,0.03544085246,1.170581237,0.9697237139,0.07211390906,0,3,,pmeal-hpc,2026-09-04T15:55:55,
tortuosity,gpu,matrixfree,16,n200_b050_p080,200,0.5,0.8,0.81175,6494003,iters,6,0.2075494066,1.170581237,0.8226954268,0.08400462708,0,3,,pmeal-hpc,2026-09-04T15:55:55,
tortuosity,gpu,matrixfree,16,n200_b050_p080,200,0.5,0.8,0.81175,6494003,iters,10,0.2777240603,1.170581237,0.7627468718,0.1042328202,0,3,,pmeal-hpc,2026-09-04T15:55:55,
tortuosity,gpu,matrixfree,16,n200_b050_p080,200,0.5,0.8,0.81175,6494003,iters,18,1.604985065,1.170581237,0.371100966,0.1369339011,0,3,,pmeal-hpc,2026-09-04T15:55:55,
tortuosity,gpu,matrixfree,16,n200_b050_p080,200,0.5,0.8,0.81175,6494003,iters,33,1.155831371,1.170581237,0.01260046377,0.1860767391,0,3,,pmeal-hpc,2026-09-04T15:55:55,
tortuosity,gpu,matrixfree,16,n200_b050_p080,200,0.5,0.8,0.81175,6494003,iters,59,1.170198871,1.170581237,0.0003266458715,0.2687851349,0,3,target_reached,pmeal-hpc,2026-09-04T15:55:55,
tortuosity,gpu,matrixfree,16,n200_b050_p095,200,0.5,0.95,0.948977,7591813,iters,1,0.02239862829,1.035044249,0.9783597384,0.07008489501,0,3,,pmeal-hpc,2026-09-04T15:55:57,
tortuosity,gpu,matrixfree,16,n200_b050_p095,200,0.5,0.95,0.948977,7591813,iters,2,0.02705118076,1.035044249,0.9738647108,0.07444422599,0,3,,pmeal-hpc,2026-09-04T15:55:57,
tortuosity,gpu,matrixfree,16,n200_b050_p095,200,0.5,0.95,0.948977,7591813,iters,3,0.03805876775,1.035044249,0.9632298157,0.07994588581,0,3,,pmeal-hpc,2026-09-04T15:55:57,
tortuosity,gpu,matrixfree,16,n200_b050_p095,200,0.5,0.95,0.948977,7591813,iters,6,0.2143399352,1.035044249,0.7929171285,0.09395408584,0,3,,pmeal-hpc,2026-09-04T15:55:57,
tortuosity,gpu,matrixfree,16,n200_b050_p095,200,0.5,0.95,0.948977,7591813,iters,10,0.2707838107,1.035044249,0.7383843145,0.1122103848,0,3,,pmeal-hpc,2026-09-04T15:55:57,
tortuosity,gpu,matrixfree,16,n200_b050_p095,200,0.5,0.95,0.948977,7591813,iters,18,1.447808422,1.035044249,0.3987889149,0.1489153039,0,3,,pmeal-hpc,2026-09-04T15:55:57,
tortuosity,gpu,matrixfree,16,n200_b050_p095,200,0.5,0.95,0.948977,7591813,iters,33,1.02075595,1.035044249,0.01380452918,0.197578093,0,3,,pmeal-hpc,2026-09-04T15:55:57,
tortuosity,gpu,matrixfree,16,n200_b050_p095,200,0.5,0.95,0.948977,7591813,iters,59,1.03502989,1.035044249,1.387294276e-05,0.2870900689,0,3,target_reached,pmeal-hpc,2026-09-04T15:55:57,
tortuosity,gpu,matrixfree,16,n200_b100_p020,200,1,0.2,0.171209,1369672,iters,1,0.01820014321,13.93255227,0.9986936964,0.02678351593,0,3,,pmeal-hpc,2026-09-04T15:55:58,
tortuosity,gpu,matrixfree,16,n200_b100_p020,200,1,0.2,0.171209,1369672,iters,2,0.02420039545,13.93255227,0.9982630321,0.02776570199,0,3,,pmeal-hpc,2026-09-04T15:55:58,
tortuosity,gpu,matrixfree,16,n200_b100_p020,200,1,0.2,0.171209,1369672,iters,3,0.03822876581,13.93255227,0.9972561549,0.028736284,0,3,,pmeal-hpc,2026-09-04T15:55:58,
tortuosity,gpu,matrixfree,16,n200_b100_p020,200,1,0.2,0.171209,1369672,iters,6,0.2471167415,13.93255227,0.9822633544,0.03153760801,0,3,,pmeal-hpc,2026-09-04T15:55:58,
tortuosity,gpu,matrixfree,16,n200_b100_p020,200,1,0.2,0.171209,1369672,iters,10,0.4542843074,13.93255227,0.9673940353,0.03523817309,0,3,,pmeal-hpc,2026-09-04T15:55:58,
tortuosity,gpu,matrixfree,16,n200_b100_p020,200,1,0.2,0.171209,1369672,iters,18,4.46964978,13.93255227,0.6791937548,0.04300197214,0,3,,pmeal-hpc,2026-09-04T15:55:58,
tortuosity,gpu,matrixfree,16,n200_b100_p020,200,1,0.2,0.171209,1369672,iters,33,11.20766915,13.93255227,0.1955767377,0.0585871588,0,3,,pmeal-hpc,2026-09-04T15:55:58,
tortuosity,gpu,matrixfree,16,n200_b100_p020,200,1,0.2,0.171209,1369672,iters,59,13.58630867,13.93255227,0.02485141204,0.08250417677,0,3,,pmeal-hpc,2026-09-04T15:55:58,
tortuosity,gpu,matrixfree,16,n200_b100_p020,200,1,0.2,0.171209,1369672,iters,106,13.94211007,13.93255227,0.0006860049122,0.1275307632,0,3,target_reached,pmeal-hpc,2026-09-04T15:55:58,
tortuosity,gpu,matrixfree,16,n200_b100_p040,200,1,0.4,0.399225,3193802,iters,1,0.02006939973,2.644709479,0.9924114917,0.1019087532,0,3,,pmeal-hpc,2026-09-04T15:55:59,
tortuosity,gpu,matrixfree,16,n200_b100_p040,200,1,0.4,0.399225,3193802,iters,2,0.02583520084,2.644709479,0.9902313653,0.1078231393,0,3,,pmeal-hpc,2026-09-04T15:55:59,
tortuosity,gpu,matrixfree,16,n200_b100_p040,200,1,0.4,0.399225,3193802,iters,3,0.04439029497,2.644709479,0.9832154362,0.1134320882,0,3,,pmeal-hpc,2026-09-04T15:55:59,
tortuosity,gpu,matrixfree,16,n200_b100_p040,200,1,0.4,0.399225,3193802,iters,6,0.2592991641,2.644709479,0.9019555206,0.1283413633,0,3,,pmeal-hpc,2026-09-04T15:55:59,
tortuosity,gpu,matrixfree,16,n200_b100_p040,200,1,0.4,0.399225,3193802,iters,10,0.4317941606,2.644709479,0.836732857,0.1460782662,0,3,,pmeal-hpc,2026-09-04T15:55:59,
tortuosity,gpu,matrixfree,16,n200_b100_p040,200,1,0.4,0.399225,3193802,iters,18,2.305515207,2.644709479,0.1282538877,0.1849920952,0,3,,pmeal-hpc,2026-09-04T15:55:59,
tortuosity,gpu,matrixfree,16,n200_b100_p040,200,1,0.4,0.399225,3193802,iters,33,2.644811889,2.644709479,3.872274667e-05,0.2499649874,0,3,target_reached,pmeal-hpc,2026-09-04T15:55:59,
tortuosity,gpu,matrixfree,16,n200_b100_p060,200,1,0.6,0.603465,4827722,iters,1,0.02209721397,1.571435764,0.9859382009,0.05507827201,0,3,,pmeal-hpc,2026-09-04T15:56:00,
tortuosity,gpu,matrixfree,16,n200_b100_p060,200,1,0.6,0.603465,4827722,iters,2,0.02651711902,1.571435764,0.9831255469,0.05968034314,0,3,,pmeal-hpc,2026-09-04T15:56:00,
tortuosity,gpu,matrixfree,16,n200_b100_p060,200,1,0.6,0.603465,4827722,iters,3,0.03283095569,1.571435764,0.9791076693,0.06580272713,0,3,,pmeal-hpc,2026-09-04T15:56:00,
tortuosity,gpu,matrixfree,16,n200_b100_p060,200,1,0.6,0.603465,4827722,iters,6,0.185552097,1.571435764,0.8819219333,0.07830287423,0,3,,pmeal-hpc,2026-09-04T15:56:00,
tortuosity,gpu,matrixfree,16,n200_b100_p060,200,1,0.6,0.603465,4827722,iters,10,0.3011006036,1.571435764,0.808391402,0.09570317133,0,3,,pmeal-hpc,2026-09-04T15:56:00,
tortuosity,gpu,matrixfree,16,n200_b100_p060,200,1,0.6,0.603465,4827722,iters,18,1.800910846,1.571435764,0.1460289292,0.1231979593,0,3,,pmeal-hpc,2026-09-04T15:56:00,
tortuosity,gpu,matrixfree,16,n200_b100_p060,200,1,0.6,0.603465,4827722,iters,33,1.560687239,1.571435764,0.006839939029,0.1710049072,0,3,,pmeal-hpc,2026-09-04T15:56:00,
tortuosity,gpu,matrixfree,16,n200_b100_p060,200,1,0.6,0.603465,4827722,iters,59,1.570619971,1.571435764,0.0005191385456,0.2507034603,0,3,target_reached,pmeal-hpc,2026-09-04T15:56:00,
tortuosity,gpu,matrixfree,16,n200_b100_p080,200,1,0.8,0.80445,6435598,iters,1,0.02289276778,1.193638864,0.9808210268,0.05399108492,0,3,,pmeal-hpc,2026-09-04T15:56:02,
tortuosity,gpu,matrixfree,16,n200_b100_p080,200,1,0.8,0.80445,6435598,iters,2,0.02748815671,1.193638864,0.9769711279,0.05757402792,0,3,,pmeal-hpc,2026-09-04T15:56:02,
tortuosity,gpu,matrixfree,16,n200_b100_p080,200,1,0.8,0.80445,6435598,iters,3,0.03431689176,1.193638864,0.971250189,0.06226581684,0,3,,pmeal-hpc,2026-09-04T15:56:02,
tortuosity,gpu,matrixfree,16,n200_b100_p080,200,1,0.8,0.80445,6435598,iters,6,0.1998761449,1.193638864,0.8325488965,0.07919095689,0,3,,pmeal-hpc,2026-09-04T15:56:02,
tortuosity,gpu,matrixfree,16,n200_b100_p080,200,1,0.8,0.80445,6435598,iters,10,0.2872262513,1.193638864,0.7593692197,0.09569511865,0,3,,pmeal-hpc,2026-09-04T15:56:02,
tortuosity,gpu,matrixfree,16,n200_b100_p080,200,1,0.8,0.80445,6435598,iters,18,1.436106378,1.193638864,0.2031330595,0.12992101,0,3,,pmeal-hpc,2026-09-04T15:56:02,
tortuosity,gpu,matrixfree,16,n200_b100_p080,200,1,0.8,0.80445,6435598,iters,33,1.180700326,1.193638864,0.0108395747,0.1763738736,0,3,,pmeal-hpc,2026-09-04T15:56:02,
tortuosity,gpu,matrixfree,16,n200_b100_p080,200,1,0.8,0.80445,6435598,iters,59,1.191450292,1.193638864,0.00183352939,0.2555159857,0,3,,pmeal-hpc,2026-09-04T15:56:02,
tortuosity,gpu,matrixfree,16,n200_b100_p080,200,1,0.8,0.80445,6435598,iters,106,1.193652089,1.193638864,1.107950385e-05,0.3999760405,0,3,target_reached,pmeal-hpc,2026-09-04T15:56:02,
tortuosity,gpu,matrixfree,16,n200_b100_p095,200,1,0.95,0.949833,7598661,iters,1,0.02229372846,1.040405134,0.9785720699,0.072905774,0,3,,pmeal-hpc,2026-09-04T15:56:04,
tortuosity,gpu,matrixfree,16,n200_b100_p095,200,1,0.95,0.949833,7598661,iters,2,0.0268439138,1.040405134,0.9741985954,0.07641150104,0,3,,pmeal-hpc,2026-09-04T15:56:04,
tortuosity,gpu,matrixfree,16,n200_b100_p095,200,1,0.95,0.949833,7598661,iters,3,0.03571721286,1.040405134,0.9656698995,0.07964269095,0,3,,pmeal-hpc,2026-09-04T15:56:04,
tortuosity,gpu,matrixfree,16,n200_b100_p095,200,1,0.95,0.949833,7598661,iters,6,0.2077416402,1.040405134,0.8003262062,0.09324123175,0,3,,pmeal-hpc,2026-09-04T15:56:04,
tortuosity,gpu,matrixfree,16,n200_b100_p095,200,1,0.95,0.949833,7598661,iters,10,0.2698119511,1.040405134,0.7406664556,0.1126546187,0,3,,pmeal-hpc,2026-09-04T15:56:04,
tortuosity,gpu,matrixfree,16,n200_b100_p095,200,1,0.95,0.949833,7598661,iters,18,1.383961854,1.040405134,0.3302143643,0.1401215997,0,3,,pmeal-hpc,2026-09-04T15:56:04,
tortuosity,gpu,matrixfree,16,n200_b100_p095,200,1,0.95,0.949833,7598661,iters,33,1.027336205,1.040405134,0.01256138485,0.1896124207,0,3,,pmeal-hpc,2026-09-04T15:56:04,
tortuosity,gpu,matrixfree,16,n200_b100_p095,200,1,0.95,0.949833,7598661,iters,59,1.040354111,1.040405134,4.904119451e-05,0.2736124236,0,3,target_reached,pmeal-hpc,2026-09-04T15:56:04,
tortuosity,gpu,matrixfree,16,n200_b200_p020,200,2,0.2,0.187312,1498500,iters,1,0.0201448222,13.5328383,0.9985114119,0.06857801601,0,3,,pmeal-hpc,2026-09-04T15:56:07,
tortuosity,gpu,matrixfree,16,n200_b200_p020,200,2,0.2,0.187312,1498500,iters,2,0.026342424,13.5328383,0.9980534443,0.07218806702,0,3,,pmeal-hpc,2026-09-04T15:56:07,
tortuosity,gpu,matrixfree,16,n200_b200_p020,200,2,0.2,0.187312,1498500,iters,3,0.04100793752,13.5328383,0.996969746,0.07577327918,0,3,,pmeal-hpc,2026-09-04T15:56:07,
tortuosity,gpu,matrixfree,16,n200_b200_p020,200,2,0.2,0.187312,1498500,iters,6,0.295561731,13.5328383,0.9781596643,0.08729608613,0,3,,pmeal-hpc,2026-09-04T15:56:07,
tortuosity,gpu,matrixfree,16,n200_b200_p020,200,2,0.2,0.187312,1498500,iters,10,0.6389594154,13.5328383,0.952784523,0.1022838773,0,3,,pmeal-hpc,2026-09-04T15:56:07,
tortuosity,gpu,matrixfree,16,n200_b200_p020,200,2,0.2,0.187312,1498500,iters,18,3.293033782,13.5328383,0.7566634797,0.1323894081,0,3,,pmeal-hpc,2026-09-04T15:56:07,
tortuosity,gpu,matrixfree,16,n200_b200_p020,200,2,0.2,0.187312,1498500,iters,33,8.210985507,13.5328383,0.393254739,0.1868424162,0,3,,pmeal-hpc,2026-09-04T15:56:07,
tortuosity,gpu,matrixfree,16,n200_b200_p020,200,2,0.2,0.187312,1498500,iters,59,11.99657418,13.5328383,0.1135212054,0.2754303,0,3,,pmeal-hpc,2026-09-04T15:56:07,
tortuosity,gpu,matrixfree,16,n200_b200_p020,200,2,0.2,0.187312,1498500,iters,106,13.55310999,13.5328383,0.001497962767,0.4172582498,0,3,,pmeal-hpc,2026-09-04T15:56:07,
tortuosity,gpu,matrixfree,16,n200_b200_p020,200,2,0.2,0.187312,1498500,iters,189,13.53440597,13.5328383,0.0001158421411,0.6915921932,0,3,target_reached,pmeal-hpc,2026-09-04T15:56:07,
tortuosity,gpu,matrixfree,16,n200_b200_p040,200,2,0.4,0.398236,3185884,iters,1,0.02116647337,2.755382291,0.9923181355,0.05859819404,0,3,,pmeal-hpc,2026-09-04T15:56:08,
tortuosity,gpu,matrixfree,16,n200_b200_p040,200,2,0.4,0.398236,3185884,iters,2,0.0253878789,2.755382291,0.9907860775,0.06289890013,0,3,,pmeal-hpc,2026-09-04T15:56:08,
tortuosity,gpu,matrixfree,16,n200_b200_p040,200,2,0.4,0.398236,3185884,iters,3,0.03157498027,2.755382291,0.9885406173,0.06576416129,0,3,,pmeal-hpc,2026-09-04T15:56:08,
tortuosity,gpu,matrixfree,16,n200_b200_p040,200,2,0.4,0.398236,3185884,iters,6,0.1693641345,2.755382291,0.9385333443,0.07670428837,0,3,,pmeal-hpc,2026-09-04T15:56:08,
tortuosity,gpu,matrixfree,16,n200_b200_p040,200,2,0.4,0.398236,3185884,iters,10,0.3743180094,2.755382291,0.8641502449,0.09051052947,0,3,,pmeal-hpc,2026-09-04T15:56:08,
tortuosity,gpu,matrixfree,16,n200_b200_p040,200,2,0.4,0.398236,3185884,iters,18,1.748604346,2.755382291,0.3653859386,0.1203588685,0,3,,pmeal-hpc,2026-09-04T15:56:08,
tortuosity,gpu,matrixfree,16,n200_b200_p040,200,2,0.4,0.398236,3185884,iters,33,2.623961516,2.755382291,0.04769602215,0.1687249877,0,3,,pmeal-hpc,2026-09-04T15:56:08,
tortuosity,gpu,matrixfree,16,n200_b200_p040,200,2,0.4,0.398236,3185884,iters,59,2.754119128,2.755382291,0.0004584348392,0.2421937487,0,3,target_reached,pmeal-hpc,2026-09-04T15:56:08,
tortuosity,gpu,matrixfree,16,n200_b200_p060,200,2,0.6,0.600363,4802905,iters,1,0.02281424956,1.645395218,0.9861344865,0.06203733291,0,3,,pmeal-hpc,2026-09-04T15:56:09,
tortuosity,gpu,matrixfree,16,n200_b200_p060,200,2,0.6,0.600363,4802905,iters,2,0.02739684569,1.645395218,0.9833493829,0.06562760472,0,3,,pmeal-hpc,2026-09-04T15:56:09,
tortuosity,gpu,matrixfree,16,n200_b200_p060,200,2,0.6,0.600363,4802905,iters,3,0.0333255214,1.645395218,0.9797461904,0.06970943185,0,3,,pmeal-hpc,2026-09-04T15:56:09,
tortuosity,gpu,matrixfree,16,n200_b200_p060,200,2,0.6,0.600363,4802905,iters,6,0.1823304605,1.645395218,0.8891874374,0.08304377482,0,3,,pmeal-hpc,2026-09-04T15:56:09,
tortuosity,gpu,matrixfree,16,n200_b200_p060,200,2,0.6,0.600363,4802905,iters,10,0.3400621022,1.645395218,0.7933249724,0.09683582583,0,3,,pmeal-hpc,2026-09-04T15:56:09,
tortuosity,gpu,matrixfree,16,n200_b200_p060,200,2,0.6,0.600363,4802905,iters,18,1.360661761,1.645395218,0.1730486717,0.1318112409,0,3,,pmeal-hpc,2026-09-04T15:56:09,
tortuosity,gpu,matrixfree,16,n200_b200_p060,200,2,0.6,0.600363,4802905,iters,33,1.623590371,1.645395218,0.01325204219,0.1774273529,0,3,,pmeal-hpc,2026-09-04T15:56:09,
tortuosity,gpu,matrixfree,16,n200_b200_p060,200,2,0.6,0.600363,4802905,iters,59,1.645266492,1.645395218,7.823396441e-05,0.2585440169,0,3,target_reached,pmeal-hpc,2026-09-04T15:56:09,
tortuosity,gpu,matrixfree,16,n200_b200_p080,200,2,0.8,0.800969,6407751,iters,1,0.02310553414,1.226770933,0.9811655677,0.0588924191,0,3,,pmeal-hpc,2026-09-04T15:56:11,
tortuosity,gpu,matrixfree,16,n200_b200_p080,200,2,0.8,0.800969,6407751,iters,2,0.02769529397,1.226770933,0.9774242336,0.06453837012,0,3,,pmeal-hpc,2026-09-04T15:56:11,
tortuosity,gpu,matrixfree,16,n200_b200_p080,200,2,0.8,0.800969,6407751,iters,3,0.03394688146,1.226770933,0.9723282639,0.0679738652,0,3,,pmeal-hpc,2026-09-04T15:56:11,
tortuosity,gpu,matrixfree,16,n200_b200_p080,200,2,0.8,0.800969,6407751,iters,6,0.1942714,1.226770933,0.8416400367,0.08509976789,0,3,,pmeal-hpc,2026-09-04T15:56:11,
tortuosity,gpu,matrixfree,16,n200_b200_p080,200,2,0.8,0.800969,6407751,iters,10,0.3024220137,1.226770933,0.7534812689,0.1007505129,0,3,,pmeal-hpc,2026-09-04T15:56:11,
tortuosity,gpu,matrixfree,16,n200_b200_p080,200,2,0.8,0.800969,6407751,iters,18,1.237900289,1.226770933,0.009072073442,0.1328824619,0,3,,pmeal-hpc,2026-09-04T15:56:11,
tortuosity,gpu,matrixfree,16,n200_b200_p080,200,2,0.8,0.800969,6407751,iters,33,1.212204854,1.226770933,0.01187351182,0.182865463,0,3,,pmeal-hpc,2026-09-04T15:56:11,
tortuosity,gpu,matrixfree,16,n200_b200_p080,200,2,0.8,0.800969,6407751,iters,59,1.226808665,1.226770933,3.075709454e-05,0.270314612,0,3,target_reached,pmeal-hpc,2026-09-04T15:56:11,
tortuosity,gpu,matrixfree,16,n200_b200_p095,200,2,0.95,0.950886,7607091,iters,1,0.0223278532,1.045952896,0.9786530987,0.06539556198,0,3,,pmeal-hpc,2026-09-04T15:56:12,
tortuosity,gpu,matrixfree,16,n200_b200_p095,200,2,0.95,0.950886,7607091,iters,2,0.02681663873,1.045952896,0.9743615235,0.07087043789,0,3,,pmeal-hpc,2026-09-04T15:56:12,
tortuosity,gpu,matrixfree,16,n200_b200_p095,200,2,0.95,0.950886,7607091,iters,3,0.03456825904,1.045952896,0.9669504629,0.08052436891,0,3,,pmeal-hpc,2026-09-04T15:56:12,
tortuosity,gpu,matrixfree,16,n200_b200_p095,200,2,0.95,0.950886,7607091,iters,6,0.2047513092,1.045952896,0.8042442351,0.09304129705,0,3,,pmeal-hpc,2026-09-04T15:56:12,
tortuosity,gpu,matrixfree,16,n200_b200_p095,200,2,0.95,0.950886,7607091,iters,10,0.2725333917,1.045952896,0.7394400907,0.1093273619,0,3,,pmeal-hpc,2026-09-04T15:56:12,
tortuosity,gpu,matrixfree,16,n200_b200_p095,200,2,0.95,0.950886,7607091,iters,18,1.302746574,1.045952896,0.2455117041,0.1431498991,0,3,,pmeal-hpc,2026-09-04T15:56:12,
tortuosity,gpu,matrixfree,16,n200_b200_p095,200,2,0.95,0.950886,7607091,iters,33,1.032548747,1.045952896,0.01281525142,0.1926530851,0,3,,pmeal-hpc,2026-09-04T15:56:12,
tortuosity,gpu,matrixfree,16,n200_b200_p095,200,2,0.95,0.950886,7607091,iters,59,1.045894818,1.045952896,5.552632388e-05,0.2840372189,0,3,target_reached,pmeal-hpc,2026-09-04T15:56:12,
tortuosity,gpu,matrixfree,16,n400_b050_p020,400,0.5,0.2,0.168664,10794487,iters,1,0.007921374069,9.103906374,0.9991298928,0.1862755551,0,3,,pmeal-hpc,2026-09-04T15:56:18,
tortuosity,gpu,matrixfree,16,n400_b050_p020,400,0.5,0.2,0.168664,10794487,iters,2,0.009554814029,9.103906374,0.998950471,0.1913524582,0,3,,pmeal-hpc,2026-09-04T15:56:18,
tortuosity,gpu,matrixfree,16,n400_b050_p020,400,0.5,0.2,0.168664,10794487,iters,3,0.01262100548,9.103906374,0.9986136714,0.1967405782,0,3,,pmeal-hpc,2026-09-04T15:56:18,
tortuosity,gpu,matrixfree,16,n400_b050_p020,400,0.5,0.2,0.168664,10794487,iters,6,0.08206773655,9.103906374,0.9909854371,0.2148664549,0,3,,pmeal-hpc,2026-09-04T15:56:18,
tortuosity,gpu,matrixfree,16,n400_b050_p020,400,0.5,0.2,0.168664,10794487,iters,10,0.1314792579,9.103906374,0.9855579295,0.240521796,0,3,,pmeal-hpc,2026-09-04T15:56:18,
tortuosity,gpu,matrixfree,16,n400_b050_p020,400,0.5,0.2,0.168664,10794487,iters,18,-2.137233517,9.103906374,1.23476005,0.2861321571,-0,3,,pmeal-hpc,2026-09-04T15:56:18,
tortuosity,gpu,matrixfree,16,n400_b050_p020,400,0.5,0.2,0.168664,10794487,iters,33,7.66018262,9.103906374,0.1585828868,0.3731875001,0,3,,pmeal-hpc,2026-09-04T15:56:18,
tortuosity,gpu,matrixfree,16,n400_b050_p020,400,0.5,0.2,0.168664,10794487,iters,59,9.057878131,9.103906374,0.005055878329,0.5097229071,0,3,,pmeal-hpc,2026-09-04T15:56:18,
tortuosity,gpu,matrixfree,16,n400_b050_p020,400,0.5,0.2,0.168664,10794487,iters,106,9.10264973,9.103906374,0.0001380334913,0.7697065582,0,3,target_reached,pmeal-hpc,2026-09-04T15:56:18,
tortuosity,gpu,matrixfree,16,n400_b050_p040,400,0.5,0.4,0.391726,25070495,iters,1,0.008441466158,2.60655752,0.9967614503,0.381518177,0,3,,pmeal-hpc,2026-09-04T15:56:25,
tortuosity,gpu,matrixfree,16,n400_b050_p040,400,0.5,0.4,0.391726,25070495,iters,2,0.0101805796,2.60655752,0.9960942433,0.3942069339,0,3,,pmeal-hpc,2026-09-04T15:56:25,
tortuosity,gpu,matrixfree,16,n400_b050_p040,400,0.5,0.4,0.391726,25070495,iters,3,0.01378566837,2.60655752,0.994711159,0.4076723009,0,3,,pmeal-hpc,2026-09-04T15:56:25,
tortuosity,gpu,matrixfree,16,n400_b050_p040,400,0.5,0.4,0.391726,25070495,iters,6,0.08687831654,2.60655752,0.9666693269,0.449447202,0,3,,pmeal-hpc,2026-09-04T15:56:25,
tortuosity,gpu,matrixfree,16,n400_b050_p040,400,0.5,0.4,0.391726,25070495,iters,10,0.1328978597,2.60655752,0.9490140315,0.5075526992,0,3,,pmeal-hpc,2026-09-04T15:56:25,
tortuosity,gpu,matrixfree,16,n400_b050_p040,400,0.5,0.4,0.391726,25070495,iters,18,-4.29914007,2.60655752,2.649355534,0.6216524274,-0,3,,pmeal-hpc,2026-09-04T15:56:25,
tortuosity,gpu,matrixfree,16,n400_b050_p040,400,0.5,0.4,0.391726,25070495,iters,33,2.483697331,2.60655752,0.04713503835,0.8249731653,0,3,,pmeal-hpc,2026-09-04T15:56:25,
tortuosity,gpu,matrixfree,16,n400_b050_p040,400,0.5,0.4,0.391726,25070495,iters,59,2.603575174,2.60655752,0.001144170239,1.170538168,0,3,,pmeal-hpc,2026-09-04T15:56:25,
tortuosity,gpu,matrixfree,16,n400_b050_p040,400,0.5,0.4,0.391726,25070495,iters,106,2.6068215,2.60655752,0.0001012752867,1.832469299,0,3,target_reached,pmeal-hpc,2026-09-04T15:56:25,
tortuosity,gpu,matrixfree,16,n400_b050_p060,400,0.5,0.6,0.60417,38666899,iters,1,0.009621788227,1.563851568,0.9938473776,0.5144809862,0,3,,pmeal-hpc,2026-09-04T15:56:31,
tortuosity,gpu,matrixfree,16,n400_b050_p060,400,0.5,0.6,0.60417,38666899,iters,2,0.01161440027,1.563851568,0.992573208,0.5356790193,0,3,,pmeal-hpc,2026-09-04T15:56:31,
tortuosity,gpu,matrixfree,16,n400_b050_p060,400,0.5,0.6,0.60417,38666899,iters,3,0.0159569255,1.563851568,0.9897963938,0.5565279874,0,3,,pmeal-hpc,2026-09-04T15:56:31,
tortuosity,gpu,matrixfree,16,n400_b050_p060,400,0.5,0.6,0.60417,38666899,iters,6,0.09775573771,1.563851568,0.9374903989,0.6168576523,0,3,,pmeal-hpc,2026-09-04T15:56:31,
tortuosity,gpu,matrixfree,16,n400_b050_p060,400,0.5,0.6,0.60417,38666899,iters,10,0.1437498379,1.563851568,0.9080796152,0.7012514162,0,3,,pmeal-hpc,2026-09-04T15:56:31,
tortuosity,gpu,matrixfree,16,n400_b050_p060,400,0.5,0.6,0.60417,38666899,iters,18,11.59587486,1.563851568,6.414945958,0.8792627172,0,3,,pmeal-hpc,2026-09-04T15:56:31,
tortuosity,gpu,matrixfree,16,n400_b050_p060,400,0.5,0.6,0.60417,38666899,iters,33,1.50836486,1.563851568,0.03548080229,1.191469331,0,3,,pmeal-hpc,2026-09-04T15:56:31,
tortuosity,gpu,matrixfree,16,n400_b050_p060,400,0.5,0.6,0.60417,38666899,iters,59,1.563205108,1.563851568,0.000413376824,1.742970572,0,3,target_reached,pmeal-hpc,2026-09-04T15:56:31,
tortuosity,gpu,matrixfree,16,n400_b050_p080,400,0.5,0.8,0.809146,51785369,iters,1,0.01024127043,1.177273609,0.9913008579,0.5302923592,0,3,,pmeal-hpc,2026-09-04T15:56:38,
tortuosity,gpu,matrixfree,16,n400_b050_p080,400,0.5,0.8,0.809146,51785369,iters,2,0.01255238848,1.177273609,0.9893377475,0.5505317121,0,3,,pmeal-hpc,2026-09-04T15:56:38,
tortuosity,gpu,matrixfree,16,n400_b050_p080,400,0.5,0.8,0.809146,51785369,iters,3,0.01629076814,1.177273609,0.9861622922,0.5729943281,0,3,,pmeal-hpc,2026-09-04T15:56:38,
tortuosity,gpu,matrixfree,16,n400_b050_p080,400,0.5,0.8,0.809146,51785369,iters,6,0.08694680055,1.177273609,0.9261456301,0.6342511452,0,3,,pmeal-hpc,2026-09-04T15:56:38,
tortuosity,gpu,matrixfree,16,n400_b050_p080,400,0.5,0.8,0.809146,51785369,iters,10,0.1216526036,1.177273609,0.8966658195,0.7181387772,0,3,,pmeal-hpc,2026-09-04T15:56:38,
tortuosity,gpu,matrixfree,16,n400_b050_p080,400,0.5,0.8,0.809146,51785369,iters,18,-1.54235443,1.177273609,2.310107029,0.8807771571,-0,3,,pmeal-hpc,2026-09-04T15:56:38,
tortuosity,gpu,matrixfree,16,n400_b050_p080,400,0.5,0.8,0.809146,51785369,iters,33,1.101268801,1.177273609,0.06456002051,1.189759956,0,3,,pmeal-hpc,2026-09-04T15:56:38,
tortuosity,gpu,matrixfree,16,n400_b050_p080,400,0.5,0.8,0.809146,51785369,iters,59,1.176972858,1.177273609,0.0002554643174,1.724294164,0,3,target_reached,pmeal-hpc,2026-09-04T15:56:38,
tortuosity,gpu,matrixfree,16,n400_b050_p095,400,0.5,0.95,0.949928,60795412,iters,1,0.01026697683,1.038538585,0.990114015,0.581189632,0,3,,pmeal-hpc,2026-09-04T15:56:45,
tortuosity,gpu,matrixfree,16,n400_b050_p095,400,0.5,0.95,0.949928,60795412,iters,2,0.01259831069,1.038538585,0.9878691934,0.605266619,0,3,,pmeal-hpc,2026-09-04T15:56:45,
tortuosity,gpu,matrixfree,16,n400_b050_p095,400,0.5,0.95,0.949928,60795412,iters,3,0.01686900495,1.038538585,0.9837569781,0.627985284,0,3,,pmeal-hpc,2026-09-04T15:56:45,
tortuosity,gpu,matrixfree,16,n400_b050_p095,400,0.5,0.95,0.949928,60795412,iters,6,0.08819604583,1.038538585,0.9150767751,0.696928211,0,3,,pmeal-hpc,2026-09-04T15:56:45,
tortuosity,gpu,matrixfree,16,n400_b050_p095,400,0.5,0.95,0.949928,60795412,iters,10,0.1213261044,1.038538585,0.8831761225,0.787742574,0,3,,pmeal-hpc,2026-09-04T15:56:45,
tortuosity,gpu,matrixfree,16,n400_b050_p095,400,0.5,0.95,0.949928,60795412,iters,18,-1.977743983,1.038538585,2.904352916,0.9724747511,-0,3,,pmeal-hpc,2026-09-04T15:56:45,
tortuosity,gpu,matrixfree,16,n400_b050_p095,400,0.5,0.95,0.949928,60795412,iters,33,0.9719974752,1.038538585,0.06407187053,1.319922867,0,3,,pmeal-hpc,2026-09-04T15:56:45,
tortuosity,gpu,matrixfree,16,n400_b050_p095,400,0.5,0.95,0.949928,60795412,iters,59,1.038497374,1.038538585,3.968173109e-05,1.918238079,0,3,target_reached,pmeal-hpc,2026-09-04T15:56:45,
tortuosity,gpu,matrixfree,16,n400_b100_p020,400,1,0.2,0.183379,11736271,iters,1,0.008280757853,10.24145804,0.9991914474,0.2348765701,0,3,,pmeal-hpc,2026-09-04T15:56:50,
tortuosity,gpu,matrixfree,16,n400_b100_p020,400,1,0.2,0.183379,11736271,iters,2,0.009907771867,10.24145804,0.9990325819,0.2417158801,0,3,,pmeal-hpc,2026-09-04T15:56:50,
tortuosity,gpu,matrixfree,16,n400_b100_p020,400,1,0.2,0.183379,11736271,iters,3,0.01281570727,10.24145804,0.9987486443,0.2487141159,0,3,,pmeal-hpc,2026-09-04T15:56:50,
tortuosity,gpu,matrixfree,16,n400_b100_p020,400,1,0.2,0.183379,11736271,iters,6,0.08249028634,10.24145804,0.9919454548,0.2704161848,0,3,,pmeal-hpc,2026-09-04T15:56:50,
tortuosity,gpu,matrixfree,16,n400_b100_p020,400,1,0.2,0.183379,11736271,iters,10,0.1382598873,10.24145804,0.9864999801,0.2998816557,0,3,,pmeal-hpc,2026-09-04T15:56:50,
tortuosity,gpu,matrixfree,16,n400_b100_p020,400,1,0.2,0.183379,11736271,iters,18,-3.748238756,10.24145804,1.365986829,0.3592236547,-0,3,,pmeal-hpc,2026-09-04T15:56:50,
tortuosity,gpu,matrixfree,16,n400_b100_p020,400,1,0.2,0.183379,11736271,iters,33,8.559994296,10.24145804,0.1641820664,0.4714678789,0,3,,pmeal-hpc,2026-09-04T15:56:50,
tortuosity,gpu,matrixfree,16,n400_b100_p020,400,1,0.2,0.183379,11736271,iters,59,10.26714832,10.24145804,0.002508459169,0.6593225037,0,3,,pmeal-hpc,2026-09-04T15:56:50,
tortuosity,gpu,matrixfree,16,n400_b100_p020,400,1,0.2,0.183379,11736271,iters,106,10.24966103,10.24145804,0.0008009587516,0.9982691768,0,3,target_reached,pmeal-hpc,2026-09-04T15:56:50,
tortuosity,gpu,matrixfree,16,n400_b100_p040,400,1,0.4,0.394417,25242705,iters,1,0.009596792046,2.558566376,0.9962491526,0.4053531592,0,3,,pmeal-hpc,2026-09-04T15:56:55,
tortuosity,gpu,matrixfree,16,n400_b100_p040,400,1,0.4,0.394417,25242705,iters,2,0.01150865315,2.558566376,0.9955019134,0.4201765652,0,3,,pmeal-hpc,2026-09-04T15:56:55,
tortuosity,gpu,matrixfree,16,n400_b100_p040,400,1,0.4,0.394417,25242705,iters,3,0.01457039956,2.558566376,0.9943052486,0.4354656453,0,3,,pmeal-hpc,2026-09-04T15:56:55,
tortuosity,gpu,matrixfree,16,n400_b100_p040,400,1,0.4,0.394417,25242705,iters,6,0.09252837394,2.558566376,0.9638358517,0.4849211131,0,3,,pmeal-hpc,2026-09-04T15:56:55,
tortuosity,gpu,matrixfree,16,n400_b100_p040,400,1,0.4,0.394417,25242705,iters,10,0.1477673406,2.558566376,0.9422460398,0.5509162741,0,3,,pmeal-hpc,2026-09-04T15:56:55,
tortuosity,gpu,matrixfree,16,n400_b100_p040,400,1,0.4,0.394417,25242705,iters,18,-73.27667976,2.558566376,29.63974156,0.6863818383,-0,3,,pmeal-hpc,2026-09-04T15:56:55,
tortuosity,gpu,matrixfree,16,n400_b100_p040,400,1,0.4,0.394417,25242705,iters,33,2.479532895,2.558566376,0.03088975201,0.9431412152,0,3,,pmeal-hpc,2026-09-04T15:56:55,
tortuosity,gpu,matrixfree,16,n400_b100_p040,400,1,0.4,0.394417,25242705,iters,59,2.557533588,2.558566376,0.0004036588462,1.400506315,0,3,target_reached,pmeal-hpc,2026-09-04T15:56:55,
tortuosity,gpu,matrixfree,16,n400_b100_p060,400,1,0.6,0.602502,38560157,iters,1,0.01047341677,1.558485087,0.9932797453,0.4505543718,0,3,,pmeal-hpc,2026-09-04T15:57:01,
tortuosity,gpu,matrixfree,16,n400_b100_p060,400,1,0.6,0.602502,38560157,iters,2,0.01265455225,1.558485087,0.9918802224,0.4670766438,0,3,,pmeal-hpc,2026-09-04T15:57:01,
tortuosity,gpu,matrixfree,16,n400_b100_p060,400,1,0.6,0.602502,38560157,iters,3,0.01558091268,1.558485087,0.9900025269,0.4843790857,0,3,,pmeal-hpc,2026-09-04T15:57:01,
tortuosity,gpu,matrixfree,16,n400_b100_p060,400,1,0.6,0.602502,38560157,iters,6,0.08421380008,1.558485087,0.9459643209,0.5400951437,0,3,,pmeal-hpc,2026-09-04T15:57:01,
tortuosity,gpu,matrixfree,16,n400_b100_p060,400,1,0.6,0.602502,38560157,iters,10,0.126537237,1.558485087,0.9188075407,0.6151826358,0,3,,pmeal-hpc,2026-09-04T15:57:01,
tortuosity,gpu,matrixfree,16,n400_b100_p060,400,1,0.6,0.602502,38560157,iters,18,-1.313460065,1.558485087,1.842780002,0.7595174799,-0,3,,pmeal-hpc,2026-09-04T15:57:01,
tortuosity,gpu,matrixfree,16,n400_b100_p060,400,1,0.6,0.602502,38560157,iters,33,1.505138059,1.558485087,0.03423005331,1.035463309,0,3,,pmeal-hpc,2026-09-04T15:57:01,
tortuosity,gpu,matrixfree,16,n400_b100_p060,400,1,0.6,0.602502,38560157,iters,59,1.559290544,1.558485087,0.000516820668,1.518127666,0,3,target_reached,pmeal-hpc,2026-09-04T15:57:01,
tortuosity,gpu,matrixfree,16,n400_b100_p080,400,1,0.8,0.807589,51685723,iters,1,0.01096038029,1.175919941,0.9906793142,0.5407156229,0,3,,pmeal-hpc,2026-09-04T15:57:08,
tortuosity,gpu,matrixfree,16,n400_b100_p080,400,1,0.8,0.807589,51685723,iters,2,0.01330284418,1.175919941,0.9886872875,0.5608974921,0,3,,pmeal-hpc,2026-09-04T15:57:08,
tortuosity,gpu,matrixfree,16,n400_b100_p080,400,1,0.8,0.807589,51685723,iters,3,0.01644122842,1.175919941,0.9860184118,0.5816062661,0,3,,pmeal-hpc,2026-09-04T15:57:08,
tortuosity,gpu,matrixfree,16,n400_b100_p080,400,1,0.8,0.807589,51685723,iters,6,0.08862842364,1.175919941,0.9246305632,0.6484632853,0,3,,pmeal-hpc,2026-09-04T15:57:08,
tortuosity,gpu,matrixfree,16,n400_b100_p080,400,1,0.8,0.807589,51685723,iters,10,0.1279373643,1.175919941,0.8912023176,0.7406682782,0,3,,pmeal-hpc,2026-09-04T15:57:08,
tortuosity,gpu,matrixfree,16,n400_b100_p080,400,1,0.8,0.807589,51685723,iters,18,-1.841535016,1.175919941,2.566037748,0.9188211642,-0,3,,pmeal-hpc,2026-09-04T15:57:08,
tortuosity,gpu,matrixfree,16,n400_b100_p080,400,1,0.8,0.807589,51685723,iters,33,1.121261425,1.175919941,0.04648149435,1.248585526,0,3,,pmeal-hpc,2026-09-04T15:57:08,
tortuosity,gpu,matrixfree,16,n400_b100_p080,400,1,0.8,0.807589,51685723,iters,59,1.17615674,1.175919941,0.0002013730406,1.813909707,0,3,target_reached,pmeal-hpc,2026-09-04T15:57:08,
tortuosity,gpu,matrixfree,16,n400_b100_p095,400,1,0.95,0.950994,60863603,iters,1,0.01077475226,1.036462383,0.9896042997,0.5773406141,0,3,,pmeal-hpc,2026-09-04T15:57:15,
tortuosity,gpu,matrixfree,16,n400_b100_p095,400,1,0.95,0.950994,60863603,iters,2,0.01316451789,1.036462383,0.9872986052,0.599324103,0,3,,pmeal-hpc,2026-09-04T15:57:15,
tortuosity,gpu,matrixfree,16,n400_b100_p095,400,1,0.95,0.950994,60863603,iters,3,0.01685087933,1.036462383,0.9837419287,0.6223445809,0,3,,pmeal-hpc,2026-09-04T15:57:15,
tortuosity,gpu,matrixfree,16,n400_b100_p095,400,1,0.95,0.950994,60863603,iters,6,0.08970005852,1.036462383,0.9134555581,0.69421391,0,3,,pmeal-hpc,2026-09-04T15:57:15,
tortuosity,gpu,matrixfree,16,n400_b100_p095,400,1,0.95,0.950994,60863603,iters,10,0.1250463846,1.036462383,0.8793527033,0.7882191001,0,3,,pmeal-hpc,2026-09-04T15:57:15,
tortuosity,gpu,matrixfree,16,n400_b100_p095,400,1,0.95,0.950994,60863603,iters,18,-2.129277878,1.036462383,3.05437063,0.974328473,-0,3,,pmeal-hpc,2026-09-04T15:57:15,
tortuosity,gpu,matrixfree,16,n400_b100_p095,400,1,0.95,0.950994,60863603,iters,33,0.9764476917,1.036462383,0.05790339548,1.324241142,0,3,,pmeal-hpc,2026-09-04T15:57:15,
tortuosity,gpu,matrixfree,16,n400_b100_p095,400,1,0.95,0.950994,60863603,iters,59,1.036432358,1.036462383,2.896903871e-05,1.933059025,0,3,target_reached,pmeal-hpc,2026-09-04T15:57:15,
tortuosity,gpu,matrixfree,16,n400_b200_p020,400,2,0.2,0.18948,12126729,iters,1,0.008204162755,10.76863104,0.9992381425,0.2820919768,0,3,,pmeal-hpc,2026-09-04T15:57:23,
tortuosity,gpu,matrixfree,16,n400_b200_p020,400,2,0.2,0.18948,12126729,iters,2,0.009802984819,10.76863104,0.9990896721,0.2919507378,0,3,,pmeal-hpc,2026-09-04T15:57:23,
tortuosity,gpu,matrixfree,16,n400_b200_p020,400,2,0.2,0.18948,12126729,iters,3,0.01257015535,10.76863104,0.9988327063,0.3026241439,0,3,,pmeal-hpc,2026-09-04T15:57:23,
tortuosity,gpu,matrixfree,16,n400_b200_p020,400,2,0.2,0.18948,12126729,iters,6,0.06769988795,10.76863104,0.9937132317,0.3323695359,0,3,,pmeal-hpc,2026-09-04T15:57:23,
tortuosity,gpu,matrixfree,16,n400_b200_p020,400,2,0.2,0.18948,12126729,iters,10,0.1342306471,10.76863104,0.9875350315,0.3694051928,0,3,,pmeal-hpc,2026-09-04T15:57:23,
tortuosity,gpu,matrixfree,16,n400_b200_p020,400,2,0.2,0.18948,12126729,iters,18,-3.436217336,10.76863104,1.319095094,0.4564721747,-0,3,,pmeal-hpc,2026-09-04T15:57:23,
tortuosity,gpu,matrixfree,16,n400_b200_p020,400,2,0.2,0.18948,12126729,iters,33,8.374123695,10.76863104,0.2223594936,0.6117153096,0,3,,pmeal-hpc,2026-09-04T15:57:23,
tortuosity,gpu,matrixfree,16,n400_b200_p020,400,2,0.2,0.18948,12126729,iters,59,10.70565953,10.76863104,0.005847680003,0.8685063582,0,3,,pmeal-hpc,2026-09-04T15:57:23,
tortuosity,gpu,matrixfree,16,n400_b200_p020,400,2,0.2,0.18948,12126729,iters,106,10.70819399,10.76863104,0.005612324128,1.340318027,0,3,,pmeal-hpc,2026-09-04T15:57:23,
tortuosity,gpu,matrixfree,16,n400_b200_p020,400,2,0.2,0.18948,12126729,iters,189,10.76545001,10.76863104,0.0002953974475,2.200485767,0,3,target_reached,pmeal-hpc,2026-09-04T15:57:23,
tortuosity,gpu,matrixfree,16,n400_b200_p040,400,2,0.4,0.399236,25551094,iters,1,0.00976406665,2.608420127,0.9962567124,0.3655809031,0,3,,pmeal-hpc,2026-09-04T15:57:28,
tortuosity,gpu,matrixfree,16,n400_b200_p040,400,2,0.4,0.399236,25551094,iters,2,0.01168359444,2.608420127,0.9955208157,0.3818190431,0,3,,pmeal-hpc,2026-09-04T15:57:28,
tortuosity,gpu,matrixfree,16,n400_b200_p040,400,2,0.4,0.399236,25551094,iters,3,0.0145403662,2.608420127,0.9944256042,0.3969013141,0,3,,pmeal-hpc,2026-09-04T15:57:28,
tortuosity,gpu,matrixfree,16,n400_b200_p040,400,2,0.4,0.399236,25551094,iters,6,0.07474118676,2.608420127,0.9713461854,0.4442822211,0,3,,pmeal-hpc,2026-09-04T15:57:28,
tortuosity,gpu,matrixfree,16,n400_b200_p040,400,2,0.4,0.399236,25551094,iters,10,0.1338392476,2.608420127,0.9486895358,0.5108908473,0,3,,pmeal-hpc,2026-09-04T15:57:28,
tortuosity,gpu,matrixfree,16,n400_b200_p040,400,2,0.4,0.399236,25551094,iters,18,-2.396994441,2.608420127,1.918944926,0.6433580935,-0,3,,pmeal-hpc,2026-09-04T15:57:28,
tortuosity,gpu,matrixfree,16,n400_b200_p040,400,2,0.4,0.399236,25551094,iters,33,2.903493699,2.608420127,0.1131234839,0.8881137643,0,3,,pmeal-hpc,2026-09-04T15:57:28,
tortuosity,gpu,matrixfree,16,n400_b200_p040,400,2,0.4,0.399236,25551094,iters,59,2.608968185,2.608420127,0.0002101112694,1.311176224,0,3,target_reached,pmeal-hpc,2026-09-04T15:57:28,
tortuosity,gpu,matrixfree,16,n400_b200_p060,400,2,0.6,0.601874,38519921,iters,1,0.01093529726,1.574940918,0.9930566937,0.4525692589,0,3,,pmeal-hpc,2026-09-04T15:57:35,
tortuosity,gpu,matrixfree,16,n400_b200_p060,400,2,0.6,0.601874,38519921,iters,2,0.01311283874,1.574940918,0.9916740758,0.4713525339,0,3,,pmeal-hpc,2026-09-04T15:57:35,
tortuosity,gpu,matrixfree,16,n400_b200_p060,400,2,0.6,0.601874,38519921,iters,3,0.01600074928,1.574940918,0.989840413,0.4913962428,0,3,,pmeal-hpc,2026-09-04T15:57:35,
tortuosity,gpu,matrixfree,16,n400_b200_p060,400,2,0.6,0.601874,38519921,iters,6,0.08250261918,1.574940918,0.9476154196,0.5518681328,0,3,,pmeal-hpc,2026-09-04T15:57:35,
tortuosity,gpu,matrixfree,16,n400_b200_p060,400,2,0.6,0.601874,38519921,iters,10,0.1363807078,1.574940918,0.913405826,0.6334079038,0,3,,pmeal-hpc,2026-09-04T15:57:35,
tortuosity,gpu,matrixfree,16,n400_b200_p060,400,2,0.6,0.601874,38519921,iters,18,-3.104478408,1.574940918,2.971171345,0.7961529938,-0,3,,pmeal-hpc,2026-09-04T15:57:35,
tortuosity,gpu,matrixfree,16,n400_b200_p060,400,2,0.6,0.601874,38519921,iters,33,1.652059125,1.574940918,0.04896577767,1.10014492,0,3,,pmeal-hpc,2026-09-04T15:57:35,
tortuosity,gpu,matrixfree,16,n400_b200_p060,400,2,0.6,0.601874,38519921,iters,59,1.574504807,1.574940918,0.0002769059973,1.629388764,0,3,target_reached,pmeal-hpc,2026-09-04T15:57:35,
tortuosity,gpu,matrixfree,16,n400_b200_p080,400,2,0.8,0.802397,51353403,iters,1,0.01147157529,1.199127461,0.9904333979,0.5356298578,0,3,,pmeal-hpc,2026-09-04T15:57:42,
tortuosity,gpu,matrixfree,16,n400_b200_p080,400,2,0.8,0.802397,51353403,iters,2,0.01380393807,1.199127461,0.988488348,0.557912051,0,3,,pmeal-hpc,2026-09-04T15:57:42,
tortuosity,gpu,matrixfree,16,n400_b200_p080,400,2,0.8,0.802397,51353403,iters,3,0.01669961216,1.199127461,0.9860735304,0.5804174631,0,3,,pmeal-hpc,2026-09-04T15:57:42,
tortuosity,gpu,matrixfree,16,n400_b200_p080,400,2,0.8,0.802397,51353403,iters,6,0.08839608238,1.199127461,0.9262829972,0.6509521371,0,3,,pmeal-hpc,2026-09-04T15:57:42,
tortuosity,gpu,matrixfree,16,n400_b200_p080,400,2,0.8,0.802397,51353403,iters,10,0.1352931593,1.199127461,0.8871736628,0.7426226451,0,3,,pmeal-hpc,2026-09-04T15:57:42,
tortuosity,gpu,matrixfree,16,n400_b200_p080,400,2,0.8,0.802397,51353403,iters,18,-3.910521382,1.199127461,4.261139044,0.9277788103,-0,3,,pmeal-hpc,2026-09-04T15:57:42,
tortuosity,gpu,matrixfree,16,n400_b200_p080,400,2,0.8,0.802397,51353403,iters,33,1.205013484,1.199127461,0.004908588095,1.268465183,0,3,,pmeal-hpc,2026-09-04T15:57:42,
tortuosity,gpu,matrixfree,16,n400_b200_p080,400,2,0.8,0.802397,51353403,iters,59,1.1991108,1.199127461,1.389388246e-05,1.86865922,0,3,target_reached,pmeal-hpc,2026-09-04T15:57:42,
tortuosity,gpu,matrixfree,16,n400_b200_p095,400,2,0.95,0.950293,60818722,iters,1,0.01114609703,1.041214741,0.9892951025,0.6051193438,0,3,,pmeal-hpc,2026-09-04T15:57:49,
tortuosity,gpu,matrixfree,16,n400_b200_p095,400,2,0.95,0.950293,60818722,iters,2,0.01352713275,1.041214741,0.9870083161,0.6283961788,0,3,,pmeal-hpc,2026-09-04T15:57:49,
tortuosity,gpu,matrixfree,16,n400_b200_p095,400,2,0.95,0.950293,60818722,iters,3,0.01673778341,1.041214741,0.9839247537,0.6525769318,0,3,,pmeal-hpc,2026-09-04T15:57:49,
tortuosity,gpu,matrixfree,16,n400_b200_p095,400,2,0.95,0.950293,60818722,iters,6,0.08967248648,1.041214741,0.9138770487,0.7243960612,0,3,,pmeal-hpc,2026-09-04T15:57:49,
tortuosity,gpu,matrixfree,16,n400_b200_p095,400,2,0.95,0.950293,60818722,iters,10,0.1286558881,1.041214741,0.8764367397,0.8186720533,0,3,,pmeal-hpc,2026-09-04T15:57:49,
tortuosity,gpu,matrixfree,16,n400_b200_p095,400,2,0.95,0.950293,60818722,iters,18,-2.971931907,1.041214741,3.854292962,1.010812701,-0,3,,pmeal-hpc,2026-09-04T15:57:49,
tortuosity,gpu,matrixfree,16,n400_b200_p095,400,2,0.95,0.950293,60818722,iters,33,1.007446951,1.041214741,0.03243114908,1.364012359,0,3,,pmeal-hpc,2026-09-04T15:57:49,
tortuosity,gpu,matrixfree,16,n400_b200_p095,400,2,0.95,0.950293,60818722,iters,59,1.041092745,1.041214741,0.0001171672549,1.990494874,0,3,target_reached,pmeal-hpc,2026-09-04T15:57:49,
tortuosity,gpu,matrixfree,16,n600_b050_p020,600,0.5,0.2,0.156443,33791688,iters,1,0.005112348979,23.43955199,0.9997818922,0.707750052,0,3,,pmeal-hpc,2026-09-04T15:57:59,
tortuosity,gpu,matrixfree,16,n600_b050_p020,600,0.5,0.2,0.156443,33791688,iters,2,0.006255515068,23.43955199,0.9997331214,0.7232188731,0,3,,pmeal-hpc,2026-09-04T15:57:59,
tortuosity,gpu,matrixfree,16,n600_b050_p020,600,0.5,0.2,0.156443,33791688,iters,3,0.007872584949,23.43955199,0.9996641324,0.7404647372,0,3,,pmeal-hpc,2026-09-04T15:57:59,
tortuosity,gpu,matrixfree,16,n600_b050_p020,600,0.5,0.2,0.156443,33791688,iters,6,0.04430990667,23.43955199,0.9981096095,0.7911308021,0,3,,pmeal-hpc,2026-09-04T15:57:59,
tortuosity,gpu,matrixfree,16,n600_b050_p020,600,0.5,0.2,0.156443,33791688,iters,10,0.06540603523,23.43955199,0.9972095868,0.855242406,0,3,,pmeal-hpc,2026-09-04T15:57:59,
tortuosity,gpu,matrixfree,16,n600_b050_p020,600,0.5,0.2,0.156443,33791688,iters,18,-0.316178153,23.43955199,1.013489087,0.9979019719,-0,3,,pmeal-hpc,2026-09-04T15:57:59,
tortuosity,gpu,matrixfree,16,n600_b050_p020,600,0.5,0.2,0.156443,33791688,iters,33,6.31752893,23.43955199,0.7304756963,1.256696373,0,3,,pmeal-hpc,2026-09-04T15:57:59,
tortuosity,gpu,matrixfree,16,n600_b050_p020,600,0.5,0.2,0.156443,33791688,iters,59,21.85378223,23.43955199,0.06765358639,1.703328663,0,3,,pmeal-hpc,2026-09-04T15:57:59,
tortuosity,gpu,matrixfree,16,n600_b050_p020,600,0.5,0.2,0.156443,33791688,iters,106,23.43659824,23.43955199,0.0001260157841,2.513457521,0,3,target_reached,pmeal-hpc,2026-09-04T15:57:59,
tortuosity,gpu,matrixfree,16,n600_b050_p040,600,0.5,0.4,0.393651,85028549,iters,1,0.005268431948,2.911720482,0.9981906121,1.091299688,0,3,,pmeal-hpc,2026-09-04T15:58:17,
tortuosity,gpu,matrixfree,16,n600_b050_p040,600,0.5,0.4,0.393651,85028549,iters,2,0.0064493899,2.911720482,0.9977850244,1.128309318,0,3,,pmeal-hpc,2026-09-04T15:58:17,
tortuosity,gpu,matrixfree,16,n600_b050_p040,600,0.5,0.4,0.393651,85028549,iters,3,0.008313591256,2.911720482,0.9971447839,1.164007701,0,3,,pmeal-hpc,2026-09-04T15:58:17,
tortuosity,gpu,matrixfree,16,n600_b050_p040,600,0.5,0.4,0.393651,85028549,iters,6,0.04607214694,2.911720482,0.9841770021,1.276293932,0,3,,pmeal-hpc,2026-09-04T15:58:17,
tortuosity,gpu,matrixfree,16,n600_b050_p040,600,0.5,0.4,0.393651,85028549,iters,10,0.0666374784,2.911720482,0.9771140538,1.424629127,0,3,,pmeal-hpc,2026-09-04T15:58:17,
tortuosity,gpu,matrixfree,16,n600_b050_p040,600,0.5,0.4,0.393651,85028549,iters,18,-0.3714343864,2.911720482,1.127565262,1.715565016,-0,3,,pmeal-hpc,2026-09-04T15:58:17,
tortuosity,gpu,matrixfree,16,n600_b050_p040,600,0.5,0.4,0.393651,85028549,iters,33,2.258315207,2.911720482,0.22440522,2.268925419,0,3,,pmeal-hpc,2026-09-04T15:58:17,
tortuosity,gpu,matrixfree,16,n600_b050_p040,600,0.5,0.4,0.393651,85028549,iters,59,2.895248059,2.911720482,0.005657281793,3.230073464,0,3,,pmeal-hpc,2026-09-04T15:58:17,
tortuosity,gpu,matrixfree,16,n600_b050_p040,600,0.5,0.4,0.393651,85028549,iters,106,2.91143989,2.911720482,9.636651734e-05,4.965127983,0,3,target_reached,pmeal-hpc,2026-09-04T15:58:17,
tortuosity,gpu,matrixfree,16,n600_b050_p060,600,0.5,0.6,0.603327,130318526,iters,1,0.006313755431,1.644772466,0.9961613198,1.424516963,0,3,,pmeal-hpc,2026-09-04T15:58:33,
tortuosity,gpu,matrixfree,16,n600_b050_p060,600,0.5,0.6,0.603327,130318526,iters,2,0.007737891881,1.644772466,0.9952954636,1.478236577,0,3,,pmeal-hpc,2026-09-04T15:58:33,
tortuosity,gpu,matrixfree,16,n600_b050_p060,600,0.5,0.6,0.603327,130318526,iters,3,0.01010926077,1.644772466,0.9938537026,1.530378796,0,3,,pmeal-hpc,2026-09-04T15:58:33,
tortuosity,gpu,matrixfree,16,n600_b050_p060,600,0.5,0.6,0.603327,130318526,iters,6,0.0548433189,1.644772466,0.9666559843,1.679978964,0,3,,pmeal-hpc,2026-09-04T15:58:33,
tortuosity,gpu,matrixfree,16,n600_b050_p060,600,0.5,0.6,0.603327,130318526,iters,10,0.07782368753,1.644772466,0.9526842228,1.889941778,0,3,,pmeal-hpc,2026-09-04T15:58:33,
tortuosity,gpu,matrixfree,16,n600_b050_p060,600,0.5,0.6,0.603327,130318526,iters,18,-0.4892299912,1.644772466,1.297445392,2.2881861,-0,3,,pmeal-hpc,2026-09-04T15:58:33,
tortuosity,gpu,matrixfree,16,n600_b050_p060,600,0.5,0.6,0.603327,130318526,iters,33,1.406244066,1.644772466,0.1450221259,3.038641528,0,3,,pmeal-hpc,2026-09-04T15:58:33,
tortuosity,gpu,matrixfree,16,n600_b050_p060,600,0.5,0.6,0.603327,130318526,iters,59,1.645294548,1.644772466,0.0003174190969,4.338339761,0,3,target_reached,pmeal-hpc,2026-09-04T15:58:33,
tortuosity,gpu,matrixfree,16,n600_b050_p080,600,0.5,0.8,0.801395,173101417,iters,1,0.007027954539,1.207519104,0.9941798399,1.718912537,0,3,,pmeal-hpc,2026-09-04T15:58:52,
tortuosity,gpu,matrixfree,16,n600_b050_p080,600,0.5,0.8,0.801395,173101417,iters,2,0.008628896338,1.207519104,0.9928540291,1.781481205,0,3,,pmeal-hpc,2026-09-04T15:58:52,
tortuosity,gpu,matrixfree,16,n600_b050_p080,600,0.5,0.8,0.801395,173101417,iters,3,0.01148103106,1.207519104,0.9904920502,1.839748875,0,3,,pmeal-hpc,2026-09-04T15:58:52,
tortuosity,gpu,matrixfree,16,n600_b050_p080,600,0.5,0.8,0.801395,173101417,iters,6,0.06078523147,1.207519104,0.9496610602,2.025473415,0,3,,pmeal-hpc,2026-09-04T15:58:52,
tortuosity,gpu,matrixfree,16,n600_b050_p080,600,0.5,0.8,0.801395,173101417,iters,10,0.08455032491,1.207519104,0.9299801348,2.282976047,0,3,,pmeal-hpc,2026-09-04T15:58:52,
tortuosity,gpu,matrixfree,16,n600_b050_p080,600,0.5,0.8,0.801395,173101417,iters,18,-0.6677704744,1.207519104,1.553010277,2.776144465,-0,3,,pmeal-hpc,2026-09-04T15:58:52,
tortuosity,gpu,matrixfree,16,n600_b050_p080,600,0.5,0.8,0.801395,173101417,iters,33,1.075763133,1.207519104,0.1091129492,3.732767375,0,3,,pmeal-hpc,2026-09-04T15:58:52,
tortuosity,gpu,matrixfree,16,n600_b050_p080,600,0.5,0.8,0.801395,173101417,iters,59,1.207905003,1.207519104,0.0003195801609,5.361992876,0,3,target_reached,pmeal-hpc,2026-09-04T15:58:52,
tortuosity,gpu,matrixfree,16,n600_b050_p095,600,0.5,0.95,0.949611,205116041,iters,1,0.007198809094,1.036289257,0.9930532821,1.869845831,0,3,,pmeal-hpc,2026-09-04T15:59:13,
tortuosity,gpu,matrixfree,16,n600_b050_p095,600,0.5,0.95,0.949611,205116041,iters,2,0.008839963307,1.036289257,0.9914695986,1.942539441,0,3,,pmeal-hpc,2026-09-04T15:59:13,
tortuosity,gpu,matrixfree,16,n600_b050_p095,600,0.5,0.95,0.949611,205116041,iters,3,0.01189218188,1.036289257,0.988524264,2.015532608,0,3,,pmeal-hpc,2026-09-04T15:59:13,
tortuosity,gpu,matrixfree,16,n600_b050_p095,600,0.5,0.95,0.949611,205116041,iters,6,0.06231088267,1.036289257,0.9398711487,2.22335959,0,3,,pmeal-hpc,2026-09-04T15:59:13,
tortuosity,gpu,matrixfree,16,n600_b050_p095,600,0.5,0.95,0.949611,205116041,iters,10,0.08574116047,1.036289257,0.9172613632,2.516768274,0,3,,pmeal-hpc,2026-09-04T15:59:13,
tortuosity,gpu,matrixfree,16,n600_b050_p095,600,0.5,0.95,0.949611,205116041,iters,18,-0.7728475768,1.036289257,1.745783642,3.079218968,-0,3,,pmeal-hpc,2026-09-04T15:59:13,
tortuosity,gpu,matrixfree,16,n600_b050_p095,600,0.5,0.95,0.949611,205116041,iters,33,0.9323466877,1.036289257,0.1003026603,4.139290625,0,3,,pmeal-hpc,2026-09-04T15:59:13,
tortuosity,gpu,matrixfree,16,n600_b050_p095,600,0.5,0.95,0.949611,205116041,iters,59,1.036371268,1.036289257,7.913864575e-05,5.974159312,0,3,target_reached,pmeal-hpc,2026-09-04T15:59:13,
tortuosity,gpu,matrixfree,16,n600_b100_p020,600,1,0.2,0.186121,40202032,iters,1,0.005446155719,12.53312864,0.9995654592,0.760904762,0,3,,pmeal-hpc,2026-09-04T15:59:31,
tortuosity,gpu,matrixfree,16,n600_b100_p020,600,1,0.2,0.186121,40202032,iters,2,0.006572633942,12.53312864,0.9994755792,0.7835265568,0,3,,pmeal-hpc,2026-09-04T15:59:31,
tortuosity,gpu,matrixfree,16,n600_b100_p020,600,1,0.2,0.186121,40202032,iters,3,0.008094743975,12.53312864,0.9993541322,0.807881943,0,3,,pmeal-hpc,2026-09-04T15:59:31,
tortuosity,gpu,matrixfree,16,n600_b100_p020,600,1,0.2,0.186121,40202032,iters,6,0.04584373127,12.53312864,0.9963421957,0.8780114329,0,3,,pmeal-hpc,2026-09-04T15:59:31,
tortuosity,gpu,matrixfree,16,n600_b100_p020,600,1,0.2,0.186121,40202032,iters,10,0.07159619516,12.53312864,0.9942874443,0.9682345481,0,3,,pmeal-hpc,2026-09-04T15:59:31,
tortuosity,gpu,matrixfree,16,n600_b100_p020,600,1,0.2,0.186121,40202032,iters,18,-0.4350752676,12.53312864,1.034714019,1.153373705,-0,3,,pmeal-hpc,2026-09-04T15:59:31,
tortuosity,gpu,matrixfree,16,n600_b100_p020,600,1,0.2,0.186121,40202032,iters,33,5.993561205,12.53312864,0.5217825192,1.49573052,0,3,,pmeal-hpc,2026-09-04T15:59:31,
tortuosity,gpu,matrixfree,16,n600_b100_p020,600,1,0.2,0.186121,40202032,iters,59,12.00375318,12.53312864,0.04223809384,2.090414494,0,3,,pmeal-hpc,2026-09-04T15:59:31,
tortuosity,gpu,matrixfree,16,n600_b100_p020,600,1,0.2,0.186121,40202032,iters,106,12.4070234,12.53312864,0.01006175241,3.170547201,0,3,,pmeal-hpc,2026-09-04T15:59:31,
tortuosity,gpu,matrixfree,16,n600_b100_p020,600,1,0.2,0.186121,40202032,iters,189,12.53328028,12.53312864,1.209938102e-05,5.06231802,0,3,target_reached,pmeal-hpc,2026-09-04T15:59:31,
tortuosity,gpu,matrixfree,16,n600_b100_p040,600,1,0.4,0.400067,86414504,iters,1,0.006410825602,2.584229768,0.9975192509,1.117948558,0,3,,pmeal-hpc,2026-09-04T15:59:44,
tortuosity,gpu,matrixfree,16,n600_b100_p040,600,1,0.4,0.400067,86414504,iters,2,0.007763254504,2.584229768,0.9969959117,1.157634648,0,3,,pmeal-hpc,2026-09-04T15:59:44,
tortuosity,gpu,matrixfree,16,n600_b100_p040,600,1,0.4,0.400067,86414504,iters,3,0.009536210751,2.584229768,0.9963098441,1.199852716,0,3,,pmeal-hpc,2026-09-04T15:59:44,
tortuosity,gpu,matrixfree,16,n600_b100_p040,600,1,0.4,0.400067,86414504,iters,6,0.05333980402,2.584229768,0.9793594963,1.325055011,0,3,,pmeal-hpc,2026-09-04T15:59:44,
tortuosity,gpu,matrixfree,16,n600_b100_p040,600,1,0.4,0.400067,86414504,iters,10,0.08013375529,2.584229768,0.9689912421,1.491810982,0,3,,pmeal-hpc,2026-09-04T15:59:44,
tortuosity,gpu,matrixfree,16,n600_b100_p040,600,1,0.4,0.400067,86414504,iters,18,-0.5079057787,2.584229768,1.196540488,1.83070274,-0,3,,pmeal-hpc,2026-09-04T15:59:44,
tortuosity,gpu,matrixfree,16,n600_b100_p040,600,1,0.4,0.400067,86414504,iters,33,2.249303573,2.584229768,0.1296038762,2.460864519,0,3,,pmeal-hpc,2026-09-04T15:59:44,
tortuosity,gpu,matrixfree,16,n600_b100_p040,600,1,0.4,0.400067,86414504,iters,59,2.585173377,2.584229768,0.0003651413667,3.535360445,0,3,target_reached,pmeal-hpc,2026-09-04T15:59:44,
tortuosity,gpu,matrixfree,16,n600_b100_p060,600,1,0.6,0.601152,129848851,iters,1,0.006984537285,1.574643825,0.9955643701,1.277813062,0,3,,pmeal-hpc,2026-09-04T16:00:00,
tortuosity,gpu,matrixfree,16,n600_b100_p060,600,1,0.6,0.601152,129848851,iters,2,0.008494411816,1.574643825,0.9946055027,1.326536712,0,3,,pmeal-hpc,2026-09-04T16:00:00,
tortuosity,gpu,matrixfree,16,n600_b100_p060,600,1,0.6,0.601152,129848851,iters,3,0.0105798317,1.574643825,0.9932811271,1.383191153,0,3,,pmeal-hpc,2026-09-04T16:00:00,
tortuosity,gpu,matrixfree,16,n600_b100_p060,600,1,0.6,0.601152,129848851,iters,6,0.05834604133,1.574643825,0.962946515,1.547564388,0,3,,pmeal-hpc,2026-09-04T16:00:00,
tortuosity,gpu,matrixfree,16,n600_b100_p060,600,1,0.6,0.601152,129848851,iters,10,0.08448203329,1.574643825,0.9463484809,1.771995319,0,3,,pmeal-hpc,2026-09-04T16:00:00,
tortuosity,gpu,matrixfree,16,n600_b100_p060,600,1,0.6,0.601152,129848851,iters,18,-0.5956349821,1.574643825,1.378266483,2.207043382,-0,3,,pmeal-hpc,2026-09-04T16:00:00,
tortuosity,gpu,matrixfree,16,n600_b100_p060,600,1,0.6,0.601152,129848851,iters,33,1.41794081,1.574643825,0.09951648249,3.030906012,0,3,,pmeal-hpc,2026-09-04T16:00:00,
tortuosity,gpu,matrixfree,16,n600_b100_p060,600,1,0.6,0.601152,129848851,iters,59,1.575575292,1.574643825,0.0005915414516,4.454993927,0,3,target_reached,pmeal-hpc,2026-09-04T16:00:00,
tortuosity,gpu,matrixfree,16,n600_b100_p080,600,1,0.8,0.800675,172945908,iters,1,0.007428000362,1.194292393,0.9937804173,1.653291827,0,3,,pmeal-hpc,2026-09-04T16:00:20,
tortuosity,gpu,matrixfree,16,n600_b100_p080,600,1,0.8,0.800675,172945908,iters,2,0.009057189095,1.194292393,0.9924162716,1.718306007,0,3,,pmeal-hpc,2026-09-04T16:00:20,
tortuosity,gpu,matrixfree,16,n600_b100_p080,600,1,0.8,0.800675,172945908,iters,3,0.01135579542,1.194292393,0.990491612,1.782157773,0,3,,pmeal-hpc,2026-09-04T16:00:20,
tortuosity,gpu,matrixfree,16,n600_b100_p080,600,1,0.8,0.800675,172945908,iters,6,0.06176016571,1.194292393,0.9482872318,1.981224273,0,3,,pmeal-hpc,2026-09-04T16:00:20,
tortuosity,gpu,matrixfree,16,n600_b100_p080,600,1,0.8,0.800675,172945908,iters,10,0.08787961108,1.194292393,0.9264170051,2.241047268,0,3,,pmeal-hpc,2026-09-04T16:00:20,
tortuosity,gpu,matrixfree,16,n600_b100_p080,600,1,0.8,0.800675,172945908,iters,18,-0.7007261772,1.194292393,1.586729164,2.773016764,-0,3,,pmeal-hpc,2026-09-04T16:00:20,
tortuosity,gpu,matrixfree,16,n600_b100_p080,600,1,0.8,0.800675,172945908,iters,33,1.081144152,1.194292393,0.09474082048,3.755722439,0,3,,pmeal-hpc,2026-09-04T16:00:20,
tortuosity,gpu,matrixfree,16,n600_b100_p080,600,1,0.8,0.800675,172945908,iters,59,1.194710356,1.194292393,0.0003499673472,5.439713743,0,3,target_reached,pmeal-hpc,2026-09-04T16:00:20,
tortuosity,gpu,matrixfree,16,n600_b100_p095,600,1,0.95,0.950634,205336897,iters,1,0.007300681224,1.038559849,0.9929703799,1.898341633,0,3,,pmeal-hpc,2026-09-04T16:00:41,
tortuosity,gpu,matrixfree,16,n600_b100_p095,600,1,0.95,0.950634,205336897,iters,2,0.008939230817,1.038559849,0.9913926667,1.97059324,0,3,,pmeal-hpc,2026-09-04T16:00:41,
tortuosity,gpu,matrixfree,16,n600_b100_p095,600,1,0.95,0.950634,205336897,iters,3,0.01160349583,1.038559849,0.988827321,2.044743079,0,3,,pmeal-hpc,2026-09-04T16:00:41,
tortuosity,gpu,matrixfree,16,n600_b100_p095,600,1,0.95,0.950634,205336897,iters,6,0.06205791072,1.038559849,0.9402461873,2.269517491,0,3,,pmeal-hpc,2026-09-04T16:00:41,
tortuosity,gpu,matrixfree,16,n600_b100_p095,600,1,0.95,0.950634,205336897,iters,10,0.08623851546,1.038559849,0.9169633647,2.548613875,0,3,,pmeal-hpc,2026-09-04T16:00:41,
tortuosity,gpu,matrixfree,16,n600_b100_p095,600,1,0.95,0.950634,205336897,iters,18,-0.75924504,1.038559849,1.731055645,3.12286357,-0,3,,pmeal-hpc,2026-09-04T16:00:41,
tortuosity,gpu,matrixfree,16,n600_b100_p095,600,1,0.95,0.950634,205336897,iters,33,0.9363347282,1.038559849,0.09842968692,4.197642992,0,3,,pmeal-hpc,2026-09-04T16:00:41,
tortuosity,gpu,matrixfree,16,n600_b100_p095,600,1,0.95,0.950634,205336897,iters,59,1.038796144,1.038559849,0.0002275213184,6.062358605,0,3,target_reached,pmeal-hpc,2026-09-04T16:00:41,
tortuosity,gpu,matrixfree,16,n600_b200_p020,600,2,0.2,0.19095,41245095,iters,1,0.006070404031,11.15581331,0.9994558528,0.8650101959,0,3,,pmeal-hpc,2026-09-04T16:01:03,
tortuosity,gpu,matrixfree,16,n600_b200_p020,600,2,0.2,0.19095,41245095,iters,2,0.007260185267,11.15581331,0.9993492016,0.8946373418,0,3,,pmeal-hpc,2026-09-04T16:01:03,
tortuosity,gpu,matrixfree,16,n600_b200_p020,600,2,0.2,0.19095,41245095,iters,3,0.009113443033,11.15581331,0.9991830768,0.9243985699,0,3,,pmeal-hpc,2026-09-04T16:01:03,
tortuosity,gpu,matrixfree,16,n600_b200_p020,600,2,0.2,0.19095,41245095,iters,6,0.04919466781,11.15581331,0.9955902213,1.014859143,0,3,,pmeal-hpc,2026-09-04T16:01:03,
tortuosity,gpu,matrixfree,16,n600_b200_p020,600,2,0.2,0.19095,41245095,iters,10,0.08606911468,11.15581331,0.9922848194,1.135968938,0,3,,pmeal-hpc,2026-09-04T16:01:03,
tortuosity,gpu,matrixfree,16,n600_b200_p020,600,2,0.2,0.19095,41245095,iters,18,-0.7135083769,11.15581331,1.063958436,1.372461227,-0,3,,pmeal-hpc,2026-09-04T16:01:03,
tortuosity,gpu,matrixfree,16,n600_b200_p020,600,2,0.2,0.19095,41245095,iters,33,9.104505578,11.15581331,0.1838779186,1.816164131,0,3,,pmeal-hpc,2026-09-04T16:01:03,
tortuosity,gpu,matrixfree,16,n600_b200_p020,600,2,0.2,0.19095,41245095,iters,59,11.36988142,11.15581331,0.01918892915,2.600929603,0,3,,pmeal-hpc,2026-09-04T16:01:03,
tortuosity,gpu,matrixfree,16,n600_b200_p020,600,2,0.2,0.19095,41245095,iters,106,11.08072929,11.15581331,0.006730483753,4.008357195,0,3,,pmeal-hpc,2026-09-04T16:01:03,
tortuosity,gpu,matrixfree,16,n600_b200_p020,600,2,0.2,0.19095,41245095,iters,189,11.16536438,11.15581331,0.0008561518116,6.516976554,0,3,target_reached,pmeal-hpc,2026-09-04T16:01:03,
tortuosity,gpu,matrixfree,16,n600_b200_p040,600,2,0.4,0.398822,86145631,iters,1,0.006713872353,2.58840573,0.9974061747,1.228777844,0,3,,pmeal-hpc,2026-09-04T16:01:25,
tortuosity,gpu,matrixfree,16,n600_b200_p040,600,2,0.4,0.398822,86145631,iters,2,0.008048724458,2.58840573,0.9968904703,1.27117017,0,3,,pmeal-hpc,2026-09-04T16:01:25,
tortuosity,gpu,matrixfree,16,n600_b200_p040,600,2,0.4,0.398822,86145631,iters,3,0.009961441072,2.58840573,0.9961515148,1.317786485,0,3,,pmeal-hpc,2026-09-04T16:01:25,
tortuosity,gpu,matrixfree,16,n600_b200_p040,600,2,0.4,0.398822,86145631,iters,6,0.05301317376,2.58840573,0.9795189861,1.460938597,0,3,,pmeal-hpc,2026-09-04T16:01:25,
tortuosity,gpu,matrixfree,16,n600_b200_p040,600,2,0.4,0.398822,86145631,iters,10,0.08670456959,2.58840573,0.966502713,1.658679856,0,3,,pmeal-hpc,2026-09-04T16:01:25,
tortuosity,gpu,matrixfree,16,n600_b200_p040,600,2,0.4,0.398822,86145631,iters,18,-0.664509178,2.58840573,1.256725277,2.052224761,-0,3,,pmeal-hpc,2026-09-04T16:01:25,
tortuosity,gpu,matrixfree,16,n600_b200_p040,600,2,0.4,0.398822,86145631,iters,33,2.610021582,2.58840573,0.00835102925,2.767977648,0,3,,pmeal-hpc,2026-09-04T16:01:25,
tortuosity,gpu,matrixfree,16,n600_b200_p040,600,2,0.4,0.398822,86145631,iters,59,2.592757131,2.58840573,0.001681112338,4.037896575,0,3,,pmeal-hpc,2026-09-04T16:01:25,
tortuosity,gpu,matrixfree,16,n600_b200_p040,600,2,0.4,0.398822,86145631,iters,106,2.588680564,2.58840573,0.0001061787471,6.299499705,0,3,target_reached,pmeal-hpc,2026-09-04T16:01:25,
tortuosity,gpu,matrixfree,16,n600_b200_p060,600,2,0.6,0.600028,129606057,iters,1,0.007376611814,1.576153581,0.9953198648,1.465303584,0,3,,pmeal-hpc,2026-09-04T16:01:43,
tortuosity,gpu,matrixfree,16,n600_b200_p060,600,2,0.6,0.600028,129606057,iters,2,0.008882063029,1.576153581,0.9943647224,1.525607852,0,3,,pmeal-hpc,2026-09-04T16:01:43,
tortuosity,gpu,matrixfree,16,n600_b200_p060,600,2,0.6,0.600028,129606057,iters,3,0.01087743527,1.576153581,0.9930987466,1.586312899,0,3,,pmeal-hpc,2026-09-04T16:01:43,
tortuosity,gpu,matrixfree,16,n600_b200_p060,600,2,0.6,0.600028,129606057,iters,6,0.05828263773,1.576153581,0.9630222344,1.764874819,0,3,,pmeal-hpc,2026-09-04T16:01:43,
tortuosity,gpu,matrixfree,16,n600_b200_p060,600,2,0.6,0.600028,129606057,iters,10,0.0899906271,1.576153581,0.9429049122,2.002289059,0,3,,pmeal-hpc,2026-09-04T16:01:43,
tortuosity,gpu,matrixfree,16,n600_b200_p060,600,2,0.6,0.600028,129606057,iters,18,-0.7359666109,1.576153581,1.466938387,2.487843452,-0,3,,pmeal-hpc,2026-09-04T16:01:43,
tortuosity,gpu,matrixfree,16,n600_b200_p060,600,2,0.6,0.600028,129606057,iters,33,1.555534842,1.576153581,0.01308168143,3.392721495,0,3,,pmeal-hpc,2026-09-04T16:01:43,
tortuosity,gpu,matrixfree,16,n600_b200_p060,600,2,0.6,0.600028,129606057,iters,59,1.577276499,1.576153581,0.0007124417494,4.923096331,0,3,target_reached,pmeal-hpc,2026-09-04T16:01:43,
tortuosity,gpu,matrixfree,16,n600_b200_p080,600,2,0.8,0.801043,173025334,iters,1,0.007692810813,1.194359614,0.9935590498,1.794915953,0,3,,pmeal-hpc,2026-09-04T16:02:03,
tortuosity,gpu,matrixfree,16,n600_b200_p080,600,2,0.8,0.801043,173025334,iters,2,0.009305063558,1.194359614,0.9922091609,1.866505927,0,3,,pmeal-hpc,2026-09-04T16:02:03,
tortuosity,gpu,matrixfree,16,n600_b200_p080,600,2,0.8,0.801043,173025334,iters,3,0.01139380144,1.194359614,0.9904603259,1.93377089,0,3,,pmeal-hpc,2026-09-04T16:02:03,
tortuosity,gpu,matrixfree,16,n600_b200_p080,600,2,0.8,0.801043,173025334,iters,6,0.06144206513,1.194359614,0.948556478,2.133710247,0,3,,pmeal-hpc,2026-09-04T16:02:03,
tortuosity,gpu,matrixfree,16,n600_b200_p080,600,2,0.8,0.801043,173025334,iters,10,0.09063153715,1.194359614,0.9241170447,2.401873038,0,3,,pmeal-hpc,2026-09-04T16:02:03,
tortuosity,gpu,matrixfree,16,n600_b200_p080,600,2,0.8,0.801043,173025334,iters,18,-0.7961186063,1.194359614,1.666565243,2.949584349,-0,3,,pmeal-hpc,2026-09-04T16:02:03,
tortuosity,gpu,matrixfree,16,n600_b200_p080,600,2,0.8,0.801043,173025334,iters,33,1.135029038,1.194359614,0.04967563774,3.966370155,0,3,,pmeal-hpc,2026-09-04T16:02:03,
tortuosity,gpu,matrixfree,16,n600_b200_p080,600,2,0.8,0.801043,173025334,iters,59,1.194832799,1.194359614,0.0003961832049,5.728840408,0,3,target_reached,pmeal-hpc,2026-09-04T16:02:03,
tortuosity,gpu,matrixfree,16,n600_b200_p095,600,2,0.95,0.950849,205383281,iters,1,0.00750487506,1.037615234,0.9927671888,1.947036222,0,3,,pmeal-hpc,2026-09-04T16:02:25,
tortuosity,gpu,matrixfree,16,n600_b200_p095,600,2,0.95,0.950849,205383281,iters,2,0.009135581195,1.037615234,0.9911955984,2.018753921,0,3,,pmeal-hpc,2026-09-04T16:02:25,
tortuosity,gpu,matrixfree,16,n600_b200_p095,600,2,0.95,0.950849,205383281,iters,3,0.01139556849,1.037615234,0.9890175393,2.08839561,0,3,,pmeal-hpc,2026-09-04T16:02:25,
tortuosity,gpu,matrixfree,16,n600_b200_p095,600,2,0.95,0.950849,205383281,iters,6,0.06191338564,1.037615234,0.9403310749,2.304931505,0,3,,pmeal-hpc,2026-09-04T16:02:25,
tortuosity,gpu,matrixfree,16,n600_b200_p095,600,2,0.95,0.950849,205383281,iters,10,0.08783983515,1.037615234,0.9153445012,2.587814359,0,3,,pmeal-hpc,2026-09-04T16:02:25,
tortuosity,gpu,matrixfree,16,n600_b200_p095,600,2,0.95,0.950849,205383281,iters,18,-0.8053704514,1.037615234,1.776174467,3.179119935,-0,3,,pmeal-hpc,2026-09-04T16:02:25,
tortuosity,gpu,matrixfree,16,n600_b200_p095,600,2,0.95,0.950849,205383281,iters,33,0.9592822881,1.037615234,0.07549324962,4.255900277,0,3,,pmeal-hpc,2026-09-04T16:02:25,
tortuosity,gpu,matrixfree,16,n600_b200_p095,600,2,0.95,0.950849,205383281,iters,59,1.037772833,1.037615234,0.0001518853843,6.133162826,0,3,target_reached,pmeal-hpc,2026-09-04T16:02:25,
tortuosity,gpu,matrixfree,16,n800_b050_p020,800,0.5,0.2,0.174096,89137139,iters,1,0.003305426723,10.10700996,0.999672957,1.660371414,0,3,,pmeal-hpc,2026-09-04T16:02:58,
tortuosity,gpu,matrixfree,16,n800_b050_p020,800,0.5,0.2,0.174096,89137139,iters,2,0.004051073498,10.10700996,0.9995991818,1.701317448,0,3,,pmeal-hpc,2026-09-04T16:02:58,
tortuosity,gpu,matrixfree,16,n800_b050_p020,800,0.5,0.2,0.174096,89137139,iters,3,0.005165647909,10.10700996,0.9994889044,1.742650466,0,3,,pmeal-hpc,2026-09-04T16:02:58,
tortuosity,gpu,matrixfree,16,n800_b050_p020,800,0.5,0.2,0.174096,89137139,iters,6,0.02931796382,10.10700996,0.9970992446,1.864909304,0,3,,pmeal-hpc,2026-09-04T16:02:58,
tortuosity,gpu,matrixfree,16,n800_b050_p020,800,0.5,0.2,0.174096,89137139,iters,10,0.04324053814,10.10700996,0.995721728,2.025910027,0,3,,pmeal-hpc,2026-09-04T16:02:58,
tortuosity,gpu,matrixfree,16,n800_b050_p020,800,0.5,0.2,0.174096,89137139,iters,18,-0.2230651604,10.10700996,1.022070341,2.346467966,-0,3,,pmeal-hpc,2026-09-04T16:02:58,
tortuosity,gpu,matrixfree,16,n800_b050_p020,800,0.5,0.2,0.174096,89137139,iters,33,3.133740338,10.10700996,0.6899438756,2.964620838,0,3,,pmeal-hpc,2026-09-04T16:02:58,
tortuosity,gpu,matrixfree,16,n800_b050_p020,800,0.5,0.2,0.174096,89137139,iters,59,8.781887103,10.10700996,0.1311092858,4.029611186,0,3,,pmeal-hpc,2026-09-04T16:02:58,
tortuosity,gpu,matrixfree,16,n800_b050_p020,800,0.5,0.2,0.174096,89137139,iters,106,9.928855099,10.10700996,0.01762686117,5.929432644,0,3,,pmeal-hpc,2026-09-04T16:02:58,
tortuosity,gpu,matrixfree,16,n800_b050_p020,800,0.5,0.2,0.174096,89137139,iters,189,10.11194838,10.10700996,0.0004886137743,9.31107667,0,3,target_reached,pmeal-hpc,2026-09-04T16:02:58,
tortuosity,gpu,matrixfree,16,n800_b050_p040,800,0.5,0.4,0.384479,196853200,iters,1,0.004398578683,2.713834504,0.9983792016,2.442044721,0,3,,pmeal-hpc,2026-09-04T16:03:35,
tortuosity,gpu,matrixfree,16,n800_b050_p040,800,0.5,0.4,0.384479,196853200,iters,2,0.005392027112,2.713834504,0.9980131334,2.523648552,0,3,,pmeal-hpc,2026-09-04T16:03:35,
tortuosity,gpu,matrixfree,16,n800_b050_p040,800,0.5,0.4,0.384479,196853200,iters,3,0.006905521281,2.713834504,0.9974554376,2.596425746,0,3,,pmeal-hpc,2026-09-04T16:03:35,
tortuosity,gpu,matrixfree,16,n800_b050_p040,800,0.5,0.4,0.384479,196853200,iters,6,0.03812477882,2.713834504,0.9859516935,2.819840837,0,3,,pmeal-hpc,2026-09-04T16:03:35,
tortuosity,gpu,matrixfree,16,n800_b050_p040,800,0.5,0.4,0.384479,196853200,iters,10,0.0551438863,2.713834504,0.9796804535,3.121866385,0,3,,pmeal-hpc,2026-09-04T16:03:35,
tortuosity,gpu,matrixfree,16,n800_b050_p040,800,0.5,0.4,0.384479,196853200,iters,18,-0.2961145651,2.713834504,1.109112978,3.747523325,-0,3,,pmeal-hpc,2026-09-04T16:03:35,
tortuosity,gpu,matrixfree,16,n800_b050_p040,800,0.5,0.4,0.384479,196853200,iters,33,1.818780272,2.713834504,0.3298116487,4.90542465,0,3,,pmeal-hpc,2026-09-04T16:03:35,
tortuosity,gpu,matrixfree,16,n800_b050_p040,800,0.5,0.4,0.384479,196853200,iters,59,2.687636006,2.713834504,0.009653682876,6.902209094,0,3,,pmeal-hpc,2026-09-04T16:03:35,
tortuosity,gpu,matrixfree,16,n800_b050_p040,800,0.5,0.4,0.384479,196853200,iters,106,2.71395421,2.713834504,4.410963381e-05,10.54314825,0,3,target_reached,pmeal-hpc,2026-09-04T16:03:35,
tortuosity,gpu,matrixfree,16,n800_b050_p060,800,0.5,0.6,0.59834,306349955,iters,1,0.005151381393,1.573690994,0.9967265611,3.505323349,0,3,,pmeal-hpc,2026-09-04T16:04:27,
tortuosity,gpu,matrixfree,16,n800_b050_p060,800,0.5,0.6,0.59834,306349955,iters,2,0.006320214985,1.573690994,0.9959838272,3.609833738,0,3,,pmeal-hpc,2026-09-04T16:04:27,
tortuosity,gpu,matrixfree,16,n800_b050_p060,800,0.5,0.6,0.59834,306349955,iters,3,0.008207347541,1.573690994,0.9947846511,3.730658862,0,3,,pmeal-hpc,2026-09-04T16:04:27,
tortuosity,gpu,matrixfree,16,n800_b050_p060,800,0.5,0.6,0.59834,306349955,iters,6,0.04437170678,1.573690994,0.9718040537,4.05560022,0,3,,pmeal-hpc,2026-09-04T16:04:27,
tortuosity,gpu,matrixfree,16,n800_b050_p060,800,0.5,0.6,0.59834,306349955,iters,10,0.06288457708,1.573690994,0.9600400731,4.496790951,0,3,,pmeal-hpc,2026-09-04T16:04:27,
tortuosity,gpu,matrixfree,16,n800_b050_p060,800,0.5,0.6,0.59834,306349955,iters,18,-0.3745558871,1.573690994,1.238011076,5.383600698,-0,3,,pmeal-hpc,2026-09-04T16:04:27,
tortuosity,gpu,matrixfree,16,n800_b050_p060,800,0.5,0.6,0.59834,306349955,iters,33,1.270446307,1.573690994,0.1926964621,7.054391509,0,3,,pmeal-hpc,2026-09-04T16:04:27,
tortuosity,gpu,matrixfree,16,n800_b050_p060,800,0.5,0.6,0.59834,306349955,iters,59,1.571881367,1.573690994,0.00114992494,9.946125675,0,3,,pmeal-hpc,2026-09-04T16:04:27,
tortuosity,gpu,matrixfree,16,n800_b050_p060,800,0.5,0.6,0.59834,306349955,iters,106,1.57408847,1.573690994,0.0002525755748,15.16621021,0,3,target_reached,pmeal-hpc,2026-09-04T16:04:27,
tortuosity,gpu,matrixfree,16,n800_b050_p080,800,0.5,0.8,0.807732,413558797,iters,1,0.005527181593,1.158681783,0.9952297674,4.196455426,0,3,,pmeal-hpc,2026-09-04T16:05:10,
tortuosity,gpu,matrixfree,16,n800_b050_p080,800,0.5,0.8,0.807732,413558797,iters,2,0.006784557485,1.158681783,0.9941445895,4.343738006,0,3,,pmeal-hpc,2026-09-04T16:05:10,
tortuosity,gpu,matrixfree,16,n800_b050_p080,800,0.5,0.8,0.807732,413558797,iters,3,0.008949489945,1.158681783,0.9922761451,4.487443922,0,3,,pmeal-hpc,2026-09-04T16:05:10,
tortuosity,gpu,matrixfree,16,n800_b050_p080,800,0.5,0.8,0.807732,413558797,iters,6,0.04762898975,1.158681783,0.9588938133,4.918184274,0,3,,pmeal-hpc,2026-09-04T16:05:10,
tortuosity,gpu,matrixfree,16,n800_b050_p080,800,0.5,0.8,0.807732,413558797,iters,10,0.06616047586,1.158681783,0.9429002192,5.473284203,0,3,,pmeal-hpc,2026-09-04T16:05:10,
tortuosity,gpu,matrixfree,16,n800_b050_p080,800,0.5,0.8,0.807732,413558797,iters,18,-0.4479249829,1.158681783,1.386581536,6.601418273,-0,3,,pmeal-hpc,2026-09-04T16:05:10,
tortuosity,gpu,matrixfree,16,n800_b050_p080,800,0.5,0.8,0.807732,413558797,iters,33,0.9856950085,1.158681783,0.149296189,8.70605721,0,3,,pmeal-hpc,2026-09-04T16:05:10,
tortuosity,gpu,matrixfree,16,n800_b050_p080,800,0.5,0.8,0.807732,413558797,iters,59,1.159051115,1.158681783,0.0003187516092,12.38051874,0,3,target_reached,pmeal-hpc,2026-09-04T16:05:10,
tortuosity,gpu,matrixfree,16,n800_b050_p095,800,0.5,0.95,0.953798,488344573,iters,1,0.005442743782,1.027543224,0.9947031486,4.899355214,0,3,,pmeal-hpc,2026-09-04T16:05:59,
tortuosity,gpu,matrixfree,16,n800_b050_p095,800,0.5,0.95,0.953798,488344573,iters,2,0.00668419288,1.027543224,0.9934949764,5.054992724,0,3,,pmeal-hpc,2026-09-04T16:05:59,
tortuosity,gpu,matrixfree,16,n800_b050_p095,800,0.5,0.95,0.953798,488344573,iters,3,0.009009192342,1.027543224,0.9912322984,5.209941894,0,3,,pmeal-hpc,2026-09-04T16:05:59,
tortuosity,gpu,matrixfree,16,n800_b050_p095,800,0.5,0.95,0.953798,488344573,iters,6,0.04732732242,1.027543224,0.9539412831,5.696461741,0,3,,pmeal-hpc,2026-09-04T16:05:59,
tortuosity,gpu,matrixfree,16,n800_b050_p095,800,0.5,0.95,0.953798,488344573,iters,10,0.06522314938,1.027543224,0.9365251526,6.346489736,0,3,,pmeal-hpc,2026-09-04T16:05:59,
tortuosity,gpu,matrixfree,16,n800_b050_p095,800,0.5,0.95,0.953798,488344573,iters,18,-0.4810659547,1.027543224,1.468171016,7.634707778,-0,3,,pmeal-hpc,2026-09-04T16:05:59,
tortuosity,gpu,matrixfree,16,n800_b050_p095,800,0.5,0.95,0.953798,488344573,iters,33,0.8925350335,1.027543224,0.1313893054,10.02802104,0,3,,pmeal-hpc,2026-09-04T16:05:59,
tortuosity,gpu,matrixfree,16,n800_b050_p095,800,0.5,0.95,0.953798,488344573,iters,59,1.027223343,1.027543224,0.0003113064221,14.20033989,0,3,target_reached,pmeal-hpc,2026-09-04T16:05:59,
tortuosity,gpu,matrixfree,16,n800_b100_p020,800,1,0.2,0.185425,94937803,iters,1,0.004628686867,12.62304881,0.9996333147,1.715573705,0,3,,pmeal-hpc,2026-09-04T16:06:36,
tortuosity,gpu,matrixfree,16,n800_b100_p020,800,1,0.2,0.185425,94937803,iters,2,0.005636520185,12.62304881,0.9995534739,1.759506343,0,3,,pmeal-hpc,2026-09-04T16:06:36,
tortuosity,gpu,matrixfree,16,n800_b100_p020,800,1,0.2,0.185425,94937803,iters,3,0.007034356871,12.62304881,0.9994427371,1.805887414,0,3,,pmeal-hpc,2026-09-04T16:06:36,
tortuosity,gpu,matrixfree,16,n800_b100_p020,800,1,0.2,0.185425,94937803,iters,6,0.04029042795,12.62304881,0.9968081857,1.943206191,0,3,,pmeal-hpc,2026-09-04T16:06:36,
tortuosity,gpu,matrixfree,16,n800_b100_p020,800,1,0.2,0.185425,94937803,iters,10,0.06018517162,12.62304881,0.9952321208,2.139566188,0,3,,pmeal-hpc,2026-09-04T16:06:36,
tortuosity,gpu,matrixfree,16,n800_b100_p020,800,1,0.2,0.185425,94937803,iters,18,-0.3358672382,12.62304881,1.026607458,2.51358298,-0,3,,pmeal-hpc,2026-09-04T16:06:36,
tortuosity,gpu,matrixfree,16,n800_b100_p020,800,1,0.2,0.185425,94937803,iters,33,4.036028954,12.62304881,0.6802651234,3.225559472,0,3,,pmeal-hpc,2026-09-04T16:06:36,
tortuosity,gpu,matrixfree,16,n800_b100_p020,800,1,0.2,0.185425,94937803,iters,59,10.37824235,12.62304881,0.1778339362,4.461653476,0,3,,pmeal-hpc,2026-09-04T16:06:36,
tortuosity,gpu,matrixfree,16,n800_b100_p020,800,1,0.2,0.185425,94937803,iters,106,12.31321002,12.62304881,0.0245454802,6.689856181,0,3,,pmeal-hpc,2026-09-04T16:06:36,
tortuosity,gpu,matrixfree,16,n800_b100_p020,800,1,0.2,0.185425,94937803,iters,189,12.62121536,12.62304881,0.0001452459215,10.62698578,0,3,target_reached,pmeal-hpc,2026-09-04T16:06:36,
tortuosity,gpu,matrixfree,16,n800_b100_p040,800,1,0.4,0.394666,202068918,iters,1,0.005363613959,2.604118691,0.9979403343,2.620845505,0,3,,pmeal-hpc,2026-09-04T16:07:17,
tortuosity,gpu,matrixfree,16,n800_b100_p040,800,1,0.4,0.394666,202068918,iters,2,0.00653449163,2.604118691,0.997490709,2.709239159,0,3,,pmeal-hpc,2026-09-04T16:07:17,
tortuosity,gpu,matrixfree,16,n800_b100_p040,800,1,0.4,0.394666,202068918,iters,3,0.00810086405,2.604118691,0.9968892109,2.789555684,0,3,,pmeal-hpc,2026-09-04T16:07:17,
tortuosity,gpu,matrixfree,16,n800_b100_p040,800,1,0.4,0.394666,202068918,iters,6,0.04510548527,2.604118691,0.9826791746,3.044195576,0,3,,pmeal-hpc,2026-09-04T16:07:17,
tortuosity,gpu,matrixfree,16,n800_b100_p040,800,1,0.4,0.394666,202068918,iters,10,0.0662825906,2.604118691,0.9745470163,3.387663166,0,3,,pmeal-hpc,2026-09-04T16:07:17,
tortuosity,gpu,matrixfree,16,n800_b100_p040,800,1,0.4,0.394666,202068918,iters,18,-0.3784804469,2.604118691,1.145339169,4.07390297,-0,3,,pmeal-hpc,2026-09-04T16:07:17,
tortuosity,gpu,matrixfree,16,n800_b100_p040,800,1,0.4,0.394666,202068918,iters,33,1.991638326,2.604118691,0.2351967932,5.365444207,0,3,,pmeal-hpc,2026-09-04T16:07:17,
tortuosity,gpu,matrixfree,16,n800_b100_p040,800,1,0.4,0.394666,202068918,iters,59,2.597516013,2.604118691,0.002535475118,7.627311191,0,3,,pmeal-hpc,2026-09-04T16:07:17,
tortuosity,gpu,matrixfree,16,n800_b100_p040,800,1,0.4,0.394666,202068918,iters,106,2.603795611,2.604118691,0.0001240648994,11.70596967,0,3,target_reached,pmeal-hpc,2026-09-04T16:07:17,
tortuosity,gpu,matrixfree,16,n800_b100_p060,800,1,0.6,0.599309,306846383,iters,1,0.005871009899,1.538358863,0.9961835889,3.532089451,0,3,,pmeal-hpc,2026-09-04T16:07:54,
tortuosity,gpu,matrixfree,16,n800_b100_p060,800,1,0.6,0.599309,306846383,iters,2,0.007173732016,1.538358863,0.995336763,3.652397362,0,3,,pmeal-hpc,2026-09-04T16:07:54,
tortuosity,gpu,matrixfree,16,n800_b100_p060,800,1,0.6,0.599309,306846383,iters,3,0.008995204482,1.538358863,0.9941527268,3.772571234,0,3,,pmeal-hpc,2026-09-04T16:07:54,
tortuosity,gpu,matrixfree,16,n800_b100_p060,800,1,0.6,0.599309,306846383,iters,6,0.04900076558,1.538358863,0.9681473766,4.131584505,0,3,,pmeal-hpc,2026-09-04T16:07:54,
tortuosity,gpu,matrixfree,16,n800_b100_p060,800,1,0.6,0.599309,306846383,iters,10,0.07039795924,1.538358863,0.9542382724,4.63031634,0,3,,pmeal-hpc,2026-09-04T16:07:54,
tortuosity,gpu,matrixfree,16,n800_b100_p060,800,1,0.6,0.599309,306846383,iters,18,-0.4382399014,1.538358863,1.284874948,5.595845539,-0,3,,pmeal-hpc,2026-09-04T16:07:54,
tortuosity,gpu,matrixfree,16,n800_b100_p060,800,1,0.6,0.599309,306846383,iters,33,1.301990105,1.538358863,0.1536499469,7.351286316,0,3,,pmeal-hpc,2026-09-04T16:07:54,
tortuosity,gpu,matrixfree,16,n800_b100_p060,800,1,0.6,0.599309,306846383,iters,59,1.538552638,1.538358863,0.000125962333,10.41407473,0,3,target_reached,pmeal-hpc,2026-09-04T16:07:54,
tortuosity,gpu,matrixfree,16,n800_b100_p080,800,1,0.8,0.802797,411032289,iters,1,0.005967772498,1.178837076,0.9949375765,4.332189955,0,3,,pmeal-hpc,2026-09-04T16:08:38,
tortuosity,gpu,matrixfree,16,n800_b100_p080,800,1,0.8,0.802797,411032289,iters,2,0.007302389675,1.178837076,0.9938054292,4.467665272,0,3,,pmeal-hpc,2026-09-04T16:08:38,
tortuosity,gpu,matrixfree,16,n800_b100_p080,800,1,0.8,0.802797,411032289,iters,3,0.009244492865,1.178837076,0.9921579555,4.612146103,0,3,,pmeal-hpc,2026-09-04T16:08:38,
tortuosity,gpu,matrixfree,16,n800_b100_p080,800,1,0.8,0.802797,411032289,iters,6,0.04986928492,1.178837076,0.9576962025,5.047359701,0,3,,pmeal-hpc,2026-09-04T16:08:38,
tortuosity,gpu,matrixfree,16,n800_b100_p080,800,1,0.8,0.802797,411032289,iters,10,0.07049470561,1.178837076,0.9401997892,5.635245181,0,3,,pmeal-hpc,2026-09-04T16:08:38,
tortuosity,gpu,matrixfree,16,n800_b100_p080,800,1,0.8,0.802797,411032289,iters,18,-0.4733177436,1.178837076,1.401512434,6.81679479,-0,3,,pmeal-hpc,2026-09-04T16:08:38,
tortuosity,gpu,matrixfree,16,n800_b100_p080,800,1,0.8,0.802797,411032289,iters,33,1.022884904,1.178837076,0.1322932363,8.975313487,0,3,,pmeal-hpc,2026-09-04T16:08:38,
tortuosity,gpu,matrixfree,16,n800_b100_p080,800,1,0.8,0.802797,411032289,iters,59,1.179089887,1.178837076,0.0002144577885,12.76309813,0,3,target_reached,pmeal-hpc,2026-09-04T16:08:38,
tortuosity,gpu,matrixfree,16,n800_b100_p095,800,1,0.95,0.952043,487445980,iters,1,0.005601586919,1.033344548,0.9945791683,4.84231444,0,3,,pmeal-hpc,2026-09-04T16:09:27,
tortuosity,gpu,matrixfree,16,n800_b100_p095,800,1,0.95,0.952043,487445980,iters,2,0.006867097952,1.033344548,0.9933544935,5.001364804,0,3,,pmeal-hpc,2026-09-04T16:09:27,
tortuosity,gpu,matrixfree,16,n800_b100_p095,800,1,0.95,0.952043,487445980,iters,3,0.008949354871,1.033344548,0.991339428,5.153090041,0,3,,pmeal-hpc,2026-09-04T16:09:27,
tortuosity,gpu,matrixfree,16,n800_b100_p095,800,1,0.95,0.952043,487445980,iters,6,0.04778181313,1.033344548,0.9537600375,5.61879215,0,3,,pmeal-hpc,2026-09-04T16:09:27,
tortuosity,gpu,matrixfree,16,n800_b100_p095,800,1,0.95,0.952043,487445980,iters,10,0.06640063784,1.033344548,0.9357420156,6.259464736,0,3,,pmeal-hpc,2026-09-04T16:09:27,
tortuosity,gpu,matrixfree,16,n800_b100_p095,800,1,0.95,0.952043,487445980,iters,18,-0.4710479121,1.033344548,1.455847871,7.540438093,-0,3,,pmeal-hpc,2026-09-04T16:09:27,
tortuosity,gpu,matrixfree,16,n800_b100_p095,800,1,0.95,0.952043,487445980,iters,33,0.9015745364,1.033344548,0.1275179821,9.936032211,0,3,,pmeal-hpc,2026-09-04T16:09:27,
tortuosity,gpu,matrixfree,16,n800_b100_p095,800,1,0.95,0.952043,487445980,iters,59,1.032963498,1.033344548,0.0003687536824,14.17932635,0,3,target_reached,pmeal-hpc,2026-09-04T16:09:27,
tortuosity,gpu,matrixfree,16,n800_b200_p020,800,2,0.2,0.18995,97254252,iters,1,0.004582563573,13.56020695,0.999662058,1.886542912,0,3,,pmeal-hpc,2026-09-04T16:10:37,
tortuosity,gpu,matrixfree,16,n800_b200_p020,800,2,0.2,0.18995,97254252,iters,2,0.005489014517,13.56020695,0.9995952116,1.945411421,0,3,,pmeal-hpc,2026-09-04T16:10:37,
tortuosity,gpu,matrixfree,16,n800_b200_p020,800,2,0.2,0.18995,97254252,iters,3,0.006908537749,13.56020695,0.9994905286,2.002814954,0,3,,pmeal-hpc,2026-09-04T16:10:37,
tortuosity,gpu,matrixfree,16,n800_b200_p020,800,2,0.2,0.18995,97254252,iters,6,0.03706761753,13.56020695,0.9972664416,2.175933913,0,3,,pmeal-hpc,2026-09-04T16:10:37,
tortuosity,gpu,matrixfree,16,n800_b200_p020,800,2,0.2,0.18995,97254252,iters,10,0.06087161665,13.56020695,0.9955110112,2.407771088,0,3,,pmeal-hpc,2026-09-04T16:10:37,
tortuosity,gpu,matrixfree,16,n800_b200_p020,800,2,0.2,0.18995,97254252,iters,18,-0.4904736951,13.56020695,1.036170074,2.871065331,-0,3,,pmeal-hpc,2026-09-04T16:10:37,
tortuosity,gpu,matrixfree,16,n800_b200_p020,800,2,0.2,0.18995,97254252,iters,33,2.396054251,13.56020695,0.8233025307,3.743879787,0,3,,pmeal-hpc,2026-09-04T16:10:37,
tortuosity,gpu,matrixfree,16,n800_b200_p020,800,2,0.2,0.18995,97254252,iters,59,7.469137677,13.56020695,0.4491870438,5.218408968,0,3,,pmeal-hpc,2026-09-04T16:10:37,
tortuosity,gpu,matrixfree,16,n800_b200_p020,800,2,0.2,0.18995,97254252,iters,106,12.53944066,13.56020695,0.0752766012,7.907629969,0,3,,pmeal-hpc,2026-09-04T16:10:37,
tortuosity,gpu,matrixfree,16,n800_b200_p020,800,2,0.2,0.18995,97254252,iters,189,13.50627145,13.56020695,0.00397748351,12.65243126,0,3,,pmeal-hpc,2026-09-04T16:10:37,
tortuosity,gpu,matrixfree,16,n800_b200_p020,800,2,0.2,0.18995,97254252,iters,339,13.56685866,13.56020695,0.0004905315884,21.19299305,0,3,target_reached,pmeal-hpc,2026-09-04T16:10:37,
tortuosity,gpu,matrixfree,16,n800_b200_p040,800,2,0.4,0.3993,204441481,iters,1,0.005175513102,2.540426233,0.9979627383,2.867340337,0,3,,pmeal-hpc,2026-09-04T16:11:21,
tortuosity,gpu,matrixfree,16,n800_b200_p040,800,2,0.4,0.3993,204441481,iters,2,0.006209621562,2.540426233,0.9975556773,2.965320224,0,3,,pmeal-hpc,2026-09-04T16:11:21,
tortuosity,gpu,matrixfree,16,n800_b200_p040,800,2,0.4,0.3993,204441481,iters,3,0.007700968111,2.540426233,0.9969686315,3.062716506,0,3,,pmeal-hpc,2026-09-04T16:11:21,
tortuosity,gpu,matrixfree,16,n800_b200_p040,800,2,0.4,0.3993,204441481,iters,6,0.03984529123,2.540426233,0.9843155095,3.343181205,0,3,,pmeal-hpc,2026-09-04T16:11:21,
tortuosity,gpu,matrixfree,16,n800_b200_p040,800,2,0.4,0.3993,204441481,iters,10,0.06208498679,2.540426233,0.9755611928,3.71819698,0,3,,pmeal-hpc,2026-09-04T16:11:21,
tortuosity,gpu,matrixfree,16,n800_b200_p040,800,2,0.4,0.3993,204441481,iters,18,-0.4003160662,2.540426233,1.157578308,4.475794622,-0,3,,pmeal-hpc,2026-09-04T16:11:21,
tortuosity,gpu,matrixfree,16,n800_b200_p040,800,2,0.4,0.3993,204441481,iters,33,1.591109364,2.540426233,0.3736840915,5.86881789,0,3,,pmeal-hpc,2026-09-04T16:11:21,
tortuosity,gpu,matrixfree,16,n800_b200_p040,800,2,0.4,0.3993,204441481,iters,59,2.466779466,2.540426233,0.02898992559,8.309826981,0,3,,pmeal-hpc,2026-09-04T16:11:21,
tortuosity,gpu,matrixfree,16,n800_b200_p040,800,2,0.4,0.3993,204441481,iters,106,2.540449181,2.540426233,9.032938034e-06,12.73292341,0,3,target_reached,pmeal-hpc,2026-09-04T16:11:21,
tortuosity,gpu,matrixfree,16,n800_b200_p060,800,2,0.6,0.602005,308226382,iters,1,0.005716572963,1.551467408,0.9963153767,3.626195345,0,3,,pmeal-hpc,2026-09-04T16:12:01,
tortuosity,gpu,matrixfree,16,n800_b200_p060,800,2,0.6,0.602005,308226382,iters,2,0.006908822057,1.551467408,0.9955469113,3.7509358,0,3,,pmeal-hpc,2026-09-04T16:12:01,
tortuosity,gpu,matrixfree,16,n800_b200_p060,800,2,0.6,0.602005,308226382,iters,3,0.008522218771,1.551467408,0.9945069947,3.87845987,0,3,,pmeal-hpc,2026-09-04T16:12:01,
tortuosity,gpu,matrixfree,16,n800_b200_p060,800,2,0.6,0.602005,308226382,iters,6,0.04640736404,1.551467408,0.9700880832,4.25799118,0,3,,pmeal-hpc,2026-09-04T16:12:01,
tortuosity,gpu,matrixfree,16,n800_b200_p060,800,2,0.6,0.602005,308226382,iters,10,0.06969333167,1.551467408,0.9550790875,4.78777938,0,3,,pmeal-hpc,2026-09-04T16:12:01,
tortuosity,gpu,matrixfree,16,n800_b200_p060,800,2,0.6,0.602005,308226382,iters,18,-0.466362921,1.551467408,1.300594726,5.81047469,-0,3,,pmeal-hpc,2026-09-04T16:12:01,
tortuosity,gpu,matrixfree,16,n800_b200_p060,800,2,0.6,0.602005,308226382,iters,33,1.393685297,1.551467408,0.101698631,7.760430051,0,3,,pmeal-hpc,2026-09-04T16:12:01,
tortuosity,gpu,matrixfree,16,n800_b200_p060,800,2,0.6,0.602005,308226382,iters,59,1.552210738,1.551467408,0.0004791143853,11.09008348,0,3,target_reached,pmeal-hpc,2026-09-04T16:12:01,
tortuosity,gpu,matrixfree,16,n800_b200_p080,800,2,0.8,0.802459,410859253,iters,1,0.005883905046,1.188212956,0.9950481056,4.415289994,0,3,,pmeal-hpc,2026-09-04T16:12:47,
tortuosity,gpu,matrixfree,16,n800_b200_p080,800,2,0.8,0.802459,410859253,iters,2,0.007138089412,1.188212956,0.9939925841,4.559692831,0,3,,pmeal-hpc,2026-09-04T16:12:47,
tortuosity,gpu,matrixfree,16,n800_b200_p080,800,2,0.8,0.802459,410859253,iters,3,0.008804969759,1.188212956,0.9925897376,4.701282321,0,3,,pmeal-hpc,2026-09-04T16:12:47,
tortuosity,gpu,matrixfree,16,n800_b200_p080,800,2,0.8,0.802459,410859253,iters,6,0.04783697437,1.188212956,0.9597404033,5.156780972,0,3,,pmeal-hpc,2026-09-04T16:12:47,
tortuosity,gpu,matrixfree,16,n800_b200_p080,800,2,0.8,0.802459,410859253,iters,10,0.06976353403,1.188212956,0.9412870112,5.780727669,0,3,,pmeal-hpc,2026-09-04T16:12:47,
tortuosity,gpu,matrixfree,16,n800_b200_p080,800,2,0.8,0.802459,410859253,iters,18,-0.4816912381,1.188212956,1.405391336,7.013000775,-0,3,,pmeal-hpc,2026-09-04T16:12:47,
tortuosity,gpu,matrixfree,16,n800_b200_p080,800,2,0.8,0.802459,410859253,iters,33,1.067719299,1.188212956,0.1014074593,9.288279392,0,3,,pmeal-hpc,2026-09-04T16:12:47,
tortuosity,gpu,matrixfree,16,n800_b200_p080,800,2,0.8,0.802459,410859253,iters,59,1.188840384,1.188212956,0.0005280431286,13.25101325,0,3,target_reached,pmeal-hpc,2026-09-04T16:12:47,
tortuosity,gpu,matrixfree,16,n800_b200_p095,800,2,0.95,0.949699,486245700,iters,1,0.005614132802,1.038427024,0.9945936184,4.725718547,0,3,,pmeal-hpc,2026-09-04T16:13:36,
tortuosity,gpu,matrixfree,16,n800_b200_p095,800,2,0.95,0.949699,486245700,iters,2,0.006847444497,1.038427024,0.9934059454,4.882431784,0,3,,pmeal-hpc,2026-09-04T16:13:36,
tortuosity,gpu,matrixfree,16,n800_b200_p095,800,2,0.95,0.949699,486245700,iters,3,0.008615981333,1.038427024,0.9917028533,5.051196981,0,3,,pmeal-hpc,2026-09-04T16:13:36,
tortuosity,gpu,matrixfree,16,n800_b200_p095,800,2,0.95,0.949699,486245700,iters,6,0.04679891859,1.038427024,0.9549328768,5.538511324,0,3,,pmeal-hpc,2026-09-04T16:13:36,
tortuosity,gpu,matrixfree,16,n800_b200_p095,800,2,0.95,0.949699,486245700,iters,10,0.06623254341,1.038427024,0.9362183939,6.186496444,0,3,,pmeal-hpc,2026-09-04T16:13:36,
tortuosity,gpu,matrixfree,16,n800_b200_p095,800,2,0.95,0.949699,486245700,iters,18,-0.4656250796,1.038427024,1.448394609,7.497291901,-0,3,,pmeal-hpc,2026-09-04T16:13:36,
tortuosity,gpu,matrixfree,16,n800_b200_p095,800,2,0.95,0.949699,486245700,iters,33,0.9193483094,1.038427024,0.1146722031,9.966859473,0,3,,pmeal-hpc,2026-09-04T16:13:36,
tortuosity,gpu,matrixfree,16,n800_b200_p095,800,2,0.95,0.949699,486245700,iters,59,1.03782848,1.038427024,0.0005763950757,14.2542389,0,3,target_reached,pmeal-hpc,2026-09-04T16:13:36,
tortuosity,gpu,matrixfree,16,n1000_b050_p040,1000,0.5,0.4,0.389098,389098003,iters,1,0.003875026941,3.244818259,0.99880578,5.024094118,0,3,,pmeal-hpc,2026-09-04T16:14:46,
tortuosity,gpu,matrixfree,16,n1000_b050_p040,1000,0.5,0.4,0.389098,389098003,iters,2,0.004743580239,3.244818259,0.998538106,5.161084321,0,3,,pmeal-hpc,2026-09-04T16:14:46,
tortuosity,gpu,matrixfree,16,n1000_b050_p040,1000,0.5,0.4,0.389098,389098003,iters,3,0.006163923173,3.244818259,0.9981003795,5.308431584,0,3,,pmeal-hpc,2026-09-04T16:14:46,
tortuosity,gpu,matrixfree,16,n1000_b050_p040,1000,0.5,0.4,0.389098,389098003,iters,6,0.03189820656,3.244818259,0.9901694936,5.73300152,0,3,,pmeal-hpc,2026-09-04T16:14:46,
tortuosity,gpu,matrixfree,16,n1000_b050_p040,1000,0.5,0.4,0.389098,389098003,iters,10,0.04296208728,3.244818259,0.9867597863,6.289894463,0,3,,pmeal-hpc,2026-09-04T16:14:46,
tortuosity,gpu,matrixfree,16,n1000_b050_p040,1000,0.5,0.4,0.389098,389098003,iters,18,-0.1629119588,3.244818259,1.050206805,7.405174962,-0,3,,pmeal-hpc,2026-09-04T16:14:46,
tortuosity,gpu,matrixfree,16,n1000_b050_p040,1000,0.5,0.4,0.389098,389098003,iters,33,1.588933524,3.244818259,0.5103166351,9.535712575,0,3,,pmeal-hpc,2026-09-04T16:14:46,
tortuosity,gpu,matrixfree,16,n1000_b050_p040,1000,0.5,0.4,0.389098,389098003,iters,59,3.044862522,3.244818259,0.06162309288,13.22011502,0,3,,pmeal-hpc,2026-09-04T16:14:46,
tortuosity,gpu,matrixfree,16,n1000_b050_p040,1000,0.5,0.4,0.389098,389098003,iters,106,3.244322927,3.244818259,0.0001526532779,19.89288146,0,3,target_reached,pmeal-hpc,2026-09-04T16:14:46,
tortuosity,gpu,matrixfree,16,n1000_b050_p060,1000,0.5,0.6,0.600543,600543162,iters,1,0.004401744211,1.529751146,0.997122575,6.639421322,0,3,,pmeal-hpc,2026-09-04T16:15:54,
tortuosity,gpu,matrixfree,16,n1000_b050_p060,1000,0.5,0.6,0.600543,600543162,iters,2,0.005406395106,1.529751146,0.9964658336,7.07952077,0,3,,pmeal-hpc,2026-09-04T16:15:54,
tortuosity,gpu,matrixfree,16,n1000_b050_p060,1000,0.5,0.6,0.600543,600543162,iters,3,0.007133609399,1.529751146,0.9953367517,7.303989618,0,3,,pmeal-hpc,2026-09-04T16:15:54,
tortuosity,gpu,matrixfree,16,n1000_b050_p060,1000,0.5,0.6,0.600543,600543162,iters,6,0.03841762404,1.529751146,0.9748863571,7.936586078,0,3,,pmeal-hpc,2026-09-04T16:15:54,
tortuosity,gpu,matrixfree,16,n1000_b050_p060,1000,0.5,0.6,0.600543,600543162,iters,10,0.05412261349,1.529751146,0.9646199883,8.767705537,0,3,,pmeal-hpc,2026-09-04T16:15:54,
tortuosity,gpu,matrixfree,16,n1000_b050_p060,1000,0.5,0.6,0.600543,600543162,iters,18,-0.3166956551,1.529751146,1.207024297,10.45026014,-0,3,,pmeal-hpc,2026-09-04T16:15:54,
tortuosity,gpu,matrixfree,16,n1000_b050_p060,1000,0.5,0.6,0.600543,600543162,iters,33,1.156703592,1.529751146,0.2438615948,13.58316619,0,3,,pmeal-hpc,2026-09-04T16:15:54,
tortuosity,gpu,matrixfree,16,n1000_b050_p060,1000,0.5,0.6,0.600543,600543162,iters,59,1.528540558,1.529751146,0.0007913624682,19.00076113,0,3,target_reached,pmeal-hpc,2026-09-04T16:15:54,
tortuosity,gpu,matrixfree,16,n1000_b050_p080,1000,0.5,0.8,0.808622,808621670,iters,1,0.004668347917,1.174130449,0.9960239955,8.566887287,0,3,,pmeal-hpc,2026-09-04T16:17:18,
tortuosity,gpu,matrixfree,16,n1000_b050_p080,1000,0.5,0.8,0.808622,808621670,iters,2,0.005734435689,1.174130449,0.9951160148,9.001455799,0,3,,pmeal-hpc,2026-09-04T16:17:18,
tortuosity,gpu,matrixfree,16,n1000_b050_p080,1000,0.5,0.8,0.808622,808621670,iters,3,0.007634031717,1.174130449,0.9934981401,9.276652647,0,3,,pmeal-hpc,2026-09-04T16:17:18,
tortuosity,gpu,matrixfree,16,n1000_b050_p080,1000,0.5,0.8,0.808622,808621670,iters,6,0.04056501378,1.174130449,0.9654510163,10.34084938,0,3,,pmeal-hpc,2026-09-04T16:17:18,
tortuosity,gpu,matrixfree,16,n1000_b050_p080,1000,0.5,0.8,0.808622,808621670,iters,10,0.05633721084,1.174130449,0.9520179288,11.50657631,0,3,,pmeal-hpc,2026-09-04T16:17:18,
tortuosity,gpu,matrixfree,16,n1000_b050_p080,1000,0.5,0.8,0.808622,808621670,iters,18,-0.3589437681,1.174130449,1.305710297,13.67725886,-0,3,,pmeal-hpc,2026-09-04T16:17:18,
tortuosity,gpu,matrixfree,16,n1000_b050_p080,1000,0.5,0.8,0.808622,808621670,iters,33,0.9541863661,1.174130449,0.1873250822,17.77404371,0,3,,pmeal-hpc,2026-09-04T16:17:18,
tortuosity,gpu,matrixfree,16,n1000_b050_p080,1000,0.5,0.8,0.808622,808621670,iters,59,1.173782361,1.174130449,0.0002964641724,24.86122617,0,3,target_reached,pmeal-hpc,2026-09-04T16:17:18,
tortuosity,gpu,matrixfree,16,n1000_b050_p095,1000,0.5,0.95,0.951714,951714034,iters,1,0.004551321692,1.035720079,0.995605645,8.979822333,0,3,,pmeal-hpc,2026-09-04T16:19:30,
tortuosity,gpu,matrixfree,16,n1000_b050_p095,1000,0.5,0.95,0.951714,951714034,iters,2,0.005572999265,1.035720079,0.9946192032,9.55588676,0,3,,pmeal-hpc,2026-09-04T16:19:30,
tortuosity,gpu,matrixfree,16,n1000_b050_p095,1000,0.5,0.95,0.951714,951714034,iters,3,0.007424569727,1.035720079,0.99283149,9.842776963,0,3,,pmeal-hpc,2026-09-04T16:19:30,
tortuosity,gpu,matrixfree,16,n1000_b050_p095,1000,0.5,0.95,0.951714,951714034,iters,6,0.03738173137,1.035720079,0.9639074957,11.00003749,0,3,,pmeal-hpc,2026-09-04T16:19:30,
tortuosity,gpu,matrixfree,16,n1000_b050_p095,1000,0.5,0.95,0.951714,951714034,iters,10,0.04871944674,1.035720079,0.9529607973,12.16640029,0,3,,pmeal-hpc,2026-09-04T16:19:30,
tortuosity,gpu,matrixfree,16,n1000_b050_p095,1000,0.5,0.95,0.951714,951714034,iters,18,-0.2188787488,1.035720079,1.211330024,14.51675839,-0,3,,pmeal-hpc,2026-09-04T16:19:30,
tortuosity,gpu,matrixfree,16,n1000_b050_p095,1000,0.5,0.95,0.951714,951714034,iters,33,0.7623961886,1.035720079,0.2638974526,18.88439011,0,3,,pmeal-hpc,2026-09-04T16:19:30,
tortuosity,gpu,matrixfree,16,n1000_b050_p095,1000,0.5,0.95,0.951714,951714034,iters,59,1.033545151,1.035720079,0.002099918305,26.49456795,0,3,,pmeal-hpc,2026-09-04T16:19:30,
tortuosity,gpu,matrixfree,16,n1000_b050_p095,1000,0.5,0.95,0.951714,951714034,iters,106,1.035809146,1.035720079,8.599487065e-05,40.32087545,0,3,target_reached,pmeal-hpc,2026-09-04T16:19:30,
tortuosity,gpu,matrixfree,16,n1000_b100_p020,1000,1,0.2,0.184187,184187030,iters,1,0.003398680284,13.16595545,0.9997418584,3.330293418,0,3,,pmeal-hpc,2026-09-04T16:21:16,
tortuosity,gpu,matrixfree,16,n1000_b100_p020,1000,1,0.2,0.184187,184187030,iters,2,0.004131931534,13.16595545,0.9996861655,3.414608299,0,3,,pmeal-hpc,2026-09-04T16:21:16,
tortuosity,gpu,matrixfree,16,n1000_b100_p020,1000,1,0.2,0.184187,184187030,iters,3,0.005169368481,13.16595545,0.9996073685,3.500294834,0,3,,pmeal-hpc,2026-09-04T16:21:16,
tortuosity,gpu,matrixfree,16,n1000_b100_p020,1000,1,0.2,0.184187,184187030,iters,6,0.02776798933,13.16595545,0.9978909249,3.757102618,0,3,,pmeal-hpc,2026-09-04T16:21:16,
tortuosity,gpu,matrixfree,16,n1000_b100_p020,1000,1,0.2,0.184187,184187030,iters,10,0.04010031389,13.16595545,0.996954242,4.09881988,0,3,,pmeal-hpc,2026-09-04T16:21:16,
tortuosity,gpu,matrixfree,16,n1000_b100_p020,1000,1,0.2,0.184187,184187030,iters,18,-0.1732290039,13.16595545,1.013157344,4.771199685,-0,3,,pmeal-hpc,2026-09-04T16:21:16,
tortuosity,gpu,matrixfree,16,n1000_b100_p020,1000,1,0.2,0.184187,184187030,iters,33,2.089855909,13.16595545,0.8412681922,6.035687587,0,3,,pmeal-hpc,2026-09-04T16:21:16,
tortuosity,gpu,matrixfree,16,n1000_b100_p020,1000,1,0.2,0.184187,184187030,iters,59,7.362193298,13.16595545,0.4408158735,8.21597072,0,3,,pmeal-hpc,2026-09-04T16:21:16,
tortuosity,gpu,matrixfree,16,n1000_b100_p020,1000,1,0.2,0.184187,184187030,iters,106,12.41772718,13.16595545,0.0568305337,12.16970054,0,3,,pmeal-hpc,2026-09-04T16:21:16,
tortuosity,gpu,matrixfree,16,n1000_b100_p020,1000,1,0.2,0.184187,184187030,iters,189,13.02169888,13.16595545,0.01095678687,19.12885171,0,3,,pmeal-hpc,2026-09-04T16:21:16,
tortuosity,gpu,matrixfree,16,n1000_b100_p020,1000,1,0.2,0.184187,184187030,iters,339,13.17123568,13.16595545,0.0004010519551,31.75628055,0,3,target_reached,pmeal-hpc,2026-09-04T16:21:16,
tortuosity,gpu,matrixfree,16,n1000_b100_p040,1000,1,0.4,0.395251,395251340,iters,1,0.004064395282,2.652234457,0.9984675581,5.279100241,0,3,,pmeal-hpc,2026-09-04T16:22:31,
tortuosity,gpu,matrixfree,16,n1000_b100_p040,1000,1,0.4,0.395251,395251340,iters,2,0.004953372198,2.652234457,0.9981323777,5.435394622,0,3,,pmeal-hpc,2026-09-04T16:22:31,
tortuosity,gpu,matrixfree,16,n1000_b100_p040,1000,1,0.4,0.395251,395251340,iters,3,0.006252401599,2.652234457,0.9976425909,5.594820618,0,3,,pmeal-hpc,2026-09-04T16:22:31,
tortuosity,gpu,matrixfree,16,n1000_b100_p040,1000,1,0.4,0.395251,395251340,iters,6,0.03292923994,2.652234457,0.9875843405,6.068024226,0,3,,pmeal-hpc,2026-09-04T16:22:31,
tortuosity,gpu,matrixfree,16,n1000_b100_p040,1000,1,0.4,0.395251,395251340,iters,10,0.04609184727,2.652234457,0.9826215035,6.672464024,0,3,,pmeal-hpc,2026-09-04T16:22:31,
tortuosity,gpu,matrixfree,16,n1000_b100_p040,1000,1,0.4,0.395251,395251340,iters,18,-0.1979150774,2.652234457,1.074622014,7.895475816,-0,3,,pmeal-hpc,2026-09-04T16:22:31,
tortuosity,gpu,matrixfree,16,n1000_b100_p040,1000,1,0.4,0.395251,395251340,iters,33,1.300377228,2.652234457,0.5097050247,10.16996046,0,3,,pmeal-hpc,2026-09-04T16:22:31,
tortuosity,gpu,matrixfree,16,n1000_b100_p040,1000,1,0.4,0.395251,395251340,iters,59,2.515456351,2.652234457,0.05157089539,14.14782157,0,3,,pmeal-hpc,2026-09-04T16:22:31,
tortuosity,gpu,matrixfree,16,n1000_b100_p040,1000,1,0.4,0.395251,395251340,iters,106,2.651976072,2.652234457,9.742178069e-05,21.35177235,0,3,target_reached,pmeal-hpc,2026-09-04T16:22:31,
tortuosity,gpu,matrixfree,16,n1000_b100_p060,1000,1,0.6,0.601834,601833672,iters,1,0.004558587707,1.541790971,0.9970433166,6.802243358,0,3,,pmeal-hpc,2026-09-04T16:23:42,
tortuosity,gpu,matrixfree,16,n1000_b100_p060,1000,1,0.6,0.601834,601833672,iters,2,0.005579500998,1.541790971,0.996381156,7.02757994,0,3,,pmeal-hpc,2026-09-04T16:23:42,
tortuosity,gpu,matrixfree,16,n1000_b100_p060,1000,1,0.6,0.601834,601833672,iters,3,0.007100540785,1.541790971,0.9953946151,7.255916631,0,3,,pmeal-hpc,2026-09-04T16:23:42,
tortuosity,gpu,matrixfree,16,n1000_b100_p060,1000,1,0.6,0.601834,601833672,iters,6,0.0388766556,1.541790971,0.974784743,7.949909344,0,3,,pmeal-hpc,2026-09-04T16:23:42,
tortuosity,gpu,matrixfree,16,n1000_b100_p060,1000,1,0.6,0.601834,601833672,iters,10,0.05546274291,1.541790971,0.9640270673,8.871709717,0,3,,pmeal-hpc,2026-09-04T16:23:42,
tortuosity,gpu,matrixfree,16,n1000_b100_p060,1000,1,0.6,0.601834,601833672,iters,18,-0.3196098571,1.541790971,1.207297788,10.70249291,-0,3,,pmeal-hpc,2026-09-04T16:23:42,
tortuosity,gpu,matrixfree,16,n1000_b100_p060,1000,1,0.6,0.601834,601833672,iters,33,1.151389564,1.541790971,0.2532129285,14.13336372,0,3,,pmeal-hpc,2026-09-04T16:23:42,
tortuosity,gpu,matrixfree,16,n1000_b100_p060,1000,1,0.6,0.601834,601833672,iters,59,1.542880473,1.541790971,0.0007066473083,20.09660894,0,3,target_reached,pmeal-hpc,2026-09-04T16:23:42,
tortuosity,gpu,matrixfree,16,n1000_b100_p080,1000,1,0.8,0.805227,805226521,iters,1,0.004758075499,1.177749756,0.9959600285,7.879019329,0,3,,pmeal-hpc,2026-09-04T16:25:41,
tortuosity,gpu,matrixfree,16,n1000_b100_p080,1000,1,0.8,0.805227,805226521,iters,2,0.00580920902,1.177749756,0.9950675354,8.618715614,0,3,,pmeal-hpc,2026-09-04T16:25:41,
tortuosity,gpu,matrixfree,16,n1000_b100_p080,1000,1,0.8,0.805227,805226521,iters,3,0.007428807505,1.177749756,0.9936923719,8.878654634,0,3,,pmeal-hpc,2026-09-04T16:25:41,
tortuosity,gpu,matrixfree,16,n1000_b100_p080,1000,1,0.8,0.805227,805226521,iters,6,0.03789347532,1.177749756,0.967825529,9.677945733,0,3,,pmeal-hpc,2026-09-04T16:25:41,
tortuosity,gpu,matrixfree,16,n1000_b100_p080,1000,1,0.8,0.805227,805226521,iters,10,0.05086022989,1.177749756,0.9568157585,10.74194985,0,3,,pmeal-hpc,2026-09-04T16:25:41,
tortuosity,gpu,matrixfree,16,n1000_b100_p080,1000,1,0.8,0.805227,805226521,iters,18,-0.2229830348,1.177749756,1.189329723,12.86396778,-0,3,,pmeal-hpc,2026-09-04T16:25:41,
tortuosity,gpu,matrixfree,16,n1000_b100_p080,1000,1,0.8,0.805227,805226521,iters,33,0.8400628171,1.177749756,0.2867221472,16.8464439,0,3,,pmeal-hpc,2026-09-04T16:25:41,
tortuosity,gpu,matrixfree,16,n1000_b100_p080,1000,1,0.8,0.805227,805226521,iters,59,1.17499746,1.177749756,0.002336910677,23.7001678,0,3,,pmeal-hpc,2026-09-04T16:25:41,
tortuosity,gpu,matrixfree,16,n1000_b100_p080,1000,1,0.8,0.805227,805226521,iters,106,1.177887411,1.177749756,0.0001168794201,36.07105744,0,3,target_reached,pmeal-hpc,2026-09-04T16:25:41,
tortuosity,gpu,matrixfree,16,n1000_b100_p095,1000,1,0.95,0.950636,950636264,iters,1,0.004567928792,1.034226161,0.9955832399,8.818840422,0,3,,pmeal-hpc,2026-09-04T16:27:53,
tortuosity,gpu,matrixfree,16,n1000_b100_p095,1000,1,0.95,0.950636,950636264,iters,2,0.005586943761,1.034226161,0.9945979477,9.596762863,0,3,,pmeal-hpc,2026-09-04T16:27:53,
tortuosity,gpu,matrixfree,16,n1000_b100_p095,1000,1,0.95,0.950636,950636264,iters,3,0.00729711823,1.034226161,0.9929443689,9.887153398,0,3,,pmeal-hpc,2026-09-04T16:27:53,
tortuosity,gpu,matrixfree,16,n1000_b100_p095,1000,1,0.95,0.950636,950636264,iters,6,0.03687123562,1.034226161,0.9643489625,10.84665398,0,3,,pmeal-hpc,2026-09-04T16:27:53,
tortuosity,gpu,matrixfree,16,n1000_b100_p095,1000,1,0.95,0.950636,950636264,iters,10,0.04860323642,1.034226161,0.9530052147,12.0202092,0,3,,pmeal-hpc,2026-09-04T16:27:53,
tortuosity,gpu,matrixfree,16,n1000_b100_p095,1000,1,0.95,0.950636,950636264,iters,18,-0.2127373525,1.034226161,1.205697129,14.38160273,-0,3,,pmeal-hpc,2026-09-04T16:27:53,
tortuosity,gpu,matrixfree,16,n1000_b100_p095,1000,1,0.95,0.950636,950636264,iters,33,0.7628041688,1.034226161,0.2624396892,18.82860537,0,3,,pmeal-hpc,2026-09-04T16:27:53,
tortuosity,gpu,matrixfree,16,n1000_b100_p095,1000,1,0.95,0.950636,950636264,iters,59,1.031876436,1.034226161,0.002271964295,26.49531534,0,3,,pmeal-hpc,2026-09-04T16:27:53,
tortuosity,gpu,matrixfree,16,n1000_b100_p095,1000,1,0.95,0.950636,950636264,iters,106,1.034303342,1.034226161,7.462704196e-05,40.41407598,0,3,target_reached,pmeal-hpc,2026-09-04T16:27:53,
tortuosity,gpu,matrixfree,16,n1000_b200_p020,1000,2,0.2,0.190252,190252394,iters,1,0.003424435295,10.17284166,0.9996633748,3.693419792,0,3,,pmeal-hpc,2026-09-04T16:29:11,
tortuosity,gpu,matrixfree,16,n1000_b200_p020,1000,2,0.2,0.190252,190252394,iters,2,0.004116581708,10.17284166,0.9995953361,3.793598957,0,3,,pmeal-hpc,2026-09-04T16:29:11,
tortuosity,gpu,matrixfree,16,n1000_b200_p020,1000,2,0.2,0.190252,190252394,iters,3,0.005187897271,10.17284166,0.9994900248,3.895831708,0,3,,pmeal-hpc,2026-09-04T16:29:11,
tortuosity,gpu,matrixfree,16,n1000_b200_p020,1000,2,0.2,0.190252,190252394,iters,6,0.0284641637,10.17284166,0.9972019457,4.210405787,0,3,,pmeal-hpc,2026-09-04T16:29:11,
tortuosity,gpu,matrixfree,16,n1000_b200_p020,1000,2,0.2,0.190252,190252394,iters,10,0.04424179228,10.17284166,0.9956509898,4.617830646,0,3,,pmeal-hpc,2026-09-04T16:29:11,
tortuosity,gpu,matrixfree,16,n1000_b200_p020,1000,2,0.2,0.190252,190252394,iters,18,-0.2920138177,10.17284166,1.028705236,5.420944433,-0,3,,pmeal-hpc,2026-09-04T16:29:11,
tortuosity,gpu,matrixfree,16,n1000_b200_p020,1000,2,0.2,0.190252,190252394,iters,33,1.590344504,10.17284166,0.8436676243,6.932123187,0,3,,pmeal-hpc,2026-09-04T16:29:11,
tortuosity,gpu,matrixfree,16,n1000_b200_p020,1000,2,0.2,0.190252,190252394,iters,59,5.728048939,10.17284166,0.4369273473,9.523433358,0,3,,pmeal-hpc,2026-09-04T16:29:11,
tortuosity,gpu,matrixfree,16,n1000_b200_p020,1000,2,0.2,0.190252,190252394,iters,106,9.68078603,10.17284166,0.04836953595,14.1895509,0,3,,pmeal-hpc,2026-09-04T16:29:11,
tortuosity,gpu,matrixfree,16,n1000_b200_p020,1000,2,0.2,0.190252,190252394,iters,189,10.17368369,10.17284166,8.277201668e-05,22.52345204,0,3,target_reached,pmeal-hpc,2026-09-04T16:29:11,
tortuosity,gpu,matrixfree,16,n1000_b200_p040,1000,2,0.4,0.398291,398291423,iters,1,0.004101206915,2.506045383,0.9983634746,5.471067391,0,3,,pmeal-hpc,2026-09-04T16:30:32,
tortuosity,gpu,matrixfree,16,n1000_b200_p040,1000,2,0.4,0.398291,398291423,iters,2,0.004940992187,2.506045383,0.9980283708,5.641050445,0,3,,pmeal-hpc,2026-09-04T16:30:32,
tortuosity,gpu,matrixfree,16,n1000_b200_p040,1000,2,0.4,0.398291,398291423,iters,3,0.006150304341,2.506045383,0.9975458129,5.804260314,0,3,,pmeal-hpc,2026-09-04T16:30:32,
tortuosity,gpu,matrixfree,16,n1000_b200_p040,1000,2,0.4,0.398291,398291423,iters,6,0.03250169067,2.506045383,0.9870306855,6.323324944,0,3,,pmeal-hpc,2026-09-04T16:30:32,
tortuosity,gpu,matrixfree,16,n1000_b200_p040,1000,2,0.4,0.398291,398291423,iters,10,0.04858500907,2.506045383,0.9806128774,7.000243931,0,3,,pmeal-hpc,2026-09-04T16:30:32,
tortuosity,gpu,matrixfree,16,n1000_b200_p040,1000,2,0.4,0.398291,398291423,iters,18,-0.2725402864,2.506045383,1.108753133,8.380347699,-0,3,,pmeal-hpc,2026-09-04T16:30:32,
tortuosity,gpu,matrixfree,16,n1000_b200_p040,1000,2,0.4,0.398291,398291423,iters,33,1.2517155,2.506045383,0.5005216154,10.92100842,0,3,,pmeal-hpc,2026-09-04T16:30:32,
tortuosity,gpu,matrixfree,16,n1000_b200_p040,1000,2,0.4,0.398291,398291423,iters,59,2.38525277,2.506045383,0.04820048885,15.3148992,0,3,,pmeal-hpc,2026-09-04T16:30:32,
tortuosity,gpu,matrixfree,16,n1000_b200_p040,1000,2,0.4,0.398291,398291423,iters,106,2.506021776,2.506045383,9.419996973e-06,23.26583719,0,3,target_reached,pmeal-hpc,2026-09-04T16:30:32,
tortuosity,gpu,matrixfree,16,n1000_b200_p060,1000,2,0.6,0.601128,601127844,iters,1,0.00443997528,1.539069636,0.9971151563,6.928121265,0,3,,pmeal-hpc,2026-09-04T16:32:16,
tortuosity,gpu,matrixfree,16,n1000_b200_p060,1000,2,0.6,0.601128,601127844,iters,2,0.005366097276,1.539069636,0.9965134149,7.146589771,0,3,,pmeal-hpc,2026-09-04T16:32:16,
tortuosity,gpu,matrixfree,16,n1000_b200_p060,1000,2,0.6,0.601128,601127844,iters,3,0.006674418975,1.539069636,0.9956633418,7.366952924,0,3,,pmeal-hpc,2026-09-04T16:32:16,
tortuosity,gpu,matrixfree,16,n1000_b200_p060,1000,2,0.6,0.601128,601127844,iters,6,0.03454676002,1.539069636,0.9775534783,8.043993357,0,3,,pmeal-hpc,2026-09-04T16:32:16,
tortuosity,gpu,matrixfree,16,n1000_b200_p060,1000,2,0.6,0.601128,601127844,iters,10,0.04972846854,1.539069636,0.9676892667,8.94274886,0,3,,pmeal-hpc,2026-09-04T16:32:16,
tortuosity,gpu,matrixfree,16,n1000_b200_p060,1000,2,0.6,0.601128,601127844,iters,18,-0.2452142397,1.539069636,1.15932628,10.77754808,-0,3,,pmeal-hpc,2026-09-04T16:32:16,
tortuosity,gpu,matrixfree,16,n1000_b200_p060,1000,2,0.6,0.601128,601127844,iters,33,0.9863581497,1.539069636,0.3591205189,14.12943885,0,3,,pmeal-hpc,2026-09-04T16:32:16,
tortuosity,gpu,matrixfree,16,n1000_b200_p060,1000,2,0.6,0.601128,601127844,iters,59,1.527053756,1.539069636,0.007807236227,20.01877491,0,3,,pmeal-hpc,2026-09-04T16:32:16,
tortuosity,gpu,matrixfree,16,n1000_b200_p060,1000,2,0.6,0.601128,601127844,iters,106,1.53924534,1.539069636,0.0001141626442,30.65334342,0,3,target_reached,pmeal-hpc,2026-09-04T16:32:16,
tortuosity,gpu,matrixfree,16,n1000_b200_p080,1000,2,0.8,0.802364,802363965,iters,1,0.004614407463,1.181214812,0.9960935069,8.086212273,0,3,,pmeal-hpc,2026-09-04T16:34:18,
tortuosity,gpu,matrixfree,16,n1000_b200_p080,1000,2,0.8,0.802364,802363965,iters,2,0.005596730073,1.181214812,0.9952618863,8.836411099,0,3,,pmeal-hpc,2026-09-04T16:34:18,
tortuosity,gpu,matrixfree,16,n1000_b200_p080,1000,2,0.8,0.802364,802363965,iters,3,0.006989890741,1.181214812,0.9940824559,9.105663406,0,3,,pmeal-hpc,2026-09-04T16:34:18,
tortuosity,gpu,matrixfree,16,n1000_b200_p080,1000,2,0.8,0.802364,802363965,iters,6,0.03587966753,1.181214812,0.9696247734,9.921879608,0,3,,pmeal-hpc,2026-09-04T16:34:18,
tortuosity,gpu,matrixfree,16,n1000_b200_p080,1000,2,0.8,0.802364,802363965,iters,10,0.04976501566,1.181214812,0.9578696312,11.00231906,0,3,,pmeal-hpc,2026-09-04T16:34:18,
tortuosity,gpu,matrixfree,16,n1000_b200_p080,1000,2,0.8,0.802364,802363965,iters,18,-0.2261235675,1.181214812,1.191433061,13.18296832,-0,3,,pmeal-hpc,2026-09-04T16:34:18,
tortuosity,gpu,matrixfree,16,n1000_b200_p080,1000,2,0.8,0.802364,802363965,iters,33,0.8430722686,1.181214812,0.2862667654,17.26097992,0,3,,pmeal-hpc,2026-09-04T16:34:18,
tortuosity,gpu,matrixfree,16,n1000_b200_p080,1000,2,0.8,0.802364,802363965,iters,59,1.177864246,1.181214812,0.002836542454,24.34484985,0,3,,pmeal-hpc,2026-09-04T16:34:18,
tortuosity,gpu,matrixfree,16,n1000_b200_p080,1000,2,0.8,0.802364,802363965,iters,106,1.181313708,1.181214812,8.372428304e-05,37.15593328,0,3,target_reached,pmeal-hpc,2026-09-04T16:34:18,
tortuosity,gpu,matrixfree,16,n1000_b200_p095,1000,2,0.95,0.950179,950179051,iters,1,0.004465442126,1.036268195,0.9956908432,9.05943807,0,3,,pmeal-hpc,2026-09-04T16:36:32,
tortuosity,gpu,matrixfree,16,n1000_b200_p095,1000,2,0.95,0.950179,950179051,iters,2,0.005444512774,1.036268195,0.9947460389,9.850625332,0,3,,pmeal-hpc,2026-09-04T16:36:32,
tortuosity,gpu,matrixfree,16,n1000_b200_p095,1000,2,0.95,0.950179,950179051,iters,3,0.006966905657,1.036268195,0.993276928,10.14385241,0,3,,pmeal-hpc,2026-09-04T16:36:32,
tortuosity,gpu,matrixfree,16,n1000_b200_p095,1000,2,0.95,0.950179,950179051,iters,6,0.03560622224,1.036268195,0.9656399546,11.09178155,0,3,,pmeal-hpc,2026-09-04T16:36:32,
tortuosity,gpu,matrixfree,16,n1000_b200_p095,1000,2,0.95,0.950179,950179051,iters,10,0.04759435292,1.036268195,0.9540713947,12.30386713,0,3,,pmeal-hpc,2026-09-04T16:36:32,
tortuosity,gpu,matrixfree,16,n1000_b200_p095,1000,2,0.95,0.950179,950179051,iters,18,-0.2071324941,1.036268195,1.199883095,14.70850763,-0,3,,pmeal-hpc,2026-09-04T16:36:32,
tortuosity,gpu,matrixfree,16,n1000_b200_p095,1000,2,0.95,0.950179,950179051,iters,33,0.7624335021,1.036268195,0.2642507936,19.182523,0,3,,pmeal-hpc,2026-09-04T16:36:32,
tortuosity,gpu,matrixfree,16,n1000_b200_p095,1000,2,0.95,0.950179,950179051,iters,59,1.033066399,1.036268195,0.003089736625,26.95449053,0,3,,pmeal-hpc,2026-09-04T16:36:32,
tortuosity,gpu,matrixfree,16,n1000_b200_p095,1000,2,0.95,0.950179,950179051,iters,106,1.036332392,1.036268195,6.194974014e-05,41.00633084,0,3,target_reached,pmeal-hpc,2026-09-04T16:36:32,
