tool,device,variant,cpu_threads,case_id,size,blobiness,porosity_target,porosity,nnodes,knob_name,knob,tau,tau_ref,rel_error,time_s,tau_spread,repeats,stop_reason,host,measured_at,note
tortuosity,cpu,matrixfree,16,n200_b050_p020,200,0.5,0.2,0.161462,1291692,iters,1,0.013407973,33.93155464,0.9996048524,0.3604928548,0,3,,pmeal-hpc,2026-08-17T13:45:38,
tortuosity,cpu,matrixfree,16,n200_b050_p020,200,0.5,0.2,0.161462,1291692,iters,2,0.01769770547,33.93155464,0.9994784293,0.3897591149,0,3,,pmeal-hpc,2026-08-17T13:45:39,
tortuosity,cpu,matrixfree,16,n200_b050_p020,200,0.5,0.2,0.161462,1291692,iters,3,0.02953242466,33.93155464,0.9991296472,0.4271477489,0,3,,pmeal-hpc,2026-08-17T13:45:39,
tortuosity,cpu,matrixfree,16,n200_b050_p020,200,0.5,0.2,0.161462,1291692,iters,6,0.1690558001,33.93155464,0.9950177408,0.5512838508,0,3,,pmeal-hpc,2026-08-17T13:45:39,
tortuosity,cpu,matrixfree,16,n200_b050_p020,200,0.5,0.2,0.161462,1291692,iters,10,0.3169537485,33.93155464,0.9906590266,0.7121673278,0,3,,pmeal-hpc,2026-08-17T13:45:39,
tortuosity,cpu,matrixfree,16,n200_b050_p020,200,0.5,0.2,0.161462,1291692,iters,18,16.01569067,33.93155464,0.528000092,1.099635115,0,3,,pmeal-hpc,2026-08-17T13:45:39,
tortuosity,cpu,matrixfree,16,n200_b050_p020,200,0.5,0.2,0.161462,1291692,iters,33,24.54361294,33.93155464,0.2766729023,1.746908916,0,3,,pmeal-hpc,2026-08-17T13:45:39,
tortuosity,cpu,matrixfree,16,n200_b050_p020,200,0.5,0.2,0.161462,1291692,iters,59,33.89919722,33.93155464,0.0009536085116,2.884240003,0,3,target_reached,pmeal-hpc,2026-08-17T13:45:39,
tortuosity,cpu,matrixfree,16,n200_b050_p040,200,0.5,0.4,0.399036,3192287,iters,1,0.02024749777,2.920079096,0.9930661132,0.464907208,0,3,,pmeal-hpc,2026-08-17T13:45:58,
tortuosity,cpu,matrixfree,16,n200_b050_p040,200,0.5,0.4,0.399036,3192287,iters,2,0.02554956137,2.920079096,0.9912503872,0.5401857288,0,3,,pmeal-hpc,2026-08-17T13:45:58,
tortuosity,cpu,matrixfree,16,n200_b050_p040,200,0.5,0.4,0.399036,3192287,iters,3,0.04648375977,2.920079096,0.9840813354,0.6201887769,0,3,,pmeal-hpc,2026-08-17T13:45:58,
tortuosity,cpu,matrixfree,16,n200_b050_p040,200,0.5,0.4,0.399036,3192287,iters,6,0.253558663,2.920079096,0.9131671936,0.8621663018,0,3,,pmeal-hpc,2026-08-17T13:45:58,
tortuosity,cpu,matrixfree,16,n200_b050_p040,200,0.5,0.4,0.399036,3192287,iters,10,0.4263783753,2.920079096,0.8539839637,1.201862623,0,3,,pmeal-hpc,2026-08-17T13:45:58,
tortuosity,cpu,matrixfree,16,n200_b050_p040,200,0.5,0.4,0.399036,3192287,iters,18,3.135382641,2.920079096,0.07373209353,1.876423354,0,3,,pmeal-hpc,2026-08-17T13:45:58,
tortuosity,cpu,matrixfree,16,n200_b050_p040,200,0.5,0.4,0.399036,3192287,iters,33,2.901489994,2.920079096,0.006365958336,3.097474127,0,3,,pmeal-hpc,2026-08-17T13:45:58,
tortuosity,cpu,matrixfree,16,n200_b050_p040,200,0.5,0.4,0.399036,3192287,iters,59,2.919902785,2.920079096,6.037899048e-05,5.236040272,0,3,target_reached,pmeal-hpc,2026-08-17T13:45:58,
tortuosity,cpu,matrixfree,16,n200_b050_p060,200,0.5,0.6,0.609627,4877016,iters,1,0.02208611676,1.551550164,0.9857651288,0.7056834039,0,3,,pmeal-hpc,2026-08-17T13:46:24,
tortuosity,cpu,matrixfree,16,n200_b050_p060,200,0.5,0.6,0.609627,4877016,iters,2,0.02813998554,1.551550164,0.9818633092,0.7932830958,0,3,,pmeal-hpc,2026-08-17T13:46:24,
tortuosity,cpu,matrixfree,16,n200_b050_p060,200,0.5,0.6,0.609627,4877016,iters,3,0.05304721691,1.551550164,0.9658101825,0.9041244972,0,3,,pmeal-hpc,2026-08-17T13:46:24,
tortuosity,cpu,matrixfree,16,n200_b050_p060,200,0.5,0.6,0.609627,4877016,iters,6,0.2691302455,1.551550164,0.8265410609,1.22290194,0,3,,pmeal-hpc,2026-08-17T13:46:24,
tortuosity,cpu,matrixfree,16,n200_b050_p060,200,0.5,0.6,0.609627,4877016,iters,10,0.4128119984,1.551550164,0.7339357708,1.698284634,0,3,,pmeal-hpc,2026-08-17T13:46:24,
tortuosity,cpu,matrixfree,16,n200_b050_p060,200,0.5,0.6,0.609627,4877016,iters,18,1.845381358,1.551550164,0.1893791133,2.616882495,0,3,,pmeal-hpc,2026-08-17T13:46:24,
tortuosity,cpu,matrixfree,16,n200_b050_p060,200,0.5,0.6,0.609627,4877016,iters,33,1.548878552,1.551550164,0.001721898636,4.302882878,0,3,,pmeal-hpc,2026-08-17T13:46:24,
tortuosity,cpu,matrixfree,16,n200_b050_p060,200,0.5,0.6,0.609627,4877016,iters,59,1.551574742,1.551550164,1.584092065e-05,7.371098753,0,3,target_reached,pmeal-hpc,2026-08-17T13:46:24,
tortuosity,cpu,matrixfree,16,n200_b050_p080,200,0.5,0.8,0.81175,6494003,iters,1,0.0229840809,1.170581237,0.9803652406,0.8614931391,0,3,,pmeal-hpc,2026-08-17T13:46:57,
tortuosity,cpu,matrixfree,16,n200_b050_p080,200,0.5,0.8,0.81175,6494003,iters,2,0.02965501228,1.170581237,0.974666421,0.9758585361,0,3,,pmeal-hpc,2026-08-17T13:46:57,
tortuosity,cpu,matrixfree,16,n200_b050_p080,200,0.5,0.8,0.81175,6494003,iters,3,0.05627423984,1.170581237,0.9519262414,1.086428852,0,3,,pmeal-hpc,2026-08-17T13:46:57,
tortuosity,cpu,matrixfree,16,n200_b050_p080,200,0.5,0.8,0.81175,6494003,iters,6,0.2742790833,1.170581237,0.7656898346,1.49493159,0,3,,pmeal-hpc,2026-08-17T13:46:57,
tortuosity,cpu,matrixfree,16,n200_b050_p080,200,0.5,0.8,0.81175,6494003,iters,10,0.4019666957,1.170581237,0.6566093126,2.033644871,0,3,,pmeal-hpc,2026-08-17T13:46:57,
tortuosity,cpu,matrixfree,16,n200_b050_p080,200,0.5,0.8,0.81175,6494003,iters,18,1.452897418,1.170581237,0.2411760692,3.147781168,0,3,,pmeal-hpc,2026-08-17T13:46:57,
tortuosity,cpu,matrixfree,16,n200_b050_p080,200,0.5,0.8,0.81175,6494003,iters,33,1.168742541,1.170581237,0.001570755061,5.304330078,0,3,,pmeal-hpc,2026-08-17T13:46:57,
tortuosity,cpu,matrixfree,16,n200_b050_p080,200,0.5,0.8,0.81175,6494003,iters,59,1.170526179,1.170581237,4.703482803e-05,9.025607511,0,3,target_reached,pmeal-hpc,2026-08-17T13:46:57,
tortuosity,cpu,matrixfree,16,n200_b050_p095,200,0.5,0.95,0.948977,7591813,iters,1,0.02291451984,1.035044249,0.9778613138,0.9669315792,0,3,,pmeal-hpc,2026-08-17T13:47:34,
tortuosity,cpu,matrixfree,16,n200_b050_p095,200,0.5,0.95,0.948977,7591813,iters,2,0.03001561884,1.035044249,0.9710006419,1.096737449,0,3,,pmeal-hpc,2026-08-17T13:47:34,
tortuosity,cpu,matrixfree,16,n200_b050_p095,200,0.5,0.95,0.948977,7591813,iters,3,0.05752595498,1.035044249,0.9444217433,1.216642221,0,3,,pmeal-hpc,2026-08-17T13:47:34,
tortuosity,cpu,matrixfree,16,n200_b050_p095,200,0.5,0.95,0.948977,7591813,iters,6,0.2729197983,1.035044249,0.7363206466,1.678792851,0,3,,pmeal-hpc,2026-08-17T13:47:34,
tortuosity,cpu,matrixfree,16,n200_b050_p095,200,0.5,0.95,0.948977,7591813,iters,10,0.3940111215,1.035044249,0.6193292008,2.292651826,0,3,,pmeal-hpc,2026-08-17T13:47:34,
tortuosity,cpu,matrixfree,16,n200_b050_p095,200,0.5,0.95,0.948977,7591813,iters,18,1.33217765,1.035044249,0.2870731385,3.653864861,0,3,,pmeal-hpc,2026-08-17T13:47:34,
tortuosity,cpu,matrixfree,16,n200_b050_p095,200,0.5,0.95,0.948977,7591813,iters,33,1.033179201,1.035044249,0.001801902076,6.16064346,0,3,,pmeal-hpc,2026-08-17T13:47:34,
tortuosity,cpu,matrixfree,16,n200_b050_p095,200,0.5,0.95,0.948977,7591813,iters,59,1.035055554,1.035044249,1.092260261e-05,10.3800715,0,3,target_reached,pmeal-hpc,2026-08-17T13:47:34,
tortuosity,cpu,matrixfree,16,n200_b100_p020,200,1,0.2,0.171209,1369672,iters,1,0.01820014193,13.93255227,0.9986936965,0.2809584942,0,3,,pmeal-hpc,2026-08-17T13:47:51,
tortuosity,cpu,matrixfree,16,n200_b100_p020,200,1,0.2,0.171209,1369672,iters,2,0.02420039184,13.93255227,0.9982630324,0.3305655392,0,3,,pmeal-hpc,2026-08-17T13:47:51,
tortuosity,cpu,matrixfree,16,n200_b100_p020,200,1,0.2,0.171209,1369672,iters,3,0.03822872346,13.93255227,0.9972561579,0.3844668402,0,3,,pmeal-hpc,2026-08-17T13:47:51,
tortuosity,cpu,matrixfree,16,n200_b100_p020,200,1,0.2,0.171209,1369672,iters,6,0.2471166845,13.93255227,0.9822633585,0.4994363133,0,3,,pmeal-hpc,2026-08-17T13:47:51,
tortuosity,cpu,matrixfree,16,n200_b100_p020,200,1,0.2,0.171209,1369672,iters,10,0.4542835164,13.93255227,0.9673940921,0.6675748792,0,3,,pmeal-hpc,2026-08-17T13:47:51,
tortuosity,cpu,matrixfree,16,n200_b100_p020,200,1,0.2,0.171209,1369672,iters,18,4.46968803,13.93255227,0.6791910094,0.9916478852,0,3,,pmeal-hpc,2026-08-17T13:47:51,
tortuosity,cpu,matrixfree,16,n200_b100_p020,200,1,0.2,0.171209,1369672,iters,33,11.20781749,13.93255227,0.1955660909,1.654660112,0,3,,pmeal-hpc,2026-08-17T13:47:51,
tortuosity,cpu,matrixfree,16,n200_b100_p020,200,1,0.2,0.171209,1369672,iters,59,13.58647992,13.93255227,0.02483912123,2.757842651,0,3,,pmeal-hpc,2026-08-17T13:47:51,
tortuosity,cpu,matrixfree,16,n200_b100_p020,200,1,0.2,0.171209,1369672,iters,106,13.94219842,13.93255227,0.0006923462717,4.844957098,0,3,target_reached,pmeal-hpc,2026-08-17T13:47:51,
tortuosity,cpu,matrixfree,16,n200_b100_p040,200,1,0.4,0.399225,3193802,iters,1,0.02006940086,2.644709479,0.9924114913,0.5401887,0,3,,pmeal-hpc,2026-08-17T13:48:03,
tortuosity,cpu,matrixfree,16,n200_b100_p040,200,1,0.4,0.399225,3193802,iters,2,0.02583520871,2.644709479,0.9902313623,0.6135837459,0,3,,pmeal-hpc,2026-08-17T13:48:03,
tortuosity,cpu,matrixfree,16,n200_b100_p040,200,1,0.4,0.399225,3193802,iters,3,0.04439032246,2.644709479,0.9832154258,0.6802774719,0,3,,pmeal-hpc,2026-08-17T13:48:03,
tortuosity,cpu,matrixfree,16,n200_b100_p040,200,1,0.4,0.399225,3193802,iters,6,0.2592983192,2.644709479,0.9019558401,0.9229645887,0,3,,pmeal-hpc,2026-08-17T13:48:03,
tortuosity,cpu,matrixfree,16,n200_b100_p040,200,1,0.4,0.399225,3193802,iters,10,0.4317912697,2.644709479,0.8367339501,1.210071073,0,3,,pmeal-hpc,2026-08-17T13:48:03,
tortuosity,cpu,matrixfree,16,n200_b100_p040,200,1,0.4,0.399225,3193802,iters,18,2.305422893,2.644709479,0.1282887926,1.873928351,0,3,,pmeal-hpc,2026-08-17T13:48:03,
tortuosity,cpu,matrixfree,16,n200_b100_p040,200,1,0.4,0.399225,3193802,iters,33,2.64470982,2.644709479,1.291051507e-07,3.143153685,0,3,target_reached,pmeal-hpc,2026-08-17T13:48:03,
tortuosity,cpu,matrixfree,16,n200_b100_p060,200,1,0.6,0.603465,4827722,iters,1,0.0226530243,1.571435764,0.9855845051,0.6941893219,0,3,,pmeal-hpc,2026-08-17T13:48:30,
tortuosity,cpu,matrixfree,16,n200_b100_p060,200,1,0.6,0.603465,4827722,iters,2,0.0290742041,1.571435764,0.9814983184,0.799569963,0,3,,pmeal-hpc,2026-08-17T13:48:30,
tortuosity,cpu,matrixfree,16,n200_b100_p060,200,1,0.6,0.603465,4827722,iters,3,0.05157679795,1.571435764,0.9671785515,0.8910789201,0,3,,pmeal-hpc,2026-08-17T13:48:30,
tortuosity,cpu,matrixfree,16,n200_b100_p060,200,1,0.6,0.603465,4827722,iters,6,0.2707126083,1.571435764,0.8277291287,1.226742977,0,3,,pmeal-hpc,2026-08-17T13:48:30,
tortuosity,cpu,matrixfree,16,n200_b100_p060,200,1,0.6,0.603465,4827722,iters,10,0.4251953095,1.571435764,0.7294224051,1.669756878,0,3,,pmeal-hpc,2026-08-17T13:48:30,
tortuosity,cpu,matrixfree,16,n200_b100_p060,200,1,0.6,0.603465,4827722,iters,18,1.654315017,1.571435764,0.05274110153,2.533749496,0,3,,pmeal-hpc,2026-08-17T13:48:30,
tortuosity,cpu,matrixfree,16,n200_b100_p060,200,1,0.6,0.603465,4827722,iters,33,1.577212019,1.571435764,0.003675781913,4.273171699,0,3,,pmeal-hpc,2026-08-17T13:48:30,
tortuosity,cpu,matrixfree,16,n200_b100_p060,200,1,0.6,0.603465,4827722,iters,59,1.571166501,1.571435764,0.0001713485454,7.359694701,0,3,target_reached,pmeal-hpc,2026-08-17T13:48:30,
tortuosity,cpu,matrixfree,16,n200_b100_p080,200,1,0.8,0.80445,6435598,iters,1,0.02345960257,1.193638864,0.9803461472,0.817145138,0,3,,pmeal-hpc,2026-08-17T13:48:50,
tortuosity,cpu,matrixfree,16,n200_b100_p080,200,1,0.8,0.80445,6435598,iters,2,0.03030905067,1.193638864,0.9746078554,0.9270407467,0,3,,pmeal-hpc,2026-08-17T13:48:50,
tortuosity,cpu,matrixfree,16,n200_b100_p080,200,1,0.8,0.80445,6435598,iters,3,0.05490838792,1.193638864,0.9539991621,1.03368689,0,3,,pmeal-hpc,2026-08-17T13:48:50,
tortuosity,cpu,matrixfree,16,n200_b100_p080,200,1,0.8,0.80445,6435598,iters,6,0.2745829674,1.193638864,0.7699614384,1.434449085,0,3,,pmeal-hpc,2026-08-17T13:48:50,
tortuosity,cpu,matrixfree,16,n200_b100_p080,200,1,0.8,0.80445,6435598,iters,10,0.4037210962,1.193638864,0.661772829,1.961766433,0,3,,pmeal-hpc,2026-08-17T13:48:50,
tortuosity,cpu,matrixfree,16,n200_b100_p080,200,1,0.8,0.80445,6435598,iters,18,1.382652882,1.193638864,0.1583510923,3.07001477,0,3,,pmeal-hpc,2026-08-17T13:48:50,
tortuosity,cpu,matrixfree,16,n200_b100_p080,200,1,0.8,0.80445,6435598,iters,33,1.192689031,1.193638864,0.0007957461194,5.32418026,0,3,target_reached,pmeal-hpc,2026-08-17T13:48:50,
tortuosity,cpu,matrixfree,16,n200_b100_p095,200,1,0.95,0.949833,7598661,iters,1,0.0228226093,1.040405134,0.9780637287,0.9025178389,0,3,,pmeal-hpc,2026-08-17T13:49:27,
tortuosity,cpu,matrixfree,16,n200_b100_p095,200,1,0.95,0.949833,7598661,iters,2,0.02983890243,1.040405134,0.97131992,1.036232194,0,3,,pmeal-hpc,2026-08-17T13:49:27,
tortuosity,cpu,matrixfree,16,n200_b100_p095,200,1,0.95,0.949833,7598661,iters,3,0.05572577184,1.040405134,0.9464383921,1.182340204,0,3,,pmeal-hpc,2026-08-17T13:49:27,
tortuosity,cpu,matrixfree,16,n200_b100_p095,200,1,0.95,0.949833,7598661,iters,6,0.2688818471,1.040405134,0.741560438,1.599524003,0,3,,pmeal-hpc,2026-08-17T13:49:27,
tortuosity,cpu,matrixfree,16,n200_b100_p095,200,1,0.95,0.949833,7598661,iters,10,0.3873004307,1.040405134,0.627740754,2.21126317,0,3,,pmeal-hpc,2026-08-17T13:49:27,
tortuosity,cpu,matrixfree,16,n200_b100_p095,200,1,0.95,0.949833,7598661,iters,18,1.303340151,1.040405134,0.2527236827,3.597160427,0,3,,pmeal-hpc,2026-08-17T13:49:27,
tortuosity,cpu,matrixfree,16,n200_b100_p095,200,1,0.95,0.949833,7598661,iters,33,1.038784696,1.040405134,0.001557506856,6.062132508,0,3,,pmeal-hpc,2026-08-17T13:49:27,
tortuosity,cpu,matrixfree,16,n200_b100_p095,200,1,0.95,0.949833,7598661,iters,59,1.040418504,1.040405134,1.285030403e-05,10.44660435,0,3,target_reached,pmeal-hpc,2026-08-17T13:49:27,
tortuosity,cpu,matrixfree,16,n200_b200_p020,200,2,0.2,0.187312,1498500,iters,1,0.02014482396,13.5328383,0.9985114118,0.3312799179,0,3,,pmeal-hpc,2026-08-17T13:49:59,
tortuosity,cpu,matrixfree,16,n200_b200_p020,200,2,0.2,0.187312,1498500,iters,2,0.02634241466,13.5328383,0.998053445,0.3826848997,0,3,,pmeal-hpc,2026-08-17T13:49:59,
tortuosity,cpu,matrixfree,16,n200_b200_p020,200,2,0.2,0.187312,1498500,iters,3,0.04100793261,13.5328383,0.9969697464,0.4390714087,0,3,,pmeal-hpc,2026-08-17T13:49:59,
tortuosity,cpu,matrixfree,16,n200_b200_p020,200,2,0.2,0.187312,1498500,iters,6,0.2955616204,13.5328383,0.9781596725,0.593170543,0,3,,pmeal-hpc,2026-08-17T13:49:59,
tortuosity,cpu,matrixfree,16,n200_b200_p020,200,2,0.2,0.187312,1498500,iters,10,0.6389587131,13.5328383,0.9527845749,0.8066634161,0,3,,pmeal-hpc,2026-08-17T13:49:59,
tortuosity,cpu,matrixfree,16,n200_b200_p020,200,2,0.2,0.187312,1498500,iters,18,3.293023689,13.5328383,0.7566642255,1.209904303,0,3,,pmeal-hpc,2026-08-17T13:49:59,
tortuosity,cpu,matrixfree,16,n200_b200_p020,200,2,0.2,0.187312,1498500,iters,33,8.211024878,13.5328383,0.3932518297,1.919177352,0,3,,pmeal-hpc,2026-08-17T13:49:59,
tortuosity,cpu,matrixfree,16,n200_b200_p020,200,2,0.2,0.187312,1498500,iters,59,11.99624764,13.5328383,0.113545335,3.233814222,0,3,,pmeal-hpc,2026-08-17T13:49:59,
tortuosity,cpu,matrixfree,16,n200_b200_p020,200,2,0.2,0.187312,1498500,iters,106,13.55251895,13.5328383,0.001454288606,5.598347654,0,3,,pmeal-hpc,2026-08-17T13:49:59,
tortuosity,cpu,matrixfree,16,n200_b200_p020,200,2,0.2,0.187312,1498500,iters,189,13.53323131,13.5328383,2.904155079e-05,9.687138284,0,3,target_reached,pmeal-hpc,2026-08-17T13:49:59,
tortuosity,cpu,matrixfree,16,n200_b200_p040,200,2,0.4,0.398236,3185884,iters,1,0.02176402797,2.755382291,0.9921012674,0.5827195649,0,3,,pmeal-hpc,2026-08-17T13:50:32,
tortuosity,cpu,matrixfree,16,n200_b200_p040,200,2,0.4,0.398236,3185884,iters,2,0.02812956392,2.755382291,0.9897910486,0.645473755,0,3,,pmeal-hpc,2026-08-17T13:50:32,
tortuosity,cpu,matrixfree,16,n200_b200_p040,200,2,0.4,0.398236,3185884,iters,3,0.04596147106,2.755382291,0.983319385,0.7284438841,0,3,,pmeal-hpc,2026-08-17T13:50:32,
tortuosity,cpu,matrixfree,16,n200_b200_p040,200,2,0.4,0.398236,3185884,iters,6,0.2721763825,2.755382291,0.9012201017,0.9997836831,0,3,,pmeal-hpc,2026-08-17T13:50:32,
tortuosity,cpu,matrixfree,16,n200_b200_p040,200,2,0.4,0.398236,3185884,iters,10,0.5096128431,2.755382291,0.8150482259,1.367108383,0,3,,pmeal-hpc,2026-08-17T13:50:32,
tortuosity,cpu,matrixfree,16,n200_b200_p040,200,2,0.4,0.398236,3185884,iters,18,1.781335037,2.755382291,0.3535071184,2.058619758,0,3,,pmeal-hpc,2026-08-17T13:50:32,
tortuosity,cpu,matrixfree,16,n200_b200_p040,200,2,0.4,0.398236,3185884,iters,33,2.706424306,2.755382291,0.01776812774,3.319048168,0,3,,pmeal-hpc,2026-08-17T13:50:32,
tortuosity,cpu,matrixfree,16,n200_b200_p040,200,2,0.4,0.398236,3185884,iters,59,2.743974371,2.755382291,0.00414023125,5.652146466,0,3,,pmeal-hpc,2026-08-17T13:50:32,
tortuosity,cpu,matrixfree,16,n200_b200_p040,200,2,0.4,0.398236,3185884,iters,106,2.755793012,2.755382291,0.0001490612426,9.782644226,0,3,target_reached,pmeal-hpc,2026-08-17T13:50:32,
tortuosity,cpu,matrixfree,16,n200_b200_p060,200,2,0.6,0.600363,4802905,iters,1,0.0234408242,1.645395218,0.9857536816,0.698271815,0,3,,pmeal-hpc,2026-08-17T13:50:48,
tortuosity,cpu,matrixfree,16,n200_b200_p060,200,2,0.6,0.600363,4802905,iters,2,0.03022262851,1.645395218,0.9816319944,0.7777053739,0,3,,pmeal-hpc,2026-08-17T13:50:48,
tortuosity,cpu,matrixfree,16,n200_b200_p060,200,2,0.6,0.600363,4802905,iters,3,0.05033269093,1.645395218,0.9694099689,0.864288853,0,3,,pmeal-hpc,2026-08-17T13:50:48,
tortuosity,cpu,matrixfree,16,n200_b200_p060,200,2,0.6,0.600363,4802905,iters,6,0.2716194336,1.645395218,0.8349214641,1.210779407,0,3,,pmeal-hpc,2026-08-17T13:50:48,
tortuosity,cpu,matrixfree,16,n200_b200_p060,200,2,0.6,0.600363,4802905,iters,10,0.4563912185,1.645395218,0.7226251702,1.664542661,0,3,,pmeal-hpc,2026-08-17T13:50:48,
tortuosity,cpu,matrixfree,16,n200_b200_p060,200,2,0.6,0.600363,4802905,iters,18,1.394232991,1.645395218,0.152645531,2.621865425,0,3,,pmeal-hpc,2026-08-17T13:50:48,
tortuosity,cpu,matrixfree,16,n200_b200_p060,200,2,0.6,0.600363,4802905,iters,33,1.645618389,1.645395218,0.0001356336724,4.446867114,0,3,target_reached,pmeal-hpc,2026-08-17T13:50:48,
tortuosity,cpu,matrixfree,16,n200_b200_p080,200,2,0.8,0.800969,6407751,iters,1,0.0237019247,1.226770933,0.980679421,0.8154456769,0,3,,pmeal-hpc,2026-08-17T13:51:21,
tortuosity,cpu,matrixfree,16,n200_b200_p080,200,2,0.8,0.800969,6407751,iters,2,0.03059302291,1.226770933,0.9750621554,0.9378849822,0,3,,pmeal-hpc,2026-08-17T13:51:21,
tortuosity,cpu,matrixfree,16,n200_b200_p080,200,2,0.8,0.800969,6407751,iters,3,0.05234921919,1.226770933,0.9573276332,1.049053904,0,3,,pmeal-hpc,2026-08-17T13:51:21,
tortuosity,cpu,matrixfree,16,n200_b200_p080,200,2,0.8,0.800969,6407751,iters,6,0.2698879787,1.226770933,0.7800013259,1.438728669,0,3,,pmeal-hpc,2026-08-17T13:51:21,
tortuosity,cpu,matrixfree,16,n200_b200_p080,200,2,0.8,0.800969,6407751,iters,10,0.4079144212,1.226770933,0.667489333,2.0005608,0,3,,pmeal-hpc,2026-08-17T13:51:21,
tortuosity,cpu,matrixfree,16,n200_b200_p080,200,2,0.8,0.800969,6407751,iters,18,1.268363666,1.226770933,0.03390423769,3.177174466,0,3,,pmeal-hpc,2026-08-17T13:51:21,
tortuosity,cpu,matrixfree,16,n200_b200_p080,200,2,0.8,0.800969,6407751,iters,33,1.224793232,1.226770933,0.001612119597,5.413968561,0,3,,pmeal-hpc,2026-08-17T13:51:21,
tortuosity,cpu,matrixfree,16,n200_b200_p080,200,2,0.8,0.800969,6407751,iters,59,1.226818544,1.226770933,3.881029047e-05,9.16380736,0,3,target_reached,pmeal-hpc,2026-08-17T13:51:21,
tortuosity,cpu,matrixfree,16,n200_b200_p095,200,2,0.95,0.950886,7607091,iters,1,0.02286227044,1.045952896,0.9781421606,0.9131188821,0,3,,pmeal-hpc,2026-08-17T13:51:57,
tortuosity,cpu,matrixfree,16,n200_b200_p095,200,2,0.95,0.950886,7607091,iters,2,0.02977085479,1.045952896,0.971537098,1.049410981,0,3,,pmeal-hpc,2026-08-17T13:51:57,
tortuosity,cpu,matrixfree,16,n200_b200_p095,200,2,0.95,0.950886,7607091,iters,3,0.05359354017,1.045952896,0.9487610385,1.162548915,0,3,,pmeal-hpc,2026-08-17T13:51:57,
tortuosity,cpu,matrixfree,16,n200_b200_p095,200,2,0.95,0.950886,7607091,iters,6,0.2649473888,1.045952896,0.7466928101,1.627187621,0,3,,pmeal-hpc,2026-08-17T13:51:57,
tortuosity,cpu,matrixfree,16,n200_b200_p095,200,2,0.95,0.950886,7607091,iters,10,0.3806420145,1.045952896,0.6360811123,2.252401971,0,3,,pmeal-hpc,2026-08-17T13:51:57,
tortuosity,cpu,matrixfree,16,n200_b200_p095,200,2,0.95,0.950886,7607091,iters,18,1.26512607,1.045952896,0.2095440199,3.546936074,0,3,,pmeal-hpc,2026-08-17T13:51:57,
tortuosity,cpu,matrixfree,16,n200_b200_p095,200,2,0.95,0.950886,7607091,iters,33,1.043283536,1.045952896,0.002552084422,6.045666566,0,3,,pmeal-hpc,2026-08-17T13:51:57,
tortuosity,cpu,matrixfree,16,n200_b200_p095,200,2,0.95,0.950886,7607091,iters,59,1.04596846,1.045952896,1.488058529e-05,10.35133188,0,3,target_reached,pmeal-hpc,2026-08-17T13:51:57,
tortuosity,cpu,matrixfree,16,n400_b050_p020,400,0.5,0.2,0.168664,10794487,iters,1,0.00810854435,9.103906374,0.9991093335,1.564850285,0,3,,pmeal-hpc,2026-08-17T14:29:04,
tortuosity,cpu,matrixfree,16,n400_b050_p020,400,0.5,0.2,0.168664,10794487,iters,2,0.0107822337,9.103906374,0.9988156476,1.804514744,0,3,,pmeal-hpc,2026-08-17T14:29:05,
tortuosity,cpu,matrixfree,16,n400_b050_p020,400,0.5,0.2,0.168664,10794487,iters,3,0.0205580121,9.103906374,0.9977418472,2.027438777,0,3,,pmeal-hpc,2026-08-17T14:29:05,
tortuosity,cpu,matrixfree,16,n400_b050_p020,400,0.5,0.2,0.168664,10794487,iters,6,0.1025920285,9.103906374,0.9887309882,2.748776574,0,3,,pmeal-hpc,2026-08-17T14:29:05,
tortuosity,cpu,matrixfree,16,n400_b050_p020,400,0.5,0.2,0.168664,10794487,iters,10,0.1949109795,9.103906374,0.9785904016,3.736309144,0,3,,pmeal-hpc,2026-08-17T14:29:05,
tortuosity,cpu,matrixfree,16,n400_b050_p020,400,0.5,0.2,0.168664,10794487,iters,18,36.57618754,9.103906374,3.01763661,5.718421264,0,3,,pmeal-hpc,2026-08-17T14:29:05,
tortuosity,cpu,matrixfree,16,n400_b050_p020,400,0.5,0.2,0.168664,10794487,iters,33,8.19749829,9.103906374,0.09956254457,9.534299123,0,3,,pmeal-hpc,2026-08-17T14:29:05,
tortuosity,cpu,matrixfree,16,n400_b050_p020,400,0.5,0.2,0.168664,10794487,iters,59,9.138405646,9.103906374,0.003789502044,15.99015603,0,3,,pmeal-hpc,2026-08-17T14:29:05,
tortuosity,cpu,matrixfree,16,n400_b050_p020,400,0.5,0.2,0.168664,10794487,iters,106,9.107367168,9.103906374,0.0003801438916,27.69524314,0,3,target_reached,pmeal-hpc,2026-08-17T14:29:05,
tortuosity,cpu,matrixfree,16,n400_b050_p040,400,0.5,0.4,0.391726,25070495,iters,1,0.008441465146,2.60655752,0.9967614507,2.422907969,0,3,,pmeal-hpc,2026-08-17T14:31:47,
tortuosity,cpu,matrixfree,16,n400_b050_p040,400,0.5,0.4,0.391726,25070495,iters,2,0.01018057846,2.60655752,0.9960942437,2.835029274,0,3,,pmeal-hpc,2026-08-17T14:31:47,
tortuosity,cpu,matrixfree,16,n400_b050_p040,400,0.5,0.4,0.391726,25070495,iters,3,0.01378566504,2.60655752,0.9947111602,3.221783175,0,3,,pmeal-hpc,2026-08-17T14:31:47,
tortuosity,cpu,matrixfree,16,n400_b050_p040,400,0.5,0.4,0.391726,25070495,iters,6,0.08687798506,2.60655752,0.9666694541,4.437279683,0,3,,pmeal-hpc,2026-08-17T14:31:47,
tortuosity,cpu,matrixfree,16,n400_b050_p040,400,0.5,0.4,0.391726,25070495,iters,10,0.1328969939,2.60655752,0.9490143636,6.106666054,0,3,,pmeal-hpc,2026-08-17T14:31:47,
tortuosity,cpu,matrixfree,16,n400_b050_p040,400,0.5,0.4,0.391726,25070495,iters,18,-4.30007716,2.60655752,2.649715046,9.408300716,-0,3,,pmeal-hpc,2026-08-17T14:31:47,
tortuosity,cpu,matrixfree,16,n400_b050_p040,400,0.5,0.4,0.391726,25070495,iters,33,2.483408667,2.60655752,0.0472457838,15.67894084,0,3,,pmeal-hpc,2026-08-17T14:31:47,
tortuosity,cpu,matrixfree,16,n400_b050_p040,400,0.5,0.4,0.391726,25070495,iters,59,2.60325681,2.60655752,0.001266310118,26.70833657,0,3,,pmeal-hpc,2026-08-17T14:31:47,
tortuosity,cpu,matrixfree,16,n400_b050_p040,400,0.5,0.4,0.391726,25070495,iters,106,2.606490176,2.60655752,2.583625113e-05,46.17956612,0,3,target_reached,pmeal-hpc,2026-08-17T14:31:47,
tortuosity,cpu,matrixfree,16,n400_b050_p060,400,0.5,0.6,0.60417,38666899,iters,1,0.00962178886,1.563851568,0.9938473772,3.096175283,0,3,,pmeal-hpc,2026-08-17T14:34:01,
tortuosity,cpu,matrixfree,16,n400_b050_p060,400,0.5,0.6,0.60417,38666899,iters,2,0.01161439889,1.563851568,0.9925732089,3.650675552,0,3,,pmeal-hpc,2026-08-17T14:34:01,
tortuosity,cpu,matrixfree,16,n400_b050_p060,400,0.5,0.6,0.60417,38666899,iters,3,0.01595692833,1.563851568,0.989796392,4.228352518,0,3,,pmeal-hpc,2026-08-17T14:34:01,
tortuosity,cpu,matrixfree,16,n400_b050_p060,400,0.5,0.6,0.60417,38666899,iters,6,0.09775529421,1.563851568,0.9374906825,5.994128898,0,3,,pmeal-hpc,2026-08-17T14:34:01,
tortuosity,cpu,matrixfree,16,n400_b050_p060,400,0.5,0.6,0.60417,38666899,iters,10,0.1437490878,1.563851568,0.9080800949,8.2684858,0,3,,pmeal-hpc,2026-08-17T14:34:01,
tortuosity,cpu,matrixfree,16,n400_b050_p060,400,0.5,0.6,0.60417,38666899,iters,18,11.59169709,1.563851568,6.412274497,12.93586918,0,3,,pmeal-hpc,2026-08-17T14:34:01,
tortuosity,cpu,matrixfree,16,n400_b050_p060,400,0.5,0.6,0.60417,38666899,iters,33,1.508315078,1.563851568,0.03551263514,21.51484158,0,3,,pmeal-hpc,2026-08-17T14:34:01,
tortuosity,cpu,matrixfree,16,n400_b050_p060,400,0.5,0.6,0.60417,38666899,iters,59,1.563152745,1.563851568,0.0004468602516,36.44179443,0,3,target_reached,pmeal-hpc,2026-08-17T14:34:01,
tortuosity,cpu,matrixfree,16,n400_b050_p080,400,0.5,0.8,0.809146,51785369,iters,1,0.01030549196,1.177273609,0.9912463068,3.916859055,0,3,,pmeal-hpc,2026-08-17T14:36:50,
tortuosity,cpu,matrixfree,16,n400_b050_p080,400,0.5,0.8,0.809146,51785369,iters,2,0.01245804931,1.177273609,0.9894178811,4.638677885,0,3,,pmeal-hpc,2026-08-17T14:36:50,
tortuosity,cpu,matrixfree,16,n400_b050_p080,400,0.5,0.8,0.809146,51785369,iters,3,0.01778643217,1.177273609,0.984891845,5.34944106,0,3,,pmeal-hpc,2026-08-17T14:36:50,
tortuosity,cpu,matrixfree,16,n400_b050_p080,400,0.5,0.8,0.809146,51785369,iters,6,0.1048427697,1.177273609,0.9109444322,7.575042123,0,3,,pmeal-hpc,2026-08-17T14:36:50,
tortuosity,cpu,matrixfree,16,n400_b050_p080,400,0.5,0.8,0.809146,51785369,iters,10,0.1482476721,1.177273609,0.8740754307,10.45664289,0,3,,pmeal-hpc,2026-08-17T14:36:50,
tortuosity,cpu,matrixfree,16,n400_b050_p080,400,0.5,0.8,0.809146,51785369,iters,18,3.3914658,1.177273609,1.880779603,16.29968842,0,3,,pmeal-hpc,2026-08-17T14:36:50,
tortuosity,cpu,matrixfree,16,n400_b050_p080,400,0.5,0.8,0.809146,51785369,iters,33,1.145016644,1.177273609,0.02739971836,27.22204441,0,3,,pmeal-hpc,2026-08-17T14:36:50,
tortuosity,cpu,matrixfree,16,n400_b050_p080,400,0.5,0.8,0.809146,51785369,iters,59,1.176652207,1.177273609,0.0005278313698,46.15079441,0,3,target_reached,pmeal-hpc,2026-08-17T14:36:50,
tortuosity,cpu,matrixfree,16,n400_b050_p095,400,0.5,0.95,0.949928,60795412,iters,1,0.01032882505,1.038538585,0.9900544619,4.200137455,0,3,,pmeal-hpc,2026-08-17T14:39:59,
tortuosity,cpu,matrixfree,16,n400_b050_p095,400,0.5,0.95,0.949928,60795412,iters,2,0.01248891217,1.038538585,0.9879745323,5.031850644,0,3,,pmeal-hpc,2026-08-17T14:39:59,
tortuosity,cpu,matrixfree,16,n400_b050_p095,400,0.5,0.95,0.949928,60795412,iters,3,0.01901804682,1.038538585,0.9816876839,6.003208627,0,3,,pmeal-hpc,2026-08-17T14:39:59,
tortuosity,cpu,matrixfree,16,n400_b050_p095,400,0.5,0.95,0.949928,60795412,iters,6,0.1061014614,1.038538585,0.8978358022,8.444293714,0,3,,pmeal-hpc,2026-08-17T14:39:59,
tortuosity,cpu,matrixfree,16,n400_b050_p095,400,0.5,0.95,0.949928,60795412,iters,10,0.1475031325,1.038538585,0.8579704841,11.76475721,0,3,,pmeal-hpc,2026-08-17T14:39:59,
tortuosity,cpu,matrixfree,16,n400_b050_p095,400,0.5,0.95,0.949928,60795412,iters,18,2.703625957,1.038538585,1.603298516,18.34821671,0,3,,pmeal-hpc,2026-08-17T14:39:59,
tortuosity,cpu,matrixfree,16,n400_b050_p095,400,0.5,0.95,0.949928,60795412,iters,33,1.016145496,1.038538585,0.02156211595,30.82454037,0,3,,pmeal-hpc,2026-08-17T14:39:59,
tortuosity,cpu,matrixfree,16,n400_b050_p095,400,0.5,0.95,0.949928,60795412,iters,59,1.038426357,1.038538585,0.0001080632525,52.17855144,0,3,target_reached,pmeal-hpc,2026-08-17T14:39:59,
tortuosity,cpu,matrixfree,16,n400_b100_p020,400,1,0.2,0.183379,11736271,iters,1,0.008280758211,10.24145804,0.9991914473,1.319442703,0,3,,pmeal-hpc,2026-08-17T14:41:41,
tortuosity,cpu,matrixfree,16,n400_b100_p020,400,1,0.2,0.183379,11736271,iters,2,0.009907773179,10.24145804,0.9990325818,1.54877757,0,3,,pmeal-hpc,2026-08-17T14:41:41,
tortuosity,cpu,matrixfree,16,n400_b100_p020,400,1,0.2,0.183379,11736271,iters,3,0.01281570475,10.24145804,0.9987486445,1.767573995,0,3,,pmeal-hpc,2026-08-17T14:41:41,
tortuosity,cpu,matrixfree,16,n400_b100_p020,400,1,0.2,0.183379,11736271,iters,6,0.08249026572,10.24145804,0.9919454568,2.489474124,0,3,,pmeal-hpc,2026-08-17T14:41:41,
tortuosity,cpu,matrixfree,16,n400_b100_p020,400,1,0.2,0.183379,11736271,iters,10,0.1382597036,10.24145804,0.986499998,3.534308445,0,3,,pmeal-hpc,2026-08-17T14:41:41,
tortuosity,cpu,matrixfree,16,n400_b100_p020,400,1,0.2,0.183379,11736271,iters,18,-3.748407947,10.24145804,1.36600335,5.639246076,-0,3,,pmeal-hpc,2026-08-17T14:41:41,
tortuosity,cpu,matrixfree,16,n400_b100_p020,400,1,0.2,0.183379,11736271,iters,33,8.558931303,10.24145804,0.1642858595,9.540726118,0,3,,pmeal-hpc,2026-08-17T14:41:41,
tortuosity,cpu,matrixfree,16,n400_b100_p020,400,1,0.2,0.183379,11736271,iters,59,10.26539101,10.24145804,0.002336871091,16.24946136,0,3,,pmeal-hpc,2026-08-17T14:41:41,
tortuosity,cpu,matrixfree,16,n400_b100_p020,400,1,0.2,0.183379,11736271,iters,106,10.24760692,10.24145804,0.0006003914701,28.47072373,0,3,target_reached,pmeal-hpc,2026-08-17T14:41:41,
tortuosity,cpu,matrixfree,16,n400_b100_p040,400,1,0.4,0.394417,25242705,iters,1,0.009596792001,2.558566376,0.9962491526,2.268088396,0,3,,pmeal-hpc,2026-08-17T14:43:21,
tortuosity,cpu,matrixfree,16,n400_b100_p040,400,1,0.4,0.394417,25242705,iters,2,0.01150865424,2.558566376,0.995501913,2.707813379,0,3,,pmeal-hpc,2026-08-17T14:43:21,
tortuosity,cpu,matrixfree,16,n400_b100_p040,400,1,0.4,0.394417,25242705,iters,3,0.01457040005,2.558566376,0.9943052484,3.08931986,0,3,,pmeal-hpc,2026-08-17T14:43:21,
tortuosity,cpu,matrixfree,16,n400_b100_p040,400,1,0.4,0.394417,25242705,iters,6,0.09252824983,2.558566376,0.9638359002,4.309894803,0,3,,pmeal-hpc,2026-08-17T14:43:21,
tortuosity,cpu,matrixfree,16,n400_b100_p040,400,1,0.4,0.394417,25242705,iters,10,0.1477672504,2.558566376,0.9422460751,5.938827036,0,3,,pmeal-hpc,2026-08-17T14:43:21,
tortuosity,cpu,matrixfree,16,n400_b100_p040,400,1,0.4,0.394417,25242705,iters,18,-73.32428737,2.558566376,29.6583487,9.298251472,-0,3,,pmeal-hpc,2026-08-17T14:43:21,
tortuosity,cpu,matrixfree,16,n400_b100_p040,400,1,0.4,0.394417,25242705,iters,33,2.47947228,2.558566376,0.03091344309,15.51164215,0,3,,pmeal-hpc,2026-08-17T14:43:21,
tortuosity,cpu,matrixfree,16,n400_b100_p040,400,1,0.4,0.394417,25242705,iters,59,2.557464807,2.558566376,0.000430541356,26.20488178,0,3,target_reached,pmeal-hpc,2026-08-17T14:43:21,
tortuosity,cpu,matrixfree,16,n400_b100_p060,400,1,0.6,0.602502,38560157,iters,1,0.01055108506,1.558485087,0.9932299095,3.159572873,0,3,,pmeal-hpc,2026-08-17T14:45:34,
tortuosity,cpu,matrixfree,16,n400_b100_p060,400,1,0.6,0.602502,38560157,iters,2,0.01265389366,1.558485087,0.991880645,3.704191173,0,3,,pmeal-hpc,2026-08-17T14:45:34,
tortuosity,cpu,matrixfree,16,n400_b100_p060,400,1,0.6,0.602502,38560157,iters,3,0.01608585021,1.558485087,0.9896785344,4.249986112,0,3,,pmeal-hpc,2026-08-17T14:45:34,
tortuosity,cpu,matrixfree,16,n400_b100_p060,400,1,0.6,0.602502,38560157,iters,6,0.1000192114,1.558485087,0.9358227985,6.044133585,0,3,,pmeal-hpc,2026-08-17T14:45:34,
tortuosity,cpu,matrixfree,16,n400_b100_p060,400,1,0.6,0.602502,38560157,iters,10,0.1523424373,1.558485087,0.9022496663,8.279026041,0,3,,pmeal-hpc,2026-08-17T14:45:34,
tortuosity,cpu,matrixfree,16,n400_b100_p060,400,1,0.6,0.602502,38560157,iters,18,4.881622999,1.558485087,2.13228727,12.7985368,0,3,,pmeal-hpc,2026-08-17T14:45:34,
tortuosity,cpu,matrixfree,16,n400_b100_p060,400,1,0.6,0.602502,38560157,iters,33,1.520898726,1.558485087,0.02411724105,21.33377067,0,3,,pmeal-hpc,2026-08-17T14:45:34,
tortuosity,cpu,matrixfree,16,n400_b100_p060,400,1,0.6,0.602502,38560157,iters,59,1.557926436,1.558485087,0.0003584579615,36.16002471,0,3,target_reached,pmeal-hpc,2026-08-17T14:45:34,
tortuosity,cpu,matrixfree,16,n400_b100_p080,400,1,0.8,0.807589,51685723,iters,1,0.01103816299,1.175919941,0.9906131679,3.76320095,0,3,,pmeal-hpc,2026-08-17T14:48:21,
tortuosity,cpu,matrixfree,16,n400_b100_p080,400,1,0.8,0.807589,51685723,iters,2,0.01326698039,1.175919941,0.988717786,4.466078173,0,3,,pmeal-hpc,2026-08-17T14:48:21,
tortuosity,cpu,matrixfree,16,n400_b100_p080,400,1,0.8,0.807589,51685723,iters,3,0.01724862603,1.175919941,0.9853318024,5.210248478,0,3,,pmeal-hpc,2026-08-17T14:48:21,
tortuosity,cpu,matrixfree,16,n400_b100_p080,400,1,0.8,0.807589,51685723,iters,6,0.106231337,1.175919941,0.9096610804,7.467891173,0,3,,pmeal-hpc,2026-08-17T14:48:21,
tortuosity,cpu,matrixfree,16,n400_b100_p080,400,1,0.8,0.807589,51685723,iters,10,0.1531034295,1.175919941,0.8698011453,10.27739939,0,3,,pmeal-hpc,2026-08-17T14:48:21,
tortuosity,cpu,matrixfree,16,n400_b100_p080,400,1,0.8,0.807589,51685723,iters,18,2.655447582,1.175919941,1.25818739,16.07538975,0,3,,pmeal-hpc,2026-08-17T14:48:21,
tortuosity,cpu,matrixfree,16,n400_b100_p080,400,1,0.8,0.807589,51685723,iters,33,1.148058618,1.175919941,0.02369321385,26.8422119,0,3,,pmeal-hpc,2026-08-17T14:48:21,
tortuosity,cpu,matrixfree,16,n400_b100_p080,400,1,0.8,0.807589,51685723,iters,59,1.175556781,1.175919941,0.0003088307376,45.48254471,0,3,target_reached,pmeal-hpc,2026-08-17T14:48:21,
tortuosity,cpu,matrixfree,16,n400_b100_p095,400,1,0.95,0.950994,60863603,iters,1,0.01084229054,1.036462383,0.9895391374,4.257831898,0,3,,pmeal-hpc,2026-08-17T14:51:30,
tortuosity,cpu,matrixfree,16,n400_b100_p095,400,1,0.95,0.950994,60863603,iters,2,0.01307486627,1.036462383,0.9873851029,5.103512825,0,3,,pmeal-hpc,2026-08-17T14:51:30,
tortuosity,cpu,matrixfree,16,n400_b100_p095,400,1,0.95,0.950994,60863603,iters,3,0.0182089295,1.036462383,0.9824316543,5.934915987,0,3,,pmeal-hpc,2026-08-17T14:51:30,
tortuosity,cpu,matrixfree,16,n400_b100_p095,400,1,0.95,0.950994,60863603,iters,6,0.108090195,1.036462383,0.8957123802,8.415337421,0,3,,pmeal-hpc,2026-08-17T14:51:30,
tortuosity,cpu,matrixfree,16,n400_b100_p095,400,1,0.95,0.950994,60863603,iters,10,0.1502275664,1.036462383,0.8550573866,11.78895208,0,3,,pmeal-hpc,2026-08-17T14:51:30,
tortuosity,cpu,matrixfree,16,n400_b100_p095,400,1,0.95,0.950994,60863603,iters,18,2.42147798,1.036462383,1.336291234,18.32188462,0,3,,pmeal-hpc,2026-08-17T14:51:30,
tortuosity,cpu,matrixfree,16,n400_b100_p095,400,1,0.95,0.950994,60863603,iters,33,1.010682796,1.036462383,0.02487266992,30.82534417,0,3,,pmeal-hpc,2026-08-17T14:51:30,
tortuosity,cpu,matrixfree,16,n400_b100_p095,400,1,0.95,0.950994,60863603,iters,59,1.036403746,1.036462383,5.657451279e-05,52.32287068,0,3,target_reached,pmeal-hpc,2026-08-17T14:51:30,
tortuosity,cpu,matrixfree,16,n400_b200_p020,400,2,0.2,0.18948,12126729,iters,1,0.008265386005,10.76863104,0.9992324571,1.569212197,0,3,,pmeal-hpc,2026-08-17T14:54:26,
tortuosity,cpu,matrixfree,16,n400_b200_p020,400,2,0.2,0.18948,12126729,iters,2,0.009909710827,10.76863104,0.9990797613,1.787138121,0,3,,pmeal-hpc,2026-08-17T14:54:26,
tortuosity,cpu,matrixfree,16,n400_b200_p020,400,2,0.2,0.18948,12126729,iters,3,0.01275542506,10.76863104,0.9988155017,2.016175117,0,3,,pmeal-hpc,2026-08-17T14:54:26,
tortuosity,cpu,matrixfree,16,n400_b200_p020,400,2,0.2,0.18948,12126729,iters,6,0.07920026305,10.76863104,0.9926452803,2.764875499,0,3,,pmeal-hpc,2026-08-17T14:54:26,
tortuosity,cpu,matrixfree,16,n400_b200_p020,400,2,0.2,0.18948,12126729,iters,10,0.1539569391,10.76863104,0.9857032023,3.877874391,0,3,,pmeal-hpc,2026-08-17T14:54:26,
tortuosity,cpu,matrixfree,16,n400_b200_p020,400,2,0.2,0.18948,12126729,iters,18,18.8142523,10.76863104,0.7471350104,5.992347501,0,3,,pmeal-hpc,2026-08-17T14:54:26,
tortuosity,cpu,matrixfree,16,n400_b200_p020,400,2,0.2,0.18948,12126729,iters,33,8.151139489,10.76863104,0.2430663231,10.02602172,0,3,,pmeal-hpc,2026-08-17T14:54:26,
tortuosity,cpu,matrixfree,16,n400_b200_p020,400,2,0.2,0.18948,12126729,iters,59,10.68477419,10.76863104,0.007787141256,17.15153566,0,3,,pmeal-hpc,2026-08-17T14:54:26,
tortuosity,cpu,matrixfree,16,n400_b200_p020,400,2,0.2,0.18948,12126729,iters,106,10.78990079,10.76863104,0.001975158088,29.89414297,0,3,,pmeal-hpc,2026-08-17T14:54:26,
tortuosity,cpu,matrixfree,16,n400_b200_p020,400,2,0.2,0.18948,12126729,iters,189,10.76896185,10.76863104,3.071988492e-05,52.38019226,0,3,target_reached,pmeal-hpc,2026-08-17T14:54:26,
tortuosity,cpu,matrixfree,16,n400_b200_p040,400,2,0.4,0.399236,25551094,iters,1,0.009843876904,2.608420127,0.9962261153,2.52117207,0,3,,pmeal-hpc,2026-08-17T14:57:10,
tortuosity,cpu,matrixfree,16,n400_b200_p040,400,2,0.4,0.399236,25551094,iters,2,0.01178545754,2.608420127,0.9954817641,2.911170436,0,3,,pmeal-hpc,2026-08-17T14:57:10,
tortuosity,cpu,matrixfree,16,n400_b200_p040,400,2,0.4,0.399236,25551094,iters,3,0.01472238259,2.608420127,0.9943558239,3.290357212,0,3,,pmeal-hpc,2026-08-17T14:57:10,
tortuosity,cpu,matrixfree,16,n400_b200_p040,400,2,0.4,0.399236,25551094,iters,6,0.08869600823,2.608420127,0.9659962721,4.549341047,0,3,,pmeal-hpc,2026-08-17T14:57:10,
tortuosity,cpu,matrixfree,16,n400_b200_p040,400,2,0.4,0.399236,25551094,iters,10,0.1566073943,2.608420127,0.9399608243,6.257481114,0,3,,pmeal-hpc,2026-08-17T14:57:10,
tortuosity,cpu,matrixfree,16,n400_b200_p040,400,2,0.4,0.399236,25551094,iters,18,4.609628476,2.608420127,0.7672108984,9.620071335,0,3,,pmeal-hpc,2026-08-17T14:57:10,
tortuosity,cpu,matrixfree,16,n400_b200_p040,400,2,0.4,0.399236,25551094,iters,33,2.569691161,2.608420127,0.01484767176,16.01596293,0,3,,pmeal-hpc,2026-08-17T14:57:10,
tortuosity,cpu,matrixfree,16,n400_b200_p040,400,2,0.4,0.399236,25551094,iters,59,2.605472637,2.608420127,0.001129990689,27.13770297,0,3,,pmeal-hpc,2026-08-17T14:57:10,
tortuosity,cpu,matrixfree,16,n400_b200_p040,400,2,0.4,0.399236,25551094,iters,106,2.608759166,2.608420127,0.0001299785263,47.24689399,0,3,target_reached,pmeal-hpc,2026-08-17T14:57:10,
tortuosity,cpu,matrixfree,16,n400_b200_p060,400,2,0.6,0.601874,38519921,iters,1,0.01102108735,1.574940918,0.9930022217,3.16469254,0,3,,pmeal-hpc,2026-08-17T14:59:25,
tortuosity,cpu,matrixfree,16,n400_b200_p060,400,2,0.6,0.601874,38519921,iters,2,0.01316957536,1.574940918,0.9916380512,3.715303389,0,3,,pmeal-hpc,2026-08-17T14:59:25,
tortuosity,cpu,matrixfree,16,n400_b200_p060,400,2,0.6,0.601874,38519921,iters,3,0.01624377148,1.574940918,0.9896861074,4.294117578,0,3,,pmeal-hpc,2026-08-17T14:59:25,
tortuosity,cpu,matrixfree,16,n400_b200_p060,400,2,0.6,0.601874,38519921,iters,6,0.0975481858,1.574940918,0.9380623205,6.054689053,0,3,,pmeal-hpc,2026-08-17T14:59:25,
tortuosity,cpu,matrixfree,16,n400_b200_p060,400,2,0.6,0.601874,38519921,iters,10,0.1602029627,1.574940918,0.8982800175,8.270157193,0,3,,pmeal-hpc,2026-08-17T14:59:25,
tortuosity,cpu,matrixfree,16,n400_b200_p060,400,2,0.6,0.601874,38519921,iters,18,2.422723509,1.574940918,0.538294854,12.91392618,0,3,,pmeal-hpc,2026-08-17T14:59:25,
tortuosity,cpu,matrixfree,16,n400_b200_p060,400,2,0.6,0.601874,38519921,iters,33,1.559181262,1.574940918,0.01000650606,21.48560204,0,3,,pmeal-hpc,2026-08-17T14:59:25,
tortuosity,cpu,matrixfree,16,n400_b200_p060,400,2,0.6,0.601874,38519921,iters,59,1.573971238,1.574940918,0.0006156932049,36.39885905,0,3,target_reached,pmeal-hpc,2026-08-17T14:59:25,
tortuosity,cpu,matrixfree,16,n400_b200_p080,400,2,0.8,0.802397,51353403,iters,1,0.01155585142,1.199127461,0.9903631167,3.78279797,0,3,,pmeal-hpc,2026-08-17T15:02:11,
tortuosity,cpu,matrixfree,16,n400_b200_p080,400,2,0.8,0.802397,51353403,iters,2,0.01379969732,1.199127461,0.9884918845,4.540723333,0,3,,pmeal-hpc,2026-08-17T15:02:11,
tortuosity,cpu,matrixfree,16,n400_b200_p080,400,2,0.8,0.802397,51353403,iters,3,0.01711398959,1.199127461,0.9857279646,5.241102299,0,3,,pmeal-hpc,2026-08-17T15:02:11,
tortuosity,cpu,matrixfree,16,n400_b200_p080,400,2,0.8,0.802397,51353403,iters,6,0.1060515523,1.199127461,0.9115593999,7.338248542,0,3,,pmeal-hpc,2026-08-17T15:02:11,
tortuosity,cpu,matrixfree,16,n400_b200_p080,400,2,0.8,0.802397,51353403,iters,10,0.1589968655,1.199127461,0.867406201,10.1828099,0,3,,pmeal-hpc,2026-08-17T15:02:11,
tortuosity,cpu,matrixfree,16,n400_b200_p080,400,2,0.8,0.802397,51353403,iters,18,1.889046865,1.199127461,0.575351184,15.95580336,0,3,,pmeal-hpc,2026-08-17T15:02:11,
tortuosity,cpu,matrixfree,16,n400_b200_p080,400,2,0.8,0.802397,51353403,iters,33,1.178981679,1.199127461,0.0168003675,26.93523751,0,3,,pmeal-hpc,2026-08-17T15:02:11,
tortuosity,cpu,matrixfree,16,n400_b200_p080,400,2,0.8,0.802397,51353403,iters,59,1.198796206,1.199127461,0.0002762464015,45.51336327,0,3,target_reached,pmeal-hpc,2026-08-17T15:02:11,
tortuosity,cpu,matrixfree,16,n400_b200_p095,400,2,0.95,0.950293,60818722,iters,1,0.01121881804,1.041214741,0.9892252601,4.131576783,0,3,,pmeal-hpc,2026-08-17T15:05:20,
tortuosity,cpu,matrixfree,16,n400_b200_p095,400,2,0.95,0.950293,60818722,iters,2,0.01345764675,1.041214741,0.9870750516,4.999946321,0,3,,pmeal-hpc,2026-08-17T15:05:20,
tortuosity,cpu,matrixfree,16,n400_b200_p095,400,2,0.95,0.950293,60818722,iters,3,0.0175575245,1.041214741,0.9831374607,5.792034758,0,3,,pmeal-hpc,2026-08-17T15:05:20,
tortuosity,cpu,matrixfree,16,n400_b200_p095,400,2,0.95,0.950293,60818722,iters,6,0.1092294428,1.041214741,0.8950942217,8.330999592,0,3,,pmeal-hpc,2026-08-17T15:05:20,
tortuosity,cpu,matrixfree,16,n400_b200_p095,400,2,0.95,0.950293,60818722,iters,10,0.1526886436,1.041214741,0.8533552805,11.52068192,0,3,,pmeal-hpc,2026-08-17T15:05:20,
tortuosity,cpu,matrixfree,16,n400_b200_p095,400,2,0.95,0.950293,60818722,iters,18,2.017100284,1.041214741,0.9372567489,18.2460979,0,3,,pmeal-hpc,2026-08-17T15:05:20,
tortuosity,cpu,matrixfree,16,n400_b200_p095,400,2,0.95,0.950293,60818722,iters,33,1.019105522,1.041214741,0.02123406296,30.73827099,0,3,,pmeal-hpc,2026-08-17T15:05:20,
tortuosity,cpu,matrixfree,16,n400_b200_p095,400,2,0.95,0.950293,60818722,iters,59,1.041027154,1.041214741,0.0001801613728,52.22208294,0,3,target_reached,pmeal-hpc,2026-08-17T15:05:20,
tortuosity,cpu,matrixfree,16,n600_b050_p020,600,0.5,0.2,0.156443,33791688,iters,1,0.005144284613,23.43955199,0.9997805297,5.825907697,NaN,1,,pmeal-hpc,2026-08-17T16:34:20,
tortuosity,cpu,matrixfree,16,n600_b050_p020,600,0.5,0.2,0.156443,33791688,iters,2,0.006217688087,23.43955199,0.9997347352,6.478237767,NaN,1,,pmeal-hpc,2026-08-17T16:34:21,
tortuosity,cpu,matrixfree,16,n600_b050_p020,600,0.5,0.2,0.156443,33791688,iters,3,0.008293616242,23.43955199,0.99964617,7.107095258,NaN,1,,pmeal-hpc,2026-08-17T16:34:21,
tortuosity,cpu,matrixfree,16,n600_b050_p020,600,0.5,0.2,0.156443,33791688,iters,6,0.05312710171,23.43955199,0.9977334421,9.104715485,NaN,1,,pmeal-hpc,2026-08-17T16:34:21,
tortuosity,cpu,matrixfree,16,n600_b050_p020,600,0.5,0.2,0.156443,33791688,iters,10,0.08573983454,23.43955199,0.9963420873,11.60844371,NaN,1,,pmeal-hpc,2026-08-17T16:34:21,
tortuosity,cpu,matrixfree,16,n600_b050_p020,600,0.5,0.2,0.156443,33791688,iters,18,-0.9421523751,23.43955199,1.040194982,16.65513813,NaN,1,,pmeal-hpc,2026-08-17T16:34:21,
tortuosity,cpu,matrixfree,16,n600_b050_p020,600,0.5,0.2,0.156443,33791688,iters,33,8.278217313,23.43955199,0.6468269822,26.25093781,NaN,1,,pmeal-hpc,2026-08-17T16:34:21,
tortuosity,cpu,matrixfree,16,n600_b050_p020,600,0.5,0.2,0.156443,33791688,iters,59,21.5093867,23.43955199,0.08234650952,42.9058121,NaN,1,,pmeal-hpc,2026-08-17T16:34:21,
tortuosity,cpu,matrixfree,16,n600_b050_p020,600,0.5,0.2,0.156443,33791688,iters,106,23.4194982,23.43955199,0.0008555536624,72.99461385,NaN,1,target_reached,pmeal-hpc,2026-08-17T16:34:21,
tortuosity,cpu,matrixfree,16,n600_b050_p040,600,0.5,0.4,0.393651,85028549,iters,1,0.005300625723,2.911720482,0.9981795554,7.10822851,NaN,1,,pmeal-hpc,2026-08-17T16:37:08,
tortuosity,cpu,matrixfree,16,n600_b050_p040,600,0.5,0.4,0.393651,85028549,iters,2,0.006406629047,2.911720482,0.9977997101,8.382489429,NaN,1,,pmeal-hpc,2026-08-17T16:37:08,
tortuosity,cpu,matrixfree,16,n600_b050_p040,600,0.5,0.4,0.393651,85028549,iters,3,0.008966963084,2.911720482,0.9969203901,9.69718194,NaN,1,,pmeal-hpc,2026-08-17T16:37:08,
tortuosity,cpu,matrixfree,16,n600_b050_p040,600,0.5,0.4,0.393651,85028549,iters,6,0.05580979544,2.911720482,0.9808327084,13.6373353,NaN,1,,pmeal-hpc,2026-08-17T16:37:08,
tortuosity,cpu,matrixfree,16,n600_b050_p040,600,0.5,0.4,0.393651,85028549,iters,10,0.08429103522,2.911720482,0.971051124,18.74259711,NaN,1,,pmeal-hpc,2026-08-17T16:37:08,
tortuosity,cpu,matrixfree,16,n600_b050_p040,600,0.5,0.4,0.393651,85028549,iters,18,-1.156692068,2.911720482,1.397253814,29.05565249,NaN,1,,pmeal-hpc,2026-08-17T16:37:08,
tortuosity,cpu,matrixfree,16,n600_b050_p040,600,0.5,0.4,0.393651,85028549,iters,33,2.538706101,2.911720482,0.1281078949,48.36086569,NaN,1,,pmeal-hpc,2026-08-17T16:37:08,
tortuosity,cpu,matrixfree,16,n600_b050_p040,600,0.5,0.4,0.393651,85028549,iters,59,2.902641112,2.911720482,0.003118214686,81.94573948,NaN,1,,pmeal-hpc,2026-08-17T16:37:08,
tortuosity,cpu,matrixfree,16,n600_b050_p040,600,0.5,0.4,0.393651,85028549,iters,106,2.91067424,2.911720482,0.0003593209313,142.398878,NaN,1,target_reached,pmeal-hpc,2026-08-17T16:37:08,
tortuosity,cpu,matrixfree,16,n600_b050_p060,600,0.5,0.6,0.603327,130318526,iters,1,0.006313754988,1.644772466,0.9961613201,9.32849519,NaN,1,,pmeal-hpc,2026-08-17T16:39:30,
tortuosity,cpu,matrixfree,16,n600_b050_p060,600,0.5,0.6,0.603327,130318526,iters,2,0.007737891525,1.644772466,0.9952954638,11.18555871,NaN,1,,pmeal-hpc,2026-08-17T16:39:30,
tortuosity,cpu,matrixfree,16,n600_b050_p060,600,0.5,0.6,0.603327,130318526,iters,3,0.01010925716,1.644772466,0.9938537048,13.00736207,NaN,1,,pmeal-hpc,2026-08-17T16:39:30,
tortuosity,cpu,matrixfree,16,n600_b050_p060,600,0.5,0.6,0.603327,130318526,iters,6,0.05484325288,1.644772466,0.9666560245,18.53043679,NaN,1,,pmeal-hpc,2026-08-17T16:39:30,
tortuosity,cpu,matrixfree,16,n600_b050_p060,600,0.5,0.6,0.603327,130318526,iters,10,0.07782359896,1.644772466,0.9526842767,25.80454676,NaN,1,,pmeal-hpc,2026-08-17T16:39:30,
tortuosity,cpu,matrixfree,16,n600_b050_p060,600,0.5,0.6,0.603327,130318526,iters,18,-0.4892354688,1.644772466,1.297448722,40.41401399,NaN,1,,pmeal-hpc,2026-08-17T16:39:30,
tortuosity,cpu,matrixfree,16,n600_b050_p060,600,0.5,0.6,0.603327,130318526,iters,33,1.406182442,1.644772466,0.1450595929,67.85181449,NaN,1,,pmeal-hpc,2026-08-17T16:39:30,
tortuosity,cpu,matrixfree,16,n600_b050_p060,600,0.5,0.6,0.603327,130318526,iters,59,1.6452042,1.644772466,0.0002624883194,115.3445555,NaN,1,target_reached,pmeal-hpc,2026-08-17T16:39:30,
tortuosity,cpu,matrixfree,16,n600_b050_p080,600,0.5,0.8,0.801395,173101417,iters,1,0.007027954365,1.207519104,0.99417984,11.37802734,NaN,1,,pmeal-hpc,2026-08-17T16:42:31,
tortuosity,cpu,matrixfree,16,n600_b050_p080,600,0.5,0.8,0.801395,173101417,iters,2,0.008628894741,1.207519104,0.9928540305,13.81002822,NaN,1,,pmeal-hpc,2026-08-17T16:42:31,
tortuosity,cpu,matrixfree,16,n600_b050_p080,600,0.5,0.8,0.801395,173101417,iters,3,0.01148103389,1.207519104,0.9904920478,16.18224633,NaN,1,,pmeal-hpc,2026-08-17T16:42:31,
tortuosity,cpu,matrixfree,16,n600_b050_p080,600,0.5,0.8,0.801395,173101417,iters,6,0.06078503555,1.207519104,0.9496612225,23.31024224,NaN,1,,pmeal-hpc,2026-08-17T16:42:31,
tortuosity,cpu,matrixfree,16,n600_b050_p080,600,0.5,0.8,0.801395,173101417,iters,10,0.08454988704,1.207519104,0.9299804974,32.83254039,NaN,1,,pmeal-hpc,2026-08-17T16:42:31,
tortuosity,cpu,matrixfree,16,n600_b050_p080,600,0.5,0.8,0.801395,173101417,iters,18,-0.6677847665,1.207519104,1.553022113,51.99751185,NaN,1,,pmeal-hpc,2026-08-17T16:42:31,
tortuosity,cpu,matrixfree,16,n600_b050_p080,600,0.5,0.8,0.801395,173101417,iters,33,1.07574911,1.207519104,0.1091245622,87.61535335,NaN,1,,pmeal-hpc,2026-08-17T16:42:31,
tortuosity,cpu,matrixfree,16,n600_b050_p080,600,0.5,0.8,0.801395,173101417,iters,59,1.207885751,1.207519104,0.0003036367169,149.7473533,NaN,1,target_reached,pmeal-hpc,2026-08-17T16:42:31,
tortuosity,cpu,matrixfree,16,n600_b050_p095,600,0.5,0.95,0.949611,205116041,iters,1,0.007198809428,1.036289257,0.9930532818,12.77830861,NaN,1,,pmeal-hpc,2026-08-17T16:46:01,
tortuosity,cpu,matrixfree,16,n600_b050_p095,600,0.5,0.95,0.949611,205116041,iters,2,0.008839962004,1.036289257,0.9914695999,15.53406308,NaN,1,,pmeal-hpc,2026-08-17T16:46:01,
tortuosity,cpu,matrixfree,16,n600_b050_p095,600,0.5,0.95,0.949611,205116041,iters,3,0.01189218262,1.036289257,0.9885242633,18.2827464,NaN,1,,pmeal-hpc,2026-08-17T16:46:01,
tortuosity,cpu,matrixfree,16,n600_b050_p095,600,0.5,0.95,0.949611,205116041,iters,6,0.06231061153,1.036289257,0.9398714103,26.55014909,NaN,1,,pmeal-hpc,2026-08-17T16:46:01,
tortuosity,cpu,matrixfree,16,n600_b050_p095,600,0.5,0.95,0.949611,205116041,iters,10,0.08574061797,1.036289257,0.9172618867,37.62657596,NaN,1,,pmeal-hpc,2026-08-17T16:46:01,
tortuosity,cpu,matrixfree,16,n600_b050_p095,600,0.5,0.95,0.949611,205116041,iters,18,-0.7728764658,1.036289257,1.74581152,60.01793264,NaN,1,,pmeal-hpc,2026-08-17T16:46:01,
tortuosity,cpu,matrixfree,16,n600_b050_p095,600,0.5,0.95,0.949611,205116041,iters,33,0.9323330857,1.036289257,0.1003157859,101.766163,NaN,1,,pmeal-hpc,2026-08-17T16:46:01,
tortuosity,cpu,matrixfree,16,n600_b050_p095,600,0.5,0.95,0.949611,205116041,iters,59,1.036350204,1.036289257,5.881299616e-05,174.3801347,NaN,1,target_reached,pmeal-hpc,2026-08-17T16:46:01,
tortuosity,cpu,matrixfree,16,n600_b100_p020,600,1,0.2,0.186121,40202032,iters,1,0.005483333852,12.53312864,0.9995624928,4.320205922,NaN,1,,pmeal-hpc,2026-08-17T16:48:39,
tortuosity,cpu,matrixfree,16,n600_b100_p020,600,1,0.2,0.186121,40202032,iters,2,0.0065828593,12.53312864,0.9994747633,4.98993724,NaN,1,,pmeal-hpc,2026-08-17T16:48:39,
tortuosity,cpu,matrixfree,16,n600_b100_p020,600,1,0.2,0.186121,40202032,iters,3,0.008369255237,12.53312864,0.9993322294,5.683255441,NaN,1,,pmeal-hpc,2026-08-17T16:48:39,
tortuosity,cpu,matrixfree,16,n600_b100_p020,600,1,0.2,0.186121,40202032,iters,6,0.05370255404,12.53312864,0.9957151518,7.760244554,NaN,1,,pmeal-hpc,2026-08-17T16:48:39,
tortuosity,cpu,matrixfree,16,n600_b100_p020,600,1,0.2,0.186121,40202032,iters,10,0.0868979698,12.53312864,0.9930665381,10.56562442,NaN,1,,pmeal-hpc,2026-08-17T16:48:39,
tortuosity,cpu,matrixfree,16,n600_b100_p020,600,1,0.2,0.186121,40202032,iters,18,-1.264770413,12.53312864,1.100914181,16.34612369,NaN,1,,pmeal-hpc,2026-08-17T16:48:39,
tortuosity,cpu,matrixfree,16,n600_b100_p020,600,1,0.2,0.186121,40202032,iters,33,6.149191105,12.53312864,0.5093650371,27.01785334,NaN,1,,pmeal-hpc,2026-08-17T16:48:39,
tortuosity,cpu,matrixfree,16,n600_b100_p020,600,1,0.2,0.186121,40202032,iters,59,11.9191548,12.53312864,0.04898807474,45.70696765,NaN,1,,pmeal-hpc,2026-08-17T16:48:39,
tortuosity,cpu,matrixfree,16,n600_b100_p020,600,1,0.2,0.186121,40202032,iters,106,12.49867658,12.53312864,0.002748879153,79.20148485,NaN,1,,pmeal-hpc,2026-08-17T16:48:39,
tortuosity,cpu,matrixfree,16,n600_b100_p020,600,1,0.2,0.186121,40202032,iters,189,12.53269233,12.53312864,3.481242767e-05,138.3514929,NaN,1,target_reached,pmeal-hpc,2026-08-17T16:48:39,
tortuosity,cpu,matrixfree,16,n600_b100_p040,600,1,0.4,0.400067,86414504,iters,1,0.006410825174,2.584229768,0.9975192511,6.843551924,NaN,1,,pmeal-hpc,2026-08-17T16:50:22,
tortuosity,cpu,matrixfree,16,n600_b100_p040,600,1,0.4,0.400067,86414504,iters,2,0.007763253781,2.584229768,0.9969959119,8.133678354,NaN,1,,pmeal-hpc,2026-08-17T16:50:22,
tortuosity,cpu,matrixfree,16,n600_b100_p040,600,1,0.4,0.400067,86414504,iters,3,0.009536208538,2.584229768,0.9963098449,9.372475237,NaN,1,,pmeal-hpc,2026-08-17T16:50:22,
tortuosity,cpu,matrixfree,16,n600_b100_p040,600,1,0.4,0.400067,86414504,iters,6,0.05333979808,2.584229768,0.9793594986,13.15040906,NaN,1,,pmeal-hpc,2026-08-17T16:50:22,
tortuosity,cpu,matrixfree,16,n600_b100_p040,600,1,0.4,0.400067,86414504,iters,10,0.08013378465,2.584229768,0.9689912307,18.23157353,NaN,1,,pmeal-hpc,2026-08-17T16:50:22,
tortuosity,cpu,matrixfree,16,n600_b100_p040,600,1,0.4,0.400067,86414504,iters,18,-0.5079062692,2.584229768,1.196540677,28.52465512,NaN,1,,pmeal-hpc,2026-08-17T16:50:22,
tortuosity,cpu,matrixfree,16,n600_b100_p040,600,1,0.4,0.400067,86414504,iters,33,2.249261209,2.584229768,0.1296202695,47.8917164,NaN,1,,pmeal-hpc,2026-08-17T16:50:22,
tortuosity,cpu,matrixfree,16,n600_b100_p040,600,1,0.4,0.400067,86414504,iters,59,2.585106586,2.584229768,0.0003392955496,80.82178817,NaN,1,target_reached,pmeal-hpc,2026-08-17T16:50:22,
tortuosity,cpu,matrixfree,16,n600_b100_p060,600,1,0.6,0.601152,129848851,iters,1,0.006984537056,1.574643825,0.9955643702,9.000647886,NaN,1,,pmeal-hpc,2026-08-17T16:52:43,
tortuosity,cpu,matrixfree,16,n600_b100_p060,600,1,0.6,0.601152,129848851,iters,2,0.008494412401,1.574643825,0.9946055024,10.79047049,NaN,1,,pmeal-hpc,2026-08-17T16:52:43,
tortuosity,cpu,matrixfree,16,n600_b100_p060,600,1,0.6,0.601152,129848851,iters,3,0.0105798303,1.574643825,0.993281128,12.58915389,NaN,1,,pmeal-hpc,2026-08-17T16:52:43,
tortuosity,cpu,matrixfree,16,n600_b100_p060,600,1,0.6,0.601152,129848851,iters,6,0.05834592791,1.574643825,0.962946587,17.93430696,NaN,1,,pmeal-hpc,2026-08-17T16:52:43,
tortuosity,cpu,matrixfree,16,n600_b100_p060,600,1,0.6,0.601152,129848851,iters,10,0.0844817781,1.574643825,0.9463486429,25.32779728,NaN,1,,pmeal-hpc,2026-08-17T16:52:43,
tortuosity,cpu,matrixfree,16,n600_b100_p060,600,1,0.6,0.601152,129848851,iters,18,-0.5956450249,1.574643825,1.378272861,39.74087778,NaN,1,,pmeal-hpc,2026-08-17T16:52:43,
tortuosity,cpu,matrixfree,16,n600_b100_p060,600,1,0.6,0.601152,129848851,iters,33,1.417896879,1.574643825,0.09954438169,66.92499113,NaN,1,,pmeal-hpc,2026-08-17T16:52:43,
tortuosity,cpu,matrixfree,16,n600_b100_p060,600,1,0.6,0.601152,129848851,iters,59,1.575519039,1.574643825,0.0005558170712,114.0756151,NaN,1,target_reached,pmeal-hpc,2026-08-17T16:52:43,
tortuosity,cpu,matrixfree,16,n600_b100_p080,600,1,0.8,0.800675,172945908,iters,1,0.007427999959,1.194292393,0.9937804176,11.18521586,NaN,1,,pmeal-hpc,2026-08-17T16:55:42,
tortuosity,cpu,matrixfree,16,n600_b100_p080,600,1,0.8,0.800675,172945908,iters,2,0.009057187185,1.194292393,0.9924162732,13.63373889,NaN,1,,pmeal-hpc,2026-08-17T16:55:42,
tortuosity,cpu,matrixfree,16,n600_b100_p080,600,1,0.8,0.800675,172945908,iters,3,0.0113557973,1.194292393,0.9904916105,16.01564795,NaN,1,,pmeal-hpc,2026-08-17T16:55:42,
tortuosity,cpu,matrixfree,16,n600_b100_p080,600,1,0.8,0.800675,172945908,iters,6,0.06175998041,1.194292393,0.9482873869,22.98027165,NaN,1,,pmeal-hpc,2026-08-17T16:55:42,
tortuosity,cpu,matrixfree,16,n600_b100_p080,600,1,0.8,0.800675,172945908,iters,10,0.08787919043,1.194292393,0.9264173573,32.46347853,NaN,1,,pmeal-hpc,2026-08-17T16:55:42,
tortuosity,cpu,matrixfree,16,n600_b100_p080,600,1,0.8,0.800675,172945908,iters,18,-0.7007483883,1.194292393,1.586747762,51.36063552,NaN,1,,pmeal-hpc,2026-08-17T16:55:42,
tortuosity,cpu,matrixfree,16,n600_b100_p080,600,1,0.8,0.800675,172945908,iters,33,1.081114399,1.194292393,0.09476573313,86.93128985,NaN,1,,pmeal-hpc,2026-08-17T16:55:42,
tortuosity,cpu,matrixfree,16,n600_b100_p080,600,1,0.8,0.800675,172945908,iters,59,1.194681132,1.194292393,0.000325497462,148.3760106,NaN,1,target_reached,pmeal-hpc,2026-08-17T16:55:42,
tortuosity,cpu,matrixfree,16,n600_b100_p095,600,1,0.95,0.950634,205336897,iters,1,0.00730067954,1.038559849,0.9929703815,12.73803837,NaN,1,,pmeal-hpc,2026-08-17T16:59:12,
tortuosity,cpu,matrixfree,16,n600_b100_p095,600,1,0.95,0.950634,205336897,iters,2,0.008939229602,1.038559849,0.9913926678,15.73432983,NaN,1,,pmeal-hpc,2026-08-17T16:59:12,
tortuosity,cpu,matrixfree,16,n600_b100_p095,600,1,0.95,0.950634,205336897,iters,3,0.01160349178,1.038559849,0.9888273249,18.63651263,NaN,1,,pmeal-hpc,2026-08-17T16:59:12,
tortuosity,cpu,matrixfree,16,n600_b100_p095,600,1,0.95,0.950634,205336897,iters,6,0.06205797954,1.038559849,0.940246121,27.11198362,NaN,1,,pmeal-hpc,2026-08-17T16:59:12,
tortuosity,cpu,matrixfree,16,n600_b100_p095,600,1,0.95,0.950634,205336897,iters,10,0.08623877125,1.038559849,0.9169631184,38.24570716,NaN,1,,pmeal-hpc,2026-08-17T16:59:12,
tortuosity,cpu,matrixfree,16,n600_b100_p095,600,1,0.95,0.950634,205336897,iters,18,-0.7592436744,1.038559849,1.73105433,60.45457101,NaN,1,,pmeal-hpc,2026-08-17T16:59:12,
tortuosity,cpu,matrixfree,16,n600_b100_p095,600,1,0.95,0.950634,205336897,iters,33,0.9363108516,1.038559849,0.09845267701,102.0772204,NaN,1,,pmeal-hpc,2026-08-17T16:59:12,
tortuosity,cpu,matrixfree,16,n600_b100_p095,600,1,0.95,0.950634,205336897,iters,59,1.038767062,1.038559849,0.0001995200188,174.3529019,NaN,1,target_reached,pmeal-hpc,2026-08-17T16:59:12,
tortuosity,cpu,matrixfree,16,n600_b200_p020,600,2,0.2,0.19095,41245095,iters,1,0.006070404377,11.15581331,0.9994558528,4.36464661,NaN,1,,pmeal-hpc,2026-08-17T17:01:52,
tortuosity,cpu,matrixfree,16,n600_b200_p020,600,2,0.2,0.19095,41245095,iters,2,0.007260185027,11.15581331,0.9993492016,5.053081828,NaN,1,,pmeal-hpc,2026-08-17T17:01:52,
tortuosity,cpu,matrixfree,16,n600_b200_p020,600,2,0.2,0.19095,41245095,iters,3,0.009113441118,11.15581331,0.9991830769,5.876072334,NaN,1,,pmeal-hpc,2026-08-17T17:01:52,
tortuosity,cpu,matrixfree,16,n600_b200_p020,600,2,0.2,0.19095,41245095,iters,6,0.04919460916,11.15581331,0.9955902266,7.997724799,NaN,1,,pmeal-hpc,2026-08-17T17:01:52,
tortuosity,cpu,matrixfree,16,n600_b200_p020,600,2,0.2,0.19095,41245095,iters,10,0.08606898128,11.15581331,0.9922848313,10.78179022,NaN,1,,pmeal-hpc,2026-08-17T17:01:52,
tortuosity,cpu,matrixfree,16,n600_b200_p020,600,2,0.2,0.19095,41245095,iters,18,-0.7135262672,11.15581331,1.06396004,16.54687691,NaN,1,,pmeal-hpc,2026-08-17T17:01:52,
tortuosity,cpu,matrixfree,16,n600_b200_p020,600,2,0.2,0.19095,41245095,iters,33,9.101918865,11.15581331,0.1841097899,27.36432328,NaN,1,,pmeal-hpc,2026-08-17T17:01:52,
tortuosity,cpu,matrixfree,16,n600_b200_p020,600,2,0.2,0.19095,41245095,iters,59,11.36551766,11.15581331,0.01879776407,45.9503587,NaN,1,,pmeal-hpc,2026-08-17T17:01:52,
tortuosity,cpu,matrixfree,16,n600_b200_p020,600,2,0.2,0.19095,41245095,iters,106,11.07715722,11.15581331,0.007050681703,79.71299354,NaN,1,,pmeal-hpc,2026-08-17T17:01:52,
tortuosity,cpu,matrixfree,16,n600_b200_p020,600,2,0.2,0.19095,41245095,iters,189,11.16147396,11.15581331,0.0005074167499,139.3505676,NaN,1,target_reached,pmeal-hpc,2026-08-17T17:01:52,
tortuosity,cpu,matrixfree,16,n600_b200_p040,600,2,0.4,0.398822,86145631,iters,1,0.006713872909,2.58840573,0.9974061745,6.812632676,NaN,1,,pmeal-hpc,2026-08-17T17:04:35,
tortuosity,cpu,matrixfree,16,n600_b200_p040,600,2,0.4,0.398822,86145631,iters,2,0.008048723456,2.58840573,0.9968904707,8.124479542,NaN,1,,pmeal-hpc,2026-08-17T17:04:35,
tortuosity,cpu,matrixfree,16,n600_b200_p040,600,2,0.4,0.398822,86145631,iters,3,0.009961441339,2.58840573,0.9961515147,9.360500373,NaN,1,,pmeal-hpc,2026-08-17T17:04:35,
tortuosity,cpu,matrixfree,16,n600_b200_p040,600,2,0.4,0.398822,86145631,iters,6,0.05301312562,2.58840573,0.9795190047,13.11407084,NaN,1,,pmeal-hpc,2026-08-17T17:04:35,
tortuosity,cpu,matrixfree,16,n600_b200_p040,600,2,0.4,0.398822,86145631,iters,10,0.08670445552,2.58840573,0.9665027571,18.05297448,NaN,1,,pmeal-hpc,2026-08-17T17:04:35,
tortuosity,cpu,matrixfree,16,n600_b200_p040,600,2,0.4,0.398822,86145631,iters,18,-0.6645204127,2.58840573,1.256729617,28.01001595,NaN,1,,pmeal-hpc,2026-08-17T17:04:35,
tortuosity,cpu,matrixfree,16,n600_b200_p040,600,2,0.4,0.398822,86145631,iters,33,2.609860318,2.58840573,0.008288727001,47.06959474,NaN,1,,pmeal-hpc,2026-08-17T17:04:35,
tortuosity,cpu,matrixfree,16,n600_b200_p040,600,2,0.4,0.398822,86145631,iters,59,2.592594787,2.58840573,0.001618392581,79.94485056,NaN,1,,pmeal-hpc,2026-08-17T17:04:35,
tortuosity,cpu,matrixfree,16,n600_b200_p040,600,2,0.4,0.398822,86145631,iters,106,2.588502821,2.58840573,3.751001442e-05,139.2156157,NaN,1,target_reached,pmeal-hpc,2026-08-17T17:04:35,
tortuosity,cpu,matrixfree,16,n600_b200_p060,600,2,0.6,0.600028,129606057,iters,1,0.007376611415,1.576153581,0.9953198651,8.98331206,NaN,1,,pmeal-hpc,2026-08-17T17:06:55,
tortuosity,cpu,matrixfree,16,n600_b200_p060,600,2,0.6,0.600028,129606057,iters,2,0.00888206133,1.576153581,0.9943647234,10.74047179,NaN,1,,pmeal-hpc,2026-08-17T17:06:55,
tortuosity,cpu,matrixfree,16,n600_b200_p060,600,2,0.6,0.600028,129606057,iters,3,0.01087743464,1.576153581,0.993098747,12.48354425,NaN,1,,pmeal-hpc,2026-08-17T17:06:55,
tortuosity,cpu,matrixfree,16,n600_b200_p060,600,2,0.6,0.600028,129606057,iters,6,0.05828251255,1.576153581,0.9630223138,17.90715066,NaN,1,,pmeal-hpc,2026-08-17T17:06:55,
tortuosity,cpu,matrixfree,16,n600_b200_p060,600,2,0.6,0.600028,129606057,iters,10,0.08999035736,1.576153581,0.9429050833,25.16196963,NaN,1,,pmeal-hpc,2026-08-17T17:06:55,
tortuosity,cpu,matrixfree,16,n600_b200_p060,600,2,0.6,0.600028,129606057,iters,18,-0.7359810064,1.576153581,1.46694752,39.5342417,NaN,1,,pmeal-hpc,2026-08-17T17:06:55,
tortuosity,cpu,matrixfree,16,n600_b200_p060,600,2,0.6,0.600028,129606057,iters,33,1.555487844,1.576153581,0.01311149969,66.33770028,NaN,1,,pmeal-hpc,2026-08-17T17:06:55,
tortuosity,cpu,matrixfree,16,n600_b200_p060,600,2,0.6,0.600028,129606057,iters,59,1.577232538,1.576153581,0.0006845509325,112.9660128,NaN,1,target_reached,pmeal-hpc,2026-08-17T17:06:55,
tortuosity,cpu,matrixfree,16,n600_b200_p080,600,2,0.8,0.801043,173025334,iters,1,0.0076928088,1.194359614,0.9935590515,11.04667715,NaN,1,,pmeal-hpc,2026-08-17T17:09:55,
tortuosity,cpu,matrixfree,16,n600_b200_p080,600,2,0.8,0.801043,173025334,iters,2,0.009305061696,1.194359614,0.9922091625,13.40204698,NaN,1,,pmeal-hpc,2026-08-17T17:09:55,
tortuosity,cpu,matrixfree,16,n600_b200_p080,600,2,0.8,0.801043,173025334,iters,3,0.01139380035,1.194359614,0.9904603268,15.77752833,NaN,1,,pmeal-hpc,2026-08-17T17:09:55,
tortuosity,cpu,matrixfree,16,n600_b200_p080,600,2,0.8,0.801043,173025334,iters,6,0.06144193028,1.194359614,0.9485565909,22.87312844,NaN,1,,pmeal-hpc,2026-08-17T17:09:55,
tortuosity,cpu,matrixfree,16,n600_b200_p080,600,2,0.8,0.801043,173025334,iters,10,0.09063119999,1.194359614,0.924117327,32.27927453,NaN,1,,pmeal-hpc,2026-08-17T17:09:55,
tortuosity,cpu,matrixfree,16,n600_b200_p080,600,2,0.8,0.801043,173025334,iters,18,-0.7961420846,1.194359614,1.666584901,51.16086934,NaN,1,,pmeal-hpc,2026-08-17T17:09:55,
tortuosity,cpu,matrixfree,16,n600_b200_p080,600,2,0.8,0.801043,173025334,iters,33,1.134992028,1.194359614,0.04970662557,86.66758696,NaN,1,,pmeal-hpc,2026-08-17T17:09:55,
tortuosity,cpu,matrixfree,16,n600_b200_p080,600,2,0.8,0.801043,173025334,iters,59,1.194790789,1.194359614,0.000361009364,148.0318973,NaN,1,target_reached,pmeal-hpc,2026-08-17T17:09:55,
tortuosity,cpu,matrixfree,16,n600_b200_p095,600,2,0.95,0.950849,205383281,iters,1,0.007504874852,1.037615234,0.992767189,12.71897704,NaN,1,,pmeal-hpc,2026-08-17T17:13:24,
tortuosity,cpu,matrixfree,16,n600_b200_p095,600,2,0.95,0.950849,205383281,iters,2,0.009135582561,1.037615234,0.9911955971,15.68189611,NaN,1,,pmeal-hpc,2026-08-17T17:13:24,
tortuosity,cpu,matrixfree,16,n600_b200_p095,600,2,0.95,0.950849,205383281,iters,3,0.01139556549,1.037615234,0.9890175422,18.52289673,NaN,1,,pmeal-hpc,2026-08-17T17:13:24,
tortuosity,cpu,matrixfree,16,n600_b200_p095,600,2,0.95,0.950849,205383281,iters,6,0.06191340641,1.037615234,0.9403310549,27.01180805,NaN,1,,pmeal-hpc,2026-08-17T17:13:24,
tortuosity,cpu,matrixfree,16,n600_b200_p095,600,2,0.95,0.950849,205383281,iters,10,0.08784000022,1.037615234,0.9153443422,38.26814662,NaN,1,,pmeal-hpc,2026-08-17T17:13:24,
tortuosity,cpu,matrixfree,16,n600_b200_p095,600,2,0.95,0.950849,205383281,iters,18,-0.8053651559,1.037615234,1.776169364,60.37430831,NaN,1,,pmeal-hpc,2026-08-17T17:13:24,
tortuosity,cpu,matrixfree,16,n600_b200_p095,600,2,0.95,0.950849,205383281,iters,33,0.9592669455,1.037615234,0.0755080361,101.9491082,NaN,1,,pmeal-hpc,2026-08-17T17:13:24,
tortuosity,cpu,matrixfree,16,n600_b200_p095,600,2,0.95,0.950849,205383281,iters,59,1.037752578,1.037615234,0.0001323654464,173.9545483,NaN,1,target_reached,pmeal-hpc,2026-08-17T17:13:24,
tortuosity,cpu,matrixfree,16,n800_b050_p020,800,0.5,0.2,0.174096,89137139,iters,1,0.003305427014,10.10700996,0.999672957,11.33152524,NaN,1,,pmeal-hpc,2026-08-17T20:02:43,
tortuosity,cpu,matrixfree,16,n800_b050_p020,800,0.5,0.2,0.174096,89137139,iters,2,0.004051073405,10.10700996,0.9995991818,13.01295024,NaN,1,,pmeal-hpc,2026-08-17T20:02:43,
tortuosity,cpu,matrixfree,16,n800_b050_p020,800,0.5,0.2,0.174096,89137139,iters,3,0.005165647454,10.10700996,0.9994889045,14.73542722,NaN,1,,pmeal-hpc,2026-08-17T20:02:43,
tortuosity,cpu,matrixfree,16,n800_b050_p020,800,0.5,0.2,0.174096,89137139,iters,6,0.02931798538,10.10700996,0.9970992425,19.67657998,NaN,1,,pmeal-hpc,2026-08-17T20:02:43,
tortuosity,cpu,matrixfree,16,n800_b050_p020,800,0.5,0.2,0.174096,89137139,iters,10,0.04324058796,10.10700996,0.995721723,26.13938098,NaN,1,,pmeal-hpc,2026-08-17T20:02:43,
tortuosity,cpu,matrixfree,16,n800_b050_p020,800,0.5,0.2,0.174096,89137139,iters,18,-0.2230653663,10.10700996,1.022070362,39.14930755,NaN,1,,pmeal-hpc,2026-08-17T20:02:43,
tortuosity,cpu,matrixfree,16,n800_b050_p020,800,0.5,0.2,0.174096,89137139,iters,33,3.133431295,10.10700996,0.6899744527,63.52108839,NaN,1,,pmeal-hpc,2026-08-17T20:02:43,
tortuosity,cpu,matrixfree,16,n800_b050_p020,800,0.5,0.2,0.174096,89137139,iters,59,8.779234347,10.10700996,0.1313717527,105.5373278,NaN,1,,pmeal-hpc,2026-08-17T20:02:43,
tortuosity,cpu,matrixfree,16,n800_b050_p020,800,0.5,0.2,0.174096,89137139,iters,106,9.925523592,10.10700996,0.0179564845,181.58185,NaN,1,,pmeal-hpc,2026-08-17T20:02:43,
tortuosity,cpu,matrixfree,16,n800_b050_p020,800,0.5,0.2,0.174096,89137139,iters,189,10.10521347,10.10700996,0.0001777471566,315.7348918,NaN,1,target_reached,pmeal-hpc,2026-08-17T20:02:43,
tortuosity,cpu,matrixfree,16,n800_b050_p040,800,0.5,0.4,0.384479,196853200,iters,1,0.00439857832,2.713834504,0.9983792017,15.34670295,NaN,1,,pmeal-hpc,2026-08-17T20:09:08,
tortuosity,cpu,matrixfree,16,n800_b050_p040,800,0.5,0.4,0.384479,196853200,iters,2,0.005392025546,2.713834504,0.998013134,18.38430338,NaN,1,,pmeal-hpc,2026-08-17T20:09:08,
tortuosity,cpu,matrixfree,16,n800_b050_p040,800,0.5,0.4,0.384479,196853200,iters,3,0.006905523648,2.713834504,0.9974554367,21.34675697,NaN,1,,pmeal-hpc,2026-08-17T20:09:08,
tortuosity,cpu,matrixfree,16,n800_b050_p040,800,0.5,0.4,0.384479,196853200,iters,6,0.03812454724,2.713834504,0.9859517789,30.3367016,NaN,1,,pmeal-hpc,2026-08-17T20:09:08,
tortuosity,cpu,matrixfree,16,n800_b050_p040,800,0.5,0.4,0.384479,196853200,iters,10,0.05514334633,2.713834504,0.9796806525,42.49789627,NaN,1,,pmeal-hpc,2026-08-17T20:09:08,
tortuosity,cpu,matrixfree,16,n800_b050_p040,800,0.5,0.4,0.384479,196853200,iters,18,-0.2961242515,2.713834504,1.109116547,66.19166586,NaN,1,,pmeal-hpc,2026-08-17T20:09:08,
tortuosity,cpu,matrixfree,16,n800_b050_p040,800,0.5,0.4,0.384479,196853200,iters,33,1.818576975,2.713834504,0.3298865599,111.179259,NaN,1,,pmeal-hpc,2026-08-17T20:09:08,
tortuosity,cpu,matrixfree,16,n800_b050_p040,800,0.5,0.4,0.384479,196853200,iters,59,2.687238873,2.713834504,0.0098000196,189.5609411,NaN,1,,pmeal-hpc,2026-08-17T20:09:08,
tortuosity,cpu,matrixfree,16,n800_b050_p040,800,0.5,0.4,0.384479,196853200,iters,106,2.713543126,2.713834504,0.0001073676786,330.7517168,NaN,1,target_reached,pmeal-hpc,2026-08-17T20:09:08,
tortuosity,cpu,matrixfree,16,n800_b050_p060,800,0.5,0.6,0.59834,306349955,iters,1,0.005151381381,1.573690994,0.9967265611,20.66166628,NaN,1,,pmeal-hpc,2026-08-17T20:18:08,
tortuosity,cpu,matrixfree,16,n800_b050_p060,800,0.5,0.6,0.59834,306349955,iters,2,0.006320213903,1.573690994,0.9959838279,24.92203502,NaN,1,,pmeal-hpc,2026-08-17T20:18:08,
tortuosity,cpu,matrixfree,16,n800_b050_p060,800,0.5,0.6,0.59834,306349955,iters,3,0.008207348081,1.573690994,0.9947846508,29.22053675,NaN,1,,pmeal-hpc,2026-08-17T20:18:08,
tortuosity,cpu,matrixfree,16,n800_b050_p060,800,0.5,0.6,0.59834,306349955,iters,6,0.04437154123,1.573690994,0.9718041589,41.97817116,NaN,1,,pmeal-hpc,2026-08-17T20:18:08,
tortuosity,cpu,matrixfree,16,n800_b050_p060,800,0.5,0.6,0.59834,306349955,iters,10,0.0628842748,1.573690994,0.9600402652,59.35649614,NaN,1,,pmeal-hpc,2026-08-17T20:18:08,
tortuosity,cpu,matrixfree,16,n800_b050_p060,800,0.5,0.6,0.59834,306349955,iters,18,-0.3745649044,1.573690994,1.238016806,93.84432095,NaN,1,,pmeal-hpc,2026-08-17T20:18:08,
tortuosity,cpu,matrixfree,16,n800_b050_p060,800,0.5,0.6,0.59834,306349955,iters,33,1.270376539,1.573690994,0.1927407961,158.510732,NaN,1,,pmeal-hpc,2026-08-17T20:18:08,
tortuosity,cpu,matrixfree,16,n800_b050_p060,800,0.5,0.6,0.59834,306349955,iters,59,1.571777798,1.573690994,0.001215738344,270.6417625,NaN,1,,pmeal-hpc,2026-08-17T20:18:08,
tortuosity,cpu,matrixfree,16,n800_b050_p060,800,0.5,0.6,0.59834,306349955,iters,106,1.573967115,1.573690994,0.0001754609913,473.3233975,NaN,1,target_reached,pmeal-hpc,2026-08-17T20:18:08,
tortuosity,cpu,matrixfree,16,n800_b050_p080,800,0.5,0.8,0.807732,413558797,iters,1,0.005527181222,1.158681783,0.9952297677,26.05174106,NaN,1,,pmeal-hpc,2026-08-17T20:25:12,
tortuosity,cpu,matrixfree,16,n800_b050_p080,800,0.5,0.8,0.807732,413558797,iters,2,0.006784556916,1.158681783,0.99414459,31.67224635,NaN,1,,pmeal-hpc,2026-08-17T20:25:12,
tortuosity,cpu,matrixfree,16,n800_b050_p080,800,0.5,0.8,0.807732,413558797,iters,3,0.008949490055,1.158681783,0.992276145,37.38178358,NaN,1,,pmeal-hpc,2026-08-17T20:25:12,
tortuosity,cpu,matrixfree,16,n800_b050_p080,800,0.5,0.8,0.807732,413558797,iters,6,0.04762886236,1.158681783,0.9588939232,54.17599133,NaN,1,,pmeal-hpc,2026-08-17T20:25:12,
tortuosity,cpu,matrixfree,16,n800_b050_p080,800,0.5,0.8,0.807732,413558797,iters,10,0.06616016876,1.158681783,0.9429004842,76.91934679,NaN,1,,pmeal-hpc,2026-08-17T20:25:12,
tortuosity,cpu,matrixfree,16,n800_b050_p080,800,0.5,0.8,0.807732,413558797,iters,18,-0.4479335002,1.158681783,1.386588886,122.019728,NaN,1,,pmeal-hpc,2026-08-17T20:25:12,
tortuosity,cpu,matrixfree,16,n800_b050_p080,800,0.5,0.8,0.807732,413558797,iters,33,0.9856681195,1.158681783,0.1493193955,205.9891264,NaN,1,,pmeal-hpc,2026-08-17T20:25:12,
tortuosity,cpu,matrixfree,16,n800_b050_p080,800,0.5,0.8,0.807732,413558797,iters,59,1.159011838,1.158681783,0.0002848540704,351.5854875,NaN,1,target_reached,pmeal-hpc,2026-08-17T20:25:12,
tortuosity,cpu,matrixfree,16,n800_b050_p095,800,0.5,0.95,0.953798,488344573,iters,1,0.005442742995,1.027543224,0.9947031493,30.01313656,NaN,1,,pmeal-hpc,2026-08-17T20:33:23,
tortuosity,cpu,matrixfree,16,n800_b050_p095,800,0.5,0.95,0.953798,488344573,iters,2,0.006684192433,1.027543224,0.9934949769,36.50788956,NaN,1,,pmeal-hpc,2026-08-17T20:33:23,
tortuosity,cpu,matrixfree,16,n800_b050_p095,800,0.5,0.95,0.953798,488344573,iters,3,0.009009184947,1.027543224,0.9912323056,42.93024162,NaN,1,,pmeal-hpc,2026-08-17T20:33:23,
tortuosity,cpu,matrixfree,16,n800_b050_p095,800,0.5,0.95,0.953798,488344573,iters,6,0.04732755742,1.027543224,0.9539410544,62.56411605,NaN,1,,pmeal-hpc,2026-08-17T20:33:23,
tortuosity,cpu,matrixfree,16,n800_b050_p095,800,0.5,0.95,0.953798,488344573,iters,10,0.06522365518,1.027543224,0.9365246603,88.8122809,NaN,1,,pmeal-hpc,2026-08-17T20:33:23,
tortuosity,cpu,matrixfree,16,n800_b050_p095,800,0.5,0.95,0.953798,488344573,iters,18,-0.4810545657,1.027543224,1.468159932,141.0303058,NaN,1,,pmeal-hpc,2026-08-17T20:33:23,
tortuosity,cpu,matrixfree,16,n800_b050_p095,800,0.5,0.95,0.953798,488344573,iters,33,0.8925151731,1.027543224,0.1314086335,239.6815887,NaN,1,,pmeal-hpc,2026-08-17T20:33:23,
tortuosity,cpu,matrixfree,16,n800_b050_p095,800,0.5,0.95,0.953798,488344573,iters,59,1.027209522,1.027543224,0.0003247572874,410.5144508,NaN,1,target_reached,pmeal-hpc,2026-08-17T20:33:23,
tortuosity,cpu,matrixfree,16,n800_b100_p020,800,1,0.2,0.185425,94937803,iters,1,0.004628686762,12.62304881,0.9996333147,9.442364546,NaN,1,,pmeal-hpc,2026-08-17T20:39:21,
tortuosity,cpu,matrixfree,16,n800_b100_p020,800,1,0.2,0.185425,94937803,iters,2,0.005636519424,12.62304881,0.999553474,11.0507552,NaN,1,,pmeal-hpc,2026-08-17T20:39:21,
tortuosity,cpu,matrixfree,16,n800_b100_p020,800,1,0.2,0.185425,94937803,iters,3,0.00703435562,12.62304881,0.9994427372,12.67936696,NaN,1,,pmeal-hpc,2026-08-17T20:39:21,
tortuosity,cpu,matrixfree,16,n800_b100_p020,800,1,0.2,0.185425,94937803,iters,6,0.04029037711,12.62304881,0.9968081897,17.44783467,NaN,1,,pmeal-hpc,2026-08-17T20:39:21,
tortuosity,cpu,matrixfree,16,n800_b100_p020,800,1,0.2,0.185425,94937803,iters,10,0.06018504931,12.62304881,0.9952321305,24.01727079,NaN,1,,pmeal-hpc,2026-08-17T20:39:21,
tortuosity,cpu,matrixfree,16,n800_b100_p020,800,1,0.2,0.185425,94937803,iters,18,-0.3358728432,12.62304881,1.026607902,36.84237589,NaN,1,,pmeal-hpc,2026-08-17T20:39:21,
tortuosity,cpu,matrixfree,16,n800_b100_p020,800,1,0.2,0.185425,94937803,iters,33,4.035279367,12.62304881,0.6803245058,61.11078063,NaN,1,,pmeal-hpc,2026-08-17T20:39:21,
tortuosity,cpu,matrixfree,16,n800_b100_p020,800,1,0.2,0.185425,94937803,iters,59,10.37328343,12.62304881,0.1782267825,103.1366919,NaN,1,,pmeal-hpc,2026-08-17T20:39:21,
tortuosity,cpu,matrixfree,16,n800_b100_p020,800,1,0.2,0.185425,94937803,iters,106,12.30628124,12.62304881,0.02509437867,179.1365791,NaN,1,,pmeal-hpc,2026-08-17T20:39:21,
tortuosity,cpu,matrixfree,16,n800_b100_p020,800,1,0.2,0.185425,94937803,iters,189,12.61243393,12.62304881,0.0008409128197,313.4654647,NaN,1,target_reached,pmeal-hpc,2026-08-17T20:39:21,
tortuosity,cpu,matrixfree,16,n800_b100_p040,800,1,0.4,0.394666,202068918,iters,1,0.005363613016,2.604118691,0.9979403347,15.05859469,NaN,1,,pmeal-hpc,2026-08-17T20:45:43,
tortuosity,cpu,matrixfree,16,n800_b100_p040,800,1,0.4,0.394666,202068918,iters,2,0.00653449137,2.604118691,0.9974907091,18.03021264,NaN,1,,pmeal-hpc,2026-08-17T20:45:43,
tortuosity,cpu,matrixfree,16,n800_b100_p040,800,1,0.4,0.394666,202068918,iters,3,0.008100861673,2.604118691,0.9968892118,20.93959645,NaN,1,,pmeal-hpc,2026-08-17T20:45:43,
tortuosity,cpu,matrixfree,16,n800_b100_p040,800,1,0.4,0.394666,202068918,iters,6,0.04510547387,2.604118691,0.9826791789,29.79707609,NaN,1,,pmeal-hpc,2026-08-17T20:45:43,
tortuosity,cpu,matrixfree,16,n800_b100_p040,800,1,0.4,0.394666,202068918,iters,10,0.06628257516,2.604118691,0.9745470222,41.92908042,NaN,1,,pmeal-hpc,2026-08-17T20:45:43,
tortuosity,cpu,matrixfree,16,n800_b100_p040,800,1,0.4,0.394666,202068918,iters,18,-0.3784795473,2.604118691,1.145338824,65.85755135,NaN,1,,pmeal-hpc,2026-08-17T20:45:43,
tortuosity,cpu,matrixfree,16,n800_b100_p040,800,1,0.4,0.394666,202068918,iters,33,1.991609784,2.604118691,0.2352077535,110.4321631,NaN,1,,pmeal-hpc,2026-08-17T20:45:43,
tortuosity,cpu,matrixfree,16,n800_b100_p040,800,1,0.4,0.394666,202068918,iters,59,2.597471058,2.604118691,0.002552738118,186.9932517,NaN,1,,pmeal-hpc,2026-08-17T20:45:43,
tortuosity,cpu,matrixfree,16,n800_b100_p040,800,1,0.4,0.394666,202068918,iters,106,2.603726956,2.604118691,0.0001504291417,326.9287791,NaN,1,target_reached,pmeal-hpc,2026-08-17T20:45:43,
tortuosity,cpu,matrixfree,16,n800_b100_p060,800,1,0.6,0.599309,306846383,iters,1,0.005871010049,1.538358863,0.9961835888,20.43934005,NaN,1,,pmeal-hpc,2026-08-17T20:51:13,
tortuosity,cpu,matrixfree,16,n800_b100_p060,800,1,0.6,0.599309,306846383,iters,2,0.007173732345,1.538358863,0.9953367628,24.90852928,NaN,1,,pmeal-hpc,2026-08-17T20:51:13,
tortuosity,cpu,matrixfree,16,n800_b100_p060,800,1,0.6,0.599309,306846383,iters,3,0.008995200268,1.538358863,0.9941527296,29.12953578,NaN,1,,pmeal-hpc,2026-08-17T20:51:13,
tortuosity,cpu,matrixfree,16,n800_b100_p060,800,1,0.6,0.599309,306846383,iters,6,0.04900080628,1.538358863,0.9681473501,41.98834946,NaN,1,,pmeal-hpc,2026-08-17T20:51:13,
tortuosity,cpu,matrixfree,16,n800_b100_p060,800,1,0.6,0.599309,306846383,iters,10,0.07039807276,1.538358863,0.9542381986,59.17594443,NaN,1,,pmeal-hpc,2026-08-17T20:51:13,
tortuosity,cpu,matrixfree,16,n800_b100_p060,800,1,0.6,0.599309,306846383,iters,18,-0.438238827,1.538358863,1.28487425,93.39127042,NaN,1,,pmeal-hpc,2026-08-17T20:51:13,
tortuosity,cpu,matrixfree,16,n800_b100_p060,800,1,0.6,0.599309,306846383,iters,33,1.301968378,1.538358863,0.1536640709,158.0159494,NaN,1,,pmeal-hpc,2026-08-17T20:51:13,
tortuosity,cpu,matrixfree,16,n800_b100_p060,800,1,0.6,0.599309,306846383,iters,59,1.538522762,1.538358863,0.0001065412043,269.7070828,NaN,1,target_reached,pmeal-hpc,2026-08-17T20:51:13,
tortuosity,cpu,matrixfree,16,n800_b100_p080,800,1,0.8,0.802797,411032289,iters,1,0.005967771656,1.178837076,0.9949375772,25.43683473,NaN,1,,pmeal-hpc,2026-08-17T20:58:14,
tortuosity,cpu,matrixfree,16,n800_b100_p080,800,1,0.8,0.802797,411032289,iters,2,0.00730238833,1.178837076,0.9938054304,31.1892249,NaN,1,,pmeal-hpc,2026-08-17T20:58:14,
tortuosity,cpu,matrixfree,16,n800_b100_p080,800,1,0.8,0.802797,411032289,iters,3,0.009244492521,1.178837076,0.9921579557,36.83523735,NaN,1,,pmeal-hpc,2026-08-17T20:58:14,
tortuosity,cpu,matrixfree,16,n800_b100_p080,800,1,0.8,0.802797,411032289,iters,6,0.0498691943,1.178837076,0.9576962794,53.61434974,NaN,1,,pmeal-hpc,2026-08-17T20:58:14,
tortuosity,cpu,matrixfree,16,n800_b100_p080,800,1,0.8,0.802797,411032289,iters,10,0.07049450975,1.178837076,0.9401999554,76.08403182,NaN,1,,pmeal-hpc,2026-08-17T20:58:14,
tortuosity,cpu,matrixfree,16,n800_b100_p080,800,1,0.8,0.802797,411032289,iters,18,-0.4733255516,1.178837076,1.401519057,120.8161875,NaN,1,,pmeal-hpc,2026-08-17T20:58:14,
tortuosity,cpu,matrixfree,16,n800_b100_p080,800,1,0.8,0.802797,411032289,iters,33,1.022864076,1.178837076,0.1323109051,203.7316765,NaN,1,,pmeal-hpc,2026-08-17T20:58:14,
tortuosity,cpu,matrixfree,16,n800_b100_p080,800,1,0.8,0.802797,411032289,iters,59,1.1790628,1.178837076,0.0001914801509,349.2156703,NaN,1,target_reached,pmeal-hpc,2026-08-17T20:58:14,
tortuosity,cpu,matrixfree,16,n800_b100_p095,800,1,0.95,0.952043,487445980,iters,1,0.00560158699,1.033344548,0.9945791682,29.49899121,NaN,1,,pmeal-hpc,2026-08-17T21:06:23,
tortuosity,cpu,matrixfree,16,n800_b100_p095,800,1,0.95,0.952043,487445980,iters,2,0.00686709683,1.033344548,0.9933544945,35.86167741,NaN,1,,pmeal-hpc,2026-08-17T21:06:23,
tortuosity,cpu,matrixfree,16,n800_b100_p095,800,1,0.95,0.952043,487445980,iters,3,0.008949354187,1.033344548,0.9913394286,42.42025979,NaN,1,,pmeal-hpc,2026-08-17T21:06:23,
tortuosity,cpu,matrixfree,16,n800_b100_p095,800,1,0.95,0.952043,487445980,iters,6,0.0477817341,1.033344548,0.953760114,61.60090705,NaN,1,,pmeal-hpc,2026-08-17T21:06:23,
tortuosity,cpu,matrixfree,16,n800_b100_p095,800,1,0.95,0.952043,487445980,iters,10,0.06640044914,1.033344548,0.9357421982,87.82717735,NaN,1,,pmeal-hpc,2026-08-17T21:06:23,
tortuosity,cpu,matrixfree,16,n800_b100_p095,800,1,0.95,0.952043,487445980,iters,18,-0.4710564225,1.033344548,1.455856107,140.112304,NaN,1,,pmeal-hpc,2026-08-17T21:06:23,
tortuosity,cpu,matrixfree,16,n800_b100_p095,800,1,0.95,0.952043,487445980,iters,33,0.9015532608,1.033344548,0.1275385712,238.1229788,NaN,1,,pmeal-hpc,2026-08-17T21:06:23,
tortuosity,cpu,matrixfree,16,n800_b100_p095,800,1,0.95,0.952043,487445980,iters,59,1.03293442,1.033344548,0.0003968933003,408.599618,NaN,1,target_reached,pmeal-hpc,2026-08-17T21:06:23,
tortuosity,cpu,matrixfree,16,n800_b200_p020,800,2,0.2,0.18995,97254252,iters,1,0.004592351831,13.56020695,0.9996613362,9.804783459,NaN,1,,pmeal-hpc,2026-08-17T21:12:20,
tortuosity,cpu,matrixfree,16,n800_b200_p020,800,2,0.2,0.18995,97254252,iters,2,0.005515832929,13.56020695,0.9995932339,11.34817236,NaN,1,,pmeal-hpc,2026-08-17T21:12:20,
tortuosity,cpu,matrixfree,16,n800_b200_p020,800,2,0.2,0.18995,97254252,iters,3,0.006954658742,13.56020695,0.9994871274,12.9378537,NaN,1,,pmeal-hpc,2026-08-17T21:12:20,
tortuosity,cpu,matrixfree,16,n800_b200_p020,800,2,0.2,0.18995,97254252,iters,6,0.0393090512,13.56020695,0.9971011467,17.67060413,NaN,1,,pmeal-hpc,2026-08-17T21:12:20,
tortuosity,cpu,matrixfree,16,n800_b200_p020,800,2,0.2,0.18995,97254252,iters,10,0.06415541736,13.56020695,0.9952688467,24.04433185,NaN,1,,pmeal-hpc,2026-08-17T21:12:20,
tortuosity,cpu,matrixfree,16,n800_b200_p020,800,2,0.2,0.18995,97254252,iters,18,-0.4671886522,13.56020695,1.034452915,36.74463984,NaN,1,,pmeal-hpc,2026-08-17T21:12:20,
tortuosity,cpu,matrixfree,16,n800_b200_p020,800,2,0.2,0.18995,97254252,iters,33,5.854249326,13.56020695,0.5682772875,60.72858701,NaN,1,,pmeal-hpc,2026-08-17T21:12:20,
tortuosity,cpu,matrixfree,16,n800_b200_p020,800,2,0.2,0.18995,97254252,iters,59,12.52772908,13.56020695,0.07614027389,102.7915469,NaN,1,,pmeal-hpc,2026-08-17T21:12:20,
tortuosity,cpu,matrixfree,16,n800_b200_p020,800,2,0.2,0.18995,97254252,iters,106,13.2806553,13.56020695,0.02061558847,178.3729277,NaN,1,,pmeal-hpc,2026-08-17T21:12:20,
tortuosity,cpu,matrixfree,16,n800_b200_p020,800,2,0.2,0.18995,97254252,iters,189,13.5660529,13.56020695,0.0004311107442,311.8253949,NaN,1,target_reached,pmeal-hpc,2026-08-17T21:12:20,
tortuosity,cpu,matrixfree,16,n800_b200_p040,800,2,0.4,0.3993,204441481,iters,1,0.005188133005,2.540426233,0.9979577707,15.49287165,NaN,1,,pmeal-hpc,2026-08-17T21:18:43,
tortuosity,cpu,matrixfree,16,n800_b200_p040,800,2,0.4,0.3993,204441481,iters,2,0.006246670594,2.540426233,0.9975410935,18.46345064,NaN,1,,pmeal-hpc,2026-08-17T21:18:43,
tortuosity,cpu,matrixfree,16,n800_b200_p040,800,2,0.4,0.3993,204441481,iters,3,0.007747400732,2.540426233,0.996950354,21.43461147,NaN,1,,pmeal-hpc,2026-08-17T21:18:43,
tortuosity,cpu,matrixfree,16,n800_b200_p040,800,2,0.4,0.3993,204441481,iters,6,0.04270423633,2.540426233,0.9831901294,30.63709661,NaN,1,,pmeal-hpc,2026-08-17T21:18:43,
tortuosity,cpu,matrixfree,16,n800_b200_p040,800,2,0.4,0.3993,204441481,iters,10,0.06654424126,2.540426233,0.9738058754,42.56154315,NaN,1,,pmeal-hpc,2026-08-17T21:18:43,
tortuosity,cpu,matrixfree,16,n800_b200_p040,800,2,0.4,0.3993,204441481,iters,18,-0.4478152351,2.540426233,1.17627563,66.36923909,NaN,1,,pmeal-hpc,2026-08-17T21:18:43,
tortuosity,cpu,matrixfree,16,n800_b200_p040,800,2,0.4,0.3993,204441481,iters,33,2.150606627,2.540426233,0.1534465362,110.6946473,NaN,1,,pmeal-hpc,2026-08-17T21:18:43,
tortuosity,cpu,matrixfree,16,n800_b200_p040,800,2,0.4,0.3993,204441481,iters,59,2.543351725,2.540426233,0.001151575077,187.8916114,NaN,1,,pmeal-hpc,2026-08-17T21:18:43,
tortuosity,cpu,matrixfree,16,n800_b200_p040,800,2,0.4,0.3993,204441481,iters,106,2.540471064,2.540426233,1.764688595e-05,327.7311102,NaN,1,target_reached,pmeal-hpc,2026-08-17T21:18:43,
tortuosity,cpu,matrixfree,16,n800_b200_p060,800,2,0.6,0.602005,308226382,iters,1,0.005716572486,1.551467408,0.996315377,20.81984661,NaN,1,,pmeal-hpc,2026-08-17T21:24:15,
tortuosity,cpu,matrixfree,16,n800_b200_p060,800,2,0.6,0.602005,308226382,iters,2,0.006908822071,1.551467408,0.9955469112,25.06973774,NaN,1,,pmeal-hpc,2026-08-17T21:24:15,
tortuosity,cpu,matrixfree,16,n800_b200_p060,800,2,0.6,0.602005,308226382,iters,3,0.008522217076,1.551467408,0.9945069957,29.32036243,NaN,1,,pmeal-hpc,2026-08-17T21:24:15,
tortuosity,cpu,matrixfree,16,n800_b200_p060,800,2,0.6,0.602005,308226382,iters,6,0.04640727534,1.551467408,0.9700881404,42.30699084,NaN,1,,pmeal-hpc,2026-08-17T21:24:15,
tortuosity,cpu,matrixfree,16,n800_b200_p060,800,2,0.6,0.602005,308226382,iters,10,0.06969328045,1.551467408,0.9550791205,59.60237142,NaN,1,,pmeal-hpc,2026-08-17T21:24:15,
tortuosity,cpu,matrixfree,16,n800_b200_p060,800,2,0.6,0.602005,308226382,iters,18,-0.4663705255,1.551467408,1.300599628,94.07152928,NaN,1,,pmeal-hpc,2026-08-17T21:24:15,
tortuosity,cpu,matrixfree,16,n800_b200_p060,800,2,0.6,0.602005,308226382,iters,33,1.393614152,1.551467408,0.1017444875,158.6505665,NaN,1,,pmeal-hpc,2026-08-17T21:24:15,
tortuosity,cpu,matrixfree,16,n800_b200_p060,800,2,0.6,0.602005,308226382,iters,59,1.552121375,1.551467408,0.0004215151035,270.4860814,NaN,1,target_reached,pmeal-hpc,2026-08-17T21:24:15,
tortuosity,cpu,matrixfree,16,n800_b200_p080,800,2,0.8,0.802459,410859253,iters,1,0.005883904336,1.188212956,0.9950481062,25.43588662,NaN,1,,pmeal-hpc,2026-08-17T21:31:16,
tortuosity,cpu,matrixfree,16,n800_b200_p080,800,2,0.8,0.802459,410859253,iters,2,0.007138089382,1.188212956,0.9939925841,30.96137559,NaN,1,,pmeal-hpc,2026-08-17T21:31:16,
tortuosity,cpu,matrixfree,16,n800_b200_p080,800,2,0.8,0.802459,410859253,iters,3,0.008804968013,1.188212956,0.9925897391,36.5970911,NaN,1,,pmeal-hpc,2026-08-17T21:31:16,
tortuosity,cpu,matrixfree,16,n800_b200_p080,800,2,0.8,0.802459,410859253,iters,6,0.04783698575,1.188212956,0.9597403937,53.55607802,NaN,1,,pmeal-hpc,2026-08-17T21:31:16,
tortuosity,cpu,matrixfree,16,n800_b200_p080,800,2,0.8,0.802459,410859253,iters,10,0.06976358254,1.188212956,0.9412869703,75.80090034,NaN,1,,pmeal-hpc,2026-08-17T21:31:16,
tortuosity,cpu,matrixfree,16,n800_b200_p080,800,2,0.8,0.802459,410859253,iters,18,-0.4816904742,1.188212956,1.405390693,120.2438743,NaN,1,,pmeal-hpc,2026-08-17T21:31:16,
tortuosity,cpu,matrixfree,16,n800_b200_p080,800,2,0.8,0.802459,410859253,iters,33,1.067707797,1.188212956,0.1014171396,203.8382392,NaN,1,,pmeal-hpc,2026-08-17T21:31:16,
tortuosity,cpu,matrixfree,16,n800_b200_p080,800,2,0.8,0.802459,410859253,iters,59,1.18882419,1.188212956,0.0005144145838,349.2019885,NaN,1,target_reached,pmeal-hpc,2026-08-17T21:31:16,
tortuosity,cpu,matrixfree,16,n800_b200_p095,800,2,0.95,0.949699,486245700,iters,1,0.00561413239,1.038427024,0.9945936188,29.38891404,NaN,1,,pmeal-hpc,2026-08-17T21:39:23,
tortuosity,cpu,matrixfree,16,n800_b200_p095,800,2,0.95,0.949699,486245700,iters,2,0.006847442973,1.038427024,0.9934059469,36.01556983,NaN,1,,pmeal-hpc,2026-08-17T21:39:23,
tortuosity,cpu,matrixfree,16,n800_b200_p095,800,2,0.95,0.949699,486245700,iters,3,0.008615983687,1.038427024,0.9917028511,42.47006402,NaN,1,,pmeal-hpc,2026-08-17T21:39:23,
tortuosity,cpu,matrixfree,16,n800_b200_p095,800,2,0.95,0.949699,486245700,iters,6,0.04679864663,1.038427024,0.9549331387,62.0343842,NaN,1,,pmeal-hpc,2026-08-17T21:39:23,
tortuosity,cpu,matrixfree,16,n800_b200_p095,800,2,0.95,0.949699,486245700,iters,10,0.06623189588,1.038427024,0.9362190175,88.21038091,NaN,1,,pmeal-hpc,2026-08-17T21:39:23,
tortuosity,cpu,matrixfree,16,n800_b200_p095,800,2,0.95,0.949699,486245700,iters,18,-0.4656491389,1.038427024,1.448417778,140.2399873,NaN,1,,pmeal-hpc,2026-08-17T21:39:23,
tortuosity,cpu,matrixfree,16,n800_b200_p095,800,2,0.95,0.949699,486245700,iters,33,0.9193395576,1.038427024,0.1146806311,237.9988889,NaN,1,,pmeal-hpc,2026-08-17T21:39:23,
tortuosity,cpu,matrixfree,16,n800_b200_p095,800,2,0.95,0.949699,486245700,iters,59,1.03780794,1.038427024,0.0005961744948,407.2901791,NaN,1,target_reached,pmeal-hpc,2026-08-17T21:39:23,
tortuosity,cpu,matrixfree,16,n1000_b050_p040,1000,0.5,0.4,0.389098,389098003,iters,1,0.003881516792,3.244818259,0.9988037799,31.00016164,NaN,1,,pmeal-hpc,2026-08-18T03:35:47,
tortuosity,cpu,matrixfree,16,n1000_b050_p040,1000,0.5,0.4,0.389098,389098003,iters,2,0.004766524093,3.244818259,0.9985310351,36.5391131,NaN,1,,pmeal-hpc,2026-08-18T03:35:47,
tortuosity,cpu,matrixfree,16,n1000_b050_p040,1000,0.5,0.4,0.389098,389098003,iters,3,0.006221741284,3.244818259,0.9980825609,41.92281795,NaN,1,,pmeal-hpc,2026-08-18T03:35:47,
tortuosity,cpu,matrixfree,16,n1000_b050_p040,1000,0.5,0.4,0.389098,389098003,iters,6,0.03411178552,3.244818259,0.9894873047,58.95281544,NaN,1,,pmeal-hpc,2026-08-18T03:35:47,
tortuosity,cpu,matrixfree,16,n1000_b050_p040,1000,0.5,0.4,0.389098,389098003,iters,10,0.04902415941,3.244818259,0.9848915546,81.02830315,NaN,1,,pmeal-hpc,2026-08-18T03:35:47,
tortuosity,cpu,matrixfree,16,n1000_b050_p040,1000,0.5,0.4,0.389098,389098003,iters,18,-0.2556107325,3.244818259,1.078775054,125.6355632,NaN,1,,pmeal-hpc,2026-08-18T03:35:47,
tortuosity,cpu,matrixfree,16,n1000_b050_p040,1000,0.5,0.4,0.389098,389098003,iters,33,1.95446088,3.244818259,0.3976670727,208.9331599,NaN,1,,pmeal-hpc,2026-08-18T03:35:47,
tortuosity,cpu,matrixfree,16,n1000_b050_p040,1000,0.5,0.4,0.389098,389098003,iters,59,3.171669228,3.244818259,0.02254333679,354.0703244,NaN,1,,pmeal-hpc,2026-08-18T03:35:47,
tortuosity,cpu,matrixfree,16,n1000_b050_p040,1000,0.5,0.4,0.389098,389098003,iters,106,3.24288169,3.244818259,0.0005968188657,615.404228,NaN,1,target_reached,pmeal-hpc,2026-08-18T03:35:47,
tortuosity,cpu,matrixfree,16,n1000_b050_p060,1000,0.5,0.6,0.600543,600543162,iters,1,0.004401744317,1.529751146,0.9971225749,40.50745509,NaN,1,,pmeal-hpc,2026-08-18T03:46:15,
tortuosity,cpu,matrixfree,16,n1000_b050_p060,1000,0.5,0.6,0.600543,600543162,iters,2,0.005406395529,1.529751146,0.9964658333,48.58123024,NaN,1,,pmeal-hpc,2026-08-18T03:46:16,
tortuosity,cpu,matrixfree,16,n1000_b050_p060,1000,0.5,0.6,0.600543,600543162,iters,3,0.007133607365,1.529751146,0.9953367531,56.59656504,NaN,1,,pmeal-hpc,2026-08-18T03:46:16,
tortuosity,cpu,matrixfree,16,n1000_b050_p060,1000,0.5,0.6,0.600543,600543162,iters,6,0.03841759616,1.529751146,0.9748863753,80.88023415,NaN,1,,pmeal-hpc,2026-08-18T03:46:16,
tortuosity,cpu,matrixfree,16,n1000_b050_p060,1000,0.5,0.6,0.600543,600543162,iters,10,0.05412261253,1.529751146,0.9646199889,113.3084803,NaN,1,,pmeal-hpc,2026-08-18T03:46:16,
tortuosity,cpu,matrixfree,16,n1000_b050_p060,1000,0.5,0.6,0.600543,600543162,iters,18,-0.3166970701,1.529751146,1.207025222,178.4470261,NaN,1,,pmeal-hpc,2026-08-18T03:46:16,
tortuosity,cpu,matrixfree,16,n1000_b050_p060,1000,0.5,0.6,0.600543,600543162,iters,33,1.156661928,1.529751146,0.2438888304,300.2768685,NaN,1,,pmeal-hpc,2026-08-18T03:46:16,
tortuosity,cpu,matrixfree,16,n1000_b050_p060,1000,0.5,0.6,0.600543,600543162,iters,59,1.528476265,1.529751146,0.0008333911842,512.1476109,NaN,1,target_reached,pmeal-hpc,2026-08-18T03:46:16,
tortuosity,cpu,matrixfree,16,n1000_b050_p080,1000,0.5,0.8,0.808622,808621670,iters,1,0.00466834733,1.174130449,0.996023996,51.18140468,NaN,1,,pmeal-hpc,2026-08-18T03:59:45,
tortuosity,cpu,matrixfree,16,n1000_b050_p080,1000,0.5,0.8,0.808622,808621670,iters,2,0.005734435412,1.174130449,0.9951160151,61.80791385,NaN,1,,pmeal-hpc,2026-08-18T03:59:45,
tortuosity,cpu,matrixfree,16,n1000_b050_p080,1000,0.5,0.8,0.808622,808621670,iters,3,0.007634030528,1.174130449,0.9934981411,72.42348684,NaN,1,,pmeal-hpc,2026-08-18T03:59:45,
tortuosity,cpu,matrixfree,16,n1000_b050_p080,1000,0.5,0.8,0.808622,808621670,iters,6,0.04056499685,1.174130449,0.9654510307,104.3176413,NaN,1,,pmeal-hpc,2026-08-18T03:59:45,
tortuosity,cpu,matrixfree,16,n1000_b050_p080,1000,0.5,0.8,0.808622,808621670,iters,10,0.0563371919,1.174130449,0.9520179449,147.0546077,NaN,1,,pmeal-hpc,2026-08-18T03:59:45,
tortuosity,cpu,matrixfree,16,n1000_b050_p080,1000,0.5,0.8,0.808622,808621670,iters,18,-0.3589439618,1.174130449,1.305710462,232.3998816,NaN,1,,pmeal-hpc,2026-08-18T03:59:45,
tortuosity,cpu,matrixfree,16,n1000_b050_p080,1000,0.5,0.8,0.808622,808621670,iters,33,0.9541660193,1.174130449,0.1873424115,392.5213752,NaN,1,,pmeal-hpc,2026-08-18T03:59:45,
tortuosity,cpu,matrixfree,16,n1000_b050_p080,1000,0.5,0.8,0.808622,808621670,iters,59,1.173754027,1.174130449,0.0003205963679,670.2727413,NaN,1,target_reached,pmeal-hpc,2026-08-18T03:59:45,
tortuosity,cpu,matrixfree,16,n1000_b050_p095,1000,0.5,0.95,0.951714,951714034,iters,1,0.004551321872,1.035720079,0.9956056448,58.10423269,NaN,1,,pmeal-hpc,2026-08-18T04:25:15,
tortuosity,cpu,matrixfree,16,n1000_b050_p095,1000,0.5,0.95,0.951714,951714034,iters,2,0.00557299928,1.035720079,0.9946192032,70.41143544,NaN,1,,pmeal-hpc,2026-08-18T04:25:15,
tortuosity,cpu,matrixfree,16,n1000_b050_p095,1000,0.5,0.95,0.951714,951714034,iters,3,0.007424568188,1.035720079,0.9928314915,82.79706538,NaN,1,,pmeal-hpc,2026-08-18T04:25:15,
tortuosity,cpu,matrixfree,16,n1000_b050_p095,1000,0.5,0.95,0.951714,951714034,iters,6,0.03738159064,1.035720079,0.9639076316,119.8831061,NaN,1,,pmeal-hpc,2026-08-18T04:25:15,
tortuosity,cpu,matrixfree,16,n1000_b050_p095,1000,0.5,0.95,0.951714,951714034,iters,10,0.04871927972,1.035720079,0.9529609586,169.1749107,NaN,1,,pmeal-hpc,2026-08-18T04:25:15,
tortuosity,cpu,matrixfree,16,n1000_b050_p095,1000,0.5,0.95,0.951714,951714034,iters,18,-0.2188821722,1.035720079,1.211333329,267.9478573,NaN,1,,pmeal-hpc,2026-08-18T04:25:15,
tortuosity,cpu,matrixfree,16,n1000_b050_p095,1000,0.5,0.95,0.951714,951714034,iters,33,0.7623799845,1.035720079,0.2639130978,453.7097025,NaN,1,,pmeal-hpc,2026-08-18T04:25:15,
tortuosity,cpu,matrixfree,16,n1000_b050_p095,1000,0.5,0.95,0.951714,951714034,iters,59,1.033506625,1.035720079,0.002137115783,776.3801685,NaN,1,,pmeal-hpc,2026-08-18T04:25:15,
tortuosity,cpu,matrixfree,16,n1000_b050_p095,1000,0.5,0.95,0.951714,951714034,iters,106,1.035758982,1.035720079,3.75609987e-05,1358.720663,NaN,1,target_reached,pmeal-hpc,2026-08-18T04:25:15,
tortuosity,cpu,matrixfree,16,n1000_b100_p020,1000,1,0.2,0.184187,184187030,iters,1,0.003404601593,13.16595545,0.9997414087,17.87445834,NaN,1,,pmeal-hpc,2026-08-18T04:43:52,
tortuosity,cpu,matrixfree,16,n1000_b100_p020,1000,1,0.2,0.184187,184187030,iters,2,0.004150116374,13.16595545,0.9996847843,20.8083751,NaN,1,,pmeal-hpc,2026-08-18T04:43:52,
tortuosity,cpu,matrixfree,16,n1000_b100_p020,1000,1,0.2,0.184187,184187030,iters,3,0.005190543529,13.16595545,0.9996057602,23.7646319,NaN,1,,pmeal-hpc,2026-08-18T04:43:52,
tortuosity,cpu,matrixfree,16,n1000_b100_p020,1000,1,0.2,0.184187,184187030,iters,6,0.02959491569,13.16595545,0.9977521635,32.87763106,NaN,1,,pmeal-hpc,2026-08-18T04:43:52,
tortuosity,cpu,matrixfree,16,n1000_b100_p020,1000,1,0.2,0.184187,184187030,iters,10,0.04406281101,13.16595545,0.9966532766,44.72795399,NaN,1,,pmeal-hpc,2026-08-18T04:43:52,
tortuosity,cpu,matrixfree,16,n1000_b100_p020,1000,1,0.2,0.184187,184187030,iters,18,-0.2315609033,13.16595545,1.017587854,68.71819107,NaN,1,,pmeal-hpc,2026-08-18T04:43:52,
tortuosity,cpu,matrixfree,16,n1000_b100_p020,1000,1,0.2,0.184187,184187030,iters,33,3.331358104,13.16595545,0.7469717928,113.611695,NaN,1,,pmeal-hpc,2026-08-18T04:43:52,
tortuosity,cpu,matrixfree,16,n1000_b100_p020,1000,1,0.2,0.184187,184187030,iters,59,9.642016747,13.16595545,0.2676553719,191.5303001,NaN,1,,pmeal-hpc,2026-08-18T04:43:52,
tortuosity,cpu,matrixfree,16,n1000_b100_p020,1000,1,0.2,0.184187,184187030,iters,106,12.87254787,13.16595545,0.0222853234,331.0584138,NaN,1,,pmeal-hpc,2026-08-18T04:43:52,
tortuosity,cpu,matrixfree,16,n1000_b100_p020,1000,1,0.2,0.184187,184187030,iters,189,13.1372028,13.16595545,0.002183863306,578.8482912,NaN,1,,pmeal-hpc,2026-08-18T04:43:52,
tortuosity,cpu,matrixfree,16,n1000_b100_p020,1000,1,0.2,0.184187,184187030,iters,339,13.16576015,13.16595545,1.483388983e-05,1025.306527,NaN,1,target_reached,pmeal-hpc,2026-08-18T04:43:52,
tortuosity,cpu,matrixfree,16,n1000_b100_p040,1000,1,0.4,0.395251,395251340,iters,1,0.004071801523,2.652234457,0.9984647656,29.31974469,NaN,1,,pmeal-hpc,2026-08-18T04:55:56,
tortuosity,cpu,matrixfree,16,n1000_b100_p040,1000,1,0.4,0.395251,395251340,iters,2,0.004977052018,2.652234457,0.9981234495,34.9609805,NaN,1,,pmeal-hpc,2026-08-18T04:55:56,
tortuosity,cpu,matrixfree,16,n1000_b100_p040,1000,1,0.4,0.395251,395251340,iters,3,0.006285213458,2.652234457,0.9976302195,40.76044429,NaN,1,,pmeal-hpc,2026-08-18T04:55:56,
tortuosity,cpu,matrixfree,16,n1000_b100_p040,1000,1,0.4,0.395251,395251340,iters,6,0.03510774249,2.652234457,0.9867629566,57.53602361,NaN,1,,pmeal-hpc,2026-08-18T04:55:56,
tortuosity,cpu,matrixfree,16,n1000_b100_p040,1000,1,0.4,0.395251,395251340,iters,10,0.05111636841,2.652234457,0.9807270552,80.41595639,NaN,1,,pmeal-hpc,2026-08-18T04:55:56,
tortuosity,cpu,matrixfree,16,n1000_b100_p040,1000,1,0.4,0.395251,395251340,iters,18,-0.2771472452,2.652234457,1.104495756,125.4303792,NaN,1,,pmeal-hpc,2026-08-18T04:55:56,
tortuosity,cpu,matrixfree,16,n1000_b100_p040,1000,1,0.4,0.395251,395251340,iters,33,1.658037646,2.652234457,0.3748525356,209.735955,NaN,1,,pmeal-hpc,2026-08-18T04:55:56,
tortuosity,cpu,matrixfree,16,n1000_b100_p040,1000,1,0.4,0.395251,395251340,iters,59,2.631098664,2.652234457,0.007969051594,355.7782867,NaN,1,,pmeal-hpc,2026-08-18T04:55:56,
tortuosity,cpu,matrixfree,16,n1000_b100_p040,1000,1,0.4,0.395251,395251340,iters,106,2.65218462,2.652234457,1.879061884e-05,619.7832515,NaN,1,target_reached,pmeal-hpc,2026-08-18T04:55:56,
tortuosity,cpu,matrixfree,16,n1000_b100_p060,1000,1,0.6,0.601834,601833672,iters,1,0.004558587406,1.541790971,0.9970433168,40.51849796,NaN,1,,pmeal-hpc,2026-08-18T05:06:28,
tortuosity,cpu,matrixfree,16,n1000_b100_p060,1000,1,0.6,0.601834,601833672,iters,2,0.005579500957,1.541790971,0.996381156,48.69119417,NaN,1,,pmeal-hpc,2026-08-18T05:06:28,
tortuosity,cpu,matrixfree,16,n1000_b100_p060,1000,1,0.6,0.601834,601833672,iters,3,0.007100540656,1.541790971,0.9953946152,56.89132168,NaN,1,,pmeal-hpc,2026-08-18T05:06:28,
tortuosity,cpu,matrixfree,16,n1000_b100_p060,1000,1,0.6,0.601834,601833672,iters,6,0.03887659979,1.541790971,0.9747847792,81.80466784,NaN,1,,pmeal-hpc,2026-08-18T05:06:28,
tortuosity,cpu,matrixfree,16,n1000_b100_p060,1000,1,0.6,0.601834,601833672,iters,10,0.05546260385,1.541790971,0.9640271574,114.452063,NaN,1,,pmeal-hpc,2026-08-18T05:06:28,
tortuosity,cpu,matrixfree,16,n1000_b100_p060,1000,1,0.6,0.601834,601833672,iters,18,-0.3196138722,1.541790971,1.207300392,180.3155064,NaN,1,,pmeal-hpc,2026-08-18T05:06:28,
tortuosity,cpu,matrixfree,16,n1000_b100_p060,1000,1,0.6,0.601834,601833672,iters,33,1.151352713,1.541790971,0.2532368301,303.2274724,NaN,1,,pmeal-hpc,2026-08-18T05:06:28,
tortuosity,cpu,matrixfree,16,n1000_b100_p060,1000,1,0.6,0.601834,601833672,iters,59,1.542813489,1.541790971,0.000663201287,515.7885707,NaN,1,target_reached,pmeal-hpc,2026-08-18T05:06:28,
tortuosity,cpu,matrixfree,16,n1000_b100_p080,1000,1,0.8,0.805227,805226521,iters,1,0.00475807483,1.177749756,0.995960029,50.37384525,NaN,1,,pmeal-hpc,2026-08-18T05:28:27,
tortuosity,cpu,matrixfree,16,n1000_b100_p080,1000,1,0.8,0.805227,805226521,iters,2,0.0058092094,1.177749756,0.995067535,60.94139079,NaN,1,,pmeal-hpc,2026-08-18T05:28:27,
tortuosity,cpu,matrixfree,16,n1000_b100_p080,1000,1,0.8,0.805227,805226521,iters,3,0.007428805038,1.177749756,0.993692374,71.50379872,NaN,1,,pmeal-hpc,2026-08-18T05:28:27,
tortuosity,cpu,matrixfree,16,n1000_b100_p080,1000,1,0.8,0.805227,805226521,iters,6,0.03789347486,1.177749756,0.9678255294,103.237768,NaN,1,,pmeal-hpc,2026-08-18T05:28:27,
tortuosity,cpu,matrixfree,16,n1000_b100_p080,1000,1,0.8,0.805227,805226521,iters,10,0.05086027836,1.177749756,0.9568157173,145.3724667,NaN,1,,pmeal-hpc,2026-08-18T05:28:27,
tortuosity,cpu,matrixfree,16,n1000_b100_p080,1000,1,0.8,0.805227,805226521,iters,18,-0.222982039,1.177749756,1.189328877,230.2909476,NaN,1,,pmeal-hpc,2026-08-18T05:28:27,
tortuosity,cpu,matrixfree,16,n1000_b100_p080,1000,1,0.8,0.805227,805226521,iters,33,0.840045395,1.177749756,0.2867369399,389.7728915,NaN,1,,pmeal-hpc,2026-08-18T05:28:27,
tortuosity,cpu,matrixfree,16,n1000_b100_p080,1000,1,0.8,0.805227,805226521,iters,59,1.174969549,1.177749756,0.002360609698,666.1181579,NaN,1,,pmeal-hpc,2026-08-18T05:28:27,
tortuosity,cpu,matrixfree,16,n1000_b100_p080,1000,1,0.8,0.805227,805226521,iters,106,1.177850876,1.177749756,8.585871404e-05,1165.353851,NaN,1,target_reached,pmeal-hpc,2026-08-18T05:28:27,
tortuosity,cpu,matrixfree,16,n1000_b100_p095,1000,1,0.95,0.950636,950636264,iters,1,0.00456792808,1.034226161,0.9955832406,57.70839882,NaN,1,,pmeal-hpc,2026-08-18T05:53:54,
tortuosity,cpu,matrixfree,16,n1000_b100_p095,1000,1,0.95,0.950636,950636264,iters,2,0.005586943042,1.034226161,0.9945979484,69.98089788,NaN,1,,pmeal-hpc,2026-08-18T05:53:54,
tortuosity,cpu,matrixfree,16,n1000_b100_p095,1000,1,0.95,0.950636,950636264,iters,3,0.007297119346,1.034226161,0.9929443679,82.43889448,NaN,1,,pmeal-hpc,2026-08-18T05:53:54,
tortuosity,cpu,matrixfree,16,n1000_b100_p095,1000,1,0.95,0.950636,950636264,iters,6,0.03687106825,1.034226161,0.9643491244,119.3183208,NaN,1,,pmeal-hpc,2026-08-18T05:53:54,
tortuosity,cpu,matrixfree,16,n1000_b100_p095,1000,1,0.95,0.950636,950636264,iters,10,0.04860302405,1.034226161,0.95300542,168.6958639,NaN,1,,pmeal-hpc,2026-08-18T05:53:54,
tortuosity,cpu,matrixfree,16,n1000_b100_p095,1000,1,0.95,0.950636,950636264,iters,18,-0.2127417401,1.034226161,1.205701372,267.6808675,NaN,1,,pmeal-hpc,2026-08-18T05:53:54,
tortuosity,cpu,matrixfree,16,n1000_b100_p095,1000,1,0.95,0.950636,950636264,iters,33,0.7627914383,1.034226161,0.2624519983,452.9323458,NaN,1,,pmeal-hpc,2026-08-18T05:53:54,
tortuosity,cpu,matrixfree,16,n1000_b100_p095,1000,1,0.95,0.950636,950636264,iters,59,1.031843254,1.034226161,0.002304048328,774.9796714,NaN,1,,pmeal-hpc,2026-08-18T05:53:54,
tortuosity,cpu,matrixfree,16,n1000_b100_p095,1000,1,0.95,0.950636,950636264,iters,106,1.034253185,1.034226161,2.612974651e-05,1356.227023,NaN,1,target_reached,pmeal-hpc,2026-08-18T05:53:54,
tortuosity,cpu,matrixfree,16,n1000_b200_p020,1000,2,0.2,0.190252,190252394,iters,1,0.003431041599,10.17284166,0.9996627254,18.53644147,NaN,1,,pmeal-hpc,2026-08-18T06:05:13,
tortuosity,cpu,matrixfree,16,n1000_b200_p020,1000,2,0.2,0.190252,190252394,iters,2,0.004134371325,10.17284166,0.9995935874,21.52964178,NaN,1,,pmeal-hpc,2026-08-18T06:05:13,
tortuosity,cpu,matrixfree,16,n1000_b200_p020,1000,2,0.2,0.190252,190252394,iters,3,0.005220585465,10.17284166,0.9994868115,24.6653581,NaN,1,,pmeal-hpc,2026-08-18T06:05:13,
tortuosity,cpu,matrixfree,16,n1000_b200_p020,1000,2,0.2,0.190252,190252394,iters,6,0.03023809311,10.17284166,0.9970275667,33.70908014,NaN,1,,pmeal-hpc,2026-08-18T06:05:13,
tortuosity,cpu,matrixfree,16,n1000_b200_p020,1000,2,0.2,0.190252,190252394,iters,10,0.04699603492,10.17284166,0.9953802451,45.96376272,NaN,1,,pmeal-hpc,2026-08-18T06:05:13,
tortuosity,cpu,matrixfree,16,n1000_b200_p020,1000,2,0.2,0.190252,190252394,iters,18,-0.3120225291,10.17284166,1.030672111,70.55371672,NaN,1,,pmeal-hpc,2026-08-18T06:05:13,
tortuosity,cpu,matrixfree,16,n1000_b200_p020,1000,2,0.2,0.190252,190252394,iters,33,3.558444929,10.17284166,0.6502014828,116.2886026,NaN,1,,pmeal-hpc,2026-08-18T06:05:13,
tortuosity,cpu,matrixfree,16,n1000_b200_p020,1000,2,0.2,0.190252,190252394,iters,59,9.721245909,10.17284166,0.04439229136,195.7320419,NaN,1,,pmeal-hpc,2026-08-18T06:05:13,
tortuosity,cpu,matrixfree,16,n1000_b200_p020,1000,2,0.2,0.190252,190252394,iters,106,10.05876534,10.17284166,0.01121381028,339.3213555,NaN,1,,pmeal-hpc,2026-08-18T06:05:13,
tortuosity,cpu,matrixfree,16,n1000_b200_p020,1000,2,0.2,0.190252,190252394,iters,189,10.17652927,10.17284166,0.000362495824,592.5658634,NaN,1,target_reached,pmeal-hpc,2026-08-18T06:05:13,
tortuosity,cpu,matrixfree,16,n1000_b200_p040,1000,2,0.4,0.398291,398291423,iters,1,0.004101206796,2.506045383,0.9983634747,29.66044789,NaN,1,,pmeal-hpc,2026-08-18T06:17:22,
tortuosity,cpu,matrixfree,16,n1000_b200_p040,1000,2,0.4,0.398291,398291423,iters,2,0.004940991636,2.506045383,0.998028371,35.32500649,NaN,1,,pmeal-hpc,2026-08-18T06:17:22,
tortuosity,cpu,matrixfree,16,n1000_b200_p040,1000,2,0.4,0.398291,398291423,iters,3,0.006150302669,2.506045383,0.9975458135,41.02550407,NaN,1,,pmeal-hpc,2026-08-18T06:17:22,
tortuosity,cpu,matrixfree,16,n1000_b200_p040,1000,2,0.4,0.398291,398291423,iters,6,0.03250167252,2.506045383,0.9870306928,57.89761844,NaN,1,,pmeal-hpc,2026-08-18T06:17:22,
tortuosity,cpu,matrixfree,16,n1000_b200_p040,1000,2,0.4,0.398291,398291423,iters,10,0.04858494951,2.506045383,0.9806129012,80.68735706,NaN,1,,pmeal-hpc,2026-08-18T06:17:22,
tortuosity,cpu,matrixfree,16,n1000_b200_p040,1000,2,0.4,0.398291,398291423,iters,18,-0.2725424962,2.506045383,1.108754015,126.4135662,NaN,1,,pmeal-hpc,2026-08-18T06:17:22,
tortuosity,cpu,matrixfree,16,n1000_b200_p040,1000,2,0.4,0.398291,398291423,iters,33,1.2516569,2.506045383,0.5005449986,211.5519688,NaN,1,,pmeal-hpc,2026-08-18T06:17:22,
tortuosity,cpu,matrixfree,16,n1000_b200_p040,1000,2,0.4,0.398291,398291423,iters,59,2.385048304,2.506045383,0.04828207814,358.4546818,NaN,1,,pmeal-hpc,2026-08-18T06:17:22,
tortuosity,cpu,matrixfree,16,n1000_b200_p040,1000,2,0.4,0.398291,398291423,iters,106,2.505783642,2.506045383,0.0001044439334,624.460886,NaN,1,target_reached,pmeal-hpc,2026-08-18T06:17:22,
tortuosity,cpu,matrixfree,16,n1000_b200_p060,1000,2,0.6,0.601128,601127844,iters,1,0.004439975345,1.539069636,0.9971151563,40.59212179,NaN,1,,pmeal-hpc,2026-08-18T06:34:30,
tortuosity,cpu,matrixfree,16,n1000_b200_p060,1000,2,0.6,0.601128,601127844,iters,2,0.005366097133,1.539069636,0.996513415,48.76746803,NaN,1,,pmeal-hpc,2026-08-18T06:34:30,
tortuosity,cpu,matrixfree,16,n1000_b200_p060,1000,2,0.6,0.601128,601127844,iters,3,0.006674417667,1.539069636,0.9956633426,56.82467494,NaN,1,,pmeal-hpc,2026-08-18T06:34:30,
tortuosity,cpu,matrixfree,16,n1000_b200_p060,1000,2,0.6,0.601128,601127844,iters,6,0.03454672085,1.539069636,0.9775535037,81.30164585,NaN,1,,pmeal-hpc,2026-08-18T06:34:30,
tortuosity,cpu,matrixfree,16,n1000_b200_p060,1000,2,0.6,0.601128,601127844,iters,10,0.04972841708,1.539069636,0.9676893001,113.831683,NaN,1,,pmeal-hpc,2026-08-18T06:34:30,
tortuosity,cpu,matrixfree,16,n1000_b200_p060,1000,2,0.6,0.601128,601127844,iters,18,-0.2452160254,1.539069636,1.15932744,179.0948821,NaN,1,,pmeal-hpc,2026-08-18T06:34:30,
tortuosity,cpu,matrixfree,16,n1000_b200_p060,1000,2,0.6,0.601128,601127844,iters,33,0.9863235034,1.539069636,0.3591430301,301.5148851,NaN,1,,pmeal-hpc,2026-08-18T06:34:30,
tortuosity,cpu,matrixfree,16,n1000_b200_p060,1000,2,0.6,0.601128,601127844,iters,59,1.526970524,1.539069636,0.007861315411,513.4591448,NaN,1,,pmeal-hpc,2026-08-18T06:34:30,
tortuosity,cpu,matrixfree,16,n1000_b200_p060,1000,2,0.6,0.601128,601127844,iters,106,1.539139693,1.539069636,4.551882495e-05,897.6874412,NaN,1,target_reached,pmeal-hpc,2026-08-18T06:34:30,
tortuosity,cpu,matrixfree,16,n1000_b200_p080,1000,2,0.8,0.802364,802363965,iters,1,0.004614407437,1.181214812,0.996093507,50.44806333,NaN,1,,pmeal-hpc,2026-08-18T06:56:27,
tortuosity,cpu,matrixfree,16,n1000_b200_p080,1000,2,0.8,0.802364,802363965,iters,2,0.005596729451,1.181214812,0.9952618868,61.04256936,NaN,1,,pmeal-hpc,2026-08-18T06:56:27,
tortuosity,cpu,matrixfree,16,n1000_b200_p080,1000,2,0.8,0.802364,802363965,iters,3,0.006989888468,1.181214812,0.9940824578,71.54107248,NaN,1,,pmeal-hpc,2026-08-18T06:56:27,
tortuosity,cpu,matrixfree,16,n1000_b200_p080,1000,2,0.8,0.802364,802363965,iters,6,0.03587961223,1.181214812,0.9696248203,103.1757123,NaN,1,,pmeal-hpc,2026-08-18T06:56:27,
tortuosity,cpu,matrixfree,16,n1000_b200_p080,1000,2,0.8,0.802364,802363965,iters,10,0.04976491619,1.181214812,0.9578697154,145.5341489,NaN,1,,pmeal-hpc,2026-08-18T06:56:27,
tortuosity,cpu,matrixfree,16,n1000_b200_p080,1000,2,0.8,0.802364,802363965,iters,18,-0.2261265826,1.181214812,1.191435614,230.3461493,NaN,1,,pmeal-hpc,2026-08-18T06:56:27,
tortuosity,cpu,matrixfree,16,n1000_b200_p080,1000,2,0.8,0.802364,802363965,iters,33,0.8430398338,1.181214812,0.2862942242,389.1419761,NaN,1,,pmeal-hpc,2026-08-18T06:56:27,
tortuosity,cpu,matrixfree,16,n1000_b200_p080,1000,2,0.8,0.802364,802363965,iters,59,1.177800336,1.181214812,0.002890648209,664.9517459,NaN,1,,pmeal-hpc,2026-08-18T06:56:27,
tortuosity,cpu,matrixfree,16,n1000_b200_p080,1000,2,0.8,0.802364,802363965,iters,106,1.181234989,1.181214812,1.708130479e-05,1163.348391,NaN,1,target_reached,pmeal-hpc,2026-08-18T06:56:27,
tortuosity,cpu,matrixfree,16,n1000_b200_p095,1000,2,0.95,0.950179,950179051,iters,1,0.004465441681,1.036268195,0.9956908436,58.26014329,NaN,1,,pmeal-hpc,2026-08-18T07:21:55,
tortuosity,cpu,matrixfree,16,n1000_b200_p095,1000,2,0.95,0.950179,950179051,iters,2,0.005444512357,1.036268195,0.9947460393,70.53417699,NaN,1,,pmeal-hpc,2026-08-18T07:21:55,
tortuosity,cpu,matrixfree,16,n1000_b200_p095,1000,2,0.95,0.950179,950179051,iters,3,0.006966906258,1.036268195,0.9932769274,82.90530087,NaN,1,,pmeal-hpc,2026-08-18T07:21:55,
tortuosity,cpu,matrixfree,16,n1000_b200_p095,1000,2,0.95,0.950179,950179051,iters,6,0.03560608838,1.036268195,0.9656400838,119.9725791,NaN,1,,pmeal-hpc,2026-08-18T07:21:55,
tortuosity,cpu,matrixfree,16,n1000_b200_p095,1000,2,0.95,0.950179,950179051,iters,10,0.04759403049,1.036268195,0.9540717058,169.7503864,NaN,1,,pmeal-hpc,2026-08-18T07:21:55,
tortuosity,cpu,matrixfree,16,n1000_b200_p095,1000,2,0.95,0.950179,950179051,iters,18,-0.2071381017,1.036268195,1.199888506,268.2967529,NaN,1,,pmeal-hpc,2026-08-18T07:21:55,
tortuosity,cpu,matrixfree,16,n1000_b200_p095,1000,2,0.95,0.950179,950179051,iters,33,0.7624158818,1.036268195,0.2642677972,453.2939782,NaN,1,,pmeal-hpc,2026-08-18T07:21:55,
tortuosity,cpu,matrixfree,16,n1000_b200_p095,1000,2,0.95,0.950179,950179051,iters,59,1.033023021,1.036268195,0.003131596697,775.9345253,NaN,1,,pmeal-hpc,2026-08-18T07:21:55,
tortuosity,cpu,matrixfree,16,n1000_b200_p095,1000,2,0.95,0.950179,950179051,iters,106,1.036271981,1.036268195,3.65322076e-06,1356.398862,NaN,1,target_reached,pmeal-hpc,2026-08-18T07:21:55,
