tool,device,variant,cpu_threads,case_id,size,blobiness,porosity_target,porosity,nnodes,knob_name,knob,tau,tau_ref,rel_error,time_s,tau_spread,repeats,stop_reason,host,measured_at,note
tortuosity,cpu,assembled-hostcg,16,n200_b050_p020,200,0.5,0.2,0.161462,1291692,iters,1,0.013407973,33.93155464,0.9996048524,0.1329562631,0,3,,pmeal-hpc,2026-09-02T12:53:36,
tortuosity,cpu,assembled-hostcg,16,n200_b050_p020,200,0.5,0.2,0.161462,1291692,iters,2,0.01769770547,33.93155464,0.9994784293,0.1415769602,0,3,,pmeal-hpc,2026-09-02T12:53:36,
tortuosity,cpu,assembled-hostcg,16,n200_b050_p020,200,0.5,0.2,0.161462,1291692,iters,3,0.02953242466,33.93155464,0.9991296472,0.1498722201,0,3,,pmeal-hpc,2026-09-02T12:53:36,
tortuosity,cpu,assembled-hostcg,16,n200_b050_p020,200,0.5,0.2,0.161462,1291692,iters,6,0.1690558001,33.93155464,0.9950177408,0.1712950713,0,3,,pmeal-hpc,2026-09-02T12:53:36,
tortuosity,cpu,assembled-hostcg,16,n200_b050_p020,200,0.5,0.2,0.161462,1291692,iters,10,0.3169537485,33.93155464,0.9906590266,0.1950296571,0,3,,pmeal-hpc,2026-09-02T12:53:36,
tortuosity,cpu,assembled-hostcg,16,n200_b050_p020,200,0.5,0.2,0.161462,1291692,iters,18,16.01569067,33.93155464,0.528000092,0.2435381822,0,3,,pmeal-hpc,2026-09-02T12:53:36,
tortuosity,cpu,assembled-hostcg,16,n200_b050_p020,200,0.5,0.2,0.161462,1291692,iters,33,24.54361294,33.93155464,0.2766729023,0.3309072093,0,3,,pmeal-hpc,2026-09-02T12:53:36,
tortuosity,cpu,assembled-hostcg,16,n200_b050_p020,200,0.5,0.2,0.161462,1291692,iters,59,33.89919722,33.93155464,0.0009536085128,0.4892105863,0,3,target_reached,pmeal-hpc,2026-09-02T12:53:36,
tortuosity,cpu,assembled-hostcg,16,n200_b050_p040,200,0.5,0.4,0.399036,3192287,iters,1,0.02024749777,2.920079096,0.9930661132,0.348463363,0,3,,pmeal-hpc,2026-09-02T12:53:41,
tortuosity,cpu,assembled-hostcg,16,n200_b050_p040,200,0.5,0.4,0.399036,3192287,iters,2,0.02554956137,2.920079096,0.9912503872,0.3658549022,0,3,,pmeal-hpc,2026-09-02T12:53:41,
tortuosity,cpu,assembled-hostcg,16,n200_b050_p040,200,0.5,0.4,0.399036,3192287,iters,3,0.04648375977,2.920079096,0.9840813354,0.3814584271,0,3,,pmeal-hpc,2026-09-02T12:53:41,
tortuosity,cpu,assembled-hostcg,16,n200_b050_p040,200,0.5,0.4,0.399036,3192287,iters,6,0.253558663,2.920079096,0.9131671936,0.4289793079,0,3,,pmeal-hpc,2026-09-02T12:53:41,
tortuosity,cpu,assembled-hostcg,16,n200_b050_p040,200,0.5,0.4,0.399036,3192287,iters,10,0.4263783753,2.920079096,0.8539839637,0.4927315838,0,3,,pmeal-hpc,2026-09-02T12:53:41,
tortuosity,cpu,assembled-hostcg,16,n200_b050_p040,200,0.5,0.4,0.399036,3192287,iters,18,3.135382641,2.920079096,0.07373209353,0.6230019499,0,3,,pmeal-hpc,2026-09-02T12:53:41,
tortuosity,cpu,assembled-hostcg,16,n200_b050_p040,200,0.5,0.4,0.399036,3192287,iters,33,2.901489994,2.920079096,0.006365958336,0.866435081,0,3,,pmeal-hpc,2026-09-02T12:53:41,
tortuosity,cpu,assembled-hostcg,16,n200_b050_p040,200,0.5,0.4,0.399036,3192287,iters,59,2.919902785,2.920079096,6.037899069e-05,1.300130143,0,3,target_reached,pmeal-hpc,2026-09-02T12:53:41,
tortuosity,cpu,assembled-hostcg,16,n200_b050_p060,200,0.5,0.6,0.609627,4877016,iters,1,0.02208611676,1.551550164,0.9857651288,0.4968876641,0,3,,pmeal-hpc,2026-09-02T12:53:48,
tortuosity,cpu,assembled-hostcg,16,n200_b050_p060,200,0.5,0.6,0.609627,4877016,iters,2,0.02813998554,1.551550164,0.9818633092,0.5224246723,0,3,,pmeal-hpc,2026-09-02T12:53:48,
tortuosity,cpu,assembled-hostcg,16,n200_b050_p060,200,0.5,0.6,0.609627,4877016,iters,3,0.05304721691,1.551550164,0.9658101825,0.5478328953,0,3,,pmeal-hpc,2026-09-02T12:53:48,
tortuosity,cpu,assembled-hostcg,16,n200_b050_p060,200,0.5,0.6,0.609627,4877016,iters,6,0.2691302455,1.551550164,0.8265410609,0.6255852194,0,3,,pmeal-hpc,2026-09-02T12:53:48,
tortuosity,cpu,assembled-hostcg,16,n200_b050_p060,200,0.5,0.6,0.609627,4877016,iters,10,0.4128119984,1.551550164,0.7339357708,0.7259722524,0,3,,pmeal-hpc,2026-09-02T12:53:48,
tortuosity,cpu,assembled-hostcg,16,n200_b050_p060,200,0.5,0.6,0.609627,4877016,iters,18,1.845381358,1.551550164,0.1893791133,0.9307024356,0,3,,pmeal-hpc,2026-09-02T12:53:48,
tortuosity,cpu,assembled-hostcg,16,n200_b050_p060,200,0.5,0.6,0.609627,4877016,iters,33,1.548878552,1.551550164,0.001721898636,1.320320709,0,3,,pmeal-hpc,2026-09-02T12:53:48,
tortuosity,cpu,assembled-hostcg,16,n200_b050_p060,200,0.5,0.6,0.609627,4877016,iters,59,1.551574742,1.551550164,1.584092066e-05,1.981073825,0,3,target_reached,pmeal-hpc,2026-09-02T12:53:48,
tortuosity,cpu,assembled-hostcg,16,n200_b050_p080,200,0.5,0.8,0.81175,6494003,iters,1,0.0229840809,1.170581237,0.9803652406,0.5586292159,0,3,,pmeal-hpc,2026-09-02T12:53:56,
tortuosity,cpu,assembled-hostcg,16,n200_b050_p080,200,0.5,0.8,0.81175,6494003,iters,2,0.02965501228,1.170581237,0.974666421,0.5911460109,0,3,,pmeal-hpc,2026-09-02T12:53:56,
tortuosity,cpu,assembled-hostcg,16,n200_b050_p080,200,0.5,0.8,0.81175,6494003,iters,3,0.05627423984,1.170581237,0.9519262414,0.6246855049,0,3,,pmeal-hpc,2026-09-02T12:53:56,
tortuosity,cpu,assembled-hostcg,16,n200_b050_p080,200,0.5,0.8,0.81175,6494003,iters,6,0.2742790833,1.170581237,0.7656898346,0.732185585,0,3,,pmeal-hpc,2026-09-02T12:53:56,
tortuosity,cpu,assembled-hostcg,16,n200_b050_p080,200,0.5,0.8,0.81175,6494003,iters,10,0.4019666957,1.170581237,0.6566093126,0.8682347659,0,3,,pmeal-hpc,2026-09-02T12:53:56,
tortuosity,cpu,assembled-hostcg,16,n200_b050_p080,200,0.5,0.8,0.81175,6494003,iters,18,1.452897418,1.170581237,0.2411760692,1.140511886,0,3,,pmeal-hpc,2026-09-02T12:53:56,
tortuosity,cpu,assembled-hostcg,16,n200_b050_p080,200,0.5,0.8,0.81175,6494003,iters,33,1.168742541,1.170581237,0.001570755061,1.653189381,0,3,,pmeal-hpc,2026-09-02T12:53:56,
tortuosity,cpu,assembled-hostcg,16,n200_b050_p080,200,0.5,0.8,0.81175,6494003,iters,59,1.170526179,1.170581237,4.703482806e-05,2.541478615,0,3,target_reached,pmeal-hpc,2026-09-02T12:53:56,
tortuosity,cpu,assembled-hostcg,16,n200_b050_p095,200,0.5,0.95,0.948977,7591813,iters,1,0.02291451984,1.035044249,0.9778613138,0.6836155211,0,3,,pmeal-hpc,2026-09-02T12:54:06,
tortuosity,cpu,assembled-hostcg,16,n200_b050_p095,200,0.5,0.95,0.948977,7591813,iters,2,0.03001561884,1.035044249,0.9710006419,0.7234074201,0,3,,pmeal-hpc,2026-09-02T12:54:06,
tortuosity,cpu,assembled-hostcg,16,n200_b050_p095,200,0.5,0.95,0.948977,7591813,iters,3,0.05752595498,1.035044249,0.9444217433,0.763613146,0,3,,pmeal-hpc,2026-09-02T12:54:06,
tortuosity,cpu,assembled-hostcg,16,n200_b050_p095,200,0.5,0.95,0.948977,7591813,iters,6,0.2729197983,1.035044249,0.7363206466,0.881967417,0,3,,pmeal-hpc,2026-09-02T12:54:06,
tortuosity,cpu,assembled-hostcg,16,n200_b050_p095,200,0.5,0.95,0.948977,7591813,iters,10,0.3940111215,1.035044249,0.6193292008,1.040562008,0,3,,pmeal-hpc,2026-09-02T12:54:06,
tortuosity,cpu,assembled-hostcg,16,n200_b050_p095,200,0.5,0.95,0.948977,7591813,iters,18,1.33217765,1.035044249,0.2870731385,1.358961526,0,3,,pmeal-hpc,2026-09-02T12:54:06,
tortuosity,cpu,assembled-hostcg,16,n200_b050_p095,200,0.5,0.95,0.948977,7591813,iters,33,1.033179201,1.035044249,0.001801902076,1.959316833,0,3,,pmeal-hpc,2026-09-02T12:54:06,
tortuosity,cpu,assembled-hostcg,16,n200_b050_p095,200,0.5,0.95,0.948977,7591813,iters,59,1.035055554,1.035044249,1.092260263e-05,2.990247111,0,3,target_reached,pmeal-hpc,2026-09-02T12:54:06,
tortuosity,cpu,assembled-hostcg,16,n200_b100_p020,200,1,0.2,0.171209,1369672,iters,1,0.01820014193,13.93255227,0.9986936965,0.1011235001,0,3,,pmeal-hpc,2026-09-02T12:54:09,
tortuosity,cpu,assembled-hostcg,16,n200_b100_p020,200,1,0.2,0.171209,1369672,iters,2,0.02420039184,13.93255227,0.9982630324,0.1091208411,0,3,,pmeal-hpc,2026-09-02T12:54:09,
tortuosity,cpu,assembled-hostcg,16,n200_b100_p020,200,1,0.2,0.171209,1369672,iters,3,0.03822872346,13.93255227,0.9972561579,0.1154675153,0,3,,pmeal-hpc,2026-09-02T12:54:09,
tortuosity,cpu,assembled-hostcg,16,n200_b100_p020,200,1,0.2,0.171209,1369672,iters,6,0.2471166845,13.93255227,0.9822633585,0.1347919875,0,3,,pmeal-hpc,2026-09-02T12:54:09,
tortuosity,cpu,assembled-hostcg,16,n200_b100_p020,200,1,0.2,0.171209,1369672,iters,10,0.4542835164,13.93255227,0.9673940921,0.1600875484,0,3,,pmeal-hpc,2026-09-02T12:54:09,
tortuosity,cpu,assembled-hostcg,16,n200_b100_p020,200,1,0.2,0.171209,1369672,iters,18,4.46968803,13.93255227,0.6791910094,0.2113237586,0,3,,pmeal-hpc,2026-09-02T12:54:09,
tortuosity,cpu,assembled-hostcg,16,n200_b100_p020,200,1,0.2,0.171209,1369672,iters,33,11.20781749,13.93255227,0.1955660909,0.3077764036,0,3,,pmeal-hpc,2026-09-02T12:54:09,
tortuosity,cpu,assembled-hostcg,16,n200_b100_p020,200,1,0.2,0.171209,1369672,iters,59,13.58647992,13.93255227,0.02483912123,0.4767667397,0,3,,pmeal-hpc,2026-09-02T12:54:09,
tortuosity,cpu,assembled-hostcg,16,n200_b100_p020,200,1,0.2,0.171209,1369672,iters,106,13.94219842,13.93255227,0.0006923462716,0.7890937459,0,3,target_reached,pmeal-hpc,2026-09-02T12:54:09,
tortuosity,cpu,assembled-hostcg,16,n200_b100_p040,200,1,0.4,0.399225,3193802,iters,1,0.02006940086,2.644709479,0.9924114913,0.2562565389,0,3,,pmeal-hpc,2026-09-02T12:54:13,
tortuosity,cpu,assembled-hostcg,16,n200_b100_p040,200,1,0.4,0.399225,3193802,iters,2,0.02583520871,2.644709479,0.9902313623,0.279163626,0,3,,pmeal-hpc,2026-09-02T12:54:13,
tortuosity,cpu,assembled-hostcg,16,n200_b100_p040,200,1,0.4,0.399225,3193802,iters,3,0.04439032246,2.644709479,0.9832154258,0.3061729991,0,3,,pmeal-hpc,2026-09-02T12:54:13,
tortuosity,cpu,assembled-hostcg,16,n200_b100_p040,200,1,0.4,0.399225,3193802,iters,6,0.2592983192,2.644709479,0.9019558401,0.3588141808,0,3,,pmeal-hpc,2026-09-02T12:54:13,
tortuosity,cpu,assembled-hostcg,16,n200_b100_p040,200,1,0.4,0.399225,3193802,iters,10,0.4317912697,2.644709479,0.8367339501,0.4307750959,0,3,,pmeal-hpc,2026-09-02T12:54:13,
tortuosity,cpu,assembled-hostcg,16,n200_b100_p040,200,1,0.4,0.399225,3193802,iters,18,2.305422893,2.644709479,0.1282887926,0.5694125621,0,3,,pmeal-hpc,2026-09-02T12:54:13,
tortuosity,cpu,assembled-hostcg,16,n200_b100_p040,200,1,0.4,0.399225,3193802,iters,33,2.64470982,2.644709479,1.291051473e-07,0.8334864818,0,3,target_reached,pmeal-hpc,2026-09-02T12:54:13,
tortuosity,cpu,assembled-hostcg,16,n200_b100_p060,200,1,0.6,0.603465,4827722,iters,1,0.0226530243,1.571435764,0.9855845051,0.436448632,0,3,,pmeal-hpc,2026-09-02T12:54:19,
tortuosity,cpu,assembled-hostcg,16,n200_b100_p060,200,1,0.6,0.603465,4827722,iters,2,0.0290742041,1.571435764,0.9814983184,0.4636404449,0,3,,pmeal-hpc,2026-09-02T12:54:19,
tortuosity,cpu,assembled-hostcg,16,n200_b100_p060,200,1,0.6,0.603465,4827722,iters,3,0.05157679795,1.571435764,0.9671785515,0.4889675719,0,3,,pmeal-hpc,2026-09-02T12:54:19,
tortuosity,cpu,assembled-hostcg,16,n200_b100_p060,200,1,0.6,0.603465,4827722,iters,6,0.2707126083,1.571435764,0.8277291287,0.5688832758,0,3,,pmeal-hpc,2026-09-02T12:54:19,
tortuosity,cpu,assembled-hostcg,16,n200_b100_p060,200,1,0.6,0.603465,4827722,iters,10,0.4251953095,1.571435764,0.7294224051,0.6806743038,0,3,,pmeal-hpc,2026-09-02T12:54:19,
tortuosity,cpu,assembled-hostcg,16,n200_b100_p060,200,1,0.6,0.603465,4827722,iters,18,1.654315017,1.571435764,0.05274110153,0.8895130388,0,3,,pmeal-hpc,2026-09-02T12:54:19,
tortuosity,cpu,assembled-hostcg,16,n200_b100_p060,200,1,0.6,0.603465,4827722,iters,33,1.577212019,1.571435764,0.003675781913,1.289537746,0,3,,pmeal-hpc,2026-09-02T12:54:19,
tortuosity,cpu,assembled-hostcg,16,n200_b100_p060,200,1,0.6,0.603465,4827722,iters,59,1.571166501,1.571435764,0.0001713485454,2.007455301,0,3,target_reached,pmeal-hpc,2026-09-02T12:54:19,
tortuosity,cpu,assembled-hostcg,16,n200_b100_p080,200,1,0.8,0.80445,6435598,iters,1,0.02345960257,1.193638864,0.9803461472,0.560334695,0,3,,pmeal-hpc,2026-09-02T12:54:26,
tortuosity,cpu,assembled-hostcg,16,n200_b100_p080,200,1,0.8,0.80445,6435598,iters,2,0.03030905067,1.193638864,0.9746078554,0.5955204312,0,3,,pmeal-hpc,2026-09-02T12:54:26,
tortuosity,cpu,assembled-hostcg,16,n200_b100_p080,200,1,0.8,0.80445,6435598,iters,3,0.05490838792,1.193638864,0.9539991621,0.6295816421,0,3,,pmeal-hpc,2026-09-02T12:54:26,
tortuosity,cpu,assembled-hostcg,16,n200_b100_p080,200,1,0.8,0.80445,6435598,iters,6,0.2745829674,1.193638864,0.7699614384,0.7410214851,0,3,,pmeal-hpc,2026-09-02T12:54:26,
tortuosity,cpu,assembled-hostcg,16,n200_b100_p080,200,1,0.8,0.80445,6435598,iters,10,0.4037210962,1.193638864,0.661772829,0.8816029581,0,3,,pmeal-hpc,2026-09-02T12:54:26,
tortuosity,cpu,assembled-hostcg,16,n200_b100_p080,200,1,0.8,0.80445,6435598,iters,18,1.382652882,1.193638864,0.1583510923,1.169149153,0,3,,pmeal-hpc,2026-09-02T12:54:26,
tortuosity,cpu,assembled-hostcg,16,n200_b100_p080,200,1,0.8,0.80445,6435598,iters,33,1.192689031,1.193638864,0.0007957461194,1.705241302,0,3,target_reached,pmeal-hpc,2026-09-02T12:54:26,
tortuosity,cpu,assembled-hostcg,16,n200_b100_p095,200,1,0.95,0.949833,7598661,iters,1,0.0228226093,1.040405134,0.9780637287,0.7070763689,0,3,,pmeal-hpc,2026-09-02T12:54:36,
tortuosity,cpu,assembled-hostcg,16,n200_b100_p095,200,1,0.95,0.949833,7598661,iters,2,0.02983890243,1.040405134,0.97131992,0.7459769361,0,3,,pmeal-hpc,2026-09-02T12:54:36,
tortuosity,cpu,assembled-hostcg,16,n200_b100_p095,200,1,0.95,0.949833,7598661,iters,3,0.05572577184,1.040405134,0.9464383921,0.7871780561,0,3,,pmeal-hpc,2026-09-02T12:54:36,
tortuosity,cpu,assembled-hostcg,16,n200_b100_p095,200,1,0.95,0.949833,7598661,iters,6,0.2688818471,1.040405134,0.741560438,0.9024127061,0,3,,pmeal-hpc,2026-09-02T12:54:36,
tortuosity,cpu,assembled-hostcg,16,n200_b100_p095,200,1,0.95,0.949833,7598661,iters,10,0.3873004307,1.040405134,0.627740754,1.071766568,0,3,,pmeal-hpc,2026-09-02T12:54:36,
tortuosity,cpu,assembled-hostcg,16,n200_b100_p095,200,1,0.95,0.949833,7598661,iters,18,1.303340151,1.040405134,0.2527236827,1.391806822,0,3,,pmeal-hpc,2026-09-02T12:54:36,
tortuosity,cpu,assembled-hostcg,16,n200_b100_p095,200,1,0.95,0.949833,7598661,iters,33,1.038784696,1.040405134,0.001557506856,1.9905908,0,3,,pmeal-hpc,2026-09-02T12:54:36,
tortuosity,cpu,assembled-hostcg,16,n200_b100_p095,200,1,0.95,0.949833,7598661,iters,59,1.040418504,1.040405134,1.285030403e-05,3.027233991,0,3,target_reached,pmeal-hpc,2026-09-02T12:54:36,
tortuosity,cpu,assembled-hostcg,16,n200_b200_p020,200,2,0.2,0.187312,1498500,iters,1,0.02014482396,13.5328383,0.9985114118,0.1535009472,0,3,,pmeal-hpc,2026-09-02T12:54:43,
tortuosity,cpu,assembled-hostcg,16,n200_b200_p020,200,2,0.2,0.187312,1498500,iters,2,0.02634241466,13.5328383,0.998053445,0.172301267,0,3,,pmeal-hpc,2026-09-02T12:54:43,
tortuosity,cpu,assembled-hostcg,16,n200_b200_p020,200,2,0.2,0.187312,1498500,iters,3,0.04100793261,13.5328383,0.9969697464,0.1874889082,0,3,,pmeal-hpc,2026-09-02T12:54:43,
tortuosity,cpu,assembled-hostcg,16,n200_b200_p020,200,2,0.2,0.187312,1498500,iters,6,0.2955616204,13.5328383,0.9781596725,0.2367902033,0,3,,pmeal-hpc,2026-09-02T12:54:43,
tortuosity,cpu,assembled-hostcg,16,n200_b200_p020,200,2,0.2,0.187312,1498500,iters,10,0.6389587131,13.5328383,0.9527845749,0.2816954982,0,3,,pmeal-hpc,2026-09-02T12:54:43,
tortuosity,cpu,assembled-hostcg,16,n200_b200_p020,200,2,0.2,0.187312,1498500,iters,18,3.293023689,13.5328383,0.7566642255,0.3657013781,0,3,,pmeal-hpc,2026-09-02T12:54:43,
tortuosity,cpu,assembled-hostcg,16,n200_b200_p020,200,2,0.2,0.187312,1498500,iters,33,8.211024878,13.5328383,0.3932518297,0.5333507042,0,3,,pmeal-hpc,2026-09-02T12:54:43,
tortuosity,cpu,assembled-hostcg,16,n200_b200_p020,200,2,0.2,0.187312,1498500,iters,59,11.99624764,13.5328383,0.113545335,0.8265532022,0,3,,pmeal-hpc,2026-09-02T12:54:43,
tortuosity,cpu,assembled-hostcg,16,n200_b200_p020,200,2,0.2,0.187312,1498500,iters,106,13.55251895,13.5328383,0.001454288606,1.352825881,0,3,,pmeal-hpc,2026-09-02T12:54:43,
tortuosity,cpu,assembled-hostcg,16,n200_b200_p020,200,2,0.2,0.187312,1498500,iters,189,13.53323131,13.5328383,2.904155074e-05,2.280245547,0,3,target_reached,pmeal-hpc,2026-09-02T12:54:43,
tortuosity,cpu,assembled-hostcg,16,n200_b200_p040,200,2,0.4,0.398236,3185884,iters,1,0.02176402797,2.755382291,0.9921012674,0.3298986019,0,3,,pmeal-hpc,2026-09-02T12:54:52,
tortuosity,cpu,assembled-hostcg,16,n200_b200_p040,200,2,0.4,0.398236,3185884,iters,2,0.02812956392,2.755382291,0.9897910486,0.360154595,0,3,,pmeal-hpc,2026-09-02T12:54:52,
tortuosity,cpu,assembled-hostcg,16,n200_b200_p040,200,2,0.4,0.398236,3185884,iters,3,0.04596147106,2.755382291,0.983319385,0.3870872122,0,3,,pmeal-hpc,2026-09-02T12:54:52,
tortuosity,cpu,assembled-hostcg,16,n200_b200_p040,200,2,0.4,0.398236,3185884,iters,6,0.2721763825,2.755382291,0.9012201017,0.4517228943,0,3,,pmeal-hpc,2026-09-02T12:54:52,
tortuosity,cpu,assembled-hostcg,16,n200_b200_p040,200,2,0.4,0.398236,3185884,iters,10,0.5096128431,2.755382291,0.8150482259,0.5486489404,0,3,,pmeal-hpc,2026-09-02T12:54:52,
tortuosity,cpu,assembled-hostcg,16,n200_b200_p040,200,2,0.4,0.398236,3185884,iters,18,1.781335037,2.755382291,0.3535071184,0.7314006865,0,3,,pmeal-hpc,2026-09-02T12:54:52,
tortuosity,cpu,assembled-hostcg,16,n200_b200_p040,200,2,0.4,0.398236,3185884,iters,33,2.706424306,2.755382291,0.01776812774,1.069335042,0,3,,pmeal-hpc,2026-09-02T12:54:52,
tortuosity,cpu,assembled-hostcg,16,n200_b200_p040,200,2,0.4,0.398236,3185884,iters,59,2.743974371,2.755382291,0.00414023125,1.652234918,0,3,,pmeal-hpc,2026-09-02T12:54:52,
tortuosity,cpu,assembled-hostcg,16,n200_b200_p040,200,2,0.4,0.398236,3185884,iters,106,2.755793012,2.755382291,0.0001490612426,2.706387191,0,3,target_reached,pmeal-hpc,2026-09-02T12:54:52,
tortuosity,cpu,assembled-hostcg,16,n200_b200_p060,200,2,0.6,0.600363,4802905,iters,1,0.0234408242,1.645395218,0.9857536816,0.4952717682,0,3,,pmeal-hpc,2026-09-02T12:54:57,
tortuosity,cpu,assembled-hostcg,16,n200_b200_p060,200,2,0.6,0.600363,4802905,iters,2,0.03022262851,1.645395218,0.9816319944,0.5279788342,0,3,,pmeal-hpc,2026-09-02T12:54:57,
tortuosity,cpu,assembled-hostcg,16,n200_b200_p060,200,2,0.6,0.600363,4802905,iters,3,0.05033269093,1.645395218,0.9694099689,0.5580285992,0,3,,pmeal-hpc,2026-09-02T12:54:57,
tortuosity,cpu,assembled-hostcg,16,n200_b200_p060,200,2,0.6,0.600363,4802905,iters,6,0.2716194336,1.645395218,0.8349214641,0.654551171,0,3,,pmeal-hpc,2026-09-02T12:54:57,
tortuosity,cpu,assembled-hostcg,16,n200_b200_p060,200,2,0.6,0.600363,4802905,iters,10,0.4563912185,1.645395218,0.7226251702,0.7691209142,0,3,,pmeal-hpc,2026-09-02T12:54:57,
tortuosity,cpu,assembled-hostcg,16,n200_b200_p060,200,2,0.6,0.600363,4802905,iters,18,1.394232991,1.645395218,0.152645531,1.002540487,0,3,,pmeal-hpc,2026-09-02T12:54:57,
tortuosity,cpu,assembled-hostcg,16,n200_b200_p060,200,2,0.6,0.600363,4802905,iters,33,1.645618389,1.645395218,0.0001356336724,1.439264753,0,3,target_reached,pmeal-hpc,2026-09-02T12:54:57,
tortuosity,cpu,assembled-hostcg,16,n200_b200_p080,200,2,0.8,0.800969,6407751,iters,1,0.0237019247,1.226770933,0.980679421,0.5177760341,0,3,,pmeal-hpc,2026-09-02T12:55:06,
tortuosity,cpu,assembled-hostcg,16,n200_b200_p080,200,2,0.8,0.800969,6407751,iters,2,0.03059302291,1.226770933,0.9750621554,0.551980023,0,3,,pmeal-hpc,2026-09-02T12:55:06,
tortuosity,cpu,assembled-hostcg,16,n200_b200_p080,200,2,0.8,0.800969,6407751,iters,3,0.05234921919,1.226770933,0.9573276332,0.585228947,0,3,,pmeal-hpc,2026-09-02T12:55:06,
tortuosity,cpu,assembled-hostcg,16,n200_b200_p080,200,2,0.8,0.800969,6407751,iters,6,0.2698879787,1.226770933,0.7800013259,0.690020073,0,3,,pmeal-hpc,2026-09-02T12:55:06,
tortuosity,cpu,assembled-hostcg,16,n200_b200_p080,200,2,0.8,0.800969,6407751,iters,10,0.4079144212,1.226770933,0.667489333,0.827839016,0,3,,pmeal-hpc,2026-09-02T12:55:06,
tortuosity,cpu,assembled-hostcg,16,n200_b200_p080,200,2,0.8,0.800969,6407751,iters,18,1.268363666,1.226770933,0.03390423769,1.101264789,0,3,,pmeal-hpc,2026-09-02T12:55:06,
tortuosity,cpu,assembled-hostcg,16,n200_b200_p080,200,2,0.8,0.800969,6407751,iters,33,1.224793232,1.226770933,0.001612119597,1.633395289,0,3,,pmeal-hpc,2026-09-02T12:55:06,
tortuosity,cpu,assembled-hostcg,16,n200_b200_p080,200,2,0.8,0.800969,6407751,iters,59,1.226818544,1.226770933,3.881029045e-05,2.54760844,0,3,target_reached,pmeal-hpc,2026-09-02T12:55:06,
tortuosity,cpu,assembled-hostcg,16,n200_b200_p095,200,2,0.95,0.950886,7607091,iters,1,0.02286227044,1.045952896,0.9781421606,0.623327855,0,3,,pmeal-hpc,2026-09-02T12:55:16,
tortuosity,cpu,assembled-hostcg,16,n200_b200_p095,200,2,0.95,0.950886,7607091,iters,2,0.02977085479,1.045952896,0.971537098,0.6666872329,0,3,,pmeal-hpc,2026-09-02T12:55:16,
tortuosity,cpu,assembled-hostcg,16,n200_b200_p095,200,2,0.95,0.950886,7607091,iters,3,0.05359354017,1.045952896,0.9487610385,0.7067133121,0,3,,pmeal-hpc,2026-09-02T12:55:16,
tortuosity,cpu,assembled-hostcg,16,n200_b200_p095,200,2,0.95,0.950886,7607091,iters,6,0.2649473888,1.045952896,0.7466928101,0.8244943002,0,3,,pmeal-hpc,2026-09-02T12:55:16,
tortuosity,cpu,assembled-hostcg,16,n200_b200_p095,200,2,0.95,0.950886,7607091,iters,10,0.3806420145,1.045952896,0.6360811123,0.9837991102,0,3,,pmeal-hpc,2026-09-02T12:55:16,
tortuosity,cpu,assembled-hostcg,16,n200_b200_p095,200,2,0.95,0.950886,7607091,iters,18,1.26512607,1.045952896,0.2095440199,1.311060379,0,3,,pmeal-hpc,2026-09-02T12:55:16,
tortuosity,cpu,assembled-hostcg,16,n200_b200_p095,200,2,0.95,0.950886,7607091,iters,33,1.043283536,1.045952896,0.002552084422,1.920067696,0,3,,pmeal-hpc,2026-09-02T12:55:16,
tortuosity,cpu,assembled-hostcg,16,n200_b200_p095,200,2,0.95,0.950886,7607091,iters,59,1.04596846,1.045952896,1.488058526e-05,2.95465005,0,3,target_reached,pmeal-hpc,2026-09-02T12:55:16,
tortuosity,cpu,assembled-hostcg,16,n400_b050_p020,400,0.5,0.2,0.168664,10794487,iters,1,0.00810854435,9.103906374,0.9991093335,1.222185224,0,3,,pmeal-hpc,2026-09-02T12:55:38,
tortuosity,cpu,assembled-hostcg,16,n400_b050_p020,400,0.5,0.2,0.168664,10794487,iters,2,0.0107822337,9.103906374,0.9988156476,1.272921002,0,3,,pmeal-hpc,2026-09-02T12:55:38,
tortuosity,cpu,assembled-hostcg,16,n400_b050_p020,400,0.5,0.2,0.168664,10794487,iters,3,0.0205580121,9.103906374,0.9977418472,1.322046323,0,3,,pmeal-hpc,2026-09-02T12:55:38,
tortuosity,cpu,assembled-hostcg,16,n400_b050_p020,400,0.5,0.2,0.168664,10794487,iters,6,0.1025920285,9.103906374,0.9887309882,1.475321598,0,3,,pmeal-hpc,2026-09-02T12:55:38,
tortuosity,cpu,assembled-hostcg,16,n400_b050_p020,400,0.5,0.2,0.168664,10794487,iters,10,0.1949109795,9.103906374,0.9785904016,1.686648583,0,3,,pmeal-hpc,2026-09-02T12:55:38,
tortuosity,cpu,assembled-hostcg,16,n400_b050_p020,400,0.5,0.2,0.168664,10794487,iters,18,36.57618754,9.103906374,3.01763661,2.098924737,0,3,,pmeal-hpc,2026-09-02T12:55:38,
tortuosity,cpu,assembled-hostcg,16,n400_b050_p020,400,0.5,0.2,0.168664,10794487,iters,33,8.19749829,9.103906374,0.09956254457,2.882488531,0,3,,pmeal-hpc,2026-09-02T12:55:38,
tortuosity,cpu,assembled-hostcg,16,n400_b050_p020,400,0.5,0.2,0.168664,10794487,iters,59,9.138405646,9.103906374,0.003789502044,4.21698136,0,3,,pmeal-hpc,2026-09-02T12:55:38,
tortuosity,cpu,assembled-hostcg,16,n400_b050_p020,400,0.5,0.2,0.168664,10794487,iters,106,9.107367168,9.103906374,0.0003801438912,6.681092643,0,3,target_reached,pmeal-hpc,2026-09-02T12:55:38,
tortuosity,cpu,assembled-hostcg,16,n400_b050_p040,400,0.5,0.4,0.391726,25070495,iters,1,0.008441465146,2.60655752,0.9967614507,2.360140844,0,3,,pmeal-hpc,2026-09-02T12:56:19,
tortuosity,cpu,assembled-hostcg,16,n400_b050_p040,400,0.5,0.4,0.391726,25070495,iters,2,0.01018057846,2.60655752,0.9960942437,2.461029688,0,3,,pmeal-hpc,2026-09-02T12:56:19,
tortuosity,cpu,assembled-hostcg,16,n400_b050_p040,400,0.5,0.4,0.391726,25070495,iters,3,0.01378566504,2.60655752,0.9947111602,2.567857166,0,3,,pmeal-hpc,2026-09-02T12:56:19,
tortuosity,cpu,assembled-hostcg,16,n400_b050_p040,400,0.5,0.4,0.391726,25070495,iters,6,0.08687798506,2.60655752,0.9666694541,2.877915706,0,3,,pmeal-hpc,2026-09-02T12:56:19,
tortuosity,cpu,assembled-hostcg,16,n400_b050_p040,400,0.5,0.4,0.391726,25070495,iters,10,0.1328969939,2.60655752,0.9490143636,3.288525365,0,3,,pmeal-hpc,2026-09-02T12:56:19,
tortuosity,cpu,assembled-hostcg,16,n400_b050_p040,400,0.5,0.4,0.391726,25070495,iters,18,-4.30007716,2.60655752,2.649715046,4.125557424,-0,3,,pmeal-hpc,2026-09-02T12:56:19,
tortuosity,cpu,assembled-hostcg,16,n400_b050_p040,400,0.5,0.4,0.391726,25070495,iters,33,2.483408667,2.60655752,0.0472457838,5.678949903,0,3,,pmeal-hpc,2026-09-02T12:56:19,
tortuosity,cpu,assembled-hostcg,16,n400_b050_p040,400,0.5,0.4,0.391726,25070495,iters,59,2.60325681,2.60655752,0.001266310118,8.376629556,0,3,,pmeal-hpc,2026-09-02T12:56:19,
tortuosity,cpu,assembled-hostcg,16,n400_b050_p040,400,0.5,0.4,0.391726,25070495,iters,106,2.606490176,2.60655752,2.583625131e-05,13.26704837,0,3,target_reached,pmeal-hpc,2026-09-02T12:56:19,
tortuosity,cpu,assembled-hostcg,16,n400_b050_p060,400,0.5,0.6,0.60417,38666899,iters,1,0.00962178886,1.563851568,0.9938473772,2.757095958,0,3,,pmeal-hpc,2026-09-02T12:56:58,
tortuosity,cpu,assembled-hostcg,16,n400_b050_p060,400,0.5,0.6,0.60417,38666899,iters,2,0.01161439889,1.563851568,0.9925732089,2.919160193,0,3,,pmeal-hpc,2026-09-02T12:56:58,
tortuosity,cpu,assembled-hostcg,16,n400_b050_p060,400,0.5,0.6,0.60417,38666899,iters,3,0.01595692833,1.563851568,0.989796392,3.08237239,0,3,,pmeal-hpc,2026-09-02T12:56:58,
tortuosity,cpu,assembled-hostcg,16,n400_b050_p060,400,0.5,0.6,0.60417,38666899,iters,6,0.09775529421,1.563851568,0.9374906825,3.560267865,0,3,,pmeal-hpc,2026-09-02T12:56:58,
tortuosity,cpu,assembled-hostcg,16,n400_b050_p060,400,0.5,0.6,0.60417,38666899,iters,10,0.1437490878,1.563851568,0.9080800949,4.19108176,0,3,,pmeal-hpc,2026-09-02T12:56:58,
tortuosity,cpu,assembled-hostcg,16,n400_b050_p060,400,0.5,0.6,0.60417,38666899,iters,18,11.59169709,1.563851568,6.412274497,5.472521996,0,3,,pmeal-hpc,2026-09-02T12:56:58,
tortuosity,cpu,assembled-hostcg,16,n400_b050_p060,400,0.5,0.6,0.60417,38666899,iters,33,1.508315078,1.563851568,0.03551263514,7.885267961,0,3,,pmeal-hpc,2026-09-02T12:56:58,
tortuosity,cpu,assembled-hostcg,16,n400_b050_p060,400,0.5,0.6,0.60417,38666899,iters,59,1.563152745,1.563851568,0.0004468602516,12.06079898,0,3,target_reached,pmeal-hpc,2026-09-02T12:56:58,
tortuosity,cpu,assembled-hostcg,16,n400_b050_p080,400,0.5,0.8,0.809146,51785369,iters,1,0.01030549196,1.177273609,0.9912463068,3.48152943,0,3,,pmeal-hpc,2026-09-02T12:57:49,
tortuosity,cpu,assembled-hostcg,16,n400_b050_p080,400,0.5,0.8,0.809146,51785369,iters,2,0.01245804931,1.177273609,0.9894178811,3.693427931,0,3,,pmeal-hpc,2026-09-02T12:57:49,
tortuosity,cpu,assembled-hostcg,16,n400_b050_p080,400,0.5,0.8,0.809146,51785369,iters,3,0.01778643217,1.177273609,0.984891845,3.903304079,0,3,,pmeal-hpc,2026-09-02T12:57:49,
tortuosity,cpu,assembled-hostcg,16,n400_b050_p080,400,0.5,0.8,0.809146,51785369,iters,6,0.1048427697,1.177273609,0.9109444322,4.537687655,0,3,,pmeal-hpc,2026-09-02T12:57:49,
tortuosity,cpu,assembled-hostcg,16,n400_b050_p080,400,0.5,0.8,0.809146,51785369,iters,10,0.1482476721,1.177273609,0.8740754307,5.414172802,0,3,,pmeal-hpc,2026-09-02T12:57:49,
tortuosity,cpu,assembled-hostcg,16,n400_b050_p080,400,0.5,0.8,0.809146,51785369,iters,18,3.3914658,1.177273609,1.880779603,7.138987991,0,3,,pmeal-hpc,2026-09-02T12:57:49,
tortuosity,cpu,assembled-hostcg,16,n400_b050_p080,400,0.5,0.8,0.809146,51785369,iters,33,1.145016644,1.177273609,0.02739971836,10.3380586,0,3,,pmeal-hpc,2026-09-02T12:57:49,
tortuosity,cpu,assembled-hostcg,16,n400_b050_p080,400,0.5,0.8,0.809146,51785369,iters,59,1.176652207,1.177273609,0.0005278313699,15.93337176,0,3,target_reached,pmeal-hpc,2026-09-02T12:57:49,
tortuosity,cpu,assembled-hostcg,16,n400_b050_p095,400,0.5,0.95,0.949928,60795412,iters,1,0.01032882505,1.038538585,0.9900544619,3.894810751,0,3,,pmeal-hpc,2026-09-02T12:58:48,
tortuosity,cpu,assembled-hostcg,16,n400_b050_p095,400,0.5,0.95,0.949928,60795412,iters,2,0.01248891217,1.038538585,0.9879745323,4.151360286,0,3,,pmeal-hpc,2026-09-02T12:58:48,
tortuosity,cpu,assembled-hostcg,16,n400_b050_p095,400,0.5,0.95,0.949928,60795412,iters,3,0.01901804682,1.038538585,0.9816876839,4.398677504,0,3,,pmeal-hpc,2026-09-02T12:58:48,
tortuosity,cpu,assembled-hostcg,16,n400_b050_p095,400,0.5,0.95,0.949928,60795412,iters,6,0.1061014614,1.038538585,0.8978358022,5.157165517,0,3,,pmeal-hpc,2026-09-02T12:58:48,
tortuosity,cpu,assembled-hostcg,16,n400_b050_p095,400,0.5,0.95,0.949928,60795412,iters,10,0.1475031325,1.038538585,0.8579704841,6.169184858,0,3,,pmeal-hpc,2026-09-02T12:58:48,
tortuosity,cpu,assembled-hostcg,16,n400_b050_p095,400,0.5,0.95,0.949928,60795412,iters,18,2.703625957,1.038538585,1.603298516,8.197854586,0,3,,pmeal-hpc,2026-09-02T12:58:48,
tortuosity,cpu,assembled-hostcg,16,n400_b050_p095,400,0.5,0.95,0.949928,60795412,iters,33,1.016145496,1.038538585,0.02156211595,11.96865831,0,3,,pmeal-hpc,2026-09-02T12:58:48,
tortuosity,cpu,assembled-hostcg,16,n400_b050_p095,400,0.5,0.95,0.949928,60795412,iters,59,1.038426357,1.038538585,0.0001080632525,18.50574214,0,3,target_reached,pmeal-hpc,2026-09-02T12:58:48,
tortuosity,cpu,assembled-hostcg,16,n400_b100_p020,400,1,0.2,0.183379,11736271,iters,1,0.008280758211,10.24145804,0.9991914473,1.277757433,0,3,,pmeal-hpc,2026-09-02T12:59:09,
tortuosity,cpu,assembled-hostcg,16,n400_b100_p020,400,1,0.2,0.183379,11736271,iters,2,0.009907773179,10.24145804,0.9990325818,1.323765817,0,3,,pmeal-hpc,2026-09-02T12:59:09,
tortuosity,cpu,assembled-hostcg,16,n400_b100_p020,400,1,0.2,0.183379,11736271,iters,3,0.01281570475,10.24145804,0.9987486445,1.372384551,0,3,,pmeal-hpc,2026-09-02T12:59:09,
tortuosity,cpu,assembled-hostcg,16,n400_b100_p020,400,1,0.2,0.183379,11736271,iters,6,0.08249026572,10.24145804,0.9919454568,1.51682638,0,3,,pmeal-hpc,2026-09-02T12:59:09,
tortuosity,cpu,assembled-hostcg,16,n400_b100_p020,400,1,0.2,0.183379,11736271,iters,10,0.1382597036,10.24145804,0.986499998,1.711667645,0,3,,pmeal-hpc,2026-09-02T12:59:09,
tortuosity,cpu,assembled-hostcg,16,n400_b100_p020,400,1,0.2,0.183379,11736271,iters,18,-3.748407947,10.24145804,1.36600335,2.095050786,-0,3,,pmeal-hpc,2026-09-02T12:59:09,
tortuosity,cpu,assembled-hostcg,16,n400_b100_p020,400,1,0.2,0.183379,11736271,iters,33,8.558931303,10.24145804,0.1642858595,2.817370901,0,3,,pmeal-hpc,2026-09-02T12:59:09,
tortuosity,cpu,assembled-hostcg,16,n400_b100_p020,400,1,0.2,0.183379,11736271,iters,59,10.26539101,10.24145804,0.002336871091,4.05928862,0,3,,pmeal-hpc,2026-09-02T12:59:09,
tortuosity,cpu,assembled-hostcg,16,n400_b100_p020,400,1,0.2,0.183379,11736271,iters,106,10.24760692,10.24145804,0.0006003914699,6.32431224,0,3,target_reached,pmeal-hpc,2026-09-02T12:59:09,
tortuosity,cpu,assembled-hostcg,16,n400_b100_p040,400,1,0.4,0.394417,25242705,iters,1,0.009596792001,2.558566376,0.9962491526,2.363573113,0,3,,pmeal-hpc,2026-09-02T12:59:35,
tortuosity,cpu,assembled-hostcg,16,n400_b100_p040,400,1,0.4,0.394417,25242705,iters,2,0.01150865424,2.558566376,0.995501913,2.465749714,0,3,,pmeal-hpc,2026-09-02T12:59:35,
tortuosity,cpu,assembled-hostcg,16,n400_b100_p040,400,1,0.4,0.394417,25242705,iters,3,0.01457040005,2.558566376,0.9943052484,2.572607448,0,3,,pmeal-hpc,2026-09-02T12:59:35,
tortuosity,cpu,assembled-hostcg,16,n400_b100_p040,400,1,0.4,0.394417,25242705,iters,6,0.09252824983,2.558566376,0.9638359002,2.891637971,0,3,,pmeal-hpc,2026-09-02T12:59:35,
tortuosity,cpu,assembled-hostcg,16,n400_b100_p040,400,1,0.4,0.394417,25242705,iters,10,0.1477672504,2.558566376,0.9422460751,3.311352096,0,3,,pmeal-hpc,2026-09-02T12:59:35,
tortuosity,cpu,assembled-hostcg,16,n400_b100_p040,400,1,0.4,0.394417,25242705,iters,18,-73.32428737,2.558566376,29.6583487,4.158918673,-0,3,,pmeal-hpc,2026-09-02T12:59:35,
tortuosity,cpu,assembled-hostcg,16,n400_b100_p040,400,1,0.4,0.394417,25242705,iters,33,2.47947228,2.558566376,0.03091344309,5.740368636,0,3,,pmeal-hpc,2026-09-02T12:59:35,
tortuosity,cpu,assembled-hostcg,16,n400_b100_p040,400,1,0.4,0.394417,25242705,iters,59,2.557464807,2.558566376,0.0004305413561,8.488221058,0,3,target_reached,pmeal-hpc,2026-09-02T12:59:35,
tortuosity,cpu,assembled-hostcg,16,n400_b100_p060,400,1,0.6,0.602502,38560157,iters,1,0.01055108506,1.558485087,0.9932299095,2.713350267,0,3,,pmeal-hpc,2026-09-02T13:00:14,
tortuosity,cpu,assembled-hostcg,16,n400_b100_p060,400,1,0.6,0.602502,38560157,iters,2,0.01265389366,1.558485087,0.991880645,2.883037911,0,3,,pmeal-hpc,2026-09-02T13:00:14,
tortuosity,cpu,assembled-hostcg,16,n400_b100_p060,400,1,0.6,0.602502,38560157,iters,3,0.01608585021,1.558485087,0.9896785344,3.043833721,0,3,,pmeal-hpc,2026-09-02T13:00:14,
tortuosity,cpu,assembled-hostcg,16,n400_b100_p060,400,1,0.6,0.602502,38560157,iters,6,0.1000192114,1.558485087,0.9358227985,3.52191058,0,3,,pmeal-hpc,2026-09-02T13:00:14,
tortuosity,cpu,assembled-hostcg,16,n400_b100_p060,400,1,0.6,0.602502,38560157,iters,10,0.1523424373,1.558485087,0.9022496663,4.177308872,0,3,,pmeal-hpc,2026-09-02T13:00:14,
tortuosity,cpu,assembled-hostcg,16,n400_b100_p060,400,1,0.6,0.602502,38560157,iters,18,4.881622999,1.558485087,2.13228727,5.465918706,0,3,,pmeal-hpc,2026-09-02T13:00:14,
tortuosity,cpu,assembled-hostcg,16,n400_b100_p060,400,1,0.6,0.602502,38560157,iters,33,1.520898726,1.558485087,0.02411724105,7.886966705,0,3,,pmeal-hpc,2026-09-02T13:00:14,
tortuosity,cpu,assembled-hostcg,16,n400_b100_p060,400,1,0.6,0.602502,38560157,iters,59,1.557926436,1.558485087,0.0003584579616,12.06872179,0,3,target_reached,pmeal-hpc,2026-09-02T13:00:14,
tortuosity,cpu,assembled-hostcg,16,n400_b100_p080,400,1,0.8,0.807589,51685723,iters,1,0.01103816299,1.175919941,0.9906131679,3.480398784,0,3,,pmeal-hpc,2026-09-02T13:01:05,
tortuosity,cpu,assembled-hostcg,16,n400_b100_p080,400,1,0.8,0.807589,51685723,iters,2,0.01326698039,1.175919941,0.988717786,3.695230703,0,3,,pmeal-hpc,2026-09-02T13:01:05,
tortuosity,cpu,assembled-hostcg,16,n400_b100_p080,400,1,0.8,0.807589,51685723,iters,3,0.01724862603,1.175919941,0.9853318024,3.906023362,0,3,,pmeal-hpc,2026-09-02T13:01:05,
tortuosity,cpu,assembled-hostcg,16,n400_b100_p080,400,1,0.8,0.807589,51685723,iters,6,0.106231337,1.175919941,0.9096610804,4.556824043,0,3,,pmeal-hpc,2026-09-02T13:01:05,
tortuosity,cpu,assembled-hostcg,16,n400_b100_p080,400,1,0.8,0.807589,51685723,iters,10,0.1531034295,1.175919941,0.8698011453,5.421398133,0,3,,pmeal-hpc,2026-09-02T13:01:05,
tortuosity,cpu,assembled-hostcg,16,n400_b100_p080,400,1,0.8,0.807589,51685723,iters,18,2.655447582,1.175919941,1.25818739,7.148497932,0,3,,pmeal-hpc,2026-09-02T13:01:05,
tortuosity,cpu,assembled-hostcg,16,n400_b100_p080,400,1,0.8,0.807589,51685723,iters,33,1.148058618,1.175919941,0.02369321385,10.38498276,0,3,,pmeal-hpc,2026-09-02T13:01:05,
tortuosity,cpu,assembled-hostcg,16,n400_b100_p080,400,1,0.8,0.807589,51685723,iters,59,1.175556781,1.175919941,0.0003088307376,16.02669588,0,3,target_reached,pmeal-hpc,2026-09-02T13:01:05,
tortuosity,cpu,assembled-hostcg,16,n400_b100_p095,400,1,0.95,0.950994,60863603,iters,1,0.01084229054,1.036462383,0.9895391374,3.989605561,0,3,,pmeal-hpc,2026-09-02T13:02:05,
tortuosity,cpu,assembled-hostcg,16,n400_b100_p095,400,1,0.95,0.950994,60863603,iters,2,0.01307486627,1.036462383,0.9873851029,4.248504341,0,3,,pmeal-hpc,2026-09-02T13:02:05,
tortuosity,cpu,assembled-hostcg,16,n400_b100_p095,400,1,0.95,0.950994,60863603,iters,3,0.0182089295,1.036462383,0.9824316543,4.496596144,0,3,,pmeal-hpc,2026-09-02T13:02:05,
tortuosity,cpu,assembled-hostcg,16,n400_b100_p095,400,1,0.95,0.950994,60863603,iters,6,0.108090195,1.036462383,0.8957123802,5.24772217,0,3,,pmeal-hpc,2026-09-02T13:02:05,
tortuosity,cpu,assembled-hostcg,16,n400_b100_p095,400,1,0.95,0.950994,60863603,iters,10,0.1502275664,1.036462383,0.8550573866,6.261283857,0,3,,pmeal-hpc,2026-09-02T13:02:05,
tortuosity,cpu,assembled-hostcg,16,n400_b100_p095,400,1,0.95,0.950994,60863603,iters,18,2.42147798,1.036462383,1.336291234,8.293736884,0,3,,pmeal-hpc,2026-09-02T13:02:05,
tortuosity,cpu,assembled-hostcg,16,n400_b100_p095,400,1,0.95,0.950994,60863603,iters,33,1.010682796,1.036462383,0.02487266992,12.06424519,0,3,,pmeal-hpc,2026-09-02T13:02:05,
tortuosity,cpu,assembled-hostcg,16,n400_b100_p095,400,1,0.95,0.950994,60863603,iters,59,1.036403746,1.036462383,5.657451281e-05,18.61601584,0,3,target_reached,pmeal-hpc,2026-09-02T13:02:05,
tortuosity,cpu,assembled-hostcg,16,n400_b200_p020,400,2,0.2,0.18948,12126729,iters,1,0.008265386005,10.76863104,0.9992324571,1.152336581,0,3,,pmeal-hpc,2026-09-02T13:02:40,
tortuosity,cpu,assembled-hostcg,16,n400_b200_p020,400,2,0.2,0.18948,12126729,iters,2,0.009909710827,10.76863104,0.9990797613,1.206055776,0,3,,pmeal-hpc,2026-09-02T13:02:40,
tortuosity,cpu,assembled-hostcg,16,n400_b200_p020,400,2,0.2,0.18948,12126729,iters,3,0.01275542506,10.76863104,0.9988155017,1.258300895,0,3,,pmeal-hpc,2026-09-02T13:02:40,
tortuosity,cpu,assembled-hostcg,16,n400_b200_p020,400,2,0.2,0.18948,12126729,iters,6,0.07920026305,10.76863104,0.9926452803,1.41557816,0,3,,pmeal-hpc,2026-09-02T13:02:40,
tortuosity,cpu,assembled-hostcg,16,n400_b200_p020,400,2,0.2,0.18948,12126729,iters,10,0.1539569391,10.76863104,0.9857032023,1.63103687,0,3,,pmeal-hpc,2026-09-02T13:02:40,
tortuosity,cpu,assembled-hostcg,16,n400_b200_p020,400,2,0.2,0.18948,12126729,iters,18,18.8142523,10.76863104,0.7471350104,2.061625049,0,3,,pmeal-hpc,2026-09-02T13:02:40,
tortuosity,cpu,assembled-hostcg,16,n400_b200_p020,400,2,0.2,0.18948,12126729,iters,33,8.151139489,10.76863104,0.2430663231,2.857258739,0,3,,pmeal-hpc,2026-09-02T13:02:40,
tortuosity,cpu,assembled-hostcg,16,n400_b200_p020,400,2,0.2,0.18948,12126729,iters,59,10.68477419,10.76863104,0.007787141256,4.2371012,0,3,,pmeal-hpc,2026-09-02T13:02:40,
tortuosity,cpu,assembled-hostcg,16,n400_b200_p020,400,2,0.2,0.18948,12126729,iters,106,10.78990079,10.76863104,0.001975158088,6.744634931,0,3,,pmeal-hpc,2026-09-02T13:02:40,
tortuosity,cpu,assembled-hostcg,16,n400_b200_p020,400,2,0.2,0.18948,12126729,iters,189,10.76896185,10.76863104,3.07198846e-05,11.16614106,0,3,target_reached,pmeal-hpc,2026-09-02T13:02:40,
tortuosity,cpu,assembled-hostcg,16,n400_b200_p040,400,2,0.4,0.399236,25551094,iters,1,0.009843876904,2.608420127,0.9962261153,2.278794906,0,3,,pmeal-hpc,2026-09-02T13:03:24,
tortuosity,cpu,assembled-hostcg,16,n400_b200_p040,400,2,0.4,0.399236,25551094,iters,2,0.01178545754,2.608420127,0.9954817641,2.387714712,0,3,,pmeal-hpc,2026-09-02T13:03:24,
tortuosity,cpu,assembled-hostcg,16,n400_b200_p040,400,2,0.4,0.399236,25551094,iters,3,0.01472238259,2.608420127,0.9943558239,2.498082149,0,3,,pmeal-hpc,2026-09-02T13:03:24,
tortuosity,cpu,assembled-hostcg,16,n400_b200_p040,400,2,0.4,0.399236,25551094,iters,6,0.08869600823,2.608420127,0.9659962721,2.823467601,0,3,,pmeal-hpc,2026-09-02T13:03:24,
tortuosity,cpu,assembled-hostcg,16,n400_b200_p040,400,2,0.4,0.399236,25551094,iters,10,0.1566073943,2.608420127,0.9399608243,3.269451264,0,3,,pmeal-hpc,2026-09-02T13:03:24,
tortuosity,cpu,assembled-hostcg,16,n400_b200_p040,400,2,0.4,0.399236,25551094,iters,18,4.609628476,2.608420127,0.7672108984,4.153455336,0,3,,pmeal-hpc,2026-09-02T13:03:24,
tortuosity,cpu,assembled-hostcg,16,n400_b200_p040,400,2,0.4,0.399236,25551094,iters,33,2.569691161,2.608420127,0.01484767176,5.822909711,0,3,,pmeal-hpc,2026-09-02T13:03:24,
tortuosity,cpu,assembled-hostcg,16,n400_b200_p040,400,2,0.4,0.399236,25551094,iters,59,2.605472637,2.608420127,0.001129990689,8.77953503,0,3,,pmeal-hpc,2026-09-02T13:03:24,
tortuosity,cpu,assembled-hostcg,16,n400_b200_p040,400,2,0.4,0.399236,25551094,iters,106,2.608759166,2.608420127,0.0001299785262,13.98322958,0,3,target_reached,pmeal-hpc,2026-09-02T13:03:24,
tortuosity,cpu,assembled-hostcg,16,n400_b200_p060,400,2,0.6,0.601874,38519921,iters,1,0.01102108735,1.574940918,0.9930022217,2.740311819,0,3,,pmeal-hpc,2026-09-02T13:04:03,
tortuosity,cpu,assembled-hostcg,16,n400_b200_p060,400,2,0.6,0.601874,38519921,iters,2,0.01316957536,1.574940918,0.9916380512,2.906821052,0,3,,pmeal-hpc,2026-09-02T13:04:03,
tortuosity,cpu,assembled-hostcg,16,n400_b200_p060,400,2,0.6,0.601874,38519921,iters,3,0.01624377148,1.574940918,0.9896861074,3.069592688,0,3,,pmeal-hpc,2026-09-02T13:04:03,
tortuosity,cpu,assembled-hostcg,16,n400_b200_p060,400,2,0.6,0.601874,38519921,iters,6,0.0975481858,1.574940918,0.9380623205,3.555903187,0,3,,pmeal-hpc,2026-09-02T13:04:03,
tortuosity,cpu,assembled-hostcg,16,n400_b200_p060,400,2,0.6,0.601874,38519921,iters,10,0.1602029627,1.574940918,0.8982800175,4.210651268,0,3,,pmeal-hpc,2026-09-02T13:04:03,
tortuosity,cpu,assembled-hostcg,16,n400_b200_p060,400,2,0.6,0.601874,38519921,iters,18,2.422723509,1.574940918,0.538294854,5.514965844,0,3,,pmeal-hpc,2026-09-02T13:04:03,
tortuosity,cpu,assembled-hostcg,16,n400_b200_p060,400,2,0.6,0.601874,38519921,iters,33,1.559181262,1.574940918,0.01000650606,7.959277722,0,3,,pmeal-hpc,2026-09-02T13:04:03,
tortuosity,cpu,assembled-hostcg,16,n400_b200_p060,400,2,0.6,0.601874,38519921,iters,59,1.573971238,1.574940918,0.000615693205,12.1882661,0,3,target_reached,pmeal-hpc,2026-09-02T13:04:03,
tortuosity,cpu,assembled-hostcg,16,n400_b200_p080,400,2,0.8,0.802397,51353403,iters,1,0.01155585142,1.199127461,0.9903631167,4.08854804,0,3,,pmeal-hpc,2026-09-02T13:04:55,
tortuosity,cpu,assembled-hostcg,16,n400_b200_p080,400,2,0.8,0.802397,51353403,iters,2,0.01379969732,1.199127461,0.9884918845,4.297710993,0,3,,pmeal-hpc,2026-09-02T13:04:55,
tortuosity,cpu,assembled-hostcg,16,n400_b200_p080,400,2,0.8,0.802397,51353403,iters,3,0.01711398959,1.199127461,0.9857279646,4.510577402,0,3,,pmeal-hpc,2026-09-02T13:04:55,
tortuosity,cpu,assembled-hostcg,16,n400_b200_p080,400,2,0.8,0.802397,51353403,iters,6,0.1060515523,1.199127461,0.9115593999,5.149425214,0,3,,pmeal-hpc,2026-09-02T13:04:55,
tortuosity,cpu,assembled-hostcg,16,n400_b200_p080,400,2,0.8,0.802397,51353403,iters,10,0.1589968655,1.199127461,0.867406201,5.998527642,0,3,,pmeal-hpc,2026-09-02T13:04:55,
tortuosity,cpu,assembled-hostcg,16,n400_b200_p080,400,2,0.8,0.802397,51353403,iters,18,1.889046865,1.199127461,0.575351184,7.728959284,0,3,,pmeal-hpc,2026-09-02T13:04:55,
tortuosity,cpu,assembled-hostcg,16,n400_b200_p080,400,2,0.8,0.802397,51353403,iters,33,1.178981679,1.199127461,0.0168003675,10.92115257,0,3,,pmeal-hpc,2026-09-02T13:04:55,
tortuosity,cpu,assembled-hostcg,16,n400_b200_p080,400,2,0.8,0.802397,51353403,iters,59,1.198796206,1.199127461,0.0002762464015,16.50980076,0,3,target_reached,pmeal-hpc,2026-09-02T13:04:55,
tortuosity,cpu,assembled-hostcg,16,n400_b200_p095,400,2,0.95,0.950293,60818722,iters,1,0.01121881804,1.041214741,0.9892252601,3.957315911,0,3,,pmeal-hpc,2026-09-02T13:05:54,
tortuosity,cpu,assembled-hostcg,16,n400_b200_p095,400,2,0.95,0.950293,60818722,iters,2,0.01345764675,1.041214741,0.9870750516,4.205073466,0,3,,pmeal-hpc,2026-09-02T13:05:54,
tortuosity,cpu,assembled-hostcg,16,n400_b200_p095,400,2,0.95,0.950293,60818722,iters,3,0.0175575245,1.041214741,0.9831374607,4.454338842,0,3,,pmeal-hpc,2026-09-02T13:05:54,
tortuosity,cpu,assembled-hostcg,16,n400_b200_p095,400,2,0.95,0.950293,60818722,iters,6,0.1092294428,1.041214741,0.8950942217,5.207620675,0,3,,pmeal-hpc,2026-09-02T13:05:54,
tortuosity,cpu,assembled-hostcg,16,n400_b200_p095,400,2,0.95,0.950293,60818722,iters,10,0.1526886436,1.041214741,0.8533552805,6.20868581,0,3,,pmeal-hpc,2026-09-02T13:05:54,
tortuosity,cpu,assembled-hostcg,16,n400_b200_p095,400,2,0.95,0.950293,60818722,iters,18,2.017100284,1.041214741,0.9372567489,8.216266082,0,3,,pmeal-hpc,2026-09-02T13:05:54,
tortuosity,cpu,assembled-hostcg,16,n400_b200_p095,400,2,0.95,0.950293,60818722,iters,33,1.019105522,1.041214741,0.02123406296,11.96437801,0,3,,pmeal-hpc,2026-09-02T13:05:54,
tortuosity,cpu,assembled-hostcg,16,n400_b200_p095,400,2,0.95,0.950293,60818722,iters,59,1.041027154,1.041214741,0.0001801613729,18.5443175,0,3,target_reached,pmeal-hpc,2026-09-02T13:05:54,
tortuosity,cpu,assembled-hostcg,16,n600_b050_p020,600,0.5,0.2,0.156443,33791688,iters,1,0.005144284613,23.43955199,0.9997805297,3.417566339,0,3,,pmeal-hpc,2026-09-02T13:06:50,
tortuosity,cpu,assembled-hostcg,16,n600_b050_p020,600,0.5,0.2,0.156443,33791688,iters,2,0.006217688087,23.43955199,0.9997347352,3.550389177,0,3,,pmeal-hpc,2026-09-02T13:06:50,
tortuosity,cpu,assembled-hostcg,16,n600_b050_p020,600,0.5,0.2,0.156443,33791688,iters,3,0.008293616242,23.43955199,0.99964617,3.685836315,0,3,,pmeal-hpc,2026-09-02T13:06:50,
tortuosity,cpu,assembled-hostcg,16,n600_b050_p020,600,0.5,0.2,0.156443,33791688,iters,6,0.05312710171,23.43955199,0.9977334421,4.089522141,0,3,,pmeal-hpc,2026-09-02T13:06:50,
tortuosity,cpu,assembled-hostcg,16,n600_b050_p020,600,0.5,0.2,0.156443,33791688,iters,10,0.08573983454,23.43955199,0.9963420873,4.624995475,0,3,,pmeal-hpc,2026-09-02T13:06:50,
tortuosity,cpu,assembled-hostcg,16,n600_b050_p020,600,0.5,0.2,0.156443,33791688,iters,18,-0.9421523751,23.43955199,1.040194982,5.703334471,-0,3,,pmeal-hpc,2026-09-02T13:06:50,
tortuosity,cpu,assembled-hostcg,16,n600_b050_p020,600,0.5,0.2,0.156443,33791688,iters,33,8.278217313,23.43955199,0.6468269822,7.742916319,0,3,,pmeal-hpc,2026-09-02T13:06:50,
tortuosity,cpu,assembled-hostcg,16,n600_b050_p020,600,0.5,0.2,0.156443,33791688,iters,59,21.5093867,23.43955199,0.08234650952,11.25804685,0,3,,pmeal-hpc,2026-09-02T13:06:50,
tortuosity,cpu,assembled-hostcg,16,n600_b050_p020,600,0.5,0.2,0.156443,33791688,iters,106,23.4194982,23.43955199,0.0008555536636,17.6268275,0,3,target_reached,pmeal-hpc,2026-09-02T13:06:50,
tortuosity,cpu,assembled-hostcg,16,n600_b050_p040,600,0.5,0.4,0.393651,85028549,iters,1,0.005300625723,2.911720482,0.9981795554,6.378977292,0,3,,pmeal-hpc,2026-09-02T13:09:04,
tortuosity,cpu,assembled-hostcg,16,n600_b050_p040,600,0.5,0.4,0.393651,85028549,iters,2,0.006406629047,2.911720482,0.9977997101,6.724330453,0,3,,pmeal-hpc,2026-09-02T13:09:04,
tortuosity,cpu,assembled-hostcg,16,n600_b050_p040,600,0.5,0.4,0.393651,85028549,iters,3,0.008966963084,2.911720482,0.9969203901,7.07517024,0,3,,pmeal-hpc,2026-09-02T13:09:04,
tortuosity,cpu,assembled-hostcg,16,n600_b050_p040,600,0.5,0.4,0.393651,85028549,iters,6,0.05580979544,2.911720482,0.9808327084,8.114383379,0,3,,pmeal-hpc,2026-09-02T13:09:04,
tortuosity,cpu,assembled-hostcg,16,n600_b050_p040,600,0.5,0.4,0.393651,85028549,iters,10,0.08429103522,2.911720482,0.971051124,9.513766312,0,3,,pmeal-hpc,2026-09-02T13:09:04,
tortuosity,cpu,assembled-hostcg,16,n600_b050_p040,600,0.5,0.4,0.393651,85028549,iters,18,-1.156692068,2.911720482,1.397253814,12.31674174,-0,3,,pmeal-hpc,2026-09-02T13:09:04,
tortuosity,cpu,assembled-hostcg,16,n600_b050_p040,600,0.5,0.4,0.393651,85028549,iters,33,2.538706101,2.911720482,0.1281078949,17.55192822,0,3,,pmeal-hpc,2026-09-02T13:09:04,
tortuosity,cpu,assembled-hostcg,16,n600_b050_p040,600,0.5,0.4,0.393651,85028549,iters,59,2.902641112,2.911720482,0.003118214687,26.61834412,0,3,,pmeal-hpc,2026-09-02T13:09:04,
tortuosity,cpu,assembled-hostcg,16,n600_b050_p040,600,0.5,0.4,0.393651,85028549,iters,106,2.91067424,2.911720482,0.0003593209316,43.04811762,0,3,target_reached,pmeal-hpc,2026-09-02T13:09:04,
tortuosity,cpu,assembled-hostcg,16,n600_b050_p060,600,0.5,0.6,0.603327,130318526,iters,1,0.006313754988,1.644772466,0.9961613201,8.747671002,0,3,,pmeal-hpc,2026-09-02T13:11:07,
tortuosity,cpu,assembled-hostcg,16,n600_b050_p060,600,0.5,0.6,0.603327,130318526,iters,2,0.007737891525,1.644772466,0.9952954638,9.271647682,0,3,,pmeal-hpc,2026-09-02T13:11:07,
tortuosity,cpu,assembled-hostcg,16,n600_b050_p060,600,0.5,0.6,0.603327,130318526,iters,3,0.01010925716,1.644772466,0.9938537048,9.787488696,0,3,,pmeal-hpc,2026-09-02T13:11:07,
tortuosity,cpu,assembled-hostcg,16,n600_b050_p060,600,0.5,0.6,0.603327,130318526,iters,6,0.05484325288,1.644772466,0.9666560245,11.3640764,0,3,,pmeal-hpc,2026-09-02T13:11:07,
tortuosity,cpu,assembled-hostcg,16,n600_b050_p060,600,0.5,0.6,0.603327,130318526,iters,10,0.07782359896,1.644772466,0.9526842767,13.45248171,0,3,,pmeal-hpc,2026-09-02T13:11:07,
tortuosity,cpu,assembled-hostcg,16,n600_b050_p060,600,0.5,0.6,0.603327,130318526,iters,18,-0.4892354688,1.644772466,1.297448722,17.61899707,-0,3,,pmeal-hpc,2026-09-02T13:11:07,
tortuosity,cpu,assembled-hostcg,16,n600_b050_p060,600,0.5,0.6,0.603327,130318526,iters,33,1.406182442,1.644772466,0.1450595929,25.45484086,0,3,,pmeal-hpc,2026-09-02T13:11:07,
tortuosity,cpu,assembled-hostcg,16,n600_b050_p060,600,0.5,0.6,0.603327,130318526,iters,59,1.6452042,1.644772466,0.0002624883193,38.97925904,0,3,target_reached,pmeal-hpc,2026-09-02T13:11:07,
tortuosity,cpu,assembled-hostcg,16,n600_b050_p080,600,0.5,0.8,0.801395,173101417,iters,1,0.007027954365,1.207519104,0.99417984,11.1811728,0,3,,pmeal-hpc,2026-09-02T13:13:48,
tortuosity,cpu,assembled-hostcg,16,n600_b050_p080,600,0.5,0.8,0.801395,173101417,iters,2,0.008628894741,1.207519104,0.9928540305,11.86906667,0,3,,pmeal-hpc,2026-09-02T13:13:48,
tortuosity,cpu,assembled-hostcg,16,n600_b050_p080,600,0.5,0.8,0.801395,173101417,iters,3,0.01148103389,1.207519104,0.9904920478,12.55454786,0,3,,pmeal-hpc,2026-09-02T13:13:48,
tortuosity,cpu,assembled-hostcg,16,n600_b050_p080,600,0.5,0.8,0.801395,173101417,iters,6,0.06078503555,1.207519104,0.9496612225,14.63489075,0,3,,pmeal-hpc,2026-09-02T13:13:48,
tortuosity,cpu,assembled-hostcg,16,n600_b050_p080,600,0.5,0.8,0.801395,173101417,iters,10,0.08454988704,1.207519104,0.9299804974,17.39154183,0,3,,pmeal-hpc,2026-09-02T13:13:48,
tortuosity,cpu,assembled-hostcg,16,n600_b050_p080,600,0.5,0.8,0.801395,173101417,iters,18,-0.6677847665,1.207519104,1.553022113,22.90994191,-0,3,,pmeal-hpc,2026-09-02T13:13:48,
tortuosity,cpu,assembled-hostcg,16,n600_b050_p080,600,0.5,0.8,0.801395,173101417,iters,33,1.07574911,1.207519104,0.1091245622,33.23160036,0,3,,pmeal-hpc,2026-09-02T13:13:48,
tortuosity,cpu,assembled-hostcg,16,n600_b050_p080,600,0.5,0.8,0.801395,173101417,iters,59,1.207885751,1.207519104,0.0003036367168,51.20592139,0,3,target_reached,pmeal-hpc,2026-09-02T13:13:48,
tortuosity,cpu,assembled-hostcg,16,n600_b050_p095,600,0.5,0.95,0.949611,205116041,iters,1,0.007198809428,1.036289257,0.9930532818,13.15926383,NaN,1,,pmeal-hpc,2026-09-02T13:14:53,
tortuosity,cpu,assembled-hostcg,16,n600_b050_p095,600,0.5,0.95,0.949611,205116041,iters,2,0.008839962004,1.036289257,0.9914695999,13.98220889,NaN,1,,pmeal-hpc,2026-09-02T13:14:53,
tortuosity,cpu,assembled-hostcg,16,n600_b050_p095,600,0.5,0.95,0.949611,205116041,iters,3,0.01189218262,1.036289257,0.9885242633,14.7913877,NaN,1,,pmeal-hpc,2026-09-02T13:14:53,
tortuosity,cpu,assembled-hostcg,16,n600_b050_p095,600,0.5,0.95,0.949611,205116041,iters,6,0.06231061153,1.036289257,0.9398714103,17.24419659,NaN,1,,pmeal-hpc,2026-09-02T13:14:53,
tortuosity,cpu,assembled-hostcg,16,n600_b050_p095,600,0.5,0.95,0.949611,205116041,iters,10,0.08574061797,1.036289257,0.9172618867,20.52138787,NaN,1,,pmeal-hpc,2026-09-02T13:14:53,
tortuosity,cpu,assembled-hostcg,16,n600_b050_p095,600,0.5,0.95,0.949611,205116041,iters,18,-0.7728764658,1.036289257,1.74581152,27.05059638,NaN,1,,pmeal-hpc,2026-09-02T13:14:53,
tortuosity,cpu,assembled-hostcg,16,n600_b050_p095,600,0.5,0.95,0.949611,205116041,iters,33,0.9323330857,1.036289257,0.1003157859,39.30783809,NaN,1,,pmeal-hpc,2026-09-02T13:14:53,
tortuosity,cpu,assembled-hostcg,16,n600_b050_p095,600,0.5,0.95,0.949611,205116041,iters,59,1.036350204,1.036289257,5.881299611e-05,60.58643148,NaN,1,target_reached,pmeal-hpc,2026-09-02T13:14:53,
tortuosity,cpu,assembled-hostcg,16,n600_b100_p020,600,1,0.2,0.186121,40202032,iters,1,0.005483333852,12.53312864,0.9995624928,3.845687964,0,3,,pmeal-hpc,2026-09-02T13:16:40,
tortuosity,cpu,assembled-hostcg,16,n600_b100_p020,600,1,0.2,0.186121,40202032,iters,2,0.0065828593,12.53312864,0.9994747633,4.008098083,0,3,,pmeal-hpc,2026-09-02T13:16:40,
tortuosity,cpu,assembled-hostcg,16,n600_b100_p020,600,1,0.2,0.186121,40202032,iters,3,0.008369255237,12.53312864,0.9993322294,4.171376428,0,3,,pmeal-hpc,2026-09-02T13:16:40,
tortuosity,cpu,assembled-hostcg,16,n600_b100_p020,600,1,0.2,0.186121,40202032,iters,6,0.05370255404,12.53312864,0.9957151518,4.660612759,0,3,,pmeal-hpc,2026-09-02T13:16:40,
tortuosity,cpu,assembled-hostcg,16,n600_b100_p020,600,1,0.2,0.186121,40202032,iters,10,0.0868979698,12.53312864,0.9930665381,5.304010203,0,3,,pmeal-hpc,2026-09-02T13:16:40,
tortuosity,cpu,assembled-hostcg,16,n600_b100_p020,600,1,0.2,0.186121,40202032,iters,18,-1.264770413,12.53312864,1.100914181,6.599338439,-0,3,,pmeal-hpc,2026-09-02T13:16:40,
tortuosity,cpu,assembled-hostcg,16,n600_b100_p020,600,1,0.2,0.186121,40202032,iters,33,6.149191105,12.53312864,0.5093650371,9.020598223,0,3,,pmeal-hpc,2026-09-02T13:16:40,
tortuosity,cpu,assembled-hostcg,16,n600_b100_p020,600,1,0.2,0.186121,40202032,iters,59,11.9191548,12.53312864,0.04898807474,13.20980441,0,3,,pmeal-hpc,2026-09-02T13:16:40,
tortuosity,cpu,assembled-hostcg,16,n600_b100_p020,600,1,0.2,0.186121,40202032,iters,106,12.49867658,12.53312864,0.002748879152,20.78725712,0,3,,pmeal-hpc,2026-09-02T13:16:40,
tortuosity,cpu,assembled-hostcg,16,n600_b100_p020,600,1,0.2,0.186121,40202032,iters,189,12.53269233,12.53312864,3.481242758e-05,34.21027113,0,3,target_reached,pmeal-hpc,2026-09-02T13:16:40,
tortuosity,cpu,assembled-hostcg,16,n600_b100_p040,600,1,0.4,0.400067,86414504,iters,1,0.006410825174,2.584229768,0.9975192511,6.019612826,0,3,,pmeal-hpc,2026-09-02T13:18:04,
tortuosity,cpu,assembled-hostcg,16,n600_b100_p040,600,1,0.4,0.400067,86414504,iters,2,0.007763253781,2.584229768,0.9969959119,6.37834628,0,3,,pmeal-hpc,2026-09-02T13:18:04,
tortuosity,cpu,assembled-hostcg,16,n600_b100_p040,600,1,0.4,0.400067,86414504,iters,3,0.009536208538,2.584229768,0.9963098449,6.720423385,0,3,,pmeal-hpc,2026-09-02T13:18:04,
tortuosity,cpu,assembled-hostcg,16,n600_b100_p040,600,1,0.4,0.400067,86414504,iters,6,0.05333979808,2.584229768,0.9793594986,7.757631097,0,3,,pmeal-hpc,2026-09-02T13:18:04,
tortuosity,cpu,assembled-hostcg,16,n600_b100_p040,600,1,0.4,0.400067,86414504,iters,10,0.08013378465,2.584229768,0.9689912307,9.148719689,0,3,,pmeal-hpc,2026-09-02T13:18:04,
tortuosity,cpu,assembled-hostcg,16,n600_b100_p040,600,1,0.4,0.400067,86414504,iters,18,-0.5079062692,2.584229768,1.196540677,11.93313189,-0,3,,pmeal-hpc,2026-09-02T13:18:04,
tortuosity,cpu,assembled-hostcg,16,n600_b100_p040,600,1,0.4,0.400067,86414504,iters,33,2.249261209,2.584229768,0.1296202695,17.14517569,0,3,,pmeal-hpc,2026-09-02T13:18:04,
tortuosity,cpu,assembled-hostcg,16,n600_b100_p040,600,1,0.4,0.400067,86414504,iters,59,2.585106586,2.584229768,0.0003392955495,26.1951874,0,3,target_reached,pmeal-hpc,2026-09-02T13:18:04,
tortuosity,cpu,assembled-hostcg,16,n600_b100_p060,600,1,0.6,0.601152,129848851,iters,1,0.006984537056,1.574643825,0.9955643702,8.48253498,0,3,,pmeal-hpc,2026-09-02T13:20:07,
tortuosity,cpu,assembled-hostcg,16,n600_b100_p060,600,1,0.6,0.601152,129848851,iters,2,0.008494412401,1.574643825,0.9946055024,8.999355019,0,3,,pmeal-hpc,2026-09-02T13:20:07,
tortuosity,cpu,assembled-hostcg,16,n600_b100_p060,600,1,0.6,0.601152,129848851,iters,3,0.0105798303,1.574643825,0.993281128,9.530350873,0,3,,pmeal-hpc,2026-09-02T13:20:07,
tortuosity,cpu,assembled-hostcg,16,n600_b100_p060,600,1,0.6,0.601152,129848851,iters,6,0.05834592791,1.574643825,0.962946587,11.0803841,0,3,,pmeal-hpc,2026-09-02T13:20:07,
tortuosity,cpu,assembled-hostcg,16,n600_b100_p060,600,1,0.6,0.601152,129848851,iters,10,0.0844817781,1.574643825,0.9463486429,13.18478443,0,3,,pmeal-hpc,2026-09-02T13:20:07,
tortuosity,cpu,assembled-hostcg,16,n600_b100_p060,600,1,0.6,0.601152,129848851,iters,18,-0.5956450249,1.574643825,1.378272861,17.34998787,-0,3,,pmeal-hpc,2026-09-02T13:20:07,
tortuosity,cpu,assembled-hostcg,16,n600_b100_p060,600,1,0.6,0.601152,129848851,iters,33,1.417896879,1.574643825,0.09954438169,25.17893596,0,3,,pmeal-hpc,2026-09-02T13:20:07,
tortuosity,cpu,assembled-hostcg,16,n600_b100_p060,600,1,0.6,0.601152,129848851,iters,59,1.575519039,1.574643825,0.0005558170712,38.70305964,0,3,target_reached,pmeal-hpc,2026-09-02T13:20:07,
tortuosity,cpu,assembled-hostcg,16,n600_b100_p080,600,1,0.8,0.800675,172945908,iters,1,0.007427999959,1.194292393,0.9937804176,11.05233756,0,3,,pmeal-hpc,2026-09-02T13:22:48,
tortuosity,cpu,assembled-hostcg,16,n600_b100_p080,600,1,0.8,0.800675,172945908,iters,2,0.009057187185,1.194292393,0.9924162732,11.73504312,0,3,,pmeal-hpc,2026-09-02T13:22:48,
tortuosity,cpu,assembled-hostcg,16,n600_b100_p080,600,1,0.8,0.800675,172945908,iters,3,0.0113557973,1.194292393,0.9904916105,12.43144243,0,3,,pmeal-hpc,2026-09-02T13:22:48,
tortuosity,cpu,assembled-hostcg,16,n600_b100_p080,600,1,0.8,0.800675,172945908,iters,6,0.06175998041,1.194292393,0.9482873869,14.5219808,0,3,,pmeal-hpc,2026-09-02T13:22:48,
tortuosity,cpu,assembled-hostcg,16,n600_b100_p080,600,1,0.8,0.800675,172945908,iters,10,0.08787919043,1.194292393,0.9264173573,17.28265867,0,3,,pmeal-hpc,2026-09-02T13:22:48,
tortuosity,cpu,assembled-hostcg,16,n600_b100_p080,600,1,0.8,0.800675,172945908,iters,18,-0.7007483883,1.194292393,1.586747762,22.79250535,-0,3,,pmeal-hpc,2026-09-02T13:22:48,
tortuosity,cpu,assembled-hostcg,16,n600_b100_p080,600,1,0.8,0.800675,172945908,iters,33,1.081114399,1.194292393,0.09476573313,33.15464237,0,3,,pmeal-hpc,2026-09-02T13:22:48,
tortuosity,cpu,assembled-hostcg,16,n600_b100_p080,600,1,0.8,0.800675,172945908,iters,59,1.194681132,1.194292393,0.000325497462,51.11368243,0,3,target_reached,pmeal-hpc,2026-09-02T13:22:48,
tortuosity,cpu,assembled-hostcg,16,n600_b100_p095,600,1,0.95,0.950634,205336897,iters,1,0.00730067954,1.038559849,0.9929703815,12.97400239,NaN,1,,pmeal-hpc,2026-09-02T13:23:52,
tortuosity,cpu,assembled-hostcg,16,n600_b100_p095,600,1,0.95,0.950634,205336897,iters,2,0.008939229602,1.038559849,0.9913926678,13.79577075,NaN,1,,pmeal-hpc,2026-09-02T13:23:52,
tortuosity,cpu,assembled-hostcg,16,n600_b100_p095,600,1,0.95,0.950634,205336897,iters,3,0.01160349178,1.038559849,0.9888273249,14.6305337,NaN,1,,pmeal-hpc,2026-09-02T13:23:52,
tortuosity,cpu,assembled-hostcg,16,n600_b100_p095,600,1,0.95,0.950634,205336897,iters,6,0.06205797954,1.038559849,0.940246121,17.11563068,NaN,1,,pmeal-hpc,2026-09-02T13:23:52,
tortuosity,cpu,assembled-hostcg,16,n600_b100_p095,600,1,0.95,0.950634,205336897,iters,10,0.08623877125,1.038559849,0.9169631184,20.39557556,NaN,1,,pmeal-hpc,2026-09-02T13:23:52,
tortuosity,cpu,assembled-hostcg,16,n600_b100_p095,600,1,0.95,0.950634,205336897,iters,18,-0.7592436744,1.038559849,1.73105433,26.96525849,NaN,1,,pmeal-hpc,2026-09-02T13:23:52,
tortuosity,cpu,assembled-hostcg,16,n600_b100_p095,600,1,0.95,0.950634,205336897,iters,33,0.9363108516,1.038559849,0.09845267701,39.24030807,NaN,1,,pmeal-hpc,2026-09-02T13:23:52,
tortuosity,cpu,assembled-hostcg,16,n600_b100_p095,600,1,0.95,0.950634,205336897,iters,59,1.038767062,1.038559849,0.0001995200187,60.51300767,NaN,1,target_reached,pmeal-hpc,2026-09-02T13:23:52,
tortuosity,cpu,assembled-hostcg,16,n600_b200_p020,600,2,0.2,0.19095,41245095,iters,1,0.006070404377,11.15581331,0.9994558528,3.978380824,0,3,,pmeal-hpc,2026-09-02T13:25:43,
tortuosity,cpu,assembled-hostcg,16,n600_b200_p020,600,2,0.2,0.19095,41245095,iters,2,0.007260185027,11.15581331,0.9993492016,4.141844035,0,3,,pmeal-hpc,2026-09-02T13:25:43,
tortuosity,cpu,assembled-hostcg,16,n600_b200_p020,600,2,0.2,0.19095,41245095,iters,3,0.009113441118,11.15581331,0.9991830769,4.303744889,0,3,,pmeal-hpc,2026-09-02T13:25:43,
tortuosity,cpu,assembled-hostcg,16,n600_b200_p020,600,2,0.2,0.19095,41245095,iters,6,0.04919460916,11.15581331,0.9955902266,4.795648273,0,3,,pmeal-hpc,2026-09-02T13:25:43,
tortuosity,cpu,assembled-hostcg,16,n600_b200_p020,600,2,0.2,0.19095,41245095,iters,10,0.08606898128,11.15581331,0.9922848313,5.469460518,0,3,,pmeal-hpc,2026-09-02T13:25:43,
tortuosity,cpu,assembled-hostcg,16,n600_b200_p020,600,2,0.2,0.19095,41245095,iters,18,-0.7135262672,11.15581331,1.06396004,6.804648721,-0,3,,pmeal-hpc,2026-09-02T13:25:43,
tortuosity,cpu,assembled-hostcg,16,n600_b200_p020,600,2,0.2,0.19095,41245095,iters,33,9.101918865,11.15581331,0.1841097899,9.293404958,0,3,,pmeal-hpc,2026-09-02T13:25:43,
tortuosity,cpu,assembled-hostcg,16,n600_b200_p020,600,2,0.2,0.19095,41245095,iters,59,11.36551766,11.15581331,0.01879776407,13.62296276,0,3,,pmeal-hpc,2026-09-02T13:25:43,
tortuosity,cpu,assembled-hostcg,16,n600_b200_p020,600,2,0.2,0.19095,41245095,iters,106,11.07715722,11.15581331,0.007050681704,21.42967522,0,3,,pmeal-hpc,2026-09-02T13:25:43,
tortuosity,cpu,assembled-hostcg,16,n600_b200_p020,600,2,0.2,0.19095,41245095,iters,189,11.16147396,11.15581331,0.0005074167485,35.26401742,0,3,target_reached,pmeal-hpc,2026-09-02T13:25:43,
tortuosity,cpu,assembled-hostcg,16,n600_b200_p040,600,2,0.4,0.398822,86145631,iters,1,0.006713872909,2.58840573,0.9974061745,6.015458203,0,3,,pmeal-hpc,2026-09-02T13:27:55,
tortuosity,cpu,assembled-hostcg,16,n600_b200_p040,600,2,0.4,0.398822,86145631,iters,2,0.008048723456,2.58840573,0.9968904707,6.374456028,0,3,,pmeal-hpc,2026-09-02T13:27:55,
tortuosity,cpu,assembled-hostcg,16,n600_b200_p040,600,2,0.4,0.398822,86145631,iters,3,0.009961441339,2.58840573,0.9961515147,6.713696292,0,3,,pmeal-hpc,2026-09-02T13:27:55,
tortuosity,cpu,assembled-hostcg,16,n600_b200_p040,600,2,0.4,0.398822,86145631,iters,6,0.05301312562,2.58840573,0.9795190047,7.752850133,0,3,,pmeal-hpc,2026-09-02T13:27:55,
tortuosity,cpu,assembled-hostcg,16,n600_b200_p040,600,2,0.4,0.398822,86145631,iters,10,0.08670445552,2.58840573,0.9665027571,9.163429432,0,3,,pmeal-hpc,2026-09-02T13:27:55,
tortuosity,cpu,assembled-hostcg,16,n600_b200_p040,600,2,0.4,0.398822,86145631,iters,18,-0.6645204127,2.58840573,1.256729617,11.929231,-0,3,,pmeal-hpc,2026-09-02T13:27:55,
tortuosity,cpu,assembled-hostcg,16,n600_b200_p040,600,2,0.4,0.398822,86145631,iters,33,2.609860318,2.58840573,0.008288727001,17.12604436,0,3,,pmeal-hpc,2026-09-02T13:27:55,
tortuosity,cpu,assembled-hostcg,16,n600_b200_p040,600,2,0.4,0.398822,86145631,iters,59,2.592594787,2.58840573,0.001618392581,26.18855088,0,3,,pmeal-hpc,2026-09-02T13:27:55,
tortuosity,cpu,assembled-hostcg,16,n600_b200_p040,600,2,0.4,0.398822,86145631,iters,106,2.588502821,2.58840573,3.751001432e-05,42.48221503,0,3,target_reached,pmeal-hpc,2026-09-02T13:27:55,
tortuosity,cpu,assembled-hostcg,16,n600_b200_p060,600,2,0.6,0.600028,129606057,iters,1,0.007376611415,1.576153581,0.9953198651,8.471913852,0,3,,pmeal-hpc,2026-09-02T13:29:58,
tortuosity,cpu,assembled-hostcg,16,n600_b200_p060,600,2,0.6,0.600028,129606057,iters,2,0.00888206133,1.576153581,0.9943647234,8.990696775,0,3,,pmeal-hpc,2026-09-02T13:29:58,
tortuosity,cpu,assembled-hostcg,16,n600_b200_p060,600,2,0.6,0.600028,129606057,iters,3,0.01087743464,1.576153581,0.993098747,9.502595984,0,3,,pmeal-hpc,2026-09-02T13:29:58,
tortuosity,cpu,assembled-hostcg,16,n600_b200_p060,600,2,0.6,0.600028,129606057,iters,6,0.05828251255,1.576153581,0.9630223138,11.07011559,0,3,,pmeal-hpc,2026-09-02T13:29:58,
tortuosity,cpu,assembled-hostcg,16,n600_b200_p060,600,2,0.6,0.600028,129606057,iters,10,0.08999035736,1.576153581,0.9429050833,13.14867232,0,3,,pmeal-hpc,2026-09-02T13:29:58,
tortuosity,cpu,assembled-hostcg,16,n600_b200_p060,600,2,0.6,0.600028,129606057,iters,18,-0.7359810064,1.576153581,1.46694752,17.32441158,-0,3,,pmeal-hpc,2026-09-02T13:29:58,
tortuosity,cpu,assembled-hostcg,16,n600_b200_p060,600,2,0.6,0.600028,129606057,iters,33,1.555487844,1.576153581,0.01311149969,25.12313762,0,3,,pmeal-hpc,2026-09-02T13:29:58,
tortuosity,cpu,assembled-hostcg,16,n600_b200_p060,600,2,0.6,0.600028,129606057,iters,59,1.577232538,1.576153581,0.0006845509324,38.62287461,0,3,target_reached,pmeal-hpc,2026-09-02T13:29:58,
tortuosity,cpu,assembled-hostcg,16,n600_b200_p080,600,2,0.8,0.801043,173025334,iters,1,0.0076928088,1.194359614,0.9935590515,10.95855825,0,3,,pmeal-hpc,2026-09-02T13:32:39,
tortuosity,cpu,assembled-hostcg,16,n600_b200_p080,600,2,0.8,0.801043,173025334,iters,2,0.009305061696,1.194359614,0.9922091625,11.64420327,0,3,,pmeal-hpc,2026-09-02T13:32:39,
tortuosity,cpu,assembled-hostcg,16,n600_b200_p080,600,2,0.8,0.801043,173025334,iters,3,0.01139380035,1.194359614,0.9904603268,12.34090008,0,3,,pmeal-hpc,2026-09-02T13:32:39,
tortuosity,cpu,assembled-hostcg,16,n600_b200_p080,600,2,0.8,0.801043,173025334,iters,6,0.06144193028,1.194359614,0.9485565909,14.41572764,0,3,,pmeal-hpc,2026-09-02T13:32:39,
tortuosity,cpu,assembled-hostcg,16,n600_b200_p080,600,2,0.8,0.801043,173025334,iters,10,0.09063119999,1.194359614,0.924117327,17.18391287,0,3,,pmeal-hpc,2026-09-02T13:32:39,
tortuosity,cpu,assembled-hostcg,16,n600_b200_p080,600,2,0.8,0.801043,173025334,iters,18,-0.7961420846,1.194359614,1.666584901,22.73706207,-0,3,,pmeal-hpc,2026-09-02T13:32:39,
tortuosity,cpu,assembled-hostcg,16,n600_b200_p080,600,2,0.8,0.801043,173025334,iters,33,1.134992028,1.194359614,0.04970662557,33.05785413,0,3,,pmeal-hpc,2026-09-02T13:32:39,
tortuosity,cpu,assembled-hostcg,16,n600_b200_p080,600,2,0.8,0.801043,173025334,iters,59,1.194790789,1.194359614,0.000361009364,51.00854697,0,3,target_reached,pmeal-hpc,2026-09-02T13:32:39,
tortuosity,cpu,assembled-hostcg,16,n600_b200_p095,600,2,0.95,0.950849,205383281,iters,1,0.007504874852,1.037615234,0.992767189,12.99690117,NaN,1,,pmeal-hpc,2026-09-02T13:33:43,
tortuosity,cpu,assembled-hostcg,16,n600_b200_p095,600,2,0.95,0.950849,205383281,iters,2,0.009135582561,1.037615234,0.9911955971,13.83103917,NaN,1,,pmeal-hpc,2026-09-02T13:33:43,
tortuosity,cpu,assembled-hostcg,16,n600_b200_p095,600,2,0.95,0.950849,205383281,iters,3,0.01139556549,1.037615234,0.9890175422,14.66194765,NaN,1,,pmeal-hpc,2026-09-02T13:33:43,
tortuosity,cpu,assembled-hostcg,16,n600_b200_p095,600,2,0.95,0.950849,205383281,iters,6,0.06191340641,1.037615234,0.9403310549,17.12357082,NaN,1,,pmeal-hpc,2026-09-02T13:33:43,
tortuosity,cpu,assembled-hostcg,16,n600_b200_p095,600,2,0.95,0.950849,205383281,iters,10,0.08784000022,1.037615234,0.9153443422,20.38513679,NaN,1,,pmeal-hpc,2026-09-02T13:33:43,
tortuosity,cpu,assembled-hostcg,16,n600_b200_p095,600,2,0.95,0.950849,205383281,iters,18,-0.8053651559,1.037615234,1.776169364,26.9313572,NaN,1,,pmeal-hpc,2026-09-02T13:33:43,
tortuosity,cpu,assembled-hostcg,16,n600_b200_p095,600,2,0.95,0.950849,205383281,iters,33,0.9592669455,1.037615234,0.0755080361,39.18965215,NaN,1,,pmeal-hpc,2026-09-02T13:33:43,
tortuosity,cpu,assembled-hostcg,16,n600_b200_p095,600,2,0.95,0.950849,205383281,iters,59,1.037752578,1.037615234,0.0001323654463,60.43070969,NaN,1,target_reached,pmeal-hpc,2026-09-02T13:33:43,
tortuosity,cpu,assembled-hostcg,16,n800_b050_p020,800,0.5,0.2,0.174096,89137139,iters,1,0.003305427014,10.10700996,0.999672957,8.258991472,NaN,1,,pmeal-hpc,2026-09-02T13:35:05,
tortuosity,cpu,assembled-hostcg,16,n800_b050_p020,800,0.5,0.2,0.174096,89137139,iters,2,0.004051073405,10.10700996,0.9995991818,8.618360224,NaN,1,,pmeal-hpc,2026-09-02T13:35:05,
tortuosity,cpu,assembled-hostcg,16,n800_b050_p020,800,0.5,0.2,0.174096,89137139,iters,3,0.005165647454,10.10700996,0.9994889045,8.968246064,NaN,1,,pmeal-hpc,2026-09-02T13:35:05,
tortuosity,cpu,assembled-hostcg,16,n800_b050_p020,800,0.5,0.2,0.174096,89137139,iters,6,0.02931798538,10.10700996,0.9970992425,10.04857102,NaN,1,,pmeal-hpc,2026-09-02T13:35:05,
tortuosity,cpu,assembled-hostcg,16,n800_b050_p020,800,0.5,0.2,0.174096,89137139,iters,10,0.04324058796,10.10700996,0.995721723,11.46405164,NaN,1,,pmeal-hpc,2026-09-02T13:35:05,
tortuosity,cpu,assembled-hostcg,16,n800_b050_p020,800,0.5,0.2,0.174096,89137139,iters,18,-0.2230653663,10.10700996,1.022070362,14.3082718,NaN,1,,pmeal-hpc,2026-09-02T13:35:05,
tortuosity,cpu,assembled-hostcg,16,n800_b050_p020,800,0.5,0.2,0.174096,89137139,iters,33,3.133431295,10.10700996,0.6899744527,19.66501869,NaN,1,,pmeal-hpc,2026-09-02T13:35:05,
tortuosity,cpu,assembled-hostcg,16,n800_b050_p020,800,0.5,0.2,0.174096,89137139,iters,59,8.779234347,10.10700996,0.1313717527,28.96090504,NaN,1,,pmeal-hpc,2026-09-02T13:35:05,
tortuosity,cpu,assembled-hostcg,16,n800_b050_p020,800,0.5,0.2,0.174096,89137139,iters,106,9.925523592,10.10700996,0.0179564845,45.73459103,NaN,1,,pmeal-hpc,2026-09-02T13:35:05,
tortuosity,cpu,assembled-hostcg,16,n800_b050_p020,800,0.5,0.2,0.174096,89137139,iters,189,10.10521347,10.10700996,0.0001777471567,75.28376317,NaN,1,target_reached,pmeal-hpc,2026-09-02T13:35:05,
tortuosity,cpu,assembled-hostcg,16,n800_b050_p040,800,0.5,0.4,0.384479,196853200,iters,1,0.00439857832,2.713834504,0.9983792017,14.52966446,NaN,1,,pmeal-hpc,2026-09-02T13:36:48,
tortuosity,cpu,assembled-hostcg,16,n800_b050_p040,800,0.5,0.4,0.384479,196853200,iters,2,0.005392025546,2.713834504,0.998013134,15.32328446,NaN,1,,pmeal-hpc,2026-09-02T13:36:48,
tortuosity,cpu,assembled-hostcg,16,n800_b050_p040,800,0.5,0.4,0.384479,196853200,iters,3,0.006905523648,2.713834504,0.9974554367,16.09735151,NaN,1,,pmeal-hpc,2026-09-02T13:36:48,
tortuosity,cpu,assembled-hostcg,16,n800_b050_p040,800,0.5,0.4,0.384479,196853200,iters,6,0.03812454724,2.713834504,0.9859517789,18.46269522,NaN,1,,pmeal-hpc,2026-09-02T13:36:48,
tortuosity,cpu,assembled-hostcg,16,n800_b050_p040,800,0.5,0.4,0.384479,196853200,iters,10,0.05514334633,2.713834504,0.9796806525,21.60203376,NaN,1,,pmeal-hpc,2026-09-02T13:36:48,
tortuosity,cpu,assembled-hostcg,16,n800_b050_p040,800,0.5,0.4,0.384479,196853200,iters,18,-0.2961242515,2.713834504,1.109116547,27.93051535,NaN,1,,pmeal-hpc,2026-09-02T13:36:48,
tortuosity,cpu,assembled-hostcg,16,n800_b050_p040,800,0.5,0.4,0.384479,196853200,iters,33,1.818576975,2.713834504,0.3298865599,39.75386544,NaN,1,,pmeal-hpc,2026-09-02T13:36:48,
tortuosity,cpu,assembled-hostcg,16,n800_b050_p040,800,0.5,0.4,0.384479,196853200,iters,59,2.687238873,2.713834504,0.0098000196,60.18798146,NaN,1,,pmeal-hpc,2026-09-02T13:36:48,
tortuosity,cpu,assembled-hostcg,16,n800_b050_p040,800,0.5,0.4,0.384479,196853200,iters,106,2.713543126,2.713834504,0.0001073676788,97.08568313,NaN,1,target_reached,pmeal-hpc,2026-09-02T13:36:48,
tortuosity,cpu,assembled-hostcg,16,n800_b050_p060,800,0.5,0.6,0.59834,306349955,iters,1,0.005151381381,1.573690994,0.9967265611,20.30206473,NaN,1,,pmeal-hpc,2026-09-02T13:39:25,
tortuosity,cpu,assembled-hostcg,16,n800_b050_p060,800,0.5,0.6,0.59834,306349955,iters,2,0.006320213903,1.573690994,0.9959838279,21.54296966,NaN,1,,pmeal-hpc,2026-09-02T13:39:25,
tortuosity,cpu,assembled-hostcg,16,n800_b050_p060,800,0.5,0.6,0.59834,306349955,iters,3,0.008207348081,1.573690994,0.9947846508,22.78292328,NaN,1,,pmeal-hpc,2026-09-02T13:39:25,
tortuosity,cpu,assembled-hostcg,16,n800_b050_p060,800,0.5,0.6,0.59834,306349955,iters,6,0.04437154123,1.573690994,0.9718041589,26.5303263,NaN,1,,pmeal-hpc,2026-09-02T13:39:25,
tortuosity,cpu,assembled-hostcg,16,n800_b050_p060,800,0.5,0.6,0.59834,306349955,iters,10,0.0628842748,1.573690994,0.9600402652,31.47394855,NaN,1,,pmeal-hpc,2026-09-02T13:39:25,
tortuosity,cpu,assembled-hostcg,16,n800_b050_p060,800,0.5,0.6,0.59834,306349955,iters,18,-0.3745649044,1.573690994,1.238016806,41.40688698,NaN,1,,pmeal-hpc,2026-09-02T13:39:25,
tortuosity,cpu,assembled-hostcg,16,n800_b050_p060,800,0.5,0.6,0.59834,306349955,iters,33,1.270376539,1.573690994,0.1927407961,59.92170175,NaN,1,,pmeal-hpc,2026-09-02T13:39:25,
tortuosity,cpu,assembled-hostcg,16,n800_b050_p060,800,0.5,0.6,0.59834,306349955,iters,59,1.571777798,1.573690994,0.001215738344,91.65701082,NaN,1,,pmeal-hpc,2026-09-02T13:39:25,
tortuosity,cpu,assembled-hostcg,16,n800_b050_p060,800,0.5,0.6,0.59834,306349955,iters,106,1.573967115,1.573690994,0.0001754609911,149.2215847,NaN,1,target_reached,pmeal-hpc,2026-09-02T13:39:25,
tortuosity,cpu,assembled-hostcg,16,n800_b050_p080,800,0.5,0.8,0.807732,413558797,iters,1,0.005527181222,1.158681783,0.9952297677,29.47069089,NaN,1,,pmeal-hpc,2026-09-02T13:41:50,
tortuosity,cpu,assembled-hostcg,16,n800_b050_p080,800,0.5,0.8,0.807732,413558797,iters,2,0.006784556916,1.158681783,0.99414459,31.31570906,NaN,1,,pmeal-hpc,2026-09-02T13:41:50,
tortuosity,cpu,assembled-hostcg,16,n800_b050_p080,800,0.5,0.8,0.807732,413558797,iters,3,0.008949490055,1.158681783,0.992276145,33.16947908,NaN,1,,pmeal-hpc,2026-09-02T13:41:50,
tortuosity,cpu,assembled-hostcg,16,n800_b050_p080,800,0.5,0.8,0.807732,413558797,iters,6,0.04762886236,1.158681783,0.9588939232,38.75125316,NaN,1,,pmeal-hpc,2026-09-02T13:41:50,
tortuosity,cpu,assembled-hostcg,16,n800_b050_p080,800,0.5,0.8,0.807732,413558797,iters,10,0.06616016876,1.158681783,0.9429004842,46.14316543,NaN,1,,pmeal-hpc,2026-09-02T13:41:50,
tortuosity,cpu,assembled-hostcg,16,n800_b050_p080,800,0.5,0.8,0.807732,413558797,iters,18,-0.4479335002,1.158681783,1.386588886,61.01889306,NaN,1,,pmeal-hpc,2026-09-02T13:41:50,
tortuosity,cpu,assembled-hostcg,16,n800_b050_p080,800,0.5,0.8,0.807732,413558797,iters,33,0.9856681195,1.158681783,0.1493193955,88.74692636,NaN,1,,pmeal-hpc,2026-09-02T13:41:50,
tortuosity,cpu,assembled-hostcg,16,n800_b050_p080,800,0.5,0.8,0.807732,413558797,iters,59,1.159011838,1.158681783,0.0002848540703,136.9104573,NaN,1,target_reached,pmeal-hpc,2026-09-02T13:41:50,
tortuosity,cpu,assembled-hostcg,16,n800_b050_p095,800,0.5,0.95,0.953798,488344573,iters,1,0.005442742995,1.027543224,0.9947031493,32.3566409,NaN,1,,pmeal-hpc,2026-09-02T13:44:39,
tortuosity,cpu,assembled-hostcg,16,n800_b050_p095,800,0.5,0.95,0.953798,488344573,iters,2,0.006684192433,1.027543224,0.9934949769,34.54570911,NaN,1,,pmeal-hpc,2026-09-02T13:44:39,
tortuosity,cpu,assembled-hostcg,16,n800_b050_p095,800,0.5,0.95,0.953798,488344573,iters,3,0.009009184947,1.027543224,0.9912323056,36.74432017,NaN,1,,pmeal-hpc,2026-09-02T13:44:39,
tortuosity,cpu,assembled-hostcg,16,n800_b050_p095,800,0.5,0.95,0.953798,488344573,iters,6,0.04732755742,1.027543224,0.9539410544,43.27588148,NaN,1,,pmeal-hpc,2026-09-02T13:44:39,
tortuosity,cpu,assembled-hostcg,16,n800_b050_p095,800,0.5,0.95,0.953798,488344573,iters,10,0.06522365518,1.027543224,0.9365246603,52.05747661,NaN,1,,pmeal-hpc,2026-09-02T13:44:39,
tortuosity,cpu,assembled-hostcg,16,n800_b050_p095,800,0.5,0.95,0.953798,488344573,iters,18,-0.4810545657,1.027543224,1.468159932,69.53786586,NaN,1,,pmeal-hpc,2026-09-02T13:44:39,
tortuosity,cpu,assembled-hostcg,16,n800_b050_p095,800,0.5,0.95,0.953798,488344573,iters,33,0.8925151731,1.027543224,0.1314086335,102.3543311,NaN,1,,pmeal-hpc,2026-09-02T13:44:39,
tortuosity,cpu,assembled-hostcg,16,n800_b050_p095,800,0.5,0.95,0.953798,488344573,iters,59,1.027209522,1.027543224,0.0003247572875,159.3017124,NaN,1,target_reached,pmeal-hpc,2026-09-02T13:44:39,
tortuosity,cpu,assembled-hostcg,16,n800_b100_p020,800,1,0.2,0.185425,94937803,iters,1,0.004628686762,12.62304881,0.9996333147,8.697112042,NaN,1,,pmeal-hpc,2026-09-02T13:46:09,
tortuosity,cpu,assembled-hostcg,16,n800_b100_p020,800,1,0.2,0.185425,94937803,iters,2,0.005636519424,12.62304881,0.999553474,9.071726161,NaN,1,,pmeal-hpc,2026-09-02T13:46:09,
tortuosity,cpu,assembled-hostcg,16,n800_b100_p020,800,1,0.2,0.185425,94937803,iters,3,0.00703435562,12.62304881,0.9994427372,9.448668947,NaN,1,,pmeal-hpc,2026-09-02T13:46:09,
tortuosity,cpu,assembled-hostcg,16,n800_b100_p020,800,1,0.2,0.185425,94937803,iters,6,0.04029037711,12.62304881,0.9968081897,10.5902762,NaN,1,,pmeal-hpc,2026-09-02T13:46:09,
tortuosity,cpu,assembled-hostcg,16,n800_b100_p020,800,1,0.2,0.185425,94937803,iters,10,0.06018504931,12.62304881,0.9952321305,12.10726377,NaN,1,,pmeal-hpc,2026-09-02T13:46:09,
tortuosity,cpu,assembled-hostcg,16,n800_b100_p020,800,1,0.2,0.185425,94937803,iters,18,-0.3358728432,12.62304881,1.026607902,15.1379976,NaN,1,,pmeal-hpc,2026-09-02T13:46:09,
tortuosity,cpu,assembled-hostcg,16,n800_b100_p020,800,1,0.2,0.185425,94937803,iters,33,4.035279367,12.62304881,0.6803245058,20.82450734,NaN,1,,pmeal-hpc,2026-09-02T13:46:09,
tortuosity,cpu,assembled-hostcg,16,n800_b100_p020,800,1,0.2,0.185425,94937803,iters,59,10.37328343,12.62304881,0.1782267825,30.69776644,NaN,1,,pmeal-hpc,2026-09-02T13:46:09,
tortuosity,cpu,assembled-hostcg,16,n800_b100_p020,800,1,0.2,0.185425,94937803,iters,106,12.30628124,12.62304881,0.02509437867,48.48796835,NaN,1,,pmeal-hpc,2026-09-02T13:46:09,
tortuosity,cpu,assembled-hostcg,16,n800_b100_p020,800,1,0.2,0.185425,94937803,iters,189,12.61243393,12.62304881,0.0008409128205,79.98150357,NaN,1,target_reached,pmeal-hpc,2026-09-02T13:46:09,
tortuosity,cpu,assembled-hostcg,16,n800_b100_p040,800,1,0.4,0.394666,202068918,iters,1,0.005363613016,2.604118691,0.9979403347,14.50355363,NaN,1,,pmeal-hpc,2026-09-02T13:47:54,
tortuosity,cpu,assembled-hostcg,16,n800_b100_p040,800,1,0.4,0.394666,202068918,iters,2,0.00653449137,2.604118691,0.9974907091,15.30357813,NaN,1,,pmeal-hpc,2026-09-02T13:47:54,
tortuosity,cpu,assembled-hostcg,16,n800_b100_p040,800,1,0.4,0.394666,202068918,iters,3,0.008100861673,2.604118691,0.9968892118,16.12057745,NaN,1,,pmeal-hpc,2026-09-02T13:47:54,
tortuosity,cpu,assembled-hostcg,16,n800_b100_p040,800,1,0.4,0.394666,202068918,iters,6,0.04510547387,2.604118691,0.9826791789,18.53377744,NaN,1,,pmeal-hpc,2026-09-02T13:47:54,
tortuosity,cpu,assembled-hostcg,16,n800_b100_p040,800,1,0.4,0.394666,202068918,iters,10,0.06628257516,2.604118691,0.9745470222,21.76033561,NaN,1,,pmeal-hpc,2026-09-02T13:47:54,
tortuosity,cpu,assembled-hostcg,16,n800_b100_p040,800,1,0.4,0.394666,202068918,iters,18,-0.3784795473,2.604118691,1.145338824,28.23600203,NaN,1,,pmeal-hpc,2026-09-02T13:47:54,
tortuosity,cpu,assembled-hostcg,16,n800_b100_p040,800,1,0.4,0.394666,202068918,iters,33,1.991609784,2.604118691,0.2352077535,40.33284393,NaN,1,,pmeal-hpc,2026-09-02T13:47:54,
tortuosity,cpu,assembled-hostcg,16,n800_b100_p040,800,1,0.4,0.394666,202068918,iters,59,2.597471058,2.604118691,0.002552738118,61.35463643,NaN,1,,pmeal-hpc,2026-09-02T13:47:54,
tortuosity,cpu,assembled-hostcg,16,n800_b100_p040,800,1,0.4,0.394666,202068918,iters,106,2.603726956,2.604118691,0.0001504291417,99.36680652,NaN,1,target_reached,pmeal-hpc,2026-09-02T13:47:54,
tortuosity,cpu,assembled-hostcg,16,n800_b100_p060,800,1,0.6,0.599309,306846383,iters,1,0.005871010049,1.538358863,0.9961835888,21.47267152,NaN,1,,pmeal-hpc,2026-09-02T13:49:43,
tortuosity,cpu,assembled-hostcg,16,n800_b100_p060,800,1,0.6,0.599309,306846383,iters,2,0.007173732345,1.538358863,0.9953367628,22.83087906,NaN,1,,pmeal-hpc,2026-09-02T13:49:43,
tortuosity,cpu,assembled-hostcg,16,n800_b100_p060,800,1,0.6,0.599309,306846383,iters,3,0.008995200268,1.538358863,0.9941527296,24.21128345,NaN,1,,pmeal-hpc,2026-09-02T13:49:43,
tortuosity,cpu,assembled-hostcg,16,n800_b100_p060,800,1,0.6,0.599309,306846383,iters,6,0.04900080628,1.538358863,0.9681473501,28.39355795,NaN,1,,pmeal-hpc,2026-09-02T13:49:43,
tortuosity,cpu,assembled-hostcg,16,n800_b100_p060,800,1,0.6,0.599309,306846383,iters,10,0.07039807276,1.538358863,0.9542381986,33.89760231,NaN,1,,pmeal-hpc,2026-09-02T13:49:43,
tortuosity,cpu,assembled-hostcg,16,n800_b100_p060,800,1,0.6,0.599309,306846383,iters,18,-0.438238827,1.538358863,1.28487425,44.97762288,NaN,1,,pmeal-hpc,2026-09-02T13:49:43,
tortuosity,cpu,assembled-hostcg,16,n800_b100_p060,800,1,0.6,0.599309,306846383,iters,33,1.301968378,1.538358863,0.1536640709,65.6567078,NaN,1,,pmeal-hpc,2026-09-02T13:49:43,
tortuosity,cpu,assembled-hostcg,16,n800_b100_p060,800,1,0.6,0.599309,306846383,iters,59,1.538522762,1.538358863,0.0001065412042,101.4494885,NaN,1,target_reached,pmeal-hpc,2026-09-02T13:49:43,
tortuosity,cpu,assembled-hostcg,16,n800_b100_p080,800,1,0.8,0.802797,411032289,iters,1,0.005967771656,1.178837076,0.9949375772,27.6512153,NaN,1,,pmeal-hpc,2026-09-02T13:52:06,
tortuosity,cpu,assembled-hostcg,16,n800_b100_p080,800,1,0.8,0.802797,411032289,iters,2,0.00730238833,1.178837076,0.9938054304,29.51535515,NaN,1,,pmeal-hpc,2026-09-02T13:52:06,
tortuosity,cpu,assembled-hostcg,16,n800_b100_p080,800,1,0.8,0.802797,411032289,iters,3,0.009244492521,1.178837076,0.9921579557,31.37718967,NaN,1,,pmeal-hpc,2026-09-02T13:52:06,
tortuosity,cpu,assembled-hostcg,16,n800_b100_p080,800,1,0.8,0.802797,411032289,iters,6,0.0498691943,1.178837076,0.9576962794,36.91276883,NaN,1,,pmeal-hpc,2026-09-02T13:52:06,
tortuosity,cpu,assembled-hostcg,16,n800_b100_p080,800,1,0.8,0.802797,411032289,iters,10,0.07049450975,1.178837076,0.9401999554,44.31198126,NaN,1,,pmeal-hpc,2026-09-02T13:52:06,
tortuosity,cpu,assembled-hostcg,16,n800_b100_p080,800,1,0.8,0.802797,411032289,iters,18,-0.4733255516,1.178837076,1.401519057,59.12757122,NaN,1,,pmeal-hpc,2026-09-02T13:52:06,
tortuosity,cpu,assembled-hostcg,16,n800_b100_p080,800,1,0.8,0.802797,411032289,iters,33,1.022864076,1.178837076,0.1323109051,86.82473282,NaN,1,,pmeal-hpc,2026-09-02T13:52:06,
tortuosity,cpu,assembled-hostcg,16,n800_b100_p080,800,1,0.8,0.802797,411032289,iters,59,1.1790628,1.178837076,0.0001914801509,134.8308438,NaN,1,target_reached,pmeal-hpc,2026-09-02T13:52:06,
tortuosity,cpu,assembled-hostcg,16,n800_b100_p095,800,1,0.95,0.952043,487445980,iters,1,0.00560158699,1.033344548,0.9945791682,31.93804935,NaN,1,,pmeal-hpc,2026-09-02T13:54:55,
tortuosity,cpu,assembled-hostcg,16,n800_b100_p095,800,1,0.95,0.952043,487445980,iters,2,0.00686709683,1.033344548,0.9933544945,34.12587729,NaN,1,,pmeal-hpc,2026-09-02T13:54:55,
tortuosity,cpu,assembled-hostcg,16,n800_b100_p095,800,1,0.95,0.952043,487445980,iters,3,0.008949354187,1.033344548,0.9913394286,36.31752463,NaN,1,,pmeal-hpc,2026-09-02T13:54:55,
tortuosity,cpu,assembled-hostcg,16,n800_b100_p095,800,1,0.95,0.952043,487445980,iters,6,0.0477817341,1.033344548,0.953760114,42.88551933,NaN,1,,pmeal-hpc,2026-09-02T13:54:55,
tortuosity,cpu,assembled-hostcg,16,n800_b100_p095,800,1,0.95,0.952043,487445980,iters,10,0.06640044914,1.033344548,0.9357421982,51.62442795,NaN,1,,pmeal-hpc,2026-09-02T13:54:55,
tortuosity,cpu,assembled-hostcg,16,n800_b100_p095,800,1,0.95,0.952043,487445980,iters,18,-0.4710564225,1.033344548,1.455856107,69.15890621,NaN,1,,pmeal-hpc,2026-09-02T13:54:55,
tortuosity,cpu,assembled-hostcg,16,n800_b100_p095,800,1,0.95,0.952043,487445980,iters,33,0.9015532608,1.033344548,0.1275385712,101.8949055,NaN,1,,pmeal-hpc,2026-09-02T13:54:55,
tortuosity,cpu,assembled-hostcg,16,n800_b100_p095,800,1,0.95,0.952043,487445980,iters,59,1.03293442,1.033344548,0.0003968933003,158.8048434,NaN,1,target_reached,pmeal-hpc,2026-09-02T13:54:55,
tortuosity,cpu,assembled-hostcg,16,n800_b200_p020,800,2,0.2,0.18995,97254252,iters,1,0.004592351831,13.56020695,0.9996613362,8.593935088,NaN,1,,pmeal-hpc,2026-09-02T13:56:27,
tortuosity,cpu,assembled-hostcg,16,n800_b200_p020,800,2,0.2,0.18995,97254252,iters,2,0.005515832929,13.56020695,0.9995932339,8.986125639,NaN,1,,pmeal-hpc,2026-09-02T13:56:27,
tortuosity,cpu,assembled-hostcg,16,n800_b200_p020,800,2,0.2,0.18995,97254252,iters,3,0.006954658742,13.56020695,0.9994871274,9.378415647,NaN,1,,pmeal-hpc,2026-09-02T13:56:27,
tortuosity,cpu,assembled-hostcg,16,n800_b200_p020,800,2,0.2,0.18995,97254252,iters,6,0.0393090512,13.56020695,0.9971011467,10.54192247,NaN,1,,pmeal-hpc,2026-09-02T13:56:27,
tortuosity,cpu,assembled-hostcg,16,n800_b200_p020,800,2,0.2,0.18995,97254252,iters,10,0.06415541736,13.56020695,0.9952688467,12.11102278,NaN,1,,pmeal-hpc,2026-09-02T13:56:27,
tortuosity,cpu,assembled-hostcg,16,n800_b200_p020,800,2,0.2,0.18995,97254252,iters,18,-0.4671886522,13.56020695,1.034452915,15.25153854,NaN,1,,pmeal-hpc,2026-09-02T13:56:27,
tortuosity,cpu,assembled-hostcg,16,n800_b200_p020,800,2,0.2,0.18995,97254252,iters,33,5.854249326,13.56020695,0.5682772875,21.11888005,NaN,1,,pmeal-hpc,2026-09-02T13:56:27,
tortuosity,cpu,assembled-hostcg,16,n800_b200_p020,800,2,0.2,0.18995,97254252,iters,59,12.52772908,13.56020695,0.07614027389,31.28643851,NaN,1,,pmeal-hpc,2026-09-02T13:56:27,
tortuosity,cpu,assembled-hostcg,16,n800_b200_p020,800,2,0.2,0.18995,97254252,iters,106,13.2806553,13.56020695,0.02061558847,49.68975848,NaN,1,,pmeal-hpc,2026-09-02T13:56:27,
tortuosity,cpu,assembled-hostcg,16,n800_b200_p020,800,2,0.2,0.18995,97254252,iters,189,13.5660529,13.56020695,0.0004311107437,82.24423353,NaN,1,target_reached,pmeal-hpc,2026-09-02T13:56:27,
tortuosity,cpu,assembled-hostcg,16,n800_b200_p040,800,2,0.4,0.3993,204441481,iters,1,0.005188133005,2.540426233,0.9979577707,14.39365235,NaN,1,,pmeal-hpc,2026-09-02T13:58:14,
tortuosity,cpu,assembled-hostcg,16,n800_b200_p040,800,2,0.4,0.3993,204441481,iters,2,0.006246670594,2.540426233,0.9975410935,15.21861811,NaN,1,,pmeal-hpc,2026-09-02T13:58:14,
tortuosity,cpu,assembled-hostcg,16,n800_b200_p040,800,2,0.4,0.3993,204441481,iters,3,0.007747400732,2.540426233,0.996950354,16.03639332,NaN,1,,pmeal-hpc,2026-09-02T13:58:14,
tortuosity,cpu,assembled-hostcg,16,n800_b200_p040,800,2,0.4,0.3993,204441481,iters,6,0.04270423633,2.540426233,0.9831901294,18.50199954,NaN,1,,pmeal-hpc,2026-09-02T13:58:14,
tortuosity,cpu,assembled-hostcg,16,n800_b200_p040,800,2,0.4,0.3993,204441481,iters,10,0.06654424126,2.540426233,0.9738058754,21.79152475,NaN,1,,pmeal-hpc,2026-09-02T13:58:14,
tortuosity,cpu,assembled-hostcg,16,n800_b200_p040,800,2,0.4,0.3993,204441481,iters,18,-0.4478152351,2.540426233,1.17627563,28.36868891,NaN,1,,pmeal-hpc,2026-09-02T13:58:14,
tortuosity,cpu,assembled-hostcg,16,n800_b200_p040,800,2,0.4,0.3993,204441481,iters,33,2.150606627,2.540426233,0.1534465362,40.76548474,NaN,1,,pmeal-hpc,2026-09-02T13:58:14,
tortuosity,cpu,assembled-hostcg,16,n800_b200_p040,800,2,0.4,0.3993,204441481,iters,59,2.543351725,2.540426233,0.001151575077,62.25920155,NaN,1,,pmeal-hpc,2026-09-02T13:58:14,
tortuosity,cpu,assembled-hostcg,16,n800_b200_p040,800,2,0.4,0.3993,204441481,iters,106,2.540471064,2.540426233,1.76468859e-05,101.0528165,NaN,1,target_reached,pmeal-hpc,2026-09-02T13:58:14,
tortuosity,cpu,assembled-hostcg,16,n800_b200_p060,800,2,0.6,0.602005,308226382,iters,1,0.005716572486,1.551467408,0.996315377,21.4609975,NaN,1,,pmeal-hpc,2026-09-02T14:00:03,
tortuosity,cpu,assembled-hostcg,16,n800_b200_p060,800,2,0.6,0.602005,308226382,iters,2,0.006908822071,1.551467408,0.9955469112,22.85082632,NaN,1,,pmeal-hpc,2026-09-02T14:00:03,
tortuosity,cpu,assembled-hostcg,16,n800_b200_p060,800,2,0.6,0.602005,308226382,iters,3,0.008522217076,1.551467408,0.9945069957,24.23389614,NaN,1,,pmeal-hpc,2026-09-02T14:00:03,
tortuosity,cpu,assembled-hostcg,16,n800_b200_p060,800,2,0.6,0.602005,308226382,iters,6,0.04640727534,1.551467408,0.9700881404,28.37588689,NaN,1,,pmeal-hpc,2026-09-02T14:00:03,
tortuosity,cpu,assembled-hostcg,16,n800_b200_p060,800,2,0.6,0.602005,308226382,iters,10,0.06969328045,1.551467408,0.9550791205,33.92853913,NaN,1,,pmeal-hpc,2026-09-02T14:00:03,
tortuosity,cpu,assembled-hostcg,16,n800_b200_p060,800,2,0.6,0.602005,308226382,iters,18,-0.4663705255,1.551467408,1.300599628,44.94762136,NaN,1,,pmeal-hpc,2026-09-02T14:00:03,
tortuosity,cpu,assembled-hostcg,16,n800_b200_p060,800,2,0.6,0.602005,308226382,iters,33,1.393614152,1.551467408,0.1017444875,65.70340504,NaN,1,,pmeal-hpc,2026-09-02T14:00:03,
tortuosity,cpu,assembled-hostcg,16,n800_b200_p060,800,2,0.6,0.602005,308226382,iters,59,1.552121375,1.551467408,0.0004215151034,101.6827516,NaN,1,target_reached,pmeal-hpc,2026-09-02T14:00:03,
tortuosity,cpu,assembled-hostcg,16,n800_b200_p080,800,2,0.8,0.802459,410859253,iters,1,0.005883904336,1.188212956,0.9950481062,27.45287053,NaN,1,,pmeal-hpc,2026-09-02T14:02:27,
tortuosity,cpu,assembled-hostcg,16,n800_b200_p080,800,2,0.8,0.802459,410859253,iters,2,0.007138089382,1.188212956,0.9939925841,29.29370213,NaN,1,,pmeal-hpc,2026-09-02T14:02:27,
tortuosity,cpu,assembled-hostcg,16,n800_b200_p080,800,2,0.8,0.802459,410859253,iters,3,0.008804968013,1.188212956,0.9925897391,31.15365347,NaN,1,,pmeal-hpc,2026-09-02T14:02:27,
tortuosity,cpu,assembled-hostcg,16,n800_b200_p080,800,2,0.8,0.802459,410859253,iters,6,0.04783698575,1.188212956,0.9597403937,36.6702066,NaN,1,,pmeal-hpc,2026-09-02T14:02:27,
tortuosity,cpu,assembled-hostcg,16,n800_b200_p080,800,2,0.8,0.802459,410859253,iters,10,0.06976358254,1.188212956,0.9412869703,44.06036905,NaN,1,,pmeal-hpc,2026-09-02T14:02:27,
tortuosity,cpu,assembled-hostcg,16,n800_b200_p080,800,2,0.8,0.802459,410859253,iters,18,-0.4816904742,1.188212956,1.405390693,58.80222833,NaN,1,,pmeal-hpc,2026-09-02T14:02:27,
tortuosity,cpu,assembled-hostcg,16,n800_b200_p080,800,2,0.8,0.802459,410859253,iters,33,1.067707797,1.188212956,0.1014171396,86.42594355,NaN,1,,pmeal-hpc,2026-09-02T14:02:27,
tortuosity,cpu,assembled-hostcg,16,n800_b200_p080,800,2,0.8,0.802459,410859253,iters,59,1.18882419,1.188212956,0.0005144145837,134.3502532,NaN,1,target_reached,pmeal-hpc,2026-09-02T14:02:27,
tortuosity,cpu,assembled-hostcg,16,n800_b200_p095,800,2,0.95,0.949699,486245700,iters,1,0.00561413239,1.038427024,0.9945936188,31.94015573,NaN,1,,pmeal-hpc,2026-09-02T14:05:15,
tortuosity,cpu,assembled-hostcg,16,n800_b200_p095,800,2,0.95,0.949699,486245700,iters,2,0.006847442973,1.038427024,0.9934059469,34.12091749,NaN,1,,pmeal-hpc,2026-09-02T14:05:15,
tortuosity,cpu,assembled-hostcg,16,n800_b200_p095,800,2,0.95,0.949699,486245700,iters,3,0.008615983687,1.038427024,0.9917028511,36.3217158,NaN,1,,pmeal-hpc,2026-09-02T14:05:15,
tortuosity,cpu,assembled-hostcg,16,n800_b200_p095,800,2,0.95,0.949699,486245700,iters,6,0.04679864663,1.038427024,0.9549331387,42.87506862,NaN,1,,pmeal-hpc,2026-09-02T14:05:15,
tortuosity,cpu,assembled-hostcg,16,n800_b200_p095,800,2,0.95,0.949699,486245700,iters,10,0.06623189588,1.038427024,0.9362190175,51.59769023,NaN,1,,pmeal-hpc,2026-09-02T14:05:15,
tortuosity,cpu,assembled-hostcg,16,n800_b200_p095,800,2,0.95,0.949699,486245700,iters,18,-0.4656491389,1.038427024,1.448417778,69.02284232,NaN,1,,pmeal-hpc,2026-09-02T14:05:15,
tortuosity,cpu,assembled-hostcg,16,n800_b200_p095,800,2,0.95,0.949699,486245700,iters,33,0.9193395576,1.038427024,0.1146806311,101.7279372,NaN,1,,pmeal-hpc,2026-09-02T14:05:15,
tortuosity,cpu,assembled-hostcg,16,n800_b200_p095,800,2,0.95,0.949699,486245700,iters,59,1.03780794,1.038427024,0.0005961744948,158.4580977,NaN,1,target_reached,pmeal-hpc,2026-09-02T14:05:15,
tortuosity,cpu,assembled-hostcg,16,n1000_b050_p040,1000,0.5,0.4,0.389098,389098003,iters,1,0.003881516792,3.244818259,0.9988037799,28.70733507,NaN,1,,pmeal-hpc,2026-09-02T14:09:01,
tortuosity,cpu,assembled-hostcg,16,n1000_b050_p040,1000,0.5,0.4,0.389098,389098003,iters,2,0.004766524093,3.244818259,0.9985310351,30.46345094,NaN,1,,pmeal-hpc,2026-09-02T14:09:01,
tortuosity,cpu,assembled-hostcg,16,n1000_b050_p040,1000,0.5,0.4,0.389098,389098003,iters,3,0.006221741284,3.244818259,0.9980825609,32.2108972,NaN,1,,pmeal-hpc,2026-09-02T14:09:01,
tortuosity,cpu,assembled-hostcg,16,n1000_b050_p040,1000,0.5,0.4,0.389098,389098003,iters,6,0.03411178552,3.244818259,0.9894873047,37.45500632,NaN,1,,pmeal-hpc,2026-09-02T14:09:01,
tortuosity,cpu,assembled-hostcg,16,n1000_b050_p040,1000,0.5,0.4,0.389098,389098003,iters,10,0.04902415941,3.244818259,0.9848915546,44.4154412,NaN,1,,pmeal-hpc,2026-09-02T14:09:01,
tortuosity,cpu,assembled-hostcg,16,n1000_b050_p040,1000,0.5,0.4,0.389098,389098003,iters,18,-0.2556107325,3.244818259,1.078775054,58.36982278,NaN,1,,pmeal-hpc,2026-09-02T14:09:01,
tortuosity,cpu,assembled-hostcg,16,n1000_b050_p040,1000,0.5,0.4,0.389098,389098003,iters,33,1.95446088,3.244818259,0.3976670727,84.48249337,NaN,1,,pmeal-hpc,2026-09-02T14:09:01,
tortuosity,cpu,assembled-hostcg,16,n1000_b050_p040,1000,0.5,0.4,0.389098,389098003,iters,59,3.171669228,3.244818259,0.02254333679,129.8809475,NaN,1,,pmeal-hpc,2026-09-02T14:09:01,
tortuosity,cpu,assembled-hostcg,16,n1000_b050_p040,1000,0.5,0.4,0.389098,389098003,iters,106,3.24288169,3.244818259,0.0005968188658,211.8368102,NaN,1,target_reached,pmeal-hpc,2026-09-02T14:09:01,
tortuosity,cpu,assembled-hostcg,16,n1000_b050_p060,1000,0.5,0.6,0.600543,600543162,iters,1,0.004401744317,1.529751146,0.9971225749,41.24664375,NaN,1,,pmeal-hpc,2026-09-02T14:12:33,
tortuosity,cpu,assembled-hostcg,16,n1000_b050_p060,1000,0.5,0.6,0.600543,600543162,iters,2,0.005406395529,1.529751146,0.9964658333,43.94644051,NaN,1,,pmeal-hpc,2026-09-02T14:12:33,
tortuosity,cpu,assembled-hostcg,16,n1000_b050_p060,1000,0.5,0.6,0.600543,600543162,iters,3,0.007133607365,1.529751146,0.9953367531,46.63720437,NaN,1,,pmeal-hpc,2026-09-02T14:12:33,
tortuosity,cpu,assembled-hostcg,16,n1000_b050_p060,1000,0.5,0.6,0.600543,600543162,iters,6,0.03841759616,1.529751146,0.9748863753,54.79698052,NaN,1,,pmeal-hpc,2026-09-02T14:12:33,
tortuosity,cpu,assembled-hostcg,16,n1000_b050_p060,1000,0.5,0.6,0.600543,600543162,iters,10,0.05412261253,1.529751146,0.9646199889,65.58447795,NaN,1,,pmeal-hpc,2026-09-02T14:12:33,
tortuosity,cpu,assembled-hostcg,16,n1000_b050_p060,1000,0.5,0.6,0.600543,600543162,iters,18,-0.3166970701,1.529751146,1.207025222,87.12368035,NaN,1,,pmeal-hpc,2026-09-02T14:12:33,
tortuosity,cpu,assembled-hostcg,16,n1000_b050_p060,1000,0.5,0.6,0.600543,600543162,iters,33,1.156661928,1.529751146,0.2438888304,127.4565353,NaN,1,,pmeal-hpc,2026-09-02T14:12:33,
tortuosity,cpu,assembled-hostcg,16,n1000_b050_p060,1000,0.5,0.6,0.600543,600543162,iters,59,1.528476265,1.529751146,0.0008333911844,197.4182392,NaN,1,target_reached,pmeal-hpc,2026-09-02T14:12:33,
tortuosity,cpu,assembled-hostcg,16,n1000_b050_p080,1000,0.5,0.8,0.808622,808621670,iters,1,0.00466834733,1.174130449,0.996023996,54.56238668,NaN,1,,pmeal-hpc,2026-09-02T14:17:15,
tortuosity,cpu,assembled-hostcg,16,n1000_b050_p080,1000,0.5,0.8,0.808622,808621670,iters,2,0.005734435412,1.174130449,0.9951160151,58.20606783,NaN,1,,pmeal-hpc,2026-09-02T14:17:15,
tortuosity,cpu,assembled-hostcg,16,n1000_b050_p080,1000,0.5,0.8,0.808622,808621670,iters,3,0.007634030528,1.174130449,0.9934981411,61.85097224,NaN,1,,pmeal-hpc,2026-09-02T14:17:15,
tortuosity,cpu,assembled-hostcg,16,n1000_b050_p080,1000,0.5,0.8,0.808622,808621670,iters,6,0.04056499685,1.174130449,0.9654510307,72.73554283,NaN,1,,pmeal-hpc,2026-09-02T14:17:15,
tortuosity,cpu,assembled-hostcg,16,n1000_b050_p080,1000,0.5,0.8,0.808622,808621670,iters,10,0.0563371919,1.174130449,0.9520179449,87.30175184,NaN,1,,pmeal-hpc,2026-09-02T14:17:15,
tortuosity,cpu,assembled-hostcg,16,n1000_b050_p080,1000,0.5,0.8,0.808622,808621670,iters,18,-0.3589439618,1.174130449,1.305710462,116.37722,NaN,1,,pmeal-hpc,2026-09-02T14:17:15,
tortuosity,cpu,assembled-hostcg,16,n1000_b050_p080,1000,0.5,0.8,0.808622,808621670,iters,33,0.9541660193,1.174130449,0.1873424115,170.8694457,NaN,1,,pmeal-hpc,2026-09-02T14:17:15,
tortuosity,cpu,assembled-hostcg,16,n1000_b050_p080,1000,0.5,0.8,0.808622,808621670,iters,59,1.173754027,1.174130449,0.0003205963679,265.3268558,NaN,1,target_reached,pmeal-hpc,2026-09-02T14:17:15,
tortuosity,cpu,assembled-hostcg,16,n1000_b050_p095,1000,0.5,0.95,0.951714,951714034,iters,1,0.004551321872,1.035720079,0.9956056448,62.7753888,NaN,1,,pmeal-hpc,2026-09-02T14:26:02,
tortuosity,cpu,assembled-hostcg,16,n1000_b050_p095,1000,0.5,0.95,0.951714,951714034,iters,2,0.00557299928,1.035720079,0.9946192032,67.02051909,NaN,1,,pmeal-hpc,2026-09-02T14:26:02,
tortuosity,cpu,assembled-hostcg,16,n1000_b050_p095,1000,0.5,0.95,0.951714,951714034,iters,3,0.007424568188,1.035720079,0.9928314915,71.31268758,NaN,1,,pmeal-hpc,2026-09-02T14:26:02,
tortuosity,cpu,assembled-hostcg,16,n1000_b050_p095,1000,0.5,0.95,0.951714,951714034,iters,6,0.03738159064,1.035720079,0.9639076316,84.09710822,NaN,1,,pmeal-hpc,2026-09-02T14:26:02,
tortuosity,cpu,assembled-hostcg,16,n1000_b050_p095,1000,0.5,0.95,0.951714,951714034,iters,10,0.04871927972,1.035720079,0.9529609586,101.0504651,NaN,1,,pmeal-hpc,2026-09-02T14:26:02,
tortuosity,cpu,assembled-hostcg,16,n1000_b050_p095,1000,0.5,0.95,0.951714,951714034,iters,18,-0.2188821722,1.035720079,1.211333329,134.8753954,NaN,1,,pmeal-hpc,2026-09-02T14:26:02,
tortuosity,cpu,assembled-hostcg,16,n1000_b050_p095,1000,0.5,0.95,0.951714,951714034,iters,33,0.7623799845,1.035720079,0.2639130978,198.430224,NaN,1,,pmeal-hpc,2026-09-02T14:26:02,
tortuosity,cpu,assembled-hostcg,16,n1000_b050_p095,1000,0.5,0.95,0.951714,951714034,iters,59,1.033506625,1.035720079,0.002137115783,308.6821902,NaN,1,,pmeal-hpc,2026-09-02T14:26:02,
tortuosity,cpu,assembled-hostcg,16,n1000_b050_p095,1000,0.5,0.95,0.951714,951714034,iters,106,1.035758982,1.035720079,3.756099867e-05,508.2895196,NaN,1,target_reached,pmeal-hpc,2026-09-02T14:26:02,
tortuosity,cpu,assembled-hostcg,16,n1000_b100_p020,1000,1,0.2,0.184187,184187030,iters,1,0.003404601593,13.16595545,0.9997414087,15.93713843,NaN,1,,pmeal-hpc,2026-09-02T14:30:44,
tortuosity,cpu,assembled-hostcg,16,n1000_b100_p020,1000,1,0.2,0.184187,184187030,iters,2,0.004150116374,13.16595545,0.9996847843,16.65964766,NaN,1,,pmeal-hpc,2026-09-02T14:30:44,
tortuosity,cpu,assembled-hostcg,16,n1000_b100_p020,1000,1,0.2,0.184187,184187030,iters,3,0.005190543529,13.16595545,0.9996057602,17.3871711,NaN,1,,pmeal-hpc,2026-09-02T14:30:44,
tortuosity,cpu,assembled-hostcg,16,n1000_b100_p020,1000,1,0.2,0.184187,184187030,iters,6,0.02959491569,13.16595545,0.9977521635,19.58481913,NaN,1,,pmeal-hpc,2026-09-02T14:30:44,
tortuosity,cpu,assembled-hostcg,16,n1000_b100_p020,1000,1,0.2,0.184187,184187030,iters,10,0.04406281101,13.16595545,0.9966532766,22.52782897,NaN,1,,pmeal-hpc,2026-09-02T14:30:44,
tortuosity,cpu,assembled-hostcg,16,n1000_b100_p020,1000,1,0.2,0.184187,184187030,iters,18,-0.2315609033,13.16595545,1.017587854,28.37063044,NaN,1,,pmeal-hpc,2026-09-02T14:30:44,
tortuosity,cpu,assembled-hostcg,16,n1000_b100_p020,1000,1,0.2,0.184187,184187030,iters,33,3.331358104,13.16595545,0.7469717928,39.35299888,NaN,1,,pmeal-hpc,2026-09-02T14:30:44,
tortuosity,cpu,assembled-hostcg,16,n1000_b100_p020,1000,1,0.2,0.184187,184187030,iters,59,9.642016747,13.16595545,0.2676553719,58.37105845,NaN,1,,pmeal-hpc,2026-09-02T14:30:44,
tortuosity,cpu,assembled-hostcg,16,n1000_b100_p020,1000,1,0.2,0.184187,184187030,iters,106,12.87254787,13.16595545,0.0222853234,92.74432919,NaN,1,,pmeal-hpc,2026-09-02T14:30:44,
tortuosity,cpu,assembled-hostcg,16,n1000_b100_p020,1000,1,0.2,0.184187,184187030,iters,189,13.1372028,13.16595545,0.002183863307,153.5376379,NaN,1,,pmeal-hpc,2026-09-02T14:30:44,
tortuosity,cpu,assembled-hostcg,16,n1000_b100_p020,1000,1,0.2,0.184187,184187030,iters,339,13.16576015,13.16595545,1.483389077e-05,263.5130447,NaN,1,target_reached,pmeal-hpc,2026-09-02T14:30:44,
tortuosity,cpu,assembled-hostcg,16,n1000_b100_p040,1000,1,0.4,0.395251,395251340,iters,1,0.004071801523,2.652234457,0.9984647656,28.78932885,NaN,1,,pmeal-hpc,2026-09-02T14:34:31,
tortuosity,cpu,assembled-hostcg,16,n1000_b100_p040,1000,1,0.4,0.395251,395251340,iters,2,0.004977052018,2.652234457,0.9981234495,30.57647475,NaN,1,,pmeal-hpc,2026-09-02T14:34:31,
tortuosity,cpu,assembled-hostcg,16,n1000_b100_p040,1000,1,0.4,0.395251,395251340,iters,3,0.006285213458,2.652234457,0.9976302195,32.35017946,NaN,1,,pmeal-hpc,2026-09-02T14:34:31,
tortuosity,cpu,assembled-hostcg,16,n1000_b100_p040,1000,1,0.4,0.395251,395251340,iters,6,0.03510774249,2.652234457,0.9867629566,37.70713496,NaN,1,,pmeal-hpc,2026-09-02T14:34:31,
tortuosity,cpu,assembled-hostcg,16,n1000_b100_p040,1000,1,0.4,0.395251,395251340,iters,10,0.05111636841,2.652234457,0.9807270552,44.75396815,NaN,1,,pmeal-hpc,2026-09-02T14:34:31,
tortuosity,cpu,assembled-hostcg,16,n1000_b100_p040,1000,1,0.4,0.395251,395251340,iters,18,-0.2771472452,2.652234457,1.104495756,58.90761266,NaN,1,,pmeal-hpc,2026-09-02T14:34:31,
tortuosity,cpu,assembled-hostcg,16,n1000_b100_p040,1000,1,0.4,0.395251,395251340,iters,33,1.658037646,2.652234457,0.3748525356,85.47105651,NaN,1,,pmeal-hpc,2026-09-02T14:34:31,
tortuosity,cpu,assembled-hostcg,16,n1000_b100_p040,1000,1,0.4,0.395251,395251340,iters,59,2.631098664,2.652234457,0.007969051594,131.6924755,NaN,1,,pmeal-hpc,2026-09-02T14:34:31,
tortuosity,cpu,assembled-hostcg,16,n1000_b100_p040,1000,1,0.4,0.395251,395251340,iters,106,2.65218462,2.652234457,1.879061899e-05,215.0986425,NaN,1,target_reached,pmeal-hpc,2026-09-02T14:34:31,
tortuosity,cpu,assembled-hostcg,16,n1000_b100_p060,1000,1,0.6,0.601834,601833672,iters,1,0.004558587406,1.541790971,0.9970433168,41.63535116,NaN,1,,pmeal-hpc,2026-09-02T14:38:04,
tortuosity,cpu,assembled-hostcg,16,n1000_b100_p060,1000,1,0.6,0.601834,601833672,iters,2,0.005579500957,1.541790971,0.996381156,44.38013705,NaN,1,,pmeal-hpc,2026-09-02T14:38:04,
tortuosity,cpu,assembled-hostcg,16,n1000_b100_p060,1000,1,0.6,0.601834,601833672,iters,3,0.007100540656,1.541790971,0.9953946152,47.105879,NaN,1,,pmeal-hpc,2026-09-02T14:38:04,
tortuosity,cpu,assembled-hostcg,16,n1000_b100_p060,1000,1,0.6,0.601834,601833672,iters,6,0.03887659979,1.541790971,0.9747847792,55.26426469,NaN,1,,pmeal-hpc,2026-09-02T14:38:04,
tortuosity,cpu,assembled-hostcg,16,n1000_b100_p060,1000,1,0.6,0.601834,601833672,iters,10,0.05546260385,1.541790971,0.9640271574,66.14359074,NaN,1,,pmeal-hpc,2026-09-02T14:38:04,
tortuosity,cpu,assembled-hostcg,16,n1000_b100_p060,1000,1,0.6,0.601834,601833672,iters,18,-0.3196138722,1.541790971,1.207300392,87.8964439,NaN,1,,pmeal-hpc,2026-09-02T14:38:04,
tortuosity,cpu,assembled-hostcg,16,n1000_b100_p060,1000,1,0.6,0.601834,601833672,iters,33,1.151352713,1.541790971,0.2532368301,128.7629456,NaN,1,,pmeal-hpc,2026-09-02T14:38:04,
tortuosity,cpu,assembled-hostcg,16,n1000_b100_p060,1000,1,0.6,0.601834,601833672,iters,59,1.542813489,1.541790971,0.000663201287,199.5131682,NaN,1,target_reached,pmeal-hpc,2026-09-02T14:38:04,
tortuosity,cpu,assembled-hostcg,16,n1000_b100_p080,1000,1,0.8,0.805227,805226521,iters,1,0.00475807483,1.177749756,0.995960029,53.72808959,NaN,1,,pmeal-hpc,2026-09-02T14:45:32,
tortuosity,cpu,assembled-hostcg,16,n1000_b100_p080,1000,1,0.8,0.805227,805226521,iters,2,0.0058092094,1.177749756,0.995067535,57.36528999,NaN,1,,pmeal-hpc,2026-09-02T14:45:32,
tortuosity,cpu,assembled-hostcg,16,n1000_b100_p080,1000,1,0.8,0.805227,805226521,iters,3,0.007428805038,1.177749756,0.993692374,60.96233421,NaN,1,,pmeal-hpc,2026-09-02T14:45:32,
tortuosity,cpu,assembled-hostcg,16,n1000_b100_p080,1000,1,0.8,0.805227,805226521,iters,6,0.03789347486,1.177749756,0.9678255294,71.75854653,NaN,1,,pmeal-hpc,2026-09-02T14:45:32,
tortuosity,cpu,assembled-hostcg,16,n1000_b100_p080,1000,1,0.8,0.805227,805226521,iters,10,0.05086027836,1.177749756,0.9568157173,86.16119167,NaN,1,,pmeal-hpc,2026-09-02T14:45:32,
tortuosity,cpu,assembled-hostcg,16,n1000_b100_p080,1000,1,0.8,0.805227,805226521,iters,18,-0.222982039,1.177749756,1.189328877,114.8937032,NaN,1,,pmeal-hpc,2026-09-02T14:45:32,
tortuosity,cpu,assembled-hostcg,16,n1000_b100_p080,1000,1,0.8,0.805227,805226521,iters,33,0.840045395,1.177749756,0.2867369399,168.751342,NaN,1,,pmeal-hpc,2026-09-02T14:45:32,
tortuosity,cpu,assembled-hostcg,16,n1000_b100_p080,1000,1,0.8,0.805227,805226521,iters,59,1.174969549,1.177749756,0.002360609698,262.2317439,NaN,1,,pmeal-hpc,2026-09-02T14:45:32,
tortuosity,cpu,assembled-hostcg,16,n1000_b100_p080,1000,1,0.8,0.805227,805226521,iters,106,1.177850876,1.177749756,8.585871398e-05,431.3067049,NaN,1,target_reached,pmeal-hpc,2026-09-02T14:45:32,
tortuosity,cpu,assembled-hostcg,16,n1000_b100_p095,1000,1,0.95,0.950636,950636264,iters,1,0.00456792808,1.034226161,0.9955832406,62.21342662,NaN,1,,pmeal-hpc,2026-09-02T14:54:19,
tortuosity,cpu,assembled-hostcg,16,n1000_b100_p095,1000,1,0.95,0.950636,950636264,iters,2,0.005586943042,1.034226161,0.9945979484,66.4786547,NaN,1,,pmeal-hpc,2026-09-02T14:54:19,
tortuosity,cpu,assembled-hostcg,16,n1000_b100_p095,1000,1,0.95,0.950636,950636264,iters,3,0.007297119346,1.034226161,0.9929443679,70.7311218,NaN,1,,pmeal-hpc,2026-09-02T14:54:19,
tortuosity,cpu,assembled-hostcg,16,n1000_b100_p095,1000,1,0.95,0.950636,950636264,iters,6,0.03687106825,1.034226161,0.9643491244,83.42641858,NaN,1,,pmeal-hpc,2026-09-02T14:54:19,
tortuosity,cpu,assembled-hostcg,16,n1000_b100_p095,1000,1,0.95,0.950636,950636264,iters,10,0.04860302405,1.034226161,0.95300542,100.343024,NaN,1,,pmeal-hpc,2026-09-02T14:54:19,
tortuosity,cpu,assembled-hostcg,16,n1000_b100_p095,1000,1,0.95,0.950636,950636264,iters,18,-0.2127417401,1.034226161,1.205701372,134.2356753,NaN,1,,pmeal-hpc,2026-09-02T14:54:19,
tortuosity,cpu,assembled-hostcg,16,n1000_b100_p095,1000,1,0.95,0.950636,950636264,iters,33,0.7627914383,1.034226161,0.2624519983,197.8086937,NaN,1,,pmeal-hpc,2026-09-02T14:54:19,
tortuosity,cpu,assembled-hostcg,16,n1000_b100_p095,1000,1,0.95,0.950636,950636264,iters,59,1.031843254,1.034226161,0.002304048328,307.9804154,NaN,1,,pmeal-hpc,2026-09-02T14:54:19,
tortuosity,cpu,assembled-hostcg,16,n1000_b100_p095,1000,1,0.95,0.950636,950636264,iters,106,1.034253185,1.034226161,2.612974644e-05,507.4916258,NaN,1,target_reached,pmeal-hpc,2026-09-02T14:54:19,
tortuosity,cpu,assembled-hostcg,16,n1000_b200_p020,1000,2,0.2,0.190252,190252394,iters,1,0.003431041599,10.17284166,0.9996627254,16.17792988,NaN,1,,pmeal-hpc,2026-09-02T14:57:17,
tortuosity,cpu,assembled-hostcg,16,n1000_b200_p020,1000,2,0.2,0.190252,190252394,iters,2,0.004134371325,10.17284166,0.9995935874,16.93726069,NaN,1,,pmeal-hpc,2026-09-02T14:57:17,
tortuosity,cpu,assembled-hostcg,16,n1000_b200_p020,1000,2,0.2,0.190252,190252394,iters,3,0.005220585465,10.17284166,0.9994868115,17.70369296,NaN,1,,pmeal-hpc,2026-09-02T14:57:17,
tortuosity,cpu,assembled-hostcg,16,n1000_b200_p020,1000,2,0.2,0.190252,190252394,iters,6,0.03023809311,10.17284166,0.9970275667,19.99960912,NaN,1,,pmeal-hpc,2026-09-02T14:57:17,
tortuosity,cpu,assembled-hostcg,16,n1000_b200_p020,1000,2,0.2,0.190252,190252394,iters,10,0.04699603492,10.17284166,0.9953802451,23.03400883,NaN,1,,pmeal-hpc,2026-09-02T14:57:17,
tortuosity,cpu,assembled-hostcg,16,n1000_b200_p020,1000,2,0.2,0.190252,190252394,iters,18,-0.3120225291,10.17284166,1.030672111,29.19122496,NaN,1,,pmeal-hpc,2026-09-02T14:57:17,
tortuosity,cpu,assembled-hostcg,16,n1000_b200_p020,1000,2,0.2,0.190252,190252394,iters,33,3.558444929,10.17284166,0.6502014828,40.62992115,NaN,1,,pmeal-hpc,2026-09-02T14:57:17,
tortuosity,cpu,assembled-hostcg,16,n1000_b200_p020,1000,2,0.2,0.190252,190252394,iters,59,9.721245909,10.17284166,0.04439229136,60.49086028,NaN,1,,pmeal-hpc,2026-09-02T14:57:17,
tortuosity,cpu,assembled-hostcg,16,n1000_b200_p020,1000,2,0.2,0.190252,190252394,iters,106,10.05876534,10.17284166,0.01121381028,96.43005495,NaN,1,,pmeal-hpc,2026-09-02T14:57:17,
tortuosity,cpu,assembled-hostcg,16,n1000_b200_p020,1000,2,0.2,0.190252,190252394,iters,189,10.17652927,10.17284166,0.0003624958236,159.7842637,NaN,1,target_reached,pmeal-hpc,2026-09-02T14:57:17,
tortuosity,cpu,assembled-hostcg,16,n1000_b200_p040,1000,2,0.4,0.398291,398291423,iters,1,0.004101206796,2.506045383,0.9983634747,29.19847498,NaN,1,,pmeal-hpc,2026-09-02T15:01:06,
tortuosity,cpu,assembled-hostcg,16,n1000_b200_p040,1000,2,0.4,0.398291,398291423,iters,2,0.004940991636,2.506045383,0.998028371,31.00757416,NaN,1,,pmeal-hpc,2026-09-02T15:01:06,
tortuosity,cpu,assembled-hostcg,16,n1000_b200_p040,1000,2,0.4,0.398291,398291423,iters,3,0.006150302669,2.506045383,0.9975458135,32.77279187,NaN,1,,pmeal-hpc,2026-09-02T15:01:06,
tortuosity,cpu,assembled-hostcg,16,n1000_b200_p040,1000,2,0.4,0.398291,398291423,iters,6,0.03250167252,2.506045383,0.9870306928,38.12730867,NaN,1,,pmeal-hpc,2026-09-02T15:01:06,
tortuosity,cpu,assembled-hostcg,16,n1000_b200_p040,1000,2,0.4,0.398291,398291423,iters,10,0.04858494951,2.506045383,0.9806129012,45.23760107,NaN,1,,pmeal-hpc,2026-09-02T15:01:06,
tortuosity,cpu,assembled-hostcg,16,n1000_b200_p040,1000,2,0.4,0.398291,398291423,iters,18,-0.2725424962,2.506045383,1.108754015,59.42327174,NaN,1,,pmeal-hpc,2026-09-02T15:01:06,
tortuosity,cpu,assembled-hostcg,16,n1000_b200_p040,1000,2,0.4,0.398291,398291423,iters,33,1.2516569,2.506045383,0.5005449986,86.1175437,NaN,1,,pmeal-hpc,2026-09-02T15:01:06,
tortuosity,cpu,assembled-hostcg,16,n1000_b200_p040,1000,2,0.4,0.398291,398291423,iters,59,2.385048304,2.506045383,0.04828207814,132.4387025,NaN,1,,pmeal-hpc,2026-09-02T15:01:06,
tortuosity,cpu,assembled-hostcg,16,n1000_b200_p040,1000,2,0.4,0.398291,398291423,iters,106,2.505783642,2.506045383,0.0001044439336,216.0630217,NaN,1,target_reached,pmeal-hpc,2026-09-02T15:01:06,
tortuosity,cpu,assembled-hostcg,16,n1000_b200_p060,1000,2,0.6,0.601128,601127844,iters,1,0.004439975345,1.539069636,0.9971151563,41.6446631,NaN,1,,pmeal-hpc,2026-09-02T15:06:44,
tortuosity,cpu,assembled-hostcg,16,n1000_b200_p060,1000,2,0.6,0.601128,601127844,iters,2,0.005366097133,1.539069636,0.996513415,44.32141827,NaN,1,,pmeal-hpc,2026-09-02T15:06:44,
tortuosity,cpu,assembled-hostcg,16,n1000_b200_p060,1000,2,0.6,0.601128,601127844,iters,3,0.006674417667,1.539069636,0.9956633426,47.01090853,NaN,1,,pmeal-hpc,2026-09-02T15:06:44,
tortuosity,cpu,assembled-hostcg,16,n1000_b200_p060,1000,2,0.6,0.601128,601127844,iters,6,0.03454672085,1.539069636,0.9775535037,55.07708025,NaN,1,,pmeal-hpc,2026-09-02T15:06:44,
tortuosity,cpu,assembled-hostcg,16,n1000_b200_p060,1000,2,0.6,0.601128,601127844,iters,10,0.04972841708,1.539069636,0.9676893001,65.8109313,NaN,1,,pmeal-hpc,2026-09-02T15:06:44,
tortuosity,cpu,assembled-hostcg,16,n1000_b200_p060,1000,2,0.6,0.601128,601127844,iters,18,-0.2452160254,1.539069636,1.15932744,87.31352598,NaN,1,,pmeal-hpc,2026-09-02T15:06:44,
tortuosity,cpu,assembled-hostcg,16,n1000_b200_p060,1000,2,0.6,0.601128,601127844,iters,33,0.9863235034,1.539069636,0.3591430301,127.5603209,NaN,1,,pmeal-hpc,2026-09-02T15:06:44,
tortuosity,cpu,assembled-hostcg,16,n1000_b200_p060,1000,2,0.6,0.601128,601127844,iters,59,1.526970524,1.539069636,0.007861315411,197.262915,NaN,1,,pmeal-hpc,2026-09-02T15:06:44,
tortuosity,cpu,assembled-hostcg,16,n1000_b200_p060,1000,2,0.6,0.601128,601127844,iters,106,1.539139693,1.539069636,4.551882491e-05,323.2665473,NaN,1,target_reached,pmeal-hpc,2026-09-02T15:06:44,
tortuosity,cpu,assembled-hostcg,16,n1000_b200_p080,1000,2,0.8,0.802364,802363965,iters,1,0.004614407437,1.181214812,0.996093507,53.45997523,NaN,1,,pmeal-hpc,2026-09-02T15:14:10,
tortuosity,cpu,assembled-hostcg,16,n1000_b200_p080,1000,2,0.8,0.802364,802363965,iters,2,0.005596729451,1.181214812,0.9952618868,57.01733801,NaN,1,,pmeal-hpc,2026-09-02T15:14:10,
tortuosity,cpu,assembled-hostcg,16,n1000_b200_p080,1000,2,0.8,0.802364,802363965,iters,3,0.006989888468,1.181214812,0.9940824578,60.58688509,NaN,1,,pmeal-hpc,2026-09-02T15:14:10,
tortuosity,cpu,assembled-hostcg,16,n1000_b200_p080,1000,2,0.8,0.802364,802363965,iters,6,0.03587961223,1.181214812,0.9696248203,71.32836359,NaN,1,,pmeal-hpc,2026-09-02T15:14:10,
tortuosity,cpu,assembled-hostcg,16,n1000_b200_p080,1000,2,0.8,0.802364,802363965,iters,10,0.04976491619,1.181214812,0.9578697154,85.68895023,NaN,1,,pmeal-hpc,2026-09-02T15:14:10,
tortuosity,cpu,assembled-hostcg,16,n1000_b200_p080,1000,2,0.8,0.802364,802363965,iters,18,-0.2261265826,1.181214812,1.191435614,114.3461395,NaN,1,,pmeal-hpc,2026-09-02T15:14:10,
tortuosity,cpu,assembled-hostcg,16,n1000_b200_p080,1000,2,0.8,0.802364,802363965,iters,33,0.8430398338,1.181214812,0.2862942242,168.0331259,NaN,1,,pmeal-hpc,2026-09-02T15:14:10,
tortuosity,cpu,assembled-hostcg,16,n1000_b200_p080,1000,2,0.8,0.802364,802363965,iters,59,1.177800336,1.181214812,0.002890648209,261.1957988,NaN,1,,pmeal-hpc,2026-09-02T15:14:10,
tortuosity,cpu,assembled-hostcg,16,n1000_b200_p080,1000,2,0.8,0.802364,802363965,iters,106,1.181234989,1.181214812,1.708130476e-05,429.4337142,NaN,1,target_reached,pmeal-hpc,2026-09-02T15:14:10,
tortuosity,cpu,assembled-hostcg,16,n1000_b200_p095,1000,2,0.95,0.950179,950179051,iters,1,0.004465441681,1.036268195,0.9956908436,62.2169696,NaN,1,,pmeal-hpc,2026-09-02T15:22:56,
tortuosity,cpu,assembled-hostcg,16,n1000_b200_p095,1000,2,0.95,0.950179,950179051,iters,2,0.005444512357,1.036268195,0.9947460393,66.46812652,NaN,1,,pmeal-hpc,2026-09-02T15:22:56,
tortuosity,cpu,assembled-hostcg,16,n1000_b200_p095,1000,2,0.95,0.950179,950179051,iters,3,0.006966906258,1.036268195,0.9932769274,70.71606908,NaN,1,,pmeal-hpc,2026-09-02T15:22:56,
tortuosity,cpu,assembled-hostcg,16,n1000_b200_p095,1000,2,0.95,0.950179,950179051,iters,6,0.03560608838,1.036268195,0.9656400838,83.45312723,NaN,1,,pmeal-hpc,2026-09-02T15:22:56,
tortuosity,cpu,assembled-hostcg,16,n1000_b200_p095,1000,2,0.95,0.950179,950179051,iters,10,0.04759403049,1.036268195,0.9540717058,100.3899087,NaN,1,,pmeal-hpc,2026-09-02T15:22:56,
tortuosity,cpu,assembled-hostcg,16,n1000_b200_p095,1000,2,0.95,0.950179,950179051,iters,18,-0.2071381017,1.036268195,1.199888506,134.3570947,NaN,1,,pmeal-hpc,2026-09-02T15:22:56,
tortuosity,cpu,assembled-hostcg,16,n1000_b200_p095,1000,2,0.95,0.950179,950179051,iters,33,0.7624158818,1.036268195,0.2642677972,197.9228685,NaN,1,,pmeal-hpc,2026-09-02T15:22:56,
tortuosity,cpu,assembled-hostcg,16,n1000_b200_p095,1000,2,0.95,0.950179,950179051,iters,59,1.033023021,1.036268195,0.003131596697,307.9453797,NaN,1,,pmeal-hpc,2026-09-02T15:22:56,
tortuosity,cpu,assembled-hostcg,16,n1000_b200_p095,1000,2,0.95,0.950179,950179051,iters,106,1.036271981,1.036268195,3.653220739e-06,507.0711845,NaN,1,target_reached,pmeal-hpc,2026-09-02T15:22:56,
