tool,device,variant,cpu_threads,case_id,size,blobiness,porosity_target,porosity,nnodes,knob_name,knob,tau,tau_ref,rel_error,time_s,tau_spread,repeats,stop_reason,host,measured_at,note
tortuosity,cpu,matrixfree-hostcg,16,n200_b050_p020,200,0.5,0.2,0.161462,1291692,iters,1,0.013407973,33.93155464,0.9996048524,0.1051775229,0,3,,pmeal-hpc,2026-09-02T10:32:53,
tortuosity,cpu,matrixfree-hostcg,16,n200_b050_p020,200,0.5,0.2,0.161462,1291692,iters,2,0.01769770547,33.93155464,0.9994784293,0.117673791,0,3,,pmeal-hpc,2026-09-02T10:32:53,
tortuosity,cpu,matrixfree-hostcg,16,n200_b050_p020,200,0.5,0.2,0.161462,1291692,iters,3,0.02953242466,33.93155464,0.9991296472,0.1282035368,0,3,,pmeal-hpc,2026-09-02T10:32:53,
tortuosity,cpu,matrixfree-hostcg,16,n200_b050_p020,200,0.5,0.2,0.161462,1291692,iters,6,0.1690558001,33.93155464,0.9950177408,0.1534049159,0,3,,pmeal-hpc,2026-09-02T10:32:53,
tortuosity,cpu,matrixfree-hostcg,16,n200_b050_p020,200,0.5,0.2,0.161462,1291692,iters,10,0.3169537485,33.93155464,0.9906590266,0.1836035699,0,3,,pmeal-hpc,2026-09-02T10:32:53,
tortuosity,cpu,matrixfree-hostcg,16,n200_b050_p020,200,0.5,0.2,0.161462,1291692,iters,18,16.01569067,33.93155464,0.528000092,0.2448750387,0,3,,pmeal-hpc,2026-09-02T10:32:53,
tortuosity,cpu,matrixfree-hostcg,16,n200_b050_p020,200,0.5,0.2,0.161462,1291692,iters,33,24.54361294,33.93155464,0.2766729023,0.3606544386,0,3,,pmeal-hpc,2026-09-02T10:32:53,
tortuosity,cpu,matrixfree-hostcg,16,n200_b050_p020,200,0.5,0.2,0.161462,1291692,iters,59,33.89919722,33.93155464,0.0009536085117,0.5621093886,0,3,target_reached,pmeal-hpc,2026-09-02T10:32:53,
tortuosity,cpu,matrixfree-hostcg,16,n200_b050_p040,200,0.5,0.4,0.399036,3192287,iters,1,0.02024749777,2.920079096,0.9930661132,0.2034274531,0,3,,pmeal-hpc,2026-09-02T10:32:58,
tortuosity,cpu,matrixfree-hostcg,16,n200_b050_p040,200,0.5,0.4,0.399036,3192287,iters,2,0.02554956137,2.920079096,0.9912503872,0.2282400199,0,3,,pmeal-hpc,2026-09-02T10:32:58,
tortuosity,cpu,matrixfree-hostcg,16,n200_b050_p040,200,0.5,0.4,0.399036,3192287,iters,3,0.04648375977,2.920079096,0.9840813354,0.2455041569,0,3,,pmeal-hpc,2026-09-02T10:32:58,
tortuosity,cpu,matrixfree-hostcg,16,n200_b050_p040,200,0.5,0.4,0.399036,3192287,iters,6,0.253558663,2.920079096,0.9131671936,0.303591074,0,3,,pmeal-hpc,2026-09-02T10:32:58,
tortuosity,cpu,matrixfree-hostcg,16,n200_b050_p040,200,0.5,0.4,0.399036,3192287,iters,10,0.4263783753,2.920079096,0.8539839637,0.3832852668,0,3,,pmeal-hpc,2026-09-02T10:32:58,
tortuosity,cpu,matrixfree-hostcg,16,n200_b050_p040,200,0.5,0.4,0.399036,3192287,iters,18,3.135382641,2.920079096,0.07373209353,0.529293709,0,3,,pmeal-hpc,2026-09-02T10:32:58,
tortuosity,cpu,matrixfree-hostcg,16,n200_b050_p040,200,0.5,0.4,0.399036,3192287,iters,33,2.901489994,2.920079096,0.006365958336,0.814387107,0,3,,pmeal-hpc,2026-09-02T10:32:58,
tortuosity,cpu,matrixfree-hostcg,16,n200_b050_p040,200,0.5,0.4,0.399036,3192287,iters,59,2.919902785,2.920079096,6.037899048e-05,1.277478084,0,3,target_reached,pmeal-hpc,2026-09-02T10:32:58,
tortuosity,cpu,matrixfree-hostcg,16,n200_b050_p060,200,0.5,0.6,0.609627,4877016,iters,1,0.02208611676,1.551550164,0.9857651288,0.4088689291,0,3,,pmeal-hpc,2026-09-02T10:33:06,
tortuosity,cpu,matrixfree-hostcg,16,n200_b050_p060,200,0.5,0.6,0.609627,4877016,iters,2,0.02813998554,1.551550164,0.9818633092,0.44649931,0,3,,pmeal-hpc,2026-09-02T10:33:06,
tortuosity,cpu,matrixfree-hostcg,16,n200_b050_p060,200,0.5,0.6,0.609627,4877016,iters,3,0.05304721691,1.551550164,0.9658101825,0.4851729451,0,3,,pmeal-hpc,2026-09-02T10:33:06,
tortuosity,cpu,matrixfree-hostcg,16,n200_b050_p060,200,0.5,0.6,0.609627,4877016,iters,6,0.2691302455,1.551550164,0.8265410609,0.5860413089,0,3,,pmeal-hpc,2026-09-02T10:33:06,
tortuosity,cpu,matrixfree-hostcg,16,n200_b050_p060,200,0.5,0.6,0.609627,4877016,iters,10,0.4128119984,1.551550164,0.7339357708,0.7181487591,0,3,,pmeal-hpc,2026-09-02T10:33:06,
tortuosity,cpu,matrixfree-hostcg,16,n200_b050_p060,200,0.5,0.6,0.609627,4877016,iters,18,1.845381358,1.551550164,0.1893791133,1.019082946,0,3,,pmeal-hpc,2026-09-02T10:33:06,
tortuosity,cpu,matrixfree-hostcg,16,n200_b050_p060,200,0.5,0.6,0.609627,4877016,iters,33,1.548878552,1.551550164,0.001721898636,1.54489411,0,3,,pmeal-hpc,2026-09-02T10:33:06,
tortuosity,cpu,matrixfree-hostcg,16,n200_b050_p060,200,0.5,0.6,0.609627,4877016,iters,59,1.551574742,1.551550164,1.584092067e-05,2.540505935,0,3,target_reached,pmeal-hpc,2026-09-02T10:33:06,
tortuosity,cpu,matrixfree-hostcg,16,n200_b050_p080,200,0.5,0.8,0.81175,6494003,iters,1,0.0229840809,1.170581237,0.9803652406,0.5079331801,0,3,,pmeal-hpc,2026-09-02T10:33:16,
tortuosity,cpu,matrixfree-hostcg,16,n200_b050_p080,200,0.5,0.8,0.81175,6494003,iters,2,0.02965501228,1.170581237,0.974666421,0.5515527581,0,3,,pmeal-hpc,2026-09-02T10:33:16,
tortuosity,cpu,matrixfree-hostcg,16,n200_b050_p080,200,0.5,0.8,0.81175,6494003,iters,3,0.05627423984,1.170581237,0.9519262414,0.5977187951,0,3,,pmeal-hpc,2026-09-02T10:33:16,
tortuosity,cpu,matrixfree-hostcg,16,n200_b050_p080,200,0.5,0.8,0.81175,6494003,iters,6,0.2742790833,1.170581237,0.7656898346,0.7382400001,0,3,,pmeal-hpc,2026-09-02T10:33:16,
tortuosity,cpu,matrixfree-hostcg,16,n200_b050_p080,200,0.5,0.8,0.81175,6494003,iters,10,0.4019666957,1.170581237,0.6566093126,0.9239337731,0,3,,pmeal-hpc,2026-09-02T10:33:16,
tortuosity,cpu,matrixfree-hostcg,16,n200_b050_p080,200,0.5,0.8,0.81175,6494003,iters,18,1.452897418,1.170581237,0.2411760692,1.251357938,0,3,,pmeal-hpc,2026-09-02T10:33:16,
tortuosity,cpu,matrixfree-hostcg,16,n200_b050_p080,200,0.5,0.8,0.81175,6494003,iters,33,1.168742541,1.170581237,0.001570755061,1.89525137,0,3,,pmeal-hpc,2026-09-02T10:33:16,
tortuosity,cpu,matrixfree-hostcg,16,n200_b050_p080,200,0.5,0.8,0.81175,6494003,iters,59,1.170526179,1.170581237,4.703482804e-05,2.998770578,0,3,target_reached,pmeal-hpc,2026-09-02T10:33:16,
tortuosity,cpu,matrixfree-hostcg,16,n200_b050_p095,200,0.5,0.95,0.948977,7591813,iters,1,0.02291451984,1.035044249,0.9778613138,0.578233405,0,3,,pmeal-hpc,2026-09-02T10:33:27,
tortuosity,cpu,matrixfree-hostcg,16,n200_b050_p095,200,0.5,0.95,0.948977,7591813,iters,2,0.03001561884,1.035044249,0.9710006419,0.6318450109,0,3,,pmeal-hpc,2026-09-02T10:33:27,
tortuosity,cpu,matrixfree-hostcg,16,n200_b050_p095,200,0.5,0.95,0.948977,7591813,iters,3,0.05752595498,1.035044249,0.9444217433,0.683079313,0,3,,pmeal-hpc,2026-09-02T10:33:27,
tortuosity,cpu,matrixfree-hostcg,16,n200_b050_p095,200,0.5,0.95,0.948977,7591813,iters,6,0.2729197983,1.035044249,0.7363206466,0.831887068,0,3,,pmeal-hpc,2026-09-02T10:33:27,
tortuosity,cpu,matrixfree-hostcg,16,n200_b050_p095,200,0.5,0.95,0.948977,7591813,iters,10,0.3940111215,1.035044249,0.6193292008,1.024814243,0,3,,pmeal-hpc,2026-09-02T10:33:27,
tortuosity,cpu,matrixfree-hostcg,16,n200_b050_p095,200,0.5,0.95,0.948977,7591813,iters,18,1.33217765,1.035044249,0.2870731385,1.426914048,0,3,,pmeal-hpc,2026-09-02T10:33:27,
tortuosity,cpu,matrixfree-hostcg,16,n200_b050_p095,200,0.5,0.95,0.948977,7591813,iters,33,1.033179201,1.035044249,0.001801902076,2.130586303,0,3,,pmeal-hpc,2026-09-02T10:33:27,
tortuosity,cpu,matrixfree-hostcg,16,n200_b050_p095,200,0.5,0.95,0.948977,7591813,iters,59,1.035055554,1.035044249,1.092260261e-05,3.438047752,0,3,target_reached,pmeal-hpc,2026-09-02T10:33:27,
tortuosity,cpu,matrixfree-hostcg,16,n200_b100_p020,200,1,0.2,0.171209,1369672,iters,1,0.01820014193,13.93255227,0.9986936965,0.092332297,0,3,,pmeal-hpc,2026-09-02T10:33:30,
tortuosity,cpu,matrixfree-hostcg,16,n200_b100_p020,200,1,0.2,0.171209,1369672,iters,2,0.02420039184,13.93255227,0.9982630324,0.1026957778,0,3,,pmeal-hpc,2026-09-02T10:33:30,
tortuosity,cpu,matrixfree-hostcg,16,n200_b100_p020,200,1,0.2,0.171209,1369672,iters,3,0.03822872346,13.93255227,0.9972561579,0.1118359198,0,3,,pmeal-hpc,2026-09-02T10:33:30,
tortuosity,cpu,matrixfree-hostcg,16,n200_b100_p020,200,1,0.2,0.171209,1369672,iters,6,0.2471166845,13.93255227,0.9822633585,0.1353471279,0,3,,pmeal-hpc,2026-09-02T10:33:30,
tortuosity,cpu,matrixfree-hostcg,16,n200_b100_p020,200,1,0.2,0.171209,1369672,iters,10,0.4542835164,13.93255227,0.9673940921,0.1668729349,0,3,,pmeal-hpc,2026-09-02T10:33:30,
tortuosity,cpu,matrixfree-hostcg,16,n200_b100_p020,200,1,0.2,0.171209,1369672,iters,18,4.46968803,13.93255227,0.6791910094,0.2313769409,0,3,,pmeal-hpc,2026-09-02T10:33:30,
tortuosity,cpu,matrixfree-hostcg,16,n200_b100_p020,200,1,0.2,0.171209,1369672,iters,33,11.20781749,13.93255227,0.1955660909,0.353762225,0,3,,pmeal-hpc,2026-09-02T10:33:30,
tortuosity,cpu,matrixfree-hostcg,16,n200_b100_p020,200,1,0.2,0.171209,1369672,iters,59,13.58647992,13.93255227,0.02483912123,0.5634146151,0,3,,pmeal-hpc,2026-09-02T10:33:30,
tortuosity,cpu,matrixfree-hostcg,16,n200_b100_p020,200,1,0.2,0.171209,1369672,iters,106,13.94219842,13.93255227,0.0006923462717,0.9505801131,0,3,target_reached,pmeal-hpc,2026-09-02T10:33:30,
tortuosity,cpu,matrixfree-hostcg,16,n200_b100_p040,200,1,0.4,0.399225,3193802,iters,1,0.02006940086,2.644709479,0.9924114913,0.2613031061,0,3,,pmeal-hpc,2026-09-02T10:33:34,
tortuosity,cpu,matrixfree-hostcg,16,n200_b100_p040,200,1,0.4,0.399225,3193802,iters,2,0.02583520871,2.644709479,0.9902313623,0.280673234,0,3,,pmeal-hpc,2026-09-02T10:33:34,
tortuosity,cpu,matrixfree-hostcg,16,n200_b100_p040,200,1,0.4,0.399225,3193802,iters,3,0.04439032246,2.644709479,0.9832154258,0.300146258,0,3,,pmeal-hpc,2026-09-02T10:33:34,
tortuosity,cpu,matrixfree-hostcg,16,n200_b100_p040,200,1,0.4,0.399225,3193802,iters,6,0.2592983192,2.644709479,0.9019558401,0.3602743009,0,3,,pmeal-hpc,2026-09-02T10:33:34,
tortuosity,cpu,matrixfree-hostcg,16,n200_b100_p040,200,1,0.4,0.399225,3193802,iters,10,0.4317912697,2.644709479,0.8367339501,0.4397154928,0,3,,pmeal-hpc,2026-09-02T10:33:34,
tortuosity,cpu,matrixfree-hostcg,16,n200_b100_p040,200,1,0.4,0.399225,3193802,iters,18,2.305422893,2.644709479,0.1282887926,0.5929334357,0,3,,pmeal-hpc,2026-09-02T10:33:34,
tortuosity,cpu,matrixfree-hostcg,16,n200_b100_p040,200,1,0.4,0.399225,3193802,iters,33,2.64470982,2.644709479,1.291051441e-07,0.8884079265,0,3,target_reached,pmeal-hpc,2026-09-02T10:33:34,
tortuosity,cpu,matrixfree-hostcg,16,n200_b100_p060,200,1,0.6,0.603465,4827722,iters,1,0.0226530243,1.571435764,0.9855845051,0.3183500019,0,3,,pmeal-hpc,2026-09-02T10:33:42,
tortuosity,cpu,matrixfree-hostcg,16,n200_b100_p060,200,1,0.6,0.603465,4827722,iters,2,0.0290742041,1.571435764,0.9814983184,0.3601651508,0,3,,pmeal-hpc,2026-09-02T10:33:42,
tortuosity,cpu,matrixfree-hostcg,16,n200_b100_p060,200,1,0.6,0.603465,4827722,iters,3,0.05157679795,1.571435764,0.9671785515,0.3960299958,0,3,,pmeal-hpc,2026-09-02T10:33:42,
tortuosity,cpu,matrixfree-hostcg,16,n200_b100_p060,200,1,0.6,0.603465,4827722,iters,6,0.2707126083,1.571435764,0.8277291287,0.5120243449,0,3,,pmeal-hpc,2026-09-02T10:33:42,
tortuosity,cpu,matrixfree-hostcg,16,n200_b100_p060,200,1,0.6,0.603465,4827722,iters,10,0.4251953095,1.571435764,0.7294224051,0.6797052799,0,3,,pmeal-hpc,2026-09-02T10:33:42,
tortuosity,cpu,matrixfree-hostcg,16,n200_b100_p060,200,1,0.6,0.603465,4827722,iters,18,1.654315017,1.571435764,0.05274110153,0.9802895698,0,3,,pmeal-hpc,2026-09-02T10:33:42,
tortuosity,cpu,matrixfree-hostcg,16,n200_b100_p060,200,1,0.6,0.603465,4827722,iters,33,1.577212019,1.571435764,0.003675781913,1.545430363,0,3,,pmeal-hpc,2026-09-02T10:33:42,
tortuosity,cpu,matrixfree-hostcg,16,n200_b100_p060,200,1,0.6,0.603465,4827722,iters,59,1.571166501,1.571435764,0.0001713485454,2.528817437,0,3,target_reached,pmeal-hpc,2026-09-02T10:33:42,
tortuosity,cpu,matrixfree-hostcg,16,n200_b100_p080,200,1,0.8,0.80445,6435598,iters,1,0.02345960257,1.193638864,0.9803461472,0.4146281378,0,3,,pmeal-hpc,2026-09-02T10:33:49,
tortuosity,cpu,matrixfree-hostcg,16,n200_b100_p080,200,1,0.8,0.80445,6435598,iters,2,0.03030905067,1.193638864,0.9746078554,0.4578192909,0,3,,pmeal-hpc,2026-09-02T10:33:49,
tortuosity,cpu,matrixfree-hostcg,16,n200_b100_p080,200,1,0.8,0.80445,6435598,iters,3,0.05490838792,1.193638864,0.9539991621,0.507232588,0,3,,pmeal-hpc,2026-09-02T10:33:49,
tortuosity,cpu,matrixfree-hostcg,16,n200_b100_p080,200,1,0.8,0.80445,6435598,iters,6,0.2745829674,1.193638864,0.7699614384,0.6433895032,0,3,,pmeal-hpc,2026-09-02T10:33:49,
tortuosity,cpu,matrixfree-hostcg,16,n200_b100_p080,200,1,0.8,0.80445,6435598,iters,10,0.4037210962,1.193638864,0.661772829,0.8357716359,0,3,,pmeal-hpc,2026-09-02T10:33:49,
tortuosity,cpu,matrixfree-hostcg,16,n200_b100_p080,200,1,0.8,0.80445,6435598,iters,18,1.382652882,1.193638864,0.1583510923,1.194273628,0,3,,pmeal-hpc,2026-09-02T10:33:49,
tortuosity,cpu,matrixfree-hostcg,16,n200_b100_p080,200,1,0.8,0.80445,6435598,iters,33,1.192689031,1.193638864,0.0007957461194,1.831915475,0,3,target_reached,pmeal-hpc,2026-09-02T10:33:49,
tortuosity,cpu,matrixfree-hostcg,16,n200_b100_p095,200,1,0.95,0.949833,7598661,iters,1,0.0228226093,1.040405134,0.9780637287,0.451984477,0,3,,pmeal-hpc,2026-09-02T10:33:59,
tortuosity,cpu,matrixfree-hostcg,16,n200_b100_p095,200,1,0.95,0.949833,7598661,iters,2,0.02983890243,1.040405134,0.97131992,0.50287916,0,3,,pmeal-hpc,2026-09-02T10:33:59,
tortuosity,cpu,matrixfree-hostcg,16,n200_b100_p095,200,1,0.95,0.949833,7598661,iters,3,0.05572577184,1.040405134,0.9464383921,0.5517285441,0,3,,pmeal-hpc,2026-09-02T10:33:59,
tortuosity,cpu,matrixfree-hostcg,16,n200_b100_p095,200,1,0.95,0.949833,7598661,iters,6,0.2688818471,1.040405134,0.741560438,0.6996054549,0,3,,pmeal-hpc,2026-09-02T10:33:59,
tortuosity,cpu,matrixfree-hostcg,16,n200_b100_p095,200,1,0.95,0.949833,7598661,iters,10,0.3873004307,1.040405134,0.627740754,0.8901102308,0,3,,pmeal-hpc,2026-09-02T10:33:59,
tortuosity,cpu,matrixfree-hostcg,16,n200_b100_p095,200,1,0.95,0.949833,7598661,iters,18,1.303340151,1.040405134,0.2527236827,1.281194959,0,3,,pmeal-hpc,2026-09-02T10:33:59,
tortuosity,cpu,matrixfree-hostcg,16,n200_b100_p095,200,1,0.95,0.949833,7598661,iters,33,1.038784696,1.040405134,0.001557506856,2.033845318,0,3,,pmeal-hpc,2026-09-02T10:33:59,
tortuosity,cpu,matrixfree-hostcg,16,n200_b100_p095,200,1,0.95,0.949833,7598661,iters,59,1.040418504,1.040405134,1.285030405e-05,3.340892873,0,3,target_reached,pmeal-hpc,2026-09-02T10:33:59,
tortuosity,cpu,matrixfree-hostcg,16,n200_b200_p020,200,2,0.2,0.187312,1498500,iters,1,0.02014482396,13.5328383,0.9985114118,0.144589561,0,3,,pmeal-hpc,2026-09-02T10:34:08,
tortuosity,cpu,matrixfree-hostcg,16,n200_b200_p020,200,2,0.2,0.187312,1498500,iters,2,0.02634241466,13.5328383,0.998053445,0.1676739692,0,3,,pmeal-hpc,2026-09-02T10:34:08,
tortuosity,cpu,matrixfree-hostcg,16,n200_b200_p020,200,2,0.2,0.187312,1498500,iters,3,0.04100793261,13.5328383,0.9969697464,0.1834049171,0,3,,pmeal-hpc,2026-09-02T10:34:08,
tortuosity,cpu,matrixfree-hostcg,16,n200_b200_p020,200,2,0.2,0.187312,1498500,iters,6,0.2955616204,13.5328383,0.9781596725,0.232677626,0,3,,pmeal-hpc,2026-09-02T10:34:08,
tortuosity,cpu,matrixfree-hostcg,16,n200_b200_p020,200,2,0.2,0.187312,1498500,iters,10,0.6389587131,13.5328383,0.9527845749,0.2880068431,0,3,,pmeal-hpc,2026-09-02T10:34:08,
tortuosity,cpu,matrixfree-hostcg,16,n200_b200_p020,200,2,0.2,0.187312,1498500,iters,18,3.293023689,13.5328383,0.7566642255,0.3984880641,0,3,,pmeal-hpc,2026-09-02T10:34:08,
tortuosity,cpu,matrixfree-hostcg,16,n200_b200_p020,200,2,0.2,0.187312,1498500,iters,33,8.211024878,13.5328383,0.3932518297,0.5866581541,0,3,,pmeal-hpc,2026-09-02T10:34:08,
tortuosity,cpu,matrixfree-hostcg,16,n200_b200_p020,200,2,0.2,0.187312,1498500,iters,59,11.99624764,13.5328383,0.113545335,0.9209806931,0,3,,pmeal-hpc,2026-09-02T10:34:08,
tortuosity,cpu,matrixfree-hostcg,16,n200_b200_p020,200,2,0.2,0.187312,1498500,iters,106,13.55251895,13.5328383,0.001454288605,1.515761927,0,3,,pmeal-hpc,2026-09-02T10:34:08,
tortuosity,cpu,matrixfree-hostcg,16,n200_b200_p020,200,2,0.2,0.187312,1498500,iters,189,13.53323131,13.5328383,2.904155043e-05,2.561865345,0,3,target_reached,pmeal-hpc,2026-09-02T10:34:08,
tortuosity,cpu,matrixfree-hostcg,16,n200_b200_p040,200,2,0.4,0.398236,3185884,iters,1,0.02176402797,2.755382291,0.9921012674,0.2434584631,0,3,,pmeal-hpc,2026-09-02T10:34:17,
tortuosity,cpu,matrixfree-hostcg,16,n200_b200_p040,200,2,0.4,0.398236,3185884,iters,2,0.02812956392,2.755382291,0.9897910486,0.2841335651,0,3,,pmeal-hpc,2026-09-02T10:34:17,
tortuosity,cpu,matrixfree-hostcg,16,n200_b200_p040,200,2,0.4,0.398236,3185884,iters,3,0.04596147106,2.755382291,0.983319385,0.3163893691,0,3,,pmeal-hpc,2026-09-02T10:34:17,
tortuosity,cpu,matrixfree-hostcg,16,n200_b200_p040,200,2,0.4,0.398236,3185884,iters,6,0.2721763825,2.755382291,0.9012201017,0.4036350071,0,3,,pmeal-hpc,2026-09-02T10:34:17,
tortuosity,cpu,matrixfree-hostcg,16,n200_b200_p040,200,2,0.4,0.398236,3185884,iters,10,0.5096128431,2.755382291,0.8150482259,0.5043677159,0,3,,pmeal-hpc,2026-09-02T10:34:17,
tortuosity,cpu,matrixfree-hostcg,16,n200_b200_p040,200,2,0.4,0.398236,3185884,iters,18,1.781335037,2.755382291,0.3535071184,0.701330831,0,3,,pmeal-hpc,2026-09-02T10:34:17,
tortuosity,cpu,matrixfree-hostcg,16,n200_b200_p040,200,2,0.4,0.398236,3185884,iters,33,2.706424306,2.755382291,0.01776812774,1.084400435,0,3,,pmeal-hpc,2026-09-02T10:34:17,
tortuosity,cpu,matrixfree-hostcg,16,n200_b200_p040,200,2,0.4,0.398236,3185884,iters,59,2.743974371,2.755382291,0.00414023125,1.733866467,0,3,,pmeal-hpc,2026-09-02T10:34:17,
tortuosity,cpu,matrixfree-hostcg,16,n200_b200_p040,200,2,0.4,0.398236,3185884,iters,106,2.755793012,2.755382291,0.0001490612426,2.918126654,0,3,target_reached,pmeal-hpc,2026-09-02T10:34:17,
tortuosity,cpu,matrixfree-hostcg,16,n200_b200_p060,200,2,0.6,0.600363,4802905,iters,1,0.0234408242,1.645395218,0.9857536816,0.355424328,0,3,,pmeal-hpc,2026-09-02T10:34:23,
tortuosity,cpu,matrixfree-hostcg,16,n200_b200_p060,200,2,0.6,0.600363,4802905,iters,2,0.03022262851,1.645395218,0.9816319944,0.3889684521,0,3,,pmeal-hpc,2026-09-02T10:34:23,
tortuosity,cpu,matrixfree-hostcg,16,n200_b200_p060,200,2,0.6,0.600363,4802905,iters,3,0.05033269093,1.645395218,0.9694099689,0.4266235912,0,3,,pmeal-hpc,2026-09-02T10:34:23,
tortuosity,cpu,matrixfree-hostcg,16,n200_b200_p060,200,2,0.6,0.600363,4802905,iters,6,0.2716194336,1.645395218,0.8349214641,0.5550021003,0,3,,pmeal-hpc,2026-09-02T10:34:23,
tortuosity,cpu,matrixfree-hostcg,16,n200_b200_p060,200,2,0.6,0.600363,4802905,iters,10,0.4563912185,1.645395218,0.7226251702,0.7169586595,0,3,,pmeal-hpc,2026-09-02T10:34:23,
tortuosity,cpu,matrixfree-hostcg,16,n200_b200_p060,200,2,0.6,0.600363,4802905,iters,18,1.394232991,1.645395218,0.152645531,1.059695747,0,3,,pmeal-hpc,2026-09-02T10:34:23,
tortuosity,cpu,matrixfree-hostcg,16,n200_b200_p060,200,2,0.6,0.600363,4802905,iters,33,1.645618389,1.645395218,0.0001356336724,1.677977263,0,3,target_reached,pmeal-hpc,2026-09-02T10:34:23,
tortuosity,cpu,matrixfree-hostcg,16,n200_b200_p080,200,2,0.8,0.800969,6407751,iters,1,0.0237019247,1.226770933,0.980679421,0.435557453,0,3,,pmeal-hpc,2026-09-02T10:34:33,
tortuosity,cpu,matrixfree-hostcg,16,n200_b200_p080,200,2,0.8,0.800969,6407751,iters,2,0.03059302291,1.226770933,0.9750621554,0.4823429631,0,3,,pmeal-hpc,2026-09-02T10:34:33,
tortuosity,cpu,matrixfree-hostcg,16,n200_b200_p080,200,2,0.8,0.800969,6407751,iters,3,0.05234921919,1.226770933,0.9573276332,0.5245087061,0,3,,pmeal-hpc,2026-09-02T10:34:33,
tortuosity,cpu,matrixfree-hostcg,16,n200_b200_p080,200,2,0.8,0.800969,6407751,iters,6,0.2698879787,1.226770933,0.7800013259,0.6497343772,0,3,,pmeal-hpc,2026-09-02T10:34:33,
tortuosity,cpu,matrixfree-hostcg,16,n200_b200_p080,200,2,0.8,0.800969,6407751,iters,10,0.4079144212,1.226770933,0.667489333,0.8100230412,0,3,,pmeal-hpc,2026-09-02T10:34:33,
tortuosity,cpu,matrixfree-hostcg,16,n200_b200_p080,200,2,0.8,0.800969,6407751,iters,18,1.268363666,1.226770933,0.03390423769,1.173121936,0,3,,pmeal-hpc,2026-09-02T10:34:33,
tortuosity,cpu,matrixfree-hostcg,16,n200_b200_p080,200,2,0.8,0.800969,6407751,iters,33,1.224793232,1.226770933,0.001612119597,1.817178626,0,3,,pmeal-hpc,2026-09-02T10:34:33,
tortuosity,cpu,matrixfree-hostcg,16,n200_b200_p080,200,2,0.8,0.800969,6407751,iters,59,1.226818544,1.226770933,3.881029046e-05,2.963617908,0,3,target_reached,pmeal-hpc,2026-09-02T10:34:33,
tortuosity,cpu,matrixfree-hostcg,16,n200_b200_p095,200,2,0.95,0.950886,7607091,iters,1,0.02286227044,1.045952896,0.9781421606,0.5101814,0,3,,pmeal-hpc,2026-09-02T10:34:44,
tortuosity,cpu,matrixfree-hostcg,16,n200_b200_p095,200,2,0.95,0.950886,7607091,iters,2,0.02977085479,1.045952896,0.971537098,0.5646054761,0,3,,pmeal-hpc,2026-09-02T10:34:44,
tortuosity,cpu,matrixfree-hostcg,16,n200_b200_p095,200,2,0.95,0.950886,7607091,iters,3,0.05359354017,1.045952896,0.9487610385,0.6213514812,0,3,,pmeal-hpc,2026-09-02T10:34:44,
tortuosity,cpu,matrixfree-hostcg,16,n200_b200_p095,200,2,0.95,0.950886,7607091,iters,6,0.2649473888,1.045952896,0.7466928101,0.771446645,0,3,,pmeal-hpc,2026-09-02T10:34:44,
tortuosity,cpu,matrixfree-hostcg,16,n200_b200_p095,200,2,0.95,0.950886,7607091,iters,10,0.3806420145,1.045952896,0.6360811123,0.9835655661,0,3,,pmeal-hpc,2026-09-02T10:34:44,
tortuosity,cpu,matrixfree-hostcg,16,n200_b200_p095,200,2,0.95,0.950886,7607091,iters,18,1.26512607,1.045952896,0.2095440199,1.380815961,0,3,,pmeal-hpc,2026-09-02T10:34:44,
tortuosity,cpu,matrixfree-hostcg,16,n200_b200_p095,200,2,0.95,0.950886,7607091,iters,33,1.043283536,1.045952896,0.002552084422,2.133828089,0,3,,pmeal-hpc,2026-09-02T10:34:44,
tortuosity,cpu,matrixfree-hostcg,16,n200_b200_p095,200,2,0.95,0.950886,7607091,iters,59,1.04596846,1.045952896,1.488058529e-05,3.387152514,0,3,target_reached,pmeal-hpc,2026-09-02T10:34:44,
tortuosity,cpu,matrixfree-hostcg,16,n400_b050_p020,400,0.5,0.2,0.168664,10794487,iters,1,0.00810854435,9.103906374,0.9991093335,0.9278169461,0,3,,pmeal-hpc,2026-09-02T10:35:10,
tortuosity,cpu,matrixfree-hostcg,16,n400_b050_p020,400,0.5,0.2,0.168664,10794487,iters,2,0.0107822337,9.103906374,0.9988156476,0.9937360492,0,3,,pmeal-hpc,2026-09-02T10:35:10,
tortuosity,cpu,matrixfree-hostcg,16,n400_b050_p020,400,0.5,0.2,0.168664,10794487,iters,3,0.0205580121,9.103906374,0.9977418472,1.069085458,0,3,,pmeal-hpc,2026-09-02T10:35:10,
tortuosity,cpu,matrixfree-hostcg,16,n400_b050_p020,400,0.5,0.2,0.168664,10794487,iters,6,0.1025920285,9.103906374,0.9887309882,1.271025083,0,3,,pmeal-hpc,2026-09-02T10:35:10,
tortuosity,cpu,matrixfree-hostcg,16,n400_b050_p020,400,0.5,0.2,0.168664,10794487,iters,10,0.1949109795,9.103906374,0.9785904016,1.551694518,0,3,,pmeal-hpc,2026-09-02T10:35:10,
tortuosity,cpu,matrixfree-hostcg,16,n400_b050_p020,400,0.5,0.2,0.168664,10794487,iters,18,36.57618754,9.103906374,3.01763661,2.102087032,0,3,,pmeal-hpc,2026-09-02T10:35:10,
tortuosity,cpu,matrixfree-hostcg,16,n400_b050_p020,400,0.5,0.2,0.168664,10794487,iters,33,8.19749829,9.103906374,0.09956254457,3.122448317,0,3,,pmeal-hpc,2026-09-02T10:35:10,
tortuosity,cpu,matrixfree-hostcg,16,n400_b050_p020,400,0.5,0.2,0.168664,10794487,iters,59,9.138405646,9.103906374,0.003789502044,4.877732528,0,3,,pmeal-hpc,2026-09-02T10:35:10,
tortuosity,cpu,matrixfree-hostcg,16,n400_b050_p020,400,0.5,0.2,0.168664,10794487,iters,106,9.107367168,9.103906374,0.0003801438916,8.090714863,0,3,target_reached,pmeal-hpc,2026-09-02T10:35:10,
tortuosity,cpu,matrixfree-hostcg,16,n400_b050_p040,400,0.5,0.4,0.391726,25070495,iters,1,0.008441465146,2.60655752,0.9967614507,1.386711232,0,3,,pmeal-hpc,2026-09-02T10:35:51,
tortuosity,cpu,matrixfree-hostcg,16,n400_b050_p040,400,0.5,0.4,0.391726,25070495,iters,2,0.01018057846,2.60655752,0.9960942437,1.503338984,0,3,,pmeal-hpc,2026-09-02T10:35:51,
tortuosity,cpu,matrixfree-hostcg,16,n400_b050_p040,400,0.5,0.4,0.391726,25070495,iters,3,0.01378566504,2.60655752,0.9947111602,1.614751452,0,3,,pmeal-hpc,2026-09-02T10:35:51,
tortuosity,cpu,matrixfree-hostcg,16,n400_b050_p040,400,0.5,0.4,0.391726,25070495,iters,6,0.08687798506,2.60655752,0.9666694541,1.963066131,0,3,,pmeal-hpc,2026-09-02T10:35:51,
tortuosity,cpu,matrixfree-hostcg,16,n400_b050_p040,400,0.5,0.4,0.391726,25070495,iters,10,0.1328969939,2.60655752,0.9490143636,2.407314809,0,3,,pmeal-hpc,2026-09-02T10:35:51,
tortuosity,cpu,matrixfree-hostcg,16,n400_b050_p040,400,0.5,0.4,0.391726,25070495,iters,18,-4.30007716,2.60655752,2.649715046,3.295612401,-0,3,,pmeal-hpc,2026-09-02T10:35:51,
tortuosity,cpu,matrixfree-hostcg,16,n400_b050_p040,400,0.5,0.4,0.391726,25070495,iters,33,2.483408667,2.60655752,0.0472457838,4.994993659,0,3,,pmeal-hpc,2026-09-02T10:35:51,
tortuosity,cpu,matrixfree-hostcg,16,n400_b050_p040,400,0.5,0.4,0.391726,25070495,iters,59,2.60325681,2.60655752,0.001266310118,7.926834903,0,3,,pmeal-hpc,2026-09-02T10:35:51,
tortuosity,cpu,matrixfree-hostcg,16,n400_b050_p040,400,0.5,0.4,0.391726,25070495,iters,106,2.606490176,2.60655752,2.583625118e-05,13.19094239,0,3,target_reached,pmeal-hpc,2026-09-02T10:35:51,
tortuosity,cpu,matrixfree-hostcg,16,n400_b050_p060,400,0.5,0.6,0.60417,38666899,iters,1,0.00962178886,1.563851568,0.9938473772,2.135960615,0,3,,pmeal-hpc,2026-09-02T10:36:29,
tortuosity,cpu,matrixfree-hostcg,16,n400_b050_p060,400,0.5,0.6,0.60417,38666899,iters,2,0.01161439889,1.563851568,0.9925732089,2.304579697,0,3,,pmeal-hpc,2026-09-02T10:36:29,
tortuosity,cpu,matrixfree-hostcg,16,n400_b050_p060,400,0.5,0.6,0.60417,38666899,iters,3,0.01595692833,1.563851568,0.989796392,2.473420711,0,3,,pmeal-hpc,2026-09-02T10:36:29,
tortuosity,cpu,matrixfree-hostcg,16,n400_b050_p060,400,0.5,0.6,0.60417,38666899,iters,6,0.09775529421,1.563851568,0.9374906825,2.980239347,0,3,,pmeal-hpc,2026-09-02T10:36:29,
tortuosity,cpu,matrixfree-hostcg,16,n400_b050_p060,400,0.5,0.6,0.60417,38666899,iters,10,0.1437490878,1.563851568,0.9080800949,3.657799583,0,3,,pmeal-hpc,2026-09-02T10:36:29,
tortuosity,cpu,matrixfree-hostcg,16,n400_b050_p060,400,0.5,0.6,0.60417,38666899,iters,18,11.59169709,1.563851568,6.412274497,5.008311881,0,3,,pmeal-hpc,2026-09-02T10:36:29,
tortuosity,cpu,matrixfree-hostcg,16,n400_b050_p060,400,0.5,0.6,0.60417,38666899,iters,33,1.508315078,1.563851568,0.03551263514,7.571788008,0,3,,pmeal-hpc,2026-09-02T10:36:29,
tortuosity,cpu,matrixfree-hostcg,16,n400_b050_p060,400,0.5,0.6,0.60417,38666899,iters,59,1.563152745,1.563851568,0.0004468602515,11.97259299,0,3,target_reached,pmeal-hpc,2026-09-02T10:36:29,
tortuosity,cpu,matrixfree-hostcg,16,n400_b050_p080,400,0.5,0.8,0.809146,51785369,iters,1,0.01030549196,1.177273609,0.9912463068,2.429008935,0,3,,pmeal-hpc,2026-09-02T10:37:16,
tortuosity,cpu,matrixfree-hostcg,16,n400_b050_p080,400,0.5,0.8,0.809146,51785369,iters,2,0.01245804931,1.177273609,0.9894178811,2.658935951,0,3,,pmeal-hpc,2026-09-02T10:37:16,
tortuosity,cpu,matrixfree-hostcg,16,n400_b050_p080,400,0.5,0.8,0.809146,51785369,iters,3,0.01778643217,1.177273609,0.984891845,2.888198932,0,3,,pmeal-hpc,2026-09-02T10:37:16,
tortuosity,cpu,matrixfree-hostcg,16,n400_b050_p080,400,0.5,0.8,0.809146,51785369,iters,6,0.1048427697,1.177273609,0.9109444322,3.545384046,0,3,,pmeal-hpc,2026-09-02T10:37:16,
tortuosity,cpu,matrixfree-hostcg,16,n400_b050_p080,400,0.5,0.8,0.809146,51785369,iters,10,0.1482476721,1.177273609,0.8740754307,4.42459489,0,3,,pmeal-hpc,2026-09-02T10:37:16,
tortuosity,cpu,matrixfree-hostcg,16,n400_b050_p080,400,0.5,0.8,0.809146,51785369,iters,18,3.3914658,1.177273609,1.880779603,6.169054778,0,3,,pmeal-hpc,2026-09-02T10:37:16,
tortuosity,cpu,matrixfree-hostcg,16,n400_b050_p080,400,0.5,0.8,0.809146,51785369,iters,33,1.145016644,1.177273609,0.02739971836,9.44622944,0,3,,pmeal-hpc,2026-09-02T10:37:16,
tortuosity,cpu,matrixfree-hostcg,16,n400_b050_p080,400,0.5,0.8,0.809146,51785369,iters,59,1.176652207,1.177273609,0.0005278313698,15.10419637,0,3,target_reached,pmeal-hpc,2026-09-02T10:37:16,
tortuosity,cpu,matrixfree-hostcg,16,n400_b050_p095,400,0.5,0.95,0.949928,60795412,iters,1,0.01032882505,1.038538585,0.9900544619,2.743513127,0,3,,pmeal-hpc,2026-09-02T10:38:10,
tortuosity,cpu,matrixfree-hostcg,16,n400_b050_p095,400,0.5,0.95,0.949928,60795412,iters,2,0.01248891217,1.038538585,0.9879745323,2.987475881,0,3,,pmeal-hpc,2026-09-02T10:38:10,
tortuosity,cpu,matrixfree-hostcg,16,n400_b050_p095,400,0.5,0.95,0.949928,60795412,iters,3,0.01901804682,1.038538585,0.9816876839,3.237220867,0,3,,pmeal-hpc,2026-09-02T10:38:10,
tortuosity,cpu,matrixfree-hostcg,16,n400_b050_p095,400,0.5,0.95,0.949928,60795412,iters,6,0.1061014614,1.038538585,0.8978358022,3.984693733,0,3,,pmeal-hpc,2026-09-02T10:38:10,
tortuosity,cpu,matrixfree-hostcg,16,n400_b050_p095,400,0.5,0.95,0.949928,60795412,iters,10,0.1475031325,1.038538585,0.8579704841,4.982851438,0,3,,pmeal-hpc,2026-09-02T10:38:10,
tortuosity,cpu,matrixfree-hostcg,16,n400_b050_p095,400,0.5,0.95,0.949928,60795412,iters,18,2.703625957,1.038538585,1.603298516,7.001519367,0,3,,pmeal-hpc,2026-09-02T10:38:10,
tortuosity,cpu,matrixfree-hostcg,16,n400_b050_p095,400,0.5,0.95,0.949928,60795412,iters,33,1.016145496,1.038538585,0.02156211595,10.74938604,0,3,,pmeal-hpc,2026-09-02T10:38:10,
tortuosity,cpu,matrixfree-hostcg,16,n400_b050_p095,400,0.5,0.95,0.949928,60795412,iters,59,1.038426357,1.038538585,0.0001080632525,17.23014936,0,3,target_reached,pmeal-hpc,2026-09-02T10:38:10,
tortuosity,cpu,matrixfree-hostcg,16,n400_b100_p020,400,1,0.2,0.183379,11736271,iters,1,0.008280758211,10.24145804,0.9991914473,0.775967506,0,3,,pmeal-hpc,2026-09-02T10:38:32,
tortuosity,cpu,matrixfree-hostcg,16,n400_b100_p020,400,1,0.2,0.183379,11736271,iters,2,0.009907773179,10.24145804,0.9990325818,0.833039586,0,3,,pmeal-hpc,2026-09-02T10:38:32,
tortuosity,cpu,matrixfree-hostcg,16,n400_b100_p020,400,1,0.2,0.183379,11736271,iters,3,0.01281570475,10.24145804,0.9987486445,0.8937800059,0,3,,pmeal-hpc,2026-09-02T10:38:32,
tortuosity,cpu,matrixfree-hostcg,16,n400_b100_p020,400,1,0.2,0.183379,11736271,iters,6,0.08249026572,10.24145804,0.9919454568,1.063400447,0,3,,pmeal-hpc,2026-09-02T10:38:32,
tortuosity,cpu,matrixfree-hostcg,16,n400_b100_p020,400,1,0.2,0.183379,11736271,iters,10,0.1382597036,10.24145804,0.986499998,1.299068043,0,3,,pmeal-hpc,2026-09-02T10:38:32,
tortuosity,cpu,matrixfree-hostcg,16,n400_b100_p020,400,1,0.2,0.183379,11736271,iters,18,-3.748407947,10.24145804,1.36600335,1.762027993,-0,3,,pmeal-hpc,2026-09-02T10:38:32,
tortuosity,cpu,matrixfree-hostcg,16,n400_b100_p020,400,1,0.2,0.183379,11736271,iters,33,8.558931303,10.24145804,0.1642858595,2.635519242,0,3,,pmeal-hpc,2026-09-02T10:38:32,
tortuosity,cpu,matrixfree-hostcg,16,n400_b100_p020,400,1,0.2,0.183379,11736271,iters,59,10.26539101,10.24145804,0.002336871091,4.144867456,0,3,,pmeal-hpc,2026-09-02T10:38:32,
tortuosity,cpu,matrixfree-hostcg,16,n400_b100_p020,400,1,0.2,0.183379,11736271,iters,106,10.24760692,10.24145804,0.0006003914701,6.863791656,0,3,target_reached,pmeal-hpc,2026-09-02T10:38:32,
tortuosity,cpu,matrixfree-hostcg,16,n400_b100_p040,400,1,0.4,0.394417,25242705,iters,1,0.009596792001,2.558566376,0.9962491526,1.534592115,0,3,,pmeal-hpc,2026-09-02T10:38:58,
tortuosity,cpu,matrixfree-hostcg,16,n400_b100_p040,400,1,0.4,0.394417,25242705,iters,2,0.01150865424,2.558566376,0.995501913,1.648521757,0,3,,pmeal-hpc,2026-09-02T10:38:58,
tortuosity,cpu,matrixfree-hostcg,16,n400_b100_p040,400,1,0.4,0.394417,25242705,iters,3,0.01457040005,2.558566376,0.9943052484,1.759675444,0,3,,pmeal-hpc,2026-09-02T10:38:58,
tortuosity,cpu,matrixfree-hostcg,16,n400_b100_p040,400,1,0.4,0.394417,25242705,iters,6,0.09252824983,2.558566376,0.9638359002,2.100338998,0,3,,pmeal-hpc,2026-09-02T10:38:58,
tortuosity,cpu,matrixfree-hostcg,16,n400_b100_p040,400,1,0.4,0.394417,25242705,iters,10,0.1477672504,2.558566376,0.9422460751,2.548180981,0,3,,pmeal-hpc,2026-09-02T10:38:58,
tortuosity,cpu,matrixfree-hostcg,16,n400_b100_p040,400,1,0.4,0.394417,25242705,iters,18,-73.32428737,2.558566376,29.6583487,3.455489728,-0,3,,pmeal-hpc,2026-09-02T10:38:58,
tortuosity,cpu,matrixfree-hostcg,16,n400_b100_p040,400,1,0.4,0.394417,25242705,iters,33,2.47947228,2.558566376,0.03091344309,5.145419248,0,3,,pmeal-hpc,2026-09-02T10:38:58,
tortuosity,cpu,matrixfree-hostcg,16,n400_b100_p040,400,1,0.4,0.394417,25242705,iters,59,2.557464807,2.558566376,0.000430541356,8.062645066,0,3,target_reached,pmeal-hpc,2026-09-02T10:38:58,
tortuosity,cpu,matrixfree-hostcg,16,n400_b100_p060,400,1,0.6,0.602502,38560157,iters,1,0.01055108506,1.558485087,0.9932299095,2.150630943,0,3,,pmeal-hpc,2026-09-02T10:39:35,
tortuosity,cpu,matrixfree-hostcg,16,n400_b100_p060,400,1,0.6,0.602502,38560157,iters,2,0.01265389366,1.558485087,0.991880645,2.318511132,0,3,,pmeal-hpc,2026-09-02T10:39:35,
tortuosity,cpu,matrixfree-hostcg,16,n400_b100_p060,400,1,0.6,0.602502,38560157,iters,3,0.01608585021,1.558485087,0.9896785344,2.484156713,0,3,,pmeal-hpc,2026-09-02T10:39:35,
tortuosity,cpu,matrixfree-hostcg,16,n400_b100_p060,400,1,0.6,0.602502,38560157,iters,6,0.1000192114,1.558485087,0.9358227985,2.984716805,0,3,,pmeal-hpc,2026-09-02T10:39:35,
tortuosity,cpu,matrixfree-hostcg,16,n400_b100_p060,400,1,0.6,0.602502,38560157,iters,10,0.1523424373,1.558485087,0.9022496663,3.655837349,0,3,,pmeal-hpc,2026-09-02T10:39:35,
tortuosity,cpu,matrixfree-hostcg,16,n400_b100_p060,400,1,0.6,0.602502,38560157,iters,18,4.881622999,1.558485087,2.13228727,5.009031887,0,3,,pmeal-hpc,2026-09-02T10:39:35,
tortuosity,cpu,matrixfree-hostcg,16,n400_b100_p060,400,1,0.6,0.602502,38560157,iters,33,1.520898726,1.558485087,0.02411724105,7.527729162,0,3,,pmeal-hpc,2026-09-02T10:39:35,
tortuosity,cpu,matrixfree-hostcg,16,n400_b100_p060,400,1,0.6,0.602502,38560157,iters,59,1.557926436,1.558485087,0.0003584579616,11.93309739,0,3,target_reached,pmeal-hpc,2026-09-02T10:39:35,
tortuosity,cpu,matrixfree-hostcg,16,n400_b100_p080,400,1,0.8,0.807589,51685723,iters,1,0.01103816299,1.175919941,0.9906131679,2.724096229,0,3,,pmeal-hpc,2026-09-02T10:40:23,
tortuosity,cpu,matrixfree-hostcg,16,n400_b100_p080,400,1,0.8,0.807589,51685723,iters,2,0.01326698039,1.175919941,0.988717786,2.939439308,0,3,,pmeal-hpc,2026-09-02T10:40:23,
tortuosity,cpu,matrixfree-hostcg,16,n400_b100_p080,400,1,0.8,0.807589,51685723,iters,3,0.01724862603,1.175919941,0.9853318024,3.157159235,0,3,,pmeal-hpc,2026-09-02T10:40:23,
tortuosity,cpu,matrixfree-hostcg,16,n400_b100_p080,400,1,0.8,0.807589,51685723,iters,6,0.106231337,1.175919941,0.9096610804,3.82516641,0,3,,pmeal-hpc,2026-09-02T10:40:23,
tortuosity,cpu,matrixfree-hostcg,16,n400_b100_p080,400,1,0.8,0.807589,51685723,iters,10,0.1531034295,1.175919941,0.8698011453,4.68429996,0,3,,pmeal-hpc,2026-09-02T10:40:23,
tortuosity,cpu,matrixfree-hostcg,16,n400_b100_p080,400,1,0.8,0.807589,51685723,iters,18,2.655447582,1.175919941,1.25818739,6.422016448,0,3,,pmeal-hpc,2026-09-02T10:40:23,
tortuosity,cpu,matrixfree-hostcg,16,n400_b100_p080,400,1,0.8,0.807589,51685723,iters,33,1.148058618,1.175919941,0.02369321385,9.676532844,0,3,,pmeal-hpc,2026-09-02T10:40:23,
tortuosity,cpu,matrixfree-hostcg,16,n400_b100_p080,400,1,0.8,0.807589,51685723,iters,59,1.175556781,1.175919941,0.0003088307376,15.31051115,0,3,target_reached,pmeal-hpc,2026-09-02T10:40:23,
tortuosity,cpu,matrixfree-hostcg,16,n400_b100_p095,400,1,0.95,0.950994,60863603,iters,1,0.01084229054,1.036462383,0.9895391374,3.054046147,0,3,,pmeal-hpc,2026-09-02T10:41:17,
tortuosity,cpu,matrixfree-hostcg,16,n400_b100_p095,400,1,0.95,0.950994,60863603,iters,2,0.01307486627,1.036462383,0.9873851029,3.310412572,0,3,,pmeal-hpc,2026-09-02T10:41:17,
tortuosity,cpu,matrixfree-hostcg,16,n400_b100_p095,400,1,0.95,0.950994,60863603,iters,3,0.0182089295,1.036462383,0.9824316543,3.558925392,0,3,,pmeal-hpc,2026-09-02T10:41:17,
tortuosity,cpu,matrixfree-hostcg,16,n400_b100_p095,400,1,0.95,0.950994,60863603,iters,6,0.108090195,1.036462383,0.8957123802,4.302923507,0,3,,pmeal-hpc,2026-09-02T10:41:17,
tortuosity,cpu,matrixfree-hostcg,16,n400_b100_p095,400,1,0.95,0.950994,60863603,iters,10,0.1502275664,1.036462383,0.8550573866,5.272359111,0,3,,pmeal-hpc,2026-09-02T10:41:17,
tortuosity,cpu,matrixfree-hostcg,16,n400_b100_p095,400,1,0.95,0.950994,60863603,iters,18,2.42147798,1.036462383,1.336291234,7.247835797,0,3,,pmeal-hpc,2026-09-02T10:41:17,
tortuosity,cpu,matrixfree-hostcg,16,n400_b100_p095,400,1,0.95,0.950994,60863603,iters,33,1.010682796,1.036462383,0.02487266992,10.97429872,0,3,,pmeal-hpc,2026-09-02T10:41:17,
tortuosity,cpu,matrixfree-hostcg,16,n400_b100_p095,400,1,0.95,0.950994,60863603,iters,59,1.036403746,1.036462383,5.65745128e-05,17.41537727,0,3,target_reached,pmeal-hpc,2026-09-02T10:41:17,
tortuosity,cpu,matrixfree-hostcg,16,n400_b200_p020,400,2,0.2,0.18948,12126729,iters,1,0.008265386005,10.76863104,0.9992324571,0.856384536,0,3,,pmeal-hpc,2026-09-02T10:41:58,
tortuosity,cpu,matrixfree-hostcg,16,n400_b200_p020,400,2,0.2,0.18948,12126729,iters,2,0.009909710827,10.76863104,0.9990797613,0.9203026721,0,3,,pmeal-hpc,2026-09-02T10:41:58,
tortuosity,cpu,matrixfree-hostcg,16,n400_b200_p020,400,2,0.2,0.18948,12126729,iters,3,0.01275542506,10.76863104,0.9988155017,0.9853873409,0,3,,pmeal-hpc,2026-09-02T10:41:58,
tortuosity,cpu,matrixfree-hostcg,16,n400_b200_p020,400,2,0.2,0.18948,12126729,iters,6,0.07920026305,10.76863104,0.9926452803,1.176451516,0,3,,pmeal-hpc,2026-09-02T10:41:58,
tortuosity,cpu,matrixfree-hostcg,16,n400_b200_p020,400,2,0.2,0.18948,12126729,iters,10,0.1539569391,10.76863104,0.9857032023,1.424954765,0,3,,pmeal-hpc,2026-09-02T10:41:58,
tortuosity,cpu,matrixfree-hostcg,16,n400_b200_p020,400,2,0.2,0.18948,12126729,iters,18,18.8142523,10.76863104,0.7471350104,1.950113572,0,3,,pmeal-hpc,2026-09-02T10:41:58,
tortuosity,cpu,matrixfree-hostcg,16,n400_b200_p020,400,2,0.2,0.18948,12126729,iters,33,8.151139489,10.76863104,0.2430663231,2.908080606,0,3,,pmeal-hpc,2026-09-02T10:41:58,
tortuosity,cpu,matrixfree-hostcg,16,n400_b200_p020,400,2,0.2,0.18948,12126729,iters,59,10.68477419,10.76863104,0.007787141256,4.586337196,0,3,,pmeal-hpc,2026-09-02T10:41:58,
tortuosity,cpu,matrixfree-hostcg,16,n400_b200_p020,400,2,0.2,0.18948,12126729,iters,106,10.78990079,10.76863104,0.001975158088,7.625522172,0,3,,pmeal-hpc,2026-09-02T10:41:58,
tortuosity,cpu,matrixfree-hostcg,16,n400_b200_p020,400,2,0.2,0.18948,12126729,iters,189,10.76896185,10.76863104,3.071988497e-05,12.98031844,0,3,target_reached,pmeal-hpc,2026-09-02T10:41:58,
tortuosity,cpu,matrixfree-hostcg,16,n400_b200_p040,400,2,0.4,0.399236,25551094,iters,1,0.009843876904,2.608420127,0.9962261153,1.53613747,0,3,,pmeal-hpc,2026-09-02T10:42:42,
tortuosity,cpu,matrixfree-hostcg,16,n400_b200_p040,400,2,0.4,0.399236,25551094,iters,2,0.01178545754,2.608420127,0.9954817641,1.654436548,0,3,,pmeal-hpc,2026-09-02T10:42:42,
tortuosity,cpu,matrixfree-hostcg,16,n400_b200_p040,400,2,0.4,0.399236,25551094,iters,3,0.01472238259,2.608420127,0.9943558239,1.772623653,0,3,,pmeal-hpc,2026-09-02T10:42:42,
tortuosity,cpu,matrixfree-hostcg,16,n400_b200_p040,400,2,0.4,0.399236,25551094,iters,6,0.08869600823,2.608420127,0.9659962721,2.156635127,0,3,,pmeal-hpc,2026-09-02T10:42:42,
tortuosity,cpu,matrixfree-hostcg,16,n400_b200_p040,400,2,0.4,0.399236,25551094,iters,10,0.1566073943,2.608420127,0.9399608243,2.630141929,0,3,,pmeal-hpc,2026-09-02T10:42:42,
tortuosity,cpu,matrixfree-hostcg,16,n400_b200_p040,400,2,0.4,0.399236,25551094,iters,18,4.609628476,2.608420127,0.7672108984,3.588283007,0,3,,pmeal-hpc,2026-09-02T10:42:42,
tortuosity,cpu,matrixfree-hostcg,16,n400_b200_p040,400,2,0.4,0.399236,25551094,iters,33,2.569691161,2.608420127,0.01484767176,5.380935032,0,3,,pmeal-hpc,2026-09-02T10:42:42,
tortuosity,cpu,matrixfree-hostcg,16,n400_b200_p040,400,2,0.4,0.399236,25551094,iters,59,2.605472637,2.608420127,0.001129990689,8.498084569,0,3,,pmeal-hpc,2026-09-02T10:42:42,
tortuosity,cpu,matrixfree-hostcg,16,n400_b200_p040,400,2,0.4,0.399236,25551094,iters,106,2.608759166,2.608420127,0.0001299785263,14.16363438,0,3,target_reached,pmeal-hpc,2026-09-02T10:42:42,
tortuosity,cpu,matrixfree-hostcg,16,n400_b200_p060,400,2,0.6,0.601874,38519921,iters,1,0.01102108735,1.574940918,0.9930022217,2.193369076,0,3,,pmeal-hpc,2026-09-02T10:43:20,
tortuosity,cpu,matrixfree-hostcg,16,n400_b200_p060,400,2,0.6,0.601874,38519921,iters,2,0.01316957536,1.574940918,0.9916380512,2.361836711,0,3,,pmeal-hpc,2026-09-02T10:43:20,
tortuosity,cpu,matrixfree-hostcg,16,n400_b200_p060,400,2,0.6,0.601874,38519921,iters,3,0.01624377148,1.574940918,0.9896861074,2.529384573,0,3,,pmeal-hpc,2026-09-02T10:43:20,
tortuosity,cpu,matrixfree-hostcg,16,n400_b200_p060,400,2,0.6,0.601874,38519921,iters,6,0.0975481858,1.574940918,0.9380623205,3.031380981,0,3,,pmeal-hpc,2026-09-02T10:43:20,
tortuosity,cpu,matrixfree-hostcg,16,n400_b200_p060,400,2,0.6,0.601874,38519921,iters,10,0.1602029627,1.574940918,0.8982800175,3.707743222,0,3,,pmeal-hpc,2026-09-02T10:43:20,
tortuosity,cpu,matrixfree-hostcg,16,n400_b200_p060,400,2,0.6,0.601874,38519921,iters,18,2.422723509,1.574940918,0.538294854,5.07481931,0,3,,pmeal-hpc,2026-09-02T10:43:20,
tortuosity,cpu,matrixfree-hostcg,16,n400_b200_p060,400,2,0.6,0.601874,38519921,iters,33,1.559181262,1.574940918,0.01000650606,7.691464773,0,3,,pmeal-hpc,2026-09-02T10:43:20,
tortuosity,cpu,matrixfree-hostcg,16,n400_b200_p060,400,2,0.6,0.601874,38519921,iters,59,1.573971238,1.574940918,0.0006156932049,12.18467794,0,3,target_reached,pmeal-hpc,2026-09-02T10:43:20,
tortuosity,cpu,matrixfree-hostcg,16,n400_b200_p080,400,2,0.8,0.802397,51353403,iters,1,0.01155585142,1.199127461,0.9903631167,2.463798359,0,3,,pmeal-hpc,2026-09-02T10:44:08,
tortuosity,cpu,matrixfree-hostcg,16,n400_b200_p080,400,2,0.8,0.802397,51353403,iters,2,0.01379969732,1.199127461,0.9884918845,2.686388372,0,3,,pmeal-hpc,2026-09-02T10:44:08,
tortuosity,cpu,matrixfree-hostcg,16,n400_b200_p080,400,2,0.8,0.802397,51353403,iters,3,0.01711398959,1.199127461,0.9857279646,2.908132468,0,3,,pmeal-hpc,2026-09-02T10:44:08,
tortuosity,cpu,matrixfree-hostcg,16,n400_b200_p080,400,2,0.8,0.802397,51353403,iters,6,0.1060515523,1.199127461,0.9115593999,3.561243712,0,3,,pmeal-hpc,2026-09-02T10:44:08,
tortuosity,cpu,matrixfree-hostcg,16,n400_b200_p080,400,2,0.8,0.802397,51353403,iters,10,0.1589968655,1.199127461,0.867406201,4.417550314,0,3,,pmeal-hpc,2026-09-02T10:44:08,
tortuosity,cpu,matrixfree-hostcg,16,n400_b200_p080,400,2,0.8,0.802397,51353403,iters,18,1.889046865,1.199127461,0.575351184,6.148866939,0,3,,pmeal-hpc,2026-09-02T10:44:08,
tortuosity,cpu,matrixfree-hostcg,16,n400_b200_p080,400,2,0.8,0.802397,51353403,iters,33,1.178981679,1.199127461,0.0168003675,9.414700201,0,3,,pmeal-hpc,2026-09-02T10:44:08,
tortuosity,cpu,matrixfree-hostcg,16,n400_b200_p080,400,2,0.8,0.802397,51353403,iters,59,1.198796206,1.199127461,0.0002762464015,15.04561957,0,3,target_reached,pmeal-hpc,2026-09-02T10:44:08,
tortuosity,cpu,matrixfree-hostcg,16,n400_b200_p095,400,2,0.95,0.950293,60818722,iters,1,0.01121881804,1.041214741,0.9892252601,2.765941231,0,3,,pmeal-hpc,2026-09-02T10:45:02,
tortuosity,cpu,matrixfree-hostcg,16,n400_b200_p095,400,2,0.95,0.950293,60818722,iters,2,0.01345764675,1.041214741,0.9870750516,3.013617292,0,3,,pmeal-hpc,2026-09-02T10:45:02,
tortuosity,cpu,matrixfree-hostcg,16,n400_b200_p095,400,2,0.95,0.950293,60818722,iters,3,0.0175575245,1.041214741,0.9831374607,3.258729298,0,3,,pmeal-hpc,2026-09-02T10:45:02,
tortuosity,cpu,matrixfree-hostcg,16,n400_b200_p095,400,2,0.95,0.950293,60818722,iters,6,0.1092294428,1.041214741,0.8950942217,3.996051447,0,3,,pmeal-hpc,2026-09-02T10:45:02,
tortuosity,cpu,matrixfree-hostcg,16,n400_b200_p095,400,2,0.95,0.950293,60818722,iters,10,0.1526886436,1.041214741,0.8533552805,4.976250555,0,3,,pmeal-hpc,2026-09-02T10:45:02,
tortuosity,cpu,matrixfree-hostcg,16,n400_b200_p095,400,2,0.95,0.950293,60818722,iters,18,2.017100284,1.041214741,0.9372567489,6.943164393,0,3,,pmeal-hpc,2026-09-02T10:45:02,
tortuosity,cpu,matrixfree-hostcg,16,n400_b200_p095,400,2,0.95,0.950293,60818722,iters,33,1.019105522,1.041214741,0.02123406296,10.64034491,0,3,,pmeal-hpc,2026-09-02T10:45:02,
tortuosity,cpu,matrixfree-hostcg,16,n400_b200_p095,400,2,0.95,0.950293,60818722,iters,59,1.041027154,1.041214741,0.0001801613728,17.09873165,0,3,target_reached,pmeal-hpc,2026-09-02T10:45:02,
tortuosity,cpu,matrixfree-hostcg,16,n600_b050_p020,600,0.5,0.2,0.156443,33791688,iters,1,0.005144284613,23.43955199,0.9997805297,2.408936076,0,3,,pmeal-hpc,2026-09-02T10:46:06,
tortuosity,cpu,matrixfree-hostcg,16,n600_b050_p020,600,0.5,0.2,0.156443,33791688,iters,2,0.006217688087,23.43955199,0.9997347352,2.584194537,0,3,,pmeal-hpc,2026-09-02T10:46:06,
tortuosity,cpu,matrixfree-hostcg,16,n600_b050_p020,600,0.5,0.2,0.156443,33791688,iters,3,0.008293616242,23.43955199,0.99964617,2.755812241,0,3,,pmeal-hpc,2026-09-02T10:46:06,
tortuosity,cpu,matrixfree-hostcg,16,n600_b050_p020,600,0.5,0.2,0.156443,33791688,iters,6,0.05312710171,23.43955199,0.9977334421,3.273998906,0,3,,pmeal-hpc,2026-09-02T10:46:06,
tortuosity,cpu,matrixfree-hostcg,16,n600_b050_p020,600,0.5,0.2,0.156443,33791688,iters,10,0.08573983454,23.43955199,0.9963420873,3.975786693,0,3,,pmeal-hpc,2026-09-02T10:46:06,
tortuosity,cpu,matrixfree-hostcg,16,n600_b050_p020,600,0.5,0.2,0.156443,33791688,iters,18,-0.9421523751,23.43955199,1.040194982,5.35000394,-0,3,,pmeal-hpc,2026-09-02T10:46:06,
tortuosity,cpu,matrixfree-hostcg,16,n600_b050_p020,600,0.5,0.2,0.156443,33791688,iters,33,8.278217313,23.43955199,0.6468269822,7.973174167,0,3,,pmeal-hpc,2026-09-02T10:46:06,
tortuosity,cpu,matrixfree-hostcg,16,n600_b050_p020,600,0.5,0.2,0.156443,33791688,iters,59,21.5093867,23.43955199,0.08234650952,12.49054393,0,3,,pmeal-hpc,2026-09-02T10:46:06,
tortuosity,cpu,matrixfree-hostcg,16,n600_b050_p020,600,0.5,0.2,0.156443,33791688,iters,106,23.4194982,23.43955199,0.0008555536624,20.60490984,0,3,target_reached,pmeal-hpc,2026-09-02T10:46:06,
tortuosity,cpu,matrixfree-hostcg,16,n600_b050_p040,600,0.5,0.4,0.393651,85028549,iters,1,0.005300625723,2.911720482,0.9981795554,4.714623231,0,3,,pmeal-hpc,2026-09-02T10:48:25,
tortuosity,cpu,matrixfree-hostcg,16,n600_b050_p040,600,0.5,0.4,0.393651,85028549,iters,2,0.006406629047,2.911720482,0.9977997101,5.121505474,0,3,,pmeal-hpc,2026-09-02T10:48:25,
tortuosity,cpu,matrixfree-hostcg,16,n600_b050_p040,600,0.5,0.4,0.393651,85028549,iters,3,0.008966963084,2.911720482,0.9969203901,5.492446548,0,3,,pmeal-hpc,2026-09-02T10:48:25,
tortuosity,cpu,matrixfree-hostcg,16,n600_b050_p040,600,0.5,0.4,0.393651,85028549,iters,6,0.05580979544,2.911720482,0.9808327084,6.664827025,0,3,,pmeal-hpc,2026-09-02T10:48:25,
tortuosity,cpu,matrixfree-hostcg,16,n600_b050_p040,600,0.5,0.4,0.393651,85028549,iters,10,0.08429103522,2.911720482,0.971051124,8.204650068,0,3,,pmeal-hpc,2026-09-02T10:48:25,
tortuosity,cpu,matrixfree-hostcg,16,n600_b050_p040,600,0.5,0.4,0.393651,85028549,iters,18,-1.156692068,2.911720482,1.397253814,11.33248974,-0,3,,pmeal-hpc,2026-09-02T10:48:25,
tortuosity,cpu,matrixfree-hostcg,16,n600_b050_p040,600,0.5,0.4,0.393651,85028549,iters,33,2.538706101,2.911720482,0.1281078949,17.16593929,0,3,,pmeal-hpc,2026-09-02T10:48:25,
tortuosity,cpu,matrixfree-hostcg,16,n600_b050_p040,600,0.5,0.4,0.393651,85028549,iters,59,2.902641112,2.911720482,0.003118214686,27.11570477,0,3,,pmeal-hpc,2026-09-02T10:48:25,
tortuosity,cpu,matrixfree-hostcg,16,n600_b050_p040,600,0.5,0.4,0.393651,85028549,iters,106,2.91067424,2.911720482,0.0003593209314,45.17963035,0,3,target_reached,pmeal-hpc,2026-09-02T10:48:25,
tortuosity,cpu,matrixfree-hostcg,16,n600_b050_p060,600,0.5,0.6,0.603327,130318526,iters,1,0.006313754988,1.644772466,0.9961613201,6.356866445,0,3,,pmeal-hpc,2026-09-02T10:50:24,
tortuosity,cpu,matrixfree-hostcg,16,n600_b050_p060,600,0.5,0.6,0.603327,130318526,iters,2,0.007737891525,1.644772466,0.9952954638,6.883331273,0,3,,pmeal-hpc,2026-09-02T10:50:24,
tortuosity,cpu,matrixfree-hostcg,16,n600_b050_p060,600,0.5,0.6,0.603327,130318526,iters,3,0.01010925716,1.644772466,0.9938537048,7.41487973,0,3,,pmeal-hpc,2026-09-02T10:50:24,
tortuosity,cpu,matrixfree-hostcg,16,n600_b050_p060,600,0.5,0.6,0.603327,130318526,iters,6,0.05484325288,1.644772466,0.9666560245,9.008742089,0,3,,pmeal-hpc,2026-09-02T10:50:24,
tortuosity,cpu,matrixfree-hostcg,16,n600_b050_p060,600,0.5,0.6,0.603327,130318526,iters,10,0.07782359896,1.644772466,0.9526842767,11.1972237,0,3,,pmeal-hpc,2026-09-02T10:50:24,
tortuosity,cpu,matrixfree-hostcg,16,n600_b050_p060,600,0.5,0.6,0.603327,130318526,iters,18,-0.4892354688,1.644772466,1.297448722,15.46432179,-0,3,,pmeal-hpc,2026-09-02T10:50:24,
tortuosity,cpu,matrixfree-hostcg,16,n600_b050_p060,600,0.5,0.6,0.603327,130318526,iters,33,1.406182442,1.644772466,0.1450595929,23.4695999,0,3,,pmeal-hpc,2026-09-02T10:50:24,
tortuosity,cpu,matrixfree-hostcg,16,n600_b050_p060,600,0.5,0.6,0.603327,130318526,iters,59,1.6452042,1.644772466,0.0002624883194,38.04134478,0,3,target_reached,pmeal-hpc,2026-09-02T10:50:24,
tortuosity,cpu,matrixfree-hostcg,16,n600_b050_p080,600,0.5,0.8,0.801395,173101417,iters,1,0.007027954365,1.207519104,0.99417984,7.518889031,0,3,,pmeal-hpc,2026-09-02T10:52:52,
tortuosity,cpu,matrixfree-hostcg,16,n600_b050_p080,600,0.5,0.8,0.801395,173101417,iters,2,0.008628894741,1.207519104,0.9928540305,8.196984096,0,3,,pmeal-hpc,2026-09-02T10:52:52,
tortuosity,cpu,matrixfree-hostcg,16,n600_b050_p080,600,0.5,0.8,0.801395,173101417,iters,3,0.01148103389,1.207519104,0.9904920478,8.873344385,0,3,,pmeal-hpc,2026-09-02T10:52:52,
tortuosity,cpu,matrixfree-hostcg,16,n600_b050_p080,600,0.5,0.8,0.801395,173101417,iters,6,0.06078503555,1.207519104,0.9496612225,10.89965013,0,3,,pmeal-hpc,2026-09-02T10:52:52,
tortuosity,cpu,matrixfree-hostcg,16,n600_b050_p080,600,0.5,0.8,0.801395,173101417,iters,10,0.08454988704,1.207519104,0.9299804974,14.01108625,0,3,,pmeal-hpc,2026-09-02T10:52:52,
tortuosity,cpu,matrixfree-hostcg,16,n600_b050_p080,600,0.5,0.8,0.801395,173101417,iters,18,-0.6677847665,1.207519104,1.553022113,19.54992576,-0,3,,pmeal-hpc,2026-09-02T10:52:52,
tortuosity,cpu,matrixfree-hostcg,16,n600_b050_p080,600,0.5,0.8,0.801395,173101417,iters,33,1.07574911,1.207519104,0.1091245622,29.73740129,0,3,,pmeal-hpc,2026-09-02T10:52:52,
tortuosity,cpu,matrixfree-hostcg,16,n600_b050_p080,600,0.5,0.8,0.801395,173101417,iters,59,1.207885751,1.207519104,0.0003036367169,47.79076555,0,3,target_reached,pmeal-hpc,2026-09-02T10:52:52,
tortuosity,cpu,matrixfree-hostcg,16,n600_b050_p095,600,0.5,0.95,0.949611,205116041,iters,1,0.007198809428,1.036289257,0.9930532818,8.987614366,0,3,,pmeal-hpc,2026-09-02T10:55:41,
tortuosity,cpu,matrixfree-hostcg,16,n600_b050_p095,600,0.5,0.95,0.949611,205116041,iters,2,0.008839962004,1.036289257,0.9914695999,9.778998415,0,3,,pmeal-hpc,2026-09-02T10:55:41,
tortuosity,cpu,matrixfree-hostcg,16,n600_b050_p095,600,0.5,0.95,0.949611,205116041,iters,3,0.01189218262,1.036289257,0.9885242633,10.55533836,0,3,,pmeal-hpc,2026-09-02T10:55:41,
tortuosity,cpu,matrixfree-hostcg,16,n600_b050_p095,600,0.5,0.95,0.949611,205116041,iters,6,0.06231061153,1.036289257,0.9398714103,12.88205311,0,3,,pmeal-hpc,2026-09-02T10:55:41,
tortuosity,cpu,matrixfree-hostcg,16,n600_b050_p095,600,0.5,0.95,0.949611,205116041,iters,10,0.08574061797,1.036289257,0.9172618867,16.02106393,0,3,,pmeal-hpc,2026-09-02T10:55:41,
tortuosity,cpu,matrixfree-hostcg,16,n600_b050_p095,600,0.5,0.95,0.949611,205116041,iters,18,-0.7728764658,1.036289257,1.74581152,22.25760851,-0,3,,pmeal-hpc,2026-09-02T10:55:41,
tortuosity,cpu,matrixfree-hostcg,16,n600_b050_p095,600,0.5,0.95,0.949611,205116041,iters,33,0.9323330857,1.036289257,0.1003157859,33.90057725,0,3,,pmeal-hpc,2026-09-02T10:55:41,
tortuosity,cpu,matrixfree-hostcg,16,n600_b050_p095,600,0.5,0.95,0.949611,205116041,iters,59,1.036350204,1.036289257,5.881299616e-05,54.79414289,0,3,target_reached,pmeal-hpc,2026-09-02T10:55:41,
tortuosity,cpu,matrixfree-hostcg,16,n600_b100_p020,600,1,0.2,0.186121,40202032,iters,1,0.005483333852,12.53312864,0.9995624928,2.473547417,0,3,,pmeal-hpc,2026-09-02T10:57:45,
tortuosity,cpu,matrixfree-hostcg,16,n600_b100_p020,600,1,0.2,0.186121,40202032,iters,2,0.0065828593,12.53312864,0.9994747633,2.673769628,0,3,,pmeal-hpc,2026-09-02T10:57:45,
tortuosity,cpu,matrixfree-hostcg,16,n600_b100_p020,600,1,0.2,0.186121,40202032,iters,3,0.008369255237,12.53312864,0.9993322294,2.887340013,0,3,,pmeal-hpc,2026-09-02T10:57:45,
tortuosity,cpu,matrixfree-hostcg,16,n600_b100_p020,600,1,0.2,0.186121,40202032,iters,6,0.05370255404,12.53312864,0.9957151518,3.484781659,0,3,,pmeal-hpc,2026-09-02T10:57:45,
tortuosity,cpu,matrixfree-hostcg,16,n600_b100_p020,600,1,0.2,0.186121,40202032,iters,10,0.0868979698,12.53312864,0.9930665381,4.289220408,0,3,,pmeal-hpc,2026-09-02T10:57:45,
tortuosity,cpu,matrixfree-hostcg,16,n600_b100_p020,600,1,0.2,0.186121,40202032,iters,18,-1.264770413,12.53312864,1.100914181,5.863443986,-0,3,,pmeal-hpc,2026-09-02T10:57:45,
tortuosity,cpu,matrixfree-hostcg,16,n600_b100_p020,600,1,0.2,0.186121,40202032,iters,33,6.149191105,12.53312864,0.5093650371,8.808647658,0,3,,pmeal-hpc,2026-09-02T10:57:45,
tortuosity,cpu,matrixfree-hostcg,16,n600_b100_p020,600,1,0.2,0.186121,40202032,iters,59,11.9191548,12.53312864,0.04898807474,13.97653045,0,3,,pmeal-hpc,2026-09-02T10:57:45,
tortuosity,cpu,matrixfree-hostcg,16,n600_b100_p020,600,1,0.2,0.186121,40202032,iters,106,12.49867658,12.53312864,0.002748879152,23.26239996,0,3,,pmeal-hpc,2026-09-02T10:57:45,
tortuosity,cpu,matrixfree-hostcg,16,n600_b100_p020,600,1,0.2,0.186121,40202032,iters,189,12.53269233,12.53312864,3.481242758e-05,39.61094819,0,3,target_reached,pmeal-hpc,2026-09-02T10:57:45,
tortuosity,cpu,matrixfree-hostcg,16,n600_b100_p040,600,1,0.4,0.400067,86414504,iters,1,0.006410825174,2.584229768,0.9975192511,4.610527164,0,3,,pmeal-hpc,2026-09-02T10:59:10,
tortuosity,cpu,matrixfree-hostcg,16,n600_b100_p040,600,1,0.4,0.400067,86414504,iters,2,0.007763253781,2.584229768,0.9969959119,4.974362782,0,3,,pmeal-hpc,2026-09-02T10:59:10,
tortuosity,cpu,matrixfree-hostcg,16,n600_b100_p040,600,1,0.4,0.400067,86414504,iters,3,0.009536208538,2.584229768,0.9963098449,5.34805583,0,3,,pmeal-hpc,2026-09-02T10:59:10,
tortuosity,cpu,matrixfree-hostcg,16,n600_b100_p040,600,1,0.4,0.400067,86414504,iters,6,0.05333979808,2.584229768,0.9793594986,6.449106876,0,3,,pmeal-hpc,2026-09-02T10:59:10,
tortuosity,cpu,matrixfree-hostcg,16,n600_b100_p040,600,1,0.4,0.400067,86414504,iters,10,0.08013378465,2.584229768,0.9689912307,7.931319544,0,3,,pmeal-hpc,2026-09-02T10:59:10,
tortuosity,cpu,matrixfree-hostcg,16,n600_b100_p040,600,1,0.4,0.400067,86414504,iters,18,-0.5079062692,2.584229768,1.196540677,10.90419742,-0,3,,pmeal-hpc,2026-09-02T10:59:10,
tortuosity,cpu,matrixfree-hostcg,16,n600_b100_p040,600,1,0.4,0.400067,86414504,iters,33,2.249261209,2.584229768,0.1296202695,16.45573728,0,3,,pmeal-hpc,2026-09-02T10:59:10,
tortuosity,cpu,matrixfree-hostcg,16,n600_b100_p040,600,1,0.4,0.400067,86414504,iters,59,2.585106586,2.584229768,0.0003392955496,26.08610798,0,3,target_reached,pmeal-hpc,2026-09-02T10:59:10,
tortuosity,cpu,matrixfree-hostcg,16,n600_b100_p060,600,1,0.6,0.601152,129848851,iters,1,0.006984537056,1.574643825,0.9955643702,6.309083062,0,3,,pmeal-hpc,2026-09-02T11:01:06,
tortuosity,cpu,matrixfree-hostcg,16,n600_b100_p060,600,1,0.6,0.601152,129848851,iters,2,0.008494412401,1.574643825,0.9946055024,6.835086288,0,3,,pmeal-hpc,2026-09-02T11:01:06,
tortuosity,cpu,matrixfree-hostcg,16,n600_b100_p060,600,1,0.6,0.601152,129848851,iters,3,0.0105798303,1.574643825,0.993281128,7.372130208,0,3,,pmeal-hpc,2026-09-02T11:01:06,
tortuosity,cpu,matrixfree-hostcg,16,n600_b100_p060,600,1,0.6,0.601152,129848851,iters,6,0.05834592791,1.574643825,0.962946587,8.946534243,0,3,,pmeal-hpc,2026-09-02T11:01:06,
tortuosity,cpu,matrixfree-hostcg,16,n600_b100_p060,600,1,0.6,0.601152,129848851,iters,10,0.0844817781,1.574643825,0.9463486429,11.03886003,0,3,,pmeal-hpc,2026-09-02T11:01:06,
tortuosity,cpu,matrixfree-hostcg,16,n600_b100_p060,600,1,0.6,0.601152,129848851,iters,18,-0.5956450249,1.574643825,1.378272861,15.35949694,-0,3,,pmeal-hpc,2026-09-02T11:01:06,
tortuosity,cpu,matrixfree-hostcg,16,n600_b100_p060,600,1,0.6,0.601152,129848851,iters,33,1.417896879,1.574643825,0.09954438169,23.23709833,0,3,,pmeal-hpc,2026-09-02T11:01:06,
tortuosity,cpu,matrixfree-hostcg,16,n600_b100_p060,600,1,0.6,0.601152,129848851,iters,59,1.575519039,1.574643825,0.0005558170712,37.28297325,0,3,target_reached,pmeal-hpc,2026-09-02T11:01:06,
tortuosity,cpu,matrixfree-hostcg,16,n600_b100_p080,600,1,0.8,0.800675,172945908,iters,1,0.007427999959,1.194292393,0.9937804176,7.515548306,0,3,,pmeal-hpc,2026-09-02T11:03:33,
tortuosity,cpu,matrixfree-hostcg,16,n600_b100_p080,600,1,0.8,0.800675,172945908,iters,2,0.009057187185,1.194292393,0.9924162732,8.184018154,0,3,,pmeal-hpc,2026-09-02T11:03:33,
tortuosity,cpu,matrixfree-hostcg,16,n600_b100_p080,600,1,0.8,0.800675,172945908,iters,3,0.0113557973,1.194292393,0.9904916105,8.851552255,0,3,,pmeal-hpc,2026-09-02T11:03:33,
tortuosity,cpu,matrixfree-hostcg,16,n600_b100_p080,600,1,0.8,0.800675,172945908,iters,6,0.06175998041,1.194292393,0.9482873869,10.85753587,0,3,,pmeal-hpc,2026-09-02T11:03:33,
tortuosity,cpu,matrixfree-hostcg,16,n600_b100_p080,600,1,0.8,0.800675,172945908,iters,10,0.08787919043,1.194292393,0.9264173573,13.99916543,0,3,,pmeal-hpc,2026-09-02T11:03:33,
tortuosity,cpu,matrixfree-hostcg,16,n600_b100_p080,600,1,0.8,0.800675,172945908,iters,18,-0.7007483883,1.194292393,1.586747762,19.38412365,-0,3,,pmeal-hpc,2026-09-02T11:03:33,
tortuosity,cpu,matrixfree-hostcg,16,n600_b100_p080,600,1,0.8,0.800675,172945908,iters,33,1.081114399,1.194292393,0.09476573313,29.46476006,0,3,,pmeal-hpc,2026-09-02T11:03:33,
tortuosity,cpu,matrixfree-hostcg,16,n600_b100_p080,600,1,0.8,0.800675,172945908,iters,59,1.194681132,1.194292393,0.000325497462,47.47530682,0,3,target_reached,pmeal-hpc,2026-09-02T11:03:33,
tortuosity,cpu,matrixfree-hostcg,16,n600_b100_p095,600,1,0.95,0.950634,205336897,iters,1,0.00730067954,1.038559849,0.9929703815,9.05912028,0,3,,pmeal-hpc,2026-09-02T11:06:22,
tortuosity,cpu,matrixfree-hostcg,16,n600_b100_p095,600,1,0.95,0.950634,205336897,iters,2,0.008939229602,1.038559849,0.9913926678,9.840237313,0,3,,pmeal-hpc,2026-09-02T11:06:22,
tortuosity,cpu,matrixfree-hostcg,16,n600_b100_p095,600,1,0.95,0.950634,205336897,iters,3,0.01160349178,1.038559849,0.9888273249,10.62731349,0,3,,pmeal-hpc,2026-09-02T11:06:22,
tortuosity,cpu,matrixfree-hostcg,16,n600_b100_p095,600,1,0.95,0.950634,205336897,iters,6,0.06205797954,1.038559849,0.940246121,12.95666388,0,3,,pmeal-hpc,2026-09-02T11:06:22,
tortuosity,cpu,matrixfree-hostcg,16,n600_b100_p095,600,1,0.95,0.950634,205336897,iters,10,0.08623877125,1.038559849,0.9169631184,16.05988822,0,3,,pmeal-hpc,2026-09-02T11:06:22,
tortuosity,cpu,matrixfree-hostcg,16,n600_b100_p095,600,1,0.95,0.950634,205336897,iters,18,-0.7592436744,1.038559849,1.73105433,22.34956127,-0,3,,pmeal-hpc,2026-09-02T11:06:22,
tortuosity,cpu,matrixfree-hostcg,16,n600_b100_p095,600,1,0.95,0.950634,205336897,iters,33,0.9363108516,1.038559849,0.09845267701,34.02764055,0,3,,pmeal-hpc,2026-09-02T11:06:22,
tortuosity,cpu,matrixfree-hostcg,16,n600_b100_p095,600,1,0.95,0.950634,205336897,iters,59,1.038767062,1.038559849,0.0001995200188,54.64017638,0,3,target_reached,pmeal-hpc,2026-09-02T11:06:22,
tortuosity,cpu,matrixfree-hostcg,16,n600_b200_p020,600,2,0.2,0.19095,41245095,iters,1,0.006070404377,11.15581331,0.9994558528,2.729939319,0,3,,pmeal-hpc,2026-09-02T11:08:27,
tortuosity,cpu,matrixfree-hostcg,16,n600_b200_p020,600,2,0.2,0.19095,41245095,iters,2,0.007260185027,11.15581331,0.9993492016,2.923811482,0,3,,pmeal-hpc,2026-09-02T11:08:27,
tortuosity,cpu,matrixfree-hostcg,16,n600_b200_p020,600,2,0.2,0.19095,41245095,iters,3,0.009113441118,11.15581331,0.9991830769,3.153188812,0,3,,pmeal-hpc,2026-09-02T11:08:27,
tortuosity,cpu,matrixfree-hostcg,16,n600_b200_p020,600,2,0.2,0.19095,41245095,iters,6,0.04919460916,11.15581331,0.9955902266,3.757258518,0,3,,pmeal-hpc,2026-09-02T11:08:27,
tortuosity,cpu,matrixfree-hostcg,16,n600_b200_p020,600,2,0.2,0.19095,41245095,iters,10,0.08606898128,11.15581331,0.9922848313,4.570574842,0,3,,pmeal-hpc,2026-09-02T11:08:27,
tortuosity,cpu,matrixfree-hostcg,16,n600_b200_p020,600,2,0.2,0.19095,41245095,iters,18,-0.7135262672,11.15581331,1.06396004,6.169025597,-0,3,,pmeal-hpc,2026-09-02T11:08:27,
tortuosity,cpu,matrixfree-hostcg,16,n600_b200_p020,600,2,0.2,0.19095,41245095,iters,33,9.101918865,11.15581331,0.1841097899,9.175757384,0,3,,pmeal-hpc,2026-09-02T11:08:27,
tortuosity,cpu,matrixfree-hostcg,16,n600_b200_p020,600,2,0.2,0.19095,41245095,iters,59,11.36551766,11.15581331,0.01879776407,14.40549303,0,3,,pmeal-hpc,2026-09-02T11:08:27,
tortuosity,cpu,matrixfree-hostcg,16,n600_b200_p020,600,2,0.2,0.19095,41245095,iters,106,11.07715722,11.15581331,0.007050681703,23.87694016,0,3,,pmeal-hpc,2026-09-02T11:08:27,
tortuosity,cpu,matrixfree-hostcg,16,n600_b200_p020,600,2,0.2,0.19095,41245095,iters,189,11.16147396,11.15581331,0.0005074167495,40.59279159,0,3,target_reached,pmeal-hpc,2026-09-02T11:08:27,
tortuosity,cpu,matrixfree-hostcg,16,n600_b200_p040,600,2,0.4,0.398822,86145631,iters,1,0.006713872909,2.58840573,0.9974061745,4.609884715,0,3,,pmeal-hpc,2026-09-02T11:10:40,
tortuosity,cpu,matrixfree-hostcg,16,n600_b200_p040,600,2,0.4,0.398822,86145631,iters,2,0.008048723456,2.58840573,0.9968904707,4.980289895,0,3,,pmeal-hpc,2026-09-02T11:10:40,
tortuosity,cpu,matrixfree-hostcg,16,n600_b200_p040,600,2,0.4,0.398822,86145631,iters,3,0.009961441339,2.58840573,0.9961515147,5.356019916,0,3,,pmeal-hpc,2026-09-02T11:10:40,
tortuosity,cpu,matrixfree-hostcg,16,n600_b200_p040,600,2,0.4,0.398822,86145631,iters,6,0.05301312562,2.58840573,0.9795190047,6.455373876,0,3,,pmeal-hpc,2026-09-02T11:10:40,
tortuosity,cpu,matrixfree-hostcg,16,n600_b200_p040,600,2,0.4,0.398822,86145631,iters,10,0.08670445552,2.58840573,0.9665027571,7.954154636,0,3,,pmeal-hpc,2026-09-02T11:10:40,
tortuosity,cpu,matrixfree-hostcg,16,n600_b200_p040,600,2,0.4,0.398822,86145631,iters,18,-0.6645204127,2.58840573,1.256729617,10.92550051,-0,3,,pmeal-hpc,2026-09-02T11:10:40,
tortuosity,cpu,matrixfree-hostcg,16,n600_b200_p040,600,2,0.4,0.398822,86145631,iters,33,2.609860318,2.58840573,0.008288727001,16.45881833,0,3,,pmeal-hpc,2026-09-02T11:10:40,
tortuosity,cpu,matrixfree-hostcg,16,n600_b200_p040,600,2,0.4,0.398822,86145631,iters,59,2.592594787,2.58840573,0.001618392581,26.06154303,0,3,,pmeal-hpc,2026-09-02T11:10:40,
tortuosity,cpu,matrixfree-hostcg,16,n600_b200_p040,600,2,0.4,0.398822,86145631,iters,106,2.588502821,2.58840573,3.751001444e-05,43.39603193,0,3,target_reached,pmeal-hpc,2026-09-02T11:10:40,
tortuosity,cpu,matrixfree-hostcg,16,n600_b200_p060,600,2,0.6,0.600028,129606057,iters,1,0.007376611415,1.576153581,0.9953198651,6.234876499,0,3,,pmeal-hpc,2026-09-02T11:12:37,
tortuosity,cpu,matrixfree-hostcg,16,n600_b200_p060,600,2,0.6,0.600028,129606057,iters,2,0.00888206133,1.576153581,0.9943647234,6.754434653,0,3,,pmeal-hpc,2026-09-02T11:12:37,
tortuosity,cpu,matrixfree-hostcg,16,n600_b200_p060,600,2,0.6,0.600028,129606057,iters,3,0.01087743464,1.576153581,0.993098747,7.297926532,0,3,,pmeal-hpc,2026-09-02T11:12:37,
tortuosity,cpu,matrixfree-hostcg,16,n600_b200_p060,600,2,0.6,0.600028,129606057,iters,6,0.05828251255,1.576153581,0.9630223138,8.881906019,0,3,,pmeal-hpc,2026-09-02T11:12:37,
tortuosity,cpu,matrixfree-hostcg,16,n600_b200_p060,600,2,0.6,0.600028,129606057,iters,10,0.08999035736,1.576153581,0.9429050833,10.98257384,0,3,,pmeal-hpc,2026-09-02T11:12:37,
tortuosity,cpu,matrixfree-hostcg,16,n600_b200_p060,600,2,0.6,0.600028,129606057,iters,18,-0.7359810064,1.576153581,1.46694752,15.15803717,-0,3,,pmeal-hpc,2026-09-02T11:12:37,
tortuosity,cpu,matrixfree-hostcg,16,n600_b200_p060,600,2,0.6,0.600028,129606057,iters,33,1.555487844,1.576153581,0.01311149969,23.25226667,0,3,,pmeal-hpc,2026-09-02T11:12:37,
tortuosity,cpu,matrixfree-hostcg,16,n600_b200_p060,600,2,0.6,0.600028,129606057,iters,59,1.577232538,1.576153581,0.0006845509325,37.27656508,0,3,target_reached,pmeal-hpc,2026-09-02T11:12:37,
tortuosity,cpu,matrixfree-hostcg,16,n600_b200_p080,600,2,0.8,0.801043,173025334,iters,1,0.0076928088,1.194359614,0.9935590515,7.477707957,0,3,,pmeal-hpc,2026-09-02T11:15:04,
tortuosity,cpu,matrixfree-hostcg,16,n600_b200_p080,600,2,0.8,0.801043,173025334,iters,2,0.009305061696,1.194359614,0.9922091625,8.154004248,0,3,,pmeal-hpc,2026-09-02T11:15:04,
tortuosity,cpu,matrixfree-hostcg,16,n600_b200_p080,600,2,0.8,0.801043,173025334,iters,3,0.01139380035,1.194359614,0.9904603268,8.828171171,0,3,,pmeal-hpc,2026-09-02T11:15:04,
tortuosity,cpu,matrixfree-hostcg,16,n600_b200_p080,600,2,0.8,0.801043,173025334,iters,6,0.06144193028,1.194359614,0.9485565909,10.85278583,0,3,,pmeal-hpc,2026-09-02T11:15:04,
tortuosity,cpu,matrixfree-hostcg,16,n600_b200_p080,600,2,0.8,0.801043,173025334,iters,10,0.09063119999,1.194359614,0.924117327,14.01820557,0,3,,pmeal-hpc,2026-09-02T11:15:04,
tortuosity,cpu,matrixfree-hostcg,16,n600_b200_p080,600,2,0.8,0.801043,173025334,iters,18,-0.7961420846,1.194359614,1.666584901,19.42473345,-0,3,,pmeal-hpc,2026-09-02T11:15:04,
tortuosity,cpu,matrixfree-hostcg,16,n600_b200_p080,600,2,0.8,0.801043,173025334,iters,33,1.134992028,1.194359614,0.04970662557,29.50020327,0,3,,pmeal-hpc,2026-09-02T11:15:04,
tortuosity,cpu,matrixfree-hostcg,16,n600_b200_p080,600,2,0.8,0.801043,173025334,iters,59,1.194790789,1.194359614,0.0003610093641,47.51378256,0,3,target_reached,pmeal-hpc,2026-09-02T11:15:04,
tortuosity,cpu,matrixfree-hostcg,16,n600_b200_p095,600,2,0.95,0.950849,205383281,iters,1,0.007504874852,1.037615234,0.992767189,9.07546304,0,3,,pmeal-hpc,2026-09-02T11:17:53,
tortuosity,cpu,matrixfree-hostcg,16,n600_b200_p095,600,2,0.95,0.950849,205383281,iters,2,0.009135582561,1.037615234,0.9911955971,9.875850051,0,3,,pmeal-hpc,2026-09-02T11:17:53,
tortuosity,cpu,matrixfree-hostcg,16,n600_b200_p095,600,2,0.95,0.950849,205383281,iters,3,0.01139556549,1.037615234,0.9890175422,10.65414715,0,3,,pmeal-hpc,2026-09-02T11:17:53,
tortuosity,cpu,matrixfree-hostcg,16,n600_b200_p095,600,2,0.95,0.950849,205383281,iters,6,0.06191340641,1.037615234,0.9403310549,13.00010759,0,3,,pmeal-hpc,2026-09-02T11:17:53,
tortuosity,cpu,matrixfree-hostcg,16,n600_b200_p095,600,2,0.95,0.950849,205383281,iters,10,0.08784000022,1.037615234,0.9153443422,16.1242962,0,3,,pmeal-hpc,2026-09-02T11:17:53,
tortuosity,cpu,matrixfree-hostcg,16,n600_b200_p095,600,2,0.95,0.950849,205383281,iters,18,-0.8053651559,1.037615234,1.776169364,22.48568557,-0,3,,pmeal-hpc,2026-09-02T11:17:53,
tortuosity,cpu,matrixfree-hostcg,16,n600_b200_p095,600,2,0.95,0.950849,205383281,iters,33,0.9592669455,1.037615234,0.0755080361,34.20097348,0,3,,pmeal-hpc,2026-09-02T11:17:53,
tortuosity,cpu,matrixfree-hostcg,16,n600_b200_p095,600,2,0.95,0.950849,205383281,iters,59,1.037752578,1.037615234,0.0001323654464,54.76615066,0,3,target_reached,pmeal-hpc,2026-09-02T11:17:53,
tortuosity,cpu,matrixfree-hostcg,16,n800_b050_p020,800,0.5,0.2,0.174096,89137139,iters,1,0.003305427014,10.10700996,0.999672957,5.906068575,NaN,1,,pmeal-hpc,2026-09-02T11:19:32,
tortuosity,cpu,matrixfree-hostcg,16,n800_b050_p020,800,0.5,0.2,0.174096,89137139,iters,2,0.004051073405,10.10700996,0.9995991818,6.381618089,NaN,1,,pmeal-hpc,2026-09-02T11:19:32,
tortuosity,cpu,matrixfree-hostcg,16,n800_b050_p020,800,0.5,0.2,0.174096,89137139,iters,3,0.005165647454,10.10700996,0.9994889045,6.832624528,NaN,1,,pmeal-hpc,2026-09-02T11:19:32,
tortuosity,cpu,matrixfree-hostcg,16,n800_b050_p020,800,0.5,0.2,0.174096,89137139,iters,6,0.02931798538,10.10700996,0.9970992425,8.24150172,NaN,1,,pmeal-hpc,2026-09-02T11:19:32,
tortuosity,cpu,matrixfree-hostcg,16,n800_b050_p020,800,0.5,0.2,0.174096,89137139,iters,10,0.04324058796,10.10700996,0.995721723,10.11294693,NaN,1,,pmeal-hpc,2026-09-02T11:19:32,
tortuosity,cpu,matrixfree-hostcg,16,n800_b050_p020,800,0.5,0.2,0.174096,89137139,iters,18,-0.2230653663,10.10700996,1.022070362,13.89973745,NaN,1,,pmeal-hpc,2026-09-02T11:19:32,
tortuosity,cpu,matrixfree-hostcg,16,n800_b050_p020,800,0.5,0.2,0.174096,89137139,iters,33,3.133431295,10.10700996,0.6899744527,20.83964543,NaN,1,,pmeal-hpc,2026-09-02T11:19:32,
tortuosity,cpu,matrixfree-hostcg,16,n800_b050_p020,800,0.5,0.2,0.174096,89137139,iters,59,8.779234347,10.10700996,0.1313717527,32.94593623,NaN,1,,pmeal-hpc,2026-09-02T11:19:32,
tortuosity,cpu,matrixfree-hostcg,16,n800_b050_p020,800,0.5,0.2,0.174096,89137139,iters,106,9.925523592,10.10700996,0.0179564845,54.85078429,NaN,1,,pmeal-hpc,2026-09-02T11:19:32,
tortuosity,cpu,matrixfree-hostcg,16,n800_b050_p020,800,0.5,0.2,0.174096,89137139,iters,189,10.10521347,10.10700996,0.0001777471566,93.54822339,NaN,1,target_reached,pmeal-hpc,2026-09-02T11:19:32,
tortuosity,cpu,matrixfree-hostcg,16,n800_b050_p040,800,0.5,0.4,0.384479,196853200,iters,1,0.00439857832,2.713834504,0.9983792017,10.08724661,NaN,1,,pmeal-hpc,2026-09-02T11:21:19,
tortuosity,cpu,matrixfree-hostcg,16,n800_b050_p040,800,0.5,0.4,0.384479,196853200,iters,2,0.005392025546,2.713834504,0.998013134,10.97762075,NaN,1,,pmeal-hpc,2026-09-02T11:21:19,
tortuosity,cpu,matrixfree-hostcg,16,n800_b050_p040,800,0.5,0.4,0.384479,196853200,iters,3,0.006905523648,2.713834504,0.9974554367,11.85187838,NaN,1,,pmeal-hpc,2026-09-02T11:21:19,
tortuosity,cpu,matrixfree-hostcg,16,n800_b050_p040,800,0.5,0.4,0.384479,196853200,iters,6,0.03812454724,2.713834504,0.9859517789,14.52443608,NaN,1,,pmeal-hpc,2026-09-02T11:21:19,
tortuosity,cpu,matrixfree-hostcg,16,n800_b050_p040,800,0.5,0.4,0.384479,196853200,iters,10,0.05514334633,2.713834504,0.9796806525,17.9791936,NaN,1,,pmeal-hpc,2026-09-02T11:21:19,
tortuosity,cpu,matrixfree-hostcg,16,n800_b050_p040,800,0.5,0.4,0.384479,196853200,iters,18,-0.2961242515,2.713834504,1.109116547,24.94813408,NaN,1,,pmeal-hpc,2026-09-02T11:21:19,
tortuosity,cpu,matrixfree-hostcg,16,n800_b050_p040,800,0.5,0.4,0.384479,196853200,iters,33,1.818576975,2.713834504,0.3298865599,38.03764617,NaN,1,,pmeal-hpc,2026-09-02T11:21:19,
tortuosity,cpu,matrixfree-hostcg,16,n800_b050_p040,800,0.5,0.4,0.384479,196853200,iters,59,2.687238873,2.713834504,0.0098000196,60.65533281,NaN,1,,pmeal-hpc,2026-09-02T11:21:19,
tortuosity,cpu,matrixfree-hostcg,16,n800_b050_p040,800,0.5,0.4,0.384479,196853200,iters,106,2.713543126,2.713834504,0.0001073676786,101.6320177,NaN,1,target_reached,pmeal-hpc,2026-09-02T11:21:19,
tortuosity,cpu,matrixfree-hostcg,16,n800_b050_p060,800,0.5,0.6,0.59834,306349955,iters,1,0.005151381381,1.573690994,0.9967265611,14.36629454,NaN,1,,pmeal-hpc,2026-09-02T11:23:51,
tortuosity,cpu,matrixfree-hostcg,16,n800_b050_p060,800,0.5,0.6,0.59834,306349955,iters,2,0.006320213903,1.573690994,0.9959838279,15.62397931,NaN,1,,pmeal-hpc,2026-09-02T11:23:51,
tortuosity,cpu,matrixfree-hostcg,16,n800_b050_p060,800,0.5,0.6,0.59834,306349955,iters,3,0.008207348081,1.573690994,0.9947846508,16.88277097,NaN,1,,pmeal-hpc,2026-09-02T11:23:51,
tortuosity,cpu,matrixfree-hostcg,16,n800_b050_p060,800,0.5,0.6,0.59834,306349955,iters,6,0.04437154123,1.573690994,0.9718041589,20.60875655,NaN,1,,pmeal-hpc,2026-09-02T11:23:51,
tortuosity,cpu,matrixfree-hostcg,16,n800_b050_p060,800,0.5,0.6,0.59834,306349955,iters,10,0.0628842748,1.573690994,0.9600402652,25.57951904,NaN,1,,pmeal-hpc,2026-09-02T11:23:51,
tortuosity,cpu,matrixfree-hostcg,16,n800_b050_p060,800,0.5,0.6,0.59834,306349955,iters,18,-0.3745649044,1.573690994,1.238016806,35.51701321,NaN,1,,pmeal-hpc,2026-09-02T11:23:51,
tortuosity,cpu,matrixfree-hostcg,16,n800_b050_p060,800,0.5,0.6,0.59834,306349955,iters,33,1.270376539,1.573690994,0.1927407961,54.68673727,NaN,1,,pmeal-hpc,2026-09-02T11:23:51,
tortuosity,cpu,matrixfree-hostcg,16,n800_b050_p060,800,0.5,0.6,0.59834,306349955,iters,59,1.571777798,1.573690994,0.001215738344,86.69947905,NaN,1,,pmeal-hpc,2026-09-02T11:23:51,
tortuosity,cpu,matrixfree-hostcg,16,n800_b050_p060,800,0.5,0.6,0.59834,306349955,iters,106,1.573967115,1.573690994,0.0001754609913,145.8695416,NaN,1,target_reached,pmeal-hpc,2026-09-02T11:23:51,
tortuosity,cpu,matrixfree-hostcg,16,n800_b050_p080,800,0.5,0.8,0.807732,413558797,iters,1,0.005527181222,1.158681783,0.9952297677,18.39800712,NaN,1,,pmeal-hpc,2026-09-02T11:25:48,
tortuosity,cpu,matrixfree-hostcg,16,n800_b050_p080,800,0.5,0.8,0.807732,413558797,iters,2,0.006784556916,1.158681783,0.99414459,19.98462455,NaN,1,,pmeal-hpc,2026-09-02T11:25:48,
tortuosity,cpu,matrixfree-hostcg,16,n800_b050_p080,800,0.5,0.8,0.807732,413558797,iters,3,0.008949490055,1.158681783,0.992276145,21.57321966,NaN,1,,pmeal-hpc,2026-09-02T11:25:48,
tortuosity,cpu,matrixfree-hostcg,16,n800_b050_p080,800,0.5,0.8,0.807732,413558797,iters,6,0.04762886236,1.158681783,0.9588939232,26.38875451,NaN,1,,pmeal-hpc,2026-09-02T11:25:48,
tortuosity,cpu,matrixfree-hostcg,16,n800_b050_p080,800,0.5,0.8,0.807732,413558797,iters,10,0.06616016876,1.158681783,0.9429004842,32.68973825,NaN,1,,pmeal-hpc,2026-09-02T11:25:48,
tortuosity,cpu,matrixfree-hostcg,16,n800_b050_p080,800,0.5,0.8,0.807732,413558797,iters,18,-0.4479335002,1.158681783,1.386588886,45.39296303,NaN,1,,pmeal-hpc,2026-09-02T11:25:48,
tortuosity,cpu,matrixfree-hostcg,16,n800_b050_p080,800,0.5,0.8,0.807732,413558797,iters,33,0.9856681195,1.158681783,0.1493193955,69.17606658,NaN,1,,pmeal-hpc,2026-09-02T11:25:48,
tortuosity,cpu,matrixfree-hostcg,16,n800_b050_p080,800,0.5,0.8,0.807732,413558797,iters,59,1.159011838,1.158681783,0.0002848540704,111.225256,NaN,1,target_reached,pmeal-hpc,2026-09-02T11:25:48,
tortuosity,cpu,matrixfree-hostcg,16,n800_b050_p095,800,0.5,0.95,0.953798,488344573,iters,1,0.005442742995,1.027543224,0.9947031493,21.53604227,NaN,1,,pmeal-hpc,2026-09-02T11:28:04,
tortuosity,cpu,matrixfree-hostcg,16,n800_b050_p095,800,0.5,0.95,0.953798,488344573,iters,2,0.006684192433,1.027543224,0.9934949769,23.36750544,NaN,1,,pmeal-hpc,2026-09-02T11:28:04,
tortuosity,cpu,matrixfree-hostcg,16,n800_b050_p095,800,0.5,0.95,0.953798,488344573,iters,3,0.009009184947,1.027543224,0.9912323056,25.21035451,NaN,1,,pmeal-hpc,2026-09-02T11:28:04,
tortuosity,cpu,matrixfree-hostcg,16,n800_b050_p095,800,0.5,0.95,0.953798,488344573,iters,6,0.04732755742,1.027543224,0.9539410544,30.70858491,NaN,1,,pmeal-hpc,2026-09-02T11:28:04,
tortuosity,cpu,matrixfree-hostcg,16,n800_b050_p095,800,0.5,0.95,0.953798,488344573,iters,10,0.06522365518,1.027543224,0.9365246603,38.04380279,NaN,1,,pmeal-hpc,2026-09-02T11:28:04,
tortuosity,cpu,matrixfree-hostcg,16,n800_b050_p095,800,0.5,0.95,0.953798,488344573,iters,18,-0.4810545657,1.027543224,1.468159932,52.71215412,NaN,1,,pmeal-hpc,2026-09-02T11:28:04,
tortuosity,cpu,matrixfree-hostcg,16,n800_b050_p095,800,0.5,0.95,0.953798,488344573,iters,33,0.8925151731,1.027543224,0.1314086335,80.12864005,NaN,1,,pmeal-hpc,2026-09-02T11:28:04,
tortuosity,cpu,matrixfree-hostcg,16,n800_b050_p095,800,0.5,0.95,0.953798,488344573,iters,59,1.027209522,1.027543224,0.0003247572875,128.5479658,NaN,1,target_reached,pmeal-hpc,2026-09-02T11:28:04,
tortuosity,cpu,matrixfree-hostcg,16,n800_b100_p020,800,1,0.2,0.185425,94937803,iters,1,0.004628686762,12.62304881,0.9996333147,6.126410772,NaN,1,,pmeal-hpc,2026-09-02T11:29:43,
tortuosity,cpu,matrixfree-hostcg,16,n800_b100_p020,800,1,0.2,0.185425,94937803,iters,2,0.005636519424,12.62304881,0.999553474,6.586185589,NaN,1,,pmeal-hpc,2026-09-02T11:29:43,
tortuosity,cpu,matrixfree-hostcg,16,n800_b100_p020,800,1,0.2,0.185425,94937803,iters,3,0.00703435562,12.62304881,0.9994427372,7.08511937,NaN,1,,pmeal-hpc,2026-09-02T11:29:43,
tortuosity,cpu,matrixfree-hostcg,16,n800_b100_p020,800,1,0.2,0.185425,94937803,iters,6,0.04029037711,12.62304881,0.9968081897,8.480085353,NaN,1,,pmeal-hpc,2026-09-02T11:29:43,
tortuosity,cpu,matrixfree-hostcg,16,n800_b100_p020,800,1,0.2,0.185425,94937803,iters,10,0.06018504931,12.62304881,0.9952321305,10.32502394,NaN,1,,pmeal-hpc,2026-09-02T11:29:43,
tortuosity,cpu,matrixfree-hostcg,16,n800_b100_p020,800,1,0.2,0.185425,94937803,iters,18,-0.3358728432,12.62304881,1.026607902,14.07985927,NaN,1,,pmeal-hpc,2026-09-02T11:29:43,
tortuosity,cpu,matrixfree-hostcg,16,n800_b100_p020,800,1,0.2,0.185425,94937803,iters,33,4.035279367,12.62304881,0.6803245058,21.09602205,NaN,1,,pmeal-hpc,2026-09-02T11:29:43,
tortuosity,cpu,matrixfree-hostcg,16,n800_b100_p020,800,1,0.2,0.185425,94937803,iters,59,10.37328343,12.62304881,0.1782267825,33.16739005,NaN,1,,pmeal-hpc,2026-09-02T11:29:43,
tortuosity,cpu,matrixfree-hostcg,16,n800_b100_p020,800,1,0.2,0.185425,94937803,iters,106,12.30628124,12.62304881,0.02509437867,55.06134761,NaN,1,,pmeal-hpc,2026-09-02T11:29:43,
tortuosity,cpu,matrixfree-hostcg,16,n800_b100_p020,800,1,0.2,0.185425,94937803,iters,189,12.61243393,12.62304881,0.0008409128204,93.91648266,NaN,1,target_reached,pmeal-hpc,2026-09-02T11:29:43,
tortuosity,cpu,matrixfree-hostcg,16,n800_b100_p040,800,1,0.4,0.394666,202068918,iters,1,0.005363613016,2.604118691,0.9979403347,10.08790587,NaN,1,,pmeal-hpc,2026-09-02T11:31:29,
tortuosity,cpu,matrixfree-hostcg,16,n800_b100_p040,800,1,0.4,0.394666,202068918,iters,2,0.00653449137,2.604118691,0.9974907091,10.96917788,NaN,1,,pmeal-hpc,2026-09-02T11:31:29,
tortuosity,cpu,matrixfree-hostcg,16,n800_b100_p040,800,1,0.4,0.394666,202068918,iters,3,0.008100861673,2.604118691,0.9968892118,11.81209889,NaN,1,,pmeal-hpc,2026-09-02T11:31:29,
tortuosity,cpu,matrixfree-hostcg,16,n800_b100_p040,800,1,0.4,0.394666,202068918,iters,6,0.04510547387,2.604118691,0.9826791789,14.4286947,NaN,1,,pmeal-hpc,2026-09-02T11:31:29,
tortuosity,cpu,matrixfree-hostcg,16,n800_b100_p040,800,1,0.4,0.394666,202068918,iters,10,0.06628257516,2.604118691,0.9745470222,17.92170192,NaN,1,,pmeal-hpc,2026-09-02T11:31:29,
tortuosity,cpu,matrixfree-hostcg,16,n800_b100_p040,800,1,0.4,0.394666,202068918,iters,18,-0.3784795473,2.604118691,1.145338824,24.86714247,NaN,1,,pmeal-hpc,2026-09-02T11:31:29,
tortuosity,cpu,matrixfree-hostcg,16,n800_b100_p040,800,1,0.4,0.394666,202068918,iters,33,1.991609784,2.604118691,0.2352077535,37.75612563,NaN,1,,pmeal-hpc,2026-09-02T11:31:29,
tortuosity,cpu,matrixfree-hostcg,16,n800_b100_p040,800,1,0.4,0.394666,202068918,iters,59,2.597471058,2.604118691,0.002552738118,60.18452255,NaN,1,,pmeal-hpc,2026-09-02T11:31:29,
tortuosity,cpu,matrixfree-hostcg,16,n800_b100_p040,800,1,0.4,0.394666,202068918,iters,106,2.603726956,2.604118691,0.0001504291417,100.8026038,NaN,1,target_reached,pmeal-hpc,2026-09-02T11:31:29,
tortuosity,cpu,matrixfree-hostcg,16,n800_b100_p060,800,1,0.6,0.599309,306846383,iters,1,0.005871010049,1.538358863,0.9961835888,14.3674795,NaN,1,,pmeal-hpc,2026-09-02T11:33:02,
tortuosity,cpu,matrixfree-hostcg,16,n800_b100_p060,800,1,0.6,0.599309,306846383,iters,2,0.007173732345,1.538358863,0.9953367628,15.58648544,NaN,1,,pmeal-hpc,2026-09-02T11:33:02,
tortuosity,cpu,matrixfree-hostcg,16,n800_b100_p060,800,1,0.6,0.599309,306846383,iters,3,0.008995200268,1.538358863,0.9941527296,16.81457816,NaN,1,,pmeal-hpc,2026-09-02T11:33:02,
tortuosity,cpu,matrixfree-hostcg,16,n800_b100_p060,800,1,0.6,0.599309,306846383,iters,6,0.04900080628,1.538358863,0.9681473501,20.47905677,NaN,1,,pmeal-hpc,2026-09-02T11:33:02,
tortuosity,cpu,matrixfree-hostcg,16,n800_b100_p060,800,1,0.6,0.599309,306846383,iters,10,0.07039807276,1.538358863,0.9542381986,25.30133802,NaN,1,,pmeal-hpc,2026-09-02T11:33:02,
tortuosity,cpu,matrixfree-hostcg,16,n800_b100_p060,800,1,0.6,0.599309,306846383,iters,18,-0.438238827,1.538358863,1.28487425,35.06194915,NaN,1,,pmeal-hpc,2026-09-02T11:33:02,
tortuosity,cpu,matrixfree-hostcg,16,n800_b100_p060,800,1,0.6,0.599309,306846383,iters,33,1.301968378,1.538358863,0.1536640709,54.17663031,NaN,1,,pmeal-hpc,2026-09-02T11:33:02,
tortuosity,cpu,matrixfree-hostcg,16,n800_b100_p060,800,1,0.6,0.599309,306846383,iters,59,1.538522762,1.538358863,0.0001065412043,85.88770378,NaN,1,target_reached,pmeal-hpc,2026-09-02T11:33:02,
tortuosity,cpu,matrixfree-hostcg,16,n800_b100_p080,800,1,0.8,0.802797,411032289,iters,1,0.005967771656,1.178837076,0.9949375772,18.55745973,NaN,1,,pmeal-hpc,2026-09-02T11:34:59,
tortuosity,cpu,matrixfree-hostcg,16,n800_b100_p080,800,1,0.8,0.802797,411032289,iters,2,0.00730238833,1.178837076,0.9938054304,20.12949694,NaN,1,,pmeal-hpc,2026-09-02T11:34:59,
tortuosity,cpu,matrixfree-hostcg,16,n800_b100_p080,800,1,0.8,0.802797,411032289,iters,3,0.009244492521,1.178837076,0.9921579557,21.72905623,NaN,1,,pmeal-hpc,2026-09-02T11:34:59,
tortuosity,cpu,matrixfree-hostcg,16,n800_b100_p080,800,1,0.8,0.802797,411032289,iters,6,0.0498691943,1.178837076,0.9576962794,26.4634235,NaN,1,,pmeal-hpc,2026-09-02T11:34:59,
tortuosity,cpu,matrixfree-hostcg,16,n800_b100_p080,800,1,0.8,0.802797,411032289,iters,10,0.07049450975,1.178837076,0.9401999554,32.74927269,NaN,1,,pmeal-hpc,2026-09-02T11:34:59,
tortuosity,cpu,matrixfree-hostcg,16,n800_b100_p080,800,1,0.8,0.802797,411032289,iters,18,-0.4733255516,1.178837076,1.401519057,45.35014141,NaN,1,,pmeal-hpc,2026-09-02T11:34:59,
tortuosity,cpu,matrixfree-hostcg,16,n800_b100_p080,800,1,0.8,0.802797,411032289,iters,33,1.022864076,1.178837076,0.1323109051,68.92752885,NaN,1,,pmeal-hpc,2026-09-02T11:34:59,
tortuosity,cpu,matrixfree-hostcg,16,n800_b100_p080,800,1,0.8,0.802797,411032289,iters,59,1.1790628,1.178837076,0.0001914801509,110.5592201,NaN,1,target_reached,pmeal-hpc,2026-09-02T11:34:59,
tortuosity,cpu,matrixfree-hostcg,16,n800_b100_p095,800,1,0.95,0.952043,487445980,iters,1,0.00560158699,1.033344548,0.9945791682,21.31543639,NaN,1,,pmeal-hpc,2026-09-02T11:37:14,
tortuosity,cpu,matrixfree-hostcg,16,n800_b100_p095,800,1,0.95,0.952043,487445980,iters,2,0.00686709683,1.033344548,0.9933544945,23.16342296,NaN,1,,pmeal-hpc,2026-09-02T11:37:14,
tortuosity,cpu,matrixfree-hostcg,16,n800_b100_p095,800,1,0.95,0.952043,487445980,iters,3,0.008949354187,1.033344548,0.9913394286,24.99115088,NaN,1,,pmeal-hpc,2026-09-02T11:37:14,
tortuosity,cpu,matrixfree-hostcg,16,n800_b100_p095,800,1,0.95,0.952043,487445980,iters,6,0.0477817341,1.033344548,0.953760114,30.49343232,NaN,1,,pmeal-hpc,2026-09-02T11:37:14,
tortuosity,cpu,matrixfree-hostcg,16,n800_b100_p095,800,1,0.95,0.952043,487445980,iters,10,0.06640044914,1.033344548,0.9357421982,37.78409924,NaN,1,,pmeal-hpc,2026-09-02T11:37:14,
tortuosity,cpu,matrixfree-hostcg,16,n800_b100_p095,800,1,0.95,0.952043,487445980,iters,18,-0.4710564225,1.033344548,1.455856107,52.47650567,NaN,1,,pmeal-hpc,2026-09-02T11:37:14,
tortuosity,cpu,matrixfree-hostcg,16,n800_b100_p095,800,1,0.95,0.952043,487445980,iters,33,0.9015532608,1.033344548,0.1275385712,79.84866922,NaN,1,,pmeal-hpc,2026-09-02T11:37:14,
tortuosity,cpu,matrixfree-hostcg,16,n800_b100_p095,800,1,0.95,0.952043,487445980,iters,59,1.03293442,1.033344548,0.0003968933003,128.207246,NaN,1,target_reached,pmeal-hpc,2026-09-02T11:37:14,
tortuosity,cpu,matrixfree-hostcg,16,n800_b200_p020,800,2,0.2,0.18995,97254252,iters,1,0.004592351831,13.56020695,0.9996613362,6.235908762,NaN,1,,pmeal-hpc,2026-09-02T11:38:53,
tortuosity,cpu,matrixfree-hostcg,16,n800_b200_p020,800,2,0.2,0.18995,97254252,iters,2,0.005515832929,13.56020695,0.9995932339,6.694798309,NaN,1,,pmeal-hpc,2026-09-02T11:38:53,
tortuosity,cpu,matrixfree-hostcg,16,n800_b200_p020,800,2,0.2,0.18995,97254252,iters,3,0.006954658742,13.56020695,0.9994871274,7.154799836,NaN,1,,pmeal-hpc,2026-09-02T11:38:53,
tortuosity,cpu,matrixfree-hostcg,16,n800_b200_p020,800,2,0.2,0.18995,97254252,iters,6,0.0393090512,13.56020695,0.9971011467,8.546751533,NaN,1,,pmeal-hpc,2026-09-02T11:38:53,
tortuosity,cpu,matrixfree-hostcg,16,n800_b200_p020,800,2,0.2,0.18995,97254252,iters,10,0.06415541736,13.56020695,0.9952688467,10.41696609,NaN,1,,pmeal-hpc,2026-09-02T11:38:53,
tortuosity,cpu,matrixfree-hostcg,16,n800_b200_p020,800,2,0.2,0.18995,97254252,iters,18,-0.4671886522,13.56020695,1.034452915,14.13898978,NaN,1,,pmeal-hpc,2026-09-02T11:38:53,
tortuosity,cpu,matrixfree-hostcg,16,n800_b200_p020,800,2,0.2,0.18995,97254252,iters,33,5.854249326,13.56020695,0.5682772875,21.09391102,NaN,1,,pmeal-hpc,2026-09-02T11:38:53,
tortuosity,cpu,matrixfree-hostcg,16,n800_b200_p020,800,2,0.2,0.18995,97254252,iters,59,12.52772908,13.56020695,0.07614027389,33.22495698,NaN,1,,pmeal-hpc,2026-09-02T11:38:53,
tortuosity,cpu,matrixfree-hostcg,16,n800_b200_p020,800,2,0.2,0.18995,97254252,iters,106,13.2806553,13.56020695,0.02061558847,55.15524563,NaN,1,,pmeal-hpc,2026-09-02T11:38:53,
tortuosity,cpu,matrixfree-hostcg,16,n800_b200_p020,800,2,0.2,0.18995,97254252,iters,189,13.5660529,13.56020695,0.0004311107441,93.90827829,NaN,1,target_reached,pmeal-hpc,2026-09-02T11:38:53,
tortuosity,cpu,matrixfree-hostcg,16,n800_b200_p040,800,2,0.4,0.3993,204441481,iters,1,0.005188133005,2.540426233,0.9979577707,10.26022032,NaN,1,,pmeal-hpc,2026-09-02T11:40:40,
tortuosity,cpu,matrixfree-hostcg,16,n800_b200_p040,800,2,0.4,0.3993,204441481,iters,2,0.006246670594,2.540426233,0.9975410935,11.11823858,NaN,1,,pmeal-hpc,2026-09-02T11:40:40,
tortuosity,cpu,matrixfree-hostcg,16,n800_b200_p040,800,2,0.4,0.3993,204441481,iters,3,0.007747400732,2.540426233,0.996950354,11.98934221,NaN,1,,pmeal-hpc,2026-09-02T11:40:40,
tortuosity,cpu,matrixfree-hostcg,16,n800_b200_p040,800,2,0.4,0.3993,204441481,iters,6,0.04270423633,2.540426233,0.9831901294,14.57666113,NaN,1,,pmeal-hpc,2026-09-02T11:40:40,
tortuosity,cpu,matrixfree-hostcg,16,n800_b200_p040,800,2,0.4,0.3993,204441481,iters,10,0.06654424126,2.540426233,0.9738058754,18.03184913,NaN,1,,pmeal-hpc,2026-09-02T11:40:40,
tortuosity,cpu,matrixfree-hostcg,16,n800_b200_p040,800,2,0.4,0.3993,204441481,iters,18,-0.4478152351,2.540426233,1.17627563,25.00271043,NaN,1,,pmeal-hpc,2026-09-02T11:40:40,
tortuosity,cpu,matrixfree-hostcg,16,n800_b200_p040,800,2,0.4,0.3993,204441481,iters,33,2.150606627,2.540426233,0.1534465362,38.00857298,NaN,1,,pmeal-hpc,2026-09-02T11:40:40,
tortuosity,cpu,matrixfree-hostcg,16,n800_b200_p040,800,2,0.4,0.3993,204441481,iters,59,2.543351725,2.540426233,0.001151575077,60.56465339,NaN,1,,pmeal-hpc,2026-09-02T11:40:40,
tortuosity,cpu,matrixfree-hostcg,16,n800_b200_p040,800,2,0.4,0.3993,204441481,iters,106,2.540471064,2.540426233,1.764688595e-05,101.3625941,NaN,1,target_reached,pmeal-hpc,2026-09-02T11:40:40,
tortuosity,cpu,matrixfree-hostcg,16,n800_b200_p060,800,2,0.6,0.602005,308226382,iters,1,0.005716572486,1.551467408,0.996315377,14.58279272,NaN,1,,pmeal-hpc,2026-09-02T11:42:13,
tortuosity,cpu,matrixfree-hostcg,16,n800_b200_p060,800,2,0.6,0.602005,308226382,iters,2,0.006908822071,1.551467408,0.9955469112,15.84714091,NaN,1,,pmeal-hpc,2026-09-02T11:42:13,
tortuosity,cpu,matrixfree-hostcg,16,n800_b200_p060,800,2,0.6,0.602005,308226382,iters,3,0.008522217076,1.551467408,0.9945069957,17.07345512,NaN,1,,pmeal-hpc,2026-09-02T11:42:13,
tortuosity,cpu,matrixfree-hostcg,16,n800_b200_p060,800,2,0.6,0.602005,308226382,iters,6,0.04640727534,1.551467408,0.9700881404,20.73308983,NaN,1,,pmeal-hpc,2026-09-02T11:42:13,
tortuosity,cpu,matrixfree-hostcg,16,n800_b200_p060,800,2,0.6,0.602005,308226382,iters,10,0.06969328045,1.551467408,0.9550791205,25.59695784,NaN,1,,pmeal-hpc,2026-09-02T11:42:13,
tortuosity,cpu,matrixfree-hostcg,16,n800_b200_p060,800,2,0.6,0.602005,308226382,iters,18,-0.4663705255,1.551467408,1.300599628,35.35623797,NaN,1,,pmeal-hpc,2026-09-02T11:42:13,
tortuosity,cpu,matrixfree-hostcg,16,n800_b200_p060,800,2,0.6,0.602005,308226382,iters,33,1.393614152,1.551467408,0.1017444875,53.66470418,NaN,1,,pmeal-hpc,2026-09-02T11:42:13,
tortuosity,cpu,matrixfree-hostcg,16,n800_b200_p060,800,2,0.6,0.602005,308226382,iters,59,1.552121375,1.551467408,0.0004215151034,86.11825795,NaN,1,target_reached,pmeal-hpc,2026-09-02T11:42:13,
tortuosity,cpu,matrixfree-hostcg,16,n800_b200_p080,800,2,0.8,0.802459,410859253,iters,1,0.005883904336,1.188212956,0.9950481062,18.46086396,NaN,1,,pmeal-hpc,2026-09-02T11:44:11,
tortuosity,cpu,matrixfree-hostcg,16,n800_b200_p080,800,2,0.8,0.802459,410859253,iters,2,0.007138089382,1.188212956,0.9939925841,20.05735424,NaN,1,,pmeal-hpc,2026-09-02T11:44:11,
tortuosity,cpu,matrixfree-hostcg,16,n800_b200_p080,800,2,0.8,0.802459,410859253,iters,3,0.008804968013,1.188212956,0.9925897391,21.63891323,NaN,1,,pmeal-hpc,2026-09-02T11:44:11,
tortuosity,cpu,matrixfree-hostcg,16,n800_b200_p080,800,2,0.8,0.802459,410859253,iters,6,0.04783698575,1.188212956,0.9597403937,26.36542726,NaN,1,,pmeal-hpc,2026-09-02T11:44:11,
tortuosity,cpu,matrixfree-hostcg,16,n800_b200_p080,800,2,0.8,0.802459,410859253,iters,10,0.06976358254,1.188212956,0.9412869703,32.65961484,NaN,1,,pmeal-hpc,2026-09-02T11:44:11,
tortuosity,cpu,matrixfree-hostcg,16,n800_b200_p080,800,2,0.8,0.802459,410859253,iters,18,-0.4816904742,1.188212956,1.405390693,45.30713015,NaN,1,,pmeal-hpc,2026-09-02T11:44:11,
tortuosity,cpu,matrixfree-hostcg,16,n800_b200_p080,800,2,0.8,0.802459,410859253,iters,33,1.067707797,1.188212956,0.1014171396,68.92914003,NaN,1,,pmeal-hpc,2026-09-02T11:44:11,
tortuosity,cpu,matrixfree-hostcg,16,n800_b200_p080,800,2,0.8,0.802459,410859253,iters,59,1.18882419,1.188212956,0.0005144145837,110.6735357,NaN,1,target_reached,pmeal-hpc,2026-09-02T11:44:11,
tortuosity,cpu,matrixfree-hostcg,16,n800_b200_p095,800,2,0.95,0.949699,486245700,iters,1,0.00561413239,1.038427024,0.9945936188,21.16525239,NaN,1,,pmeal-hpc,2026-09-02T11:46:25,
tortuosity,cpu,matrixfree-hostcg,16,n800_b200_p095,800,2,0.95,0.949699,486245700,iters,2,0.006847442973,1.038427024,0.9934059469,23.01726333,NaN,1,,pmeal-hpc,2026-09-02T11:46:25,
tortuosity,cpu,matrixfree-hostcg,16,n800_b200_p095,800,2,0.95,0.949699,486245700,iters,3,0.008615983687,1.038427024,0.9917028511,24.85424894,NaN,1,,pmeal-hpc,2026-09-02T11:46:25,
tortuosity,cpu,matrixfree-hostcg,16,n800_b200_p095,800,2,0.95,0.949699,486245700,iters,6,0.04679864663,1.038427024,0.9549331387,30.32297655,NaN,1,,pmeal-hpc,2026-09-02T11:46:25,
tortuosity,cpu,matrixfree-hostcg,16,n800_b200_p095,800,2,0.95,0.949699,486245700,iters,10,0.06623189588,1.038427024,0.9362190175,37.64038986,NaN,1,,pmeal-hpc,2026-09-02T11:46:25,
tortuosity,cpu,matrixfree-hostcg,16,n800_b200_p095,800,2,0.95,0.949699,486245700,iters,18,-0.4656491389,1.038427024,1.448417778,52.27689664,NaN,1,,pmeal-hpc,2026-09-02T11:46:25,
tortuosity,cpu,matrixfree-hostcg,16,n800_b200_p095,800,2,0.95,0.949699,486245700,iters,33,0.9193395576,1.038427024,0.1146806311,79.62112591,NaN,1,,pmeal-hpc,2026-09-02T11:46:25,
tortuosity,cpu,matrixfree-hostcg,16,n800_b200_p095,800,2,0.95,0.949699,486245700,iters,59,1.03780794,1.038427024,0.0005961744948,128.0677194,NaN,1,target_reached,pmeal-hpc,2026-09-02T11:46:25,
tortuosity,cpu,matrixfree-hostcg,16,n1000_b050_p040,1000,0.5,0.4,0.389098,389098003,iters,1,0.003881516792,3.244818259,0.9988037799,19.5815755,NaN,1,,pmeal-hpc,2026-09-02T11:49:47,
tortuosity,cpu,matrixfree-hostcg,16,n1000_b050_p040,1000,0.5,0.4,0.389098,389098003,iters,2,0.004766524093,3.244818259,0.9985310351,21.24951714,NaN,1,,pmeal-hpc,2026-09-02T11:49:47,
tortuosity,cpu,matrixfree-hostcg,16,n1000_b050_p040,1000,0.5,0.4,0.389098,389098003,iters,3,0.006221741284,3.244818259,0.9980825609,22.89014543,NaN,1,,pmeal-hpc,2026-09-02T11:49:47,
tortuosity,cpu,matrixfree-hostcg,16,n1000_b050_p040,1000,0.5,0.4,0.389098,389098003,iters,6,0.03411178552,3.244818259,0.9894873047,27.7753887,NaN,1,,pmeal-hpc,2026-09-02T11:49:47,
tortuosity,cpu,matrixfree-hostcg,16,n1000_b050_p040,1000,0.5,0.4,0.389098,389098003,iters,10,0.04902415941,3.244818259,0.9848915546,34.33638237,NaN,1,,pmeal-hpc,2026-09-02T11:49:47,
tortuosity,cpu,matrixfree-hostcg,16,n1000_b050_p040,1000,0.5,0.4,0.389098,389098003,iters,18,-0.2556107325,3.244818259,1.078775054,47.51921742,NaN,1,,pmeal-hpc,2026-09-02T11:49:47,
tortuosity,cpu,matrixfree-hostcg,16,n1000_b050_p040,1000,0.5,0.4,0.389098,389098003,iters,33,1.95446088,3.244818259,0.3976670727,72.13516699,NaN,1,,pmeal-hpc,2026-09-02T11:49:47,
tortuosity,cpu,matrixfree-hostcg,16,n1000_b050_p040,1000,0.5,0.4,0.389098,389098003,iters,59,3.171669228,3.244818259,0.02254333679,114.754052,NaN,1,,pmeal-hpc,2026-09-02T11:49:47,
tortuosity,cpu,matrixfree-hostcg,16,n1000_b050_p040,1000,0.5,0.4,0.389098,389098003,iters,106,3.24288169,3.244818259,0.0005968188657,191.5712178,NaN,1,target_reached,pmeal-hpc,2026-09-02T11:49:47,
tortuosity,cpu,matrixfree-hostcg,16,n1000_b050_p060,1000,0.5,0.6,0.600543,600543162,iters,1,0.004401744317,1.529751146,0.9971225749,27.60164088,NaN,1,,pmeal-hpc,2026-09-02T11:52:43,
tortuosity,cpu,matrixfree-hostcg,16,n1000_b050_p060,1000,0.5,0.6,0.600543,600543162,iters,2,0.005406395529,1.529751146,0.9964658333,29.93967476,NaN,1,,pmeal-hpc,2026-09-02T11:52:43,
tortuosity,cpu,matrixfree-hostcg,16,n1000_b050_p060,1000,0.5,0.6,0.600543,600543162,iters,3,0.007133607365,1.529751146,0.9953367531,32.27784586,NaN,1,,pmeal-hpc,2026-09-02T11:52:43,
tortuosity,cpu,matrixfree-hostcg,16,n1000_b050_p060,1000,0.5,0.6,0.600543,600543162,iters,6,0.03841759616,1.529751146,0.9748863753,39.2781337,NaN,1,,pmeal-hpc,2026-09-02T11:52:43,
tortuosity,cpu,matrixfree-hostcg,16,n1000_b050_p060,1000,0.5,0.6,0.600543,600543162,iters,10,0.05412261253,1.529751146,0.9646199889,48.64548495,NaN,1,,pmeal-hpc,2026-09-02T11:52:43,
tortuosity,cpu,matrixfree-hostcg,16,n1000_b050_p060,1000,0.5,0.6,0.600543,600543162,iters,18,-0.3166970701,1.529751146,1.207025222,67.29677208,NaN,1,,pmeal-hpc,2026-09-02T11:52:43,
tortuosity,cpu,matrixfree-hostcg,16,n1000_b050_p060,1000,0.5,0.6,0.600543,600543162,iters,33,1.156661928,1.529751146,0.2438888304,102.4653568,NaN,1,,pmeal-hpc,2026-09-02T11:52:43,
tortuosity,cpu,matrixfree-hostcg,16,n1000_b050_p060,1000,0.5,0.6,0.600543,600543162,iters,59,1.528476265,1.529751146,0.0008333911843,164.4801336,NaN,1,target_reached,pmeal-hpc,2026-09-02T11:52:43,
tortuosity,cpu,matrixfree-hostcg,16,n1000_b050_p080,1000,0.5,0.8,0.808622,808621670,iters,1,0.00466834733,1.174130449,0.996023996,36.1352991,NaN,1,,pmeal-hpc,2026-09-02T11:56:30,
tortuosity,cpu,matrixfree-hostcg,16,n1000_b050_p080,1000,0.5,0.8,0.808622,808621670,iters,2,0.005734435412,1.174130449,0.9951160151,39.15367434,NaN,1,,pmeal-hpc,2026-09-02T11:56:30,
tortuosity,cpu,matrixfree-hostcg,16,n1000_b050_p080,1000,0.5,0.8,0.808622,808621670,iters,3,0.007634030528,1.174130449,0.9934981411,42.21554536,NaN,1,,pmeal-hpc,2026-09-02T11:56:30,
tortuosity,cpu,matrixfree-hostcg,16,n1000_b050_p080,1000,0.5,0.8,0.808622,808621670,iters,6,0.04056499685,1.174130449,0.9654510307,51.39459687,NaN,1,,pmeal-hpc,2026-09-02T11:56:30,
tortuosity,cpu,matrixfree-hostcg,16,n1000_b050_p080,1000,0.5,0.8,0.808622,808621670,iters,10,0.0563371919,1.174130449,0.9520179449,63.62201699,NaN,1,,pmeal-hpc,2026-09-02T11:56:30,
tortuosity,cpu,matrixfree-hostcg,16,n1000_b050_p080,1000,0.5,0.8,0.808622,808621670,iters,18,-0.3589439618,1.174130449,1.305710462,87.92266064,NaN,1,,pmeal-hpc,2026-09-02T11:56:30,
tortuosity,cpu,matrixfree-hostcg,16,n1000_b050_p080,1000,0.5,0.8,0.808622,808621670,iters,33,0.9541660193,1.174130449,0.1873424115,133.6282259,NaN,1,,pmeal-hpc,2026-09-02T11:56:30,
tortuosity,cpu,matrixfree-hostcg,16,n1000_b050_p080,1000,0.5,0.8,0.808622,808621670,iters,59,1.173754027,1.174130449,0.0003205963678,214.4442714,NaN,1,target_reached,pmeal-hpc,2026-09-02T11:56:30,
tortuosity,cpu,matrixfree-hostcg,16,n1000_b050_p095,1000,0.5,0.95,0.951714,951714034,iters,1,0.004551321872,1.035720079,0.9956056448,41.49374103,NaN,1,,pmeal-hpc,2026-09-02T12:03:35,
tortuosity,cpu,matrixfree-hostcg,16,n1000_b050_p095,1000,0.5,0.95,0.951714,951714034,iters,2,0.00557299928,1.035720079,0.9946192032,45.01203169,NaN,1,,pmeal-hpc,2026-09-02T12:03:35,
tortuosity,cpu,matrixfree-hostcg,16,n1000_b050_p095,1000,0.5,0.95,0.951714,951714034,iters,3,0.007424568188,1.035720079,0.9928314915,48.55993495,NaN,1,,pmeal-hpc,2026-09-02T12:03:35,
tortuosity,cpu,matrixfree-hostcg,16,n1000_b050_p095,1000,0.5,0.95,0.951714,951714034,iters,6,0.03738159064,1.035720079,0.9639076316,59.09151541,NaN,1,,pmeal-hpc,2026-09-02T12:03:35,
tortuosity,cpu,matrixfree-hostcg,16,n1000_b050_p095,1000,0.5,0.95,0.951714,951714034,iters,10,0.04871927972,1.035720079,0.9529609586,73.07048893,NaN,1,,pmeal-hpc,2026-09-02T12:03:35,
tortuosity,cpu,matrixfree-hostcg,16,n1000_b050_p095,1000,0.5,0.95,0.951714,951714034,iters,18,-0.2188821722,1.035720079,1.211333329,101.0792363,NaN,1,,pmeal-hpc,2026-09-02T12:03:35,
tortuosity,cpu,matrixfree-hostcg,16,n1000_b050_p095,1000,0.5,0.95,0.951714,951714034,iters,33,0.7623799845,1.035720079,0.2639130978,153.6915784,NaN,1,,pmeal-hpc,2026-09-02T12:03:35,
tortuosity,cpu,matrixfree-hostcg,16,n1000_b050_p095,1000,0.5,0.95,0.951714,951714034,iters,59,1.033506625,1.035720079,0.002137115783,246.4586712,NaN,1,,pmeal-hpc,2026-09-02T12:03:35,
tortuosity,cpu,matrixfree-hostcg,16,n1000_b050_p095,1000,0.5,0.95,0.951714,951714034,iters,106,1.035758982,1.035720079,3.756099871e-05,413.1378103,NaN,1,target_reached,pmeal-hpc,2026-09-02T12:03:35,
tortuosity,cpu,matrixfree-hostcg,16,n1000_b100_p020,1000,1,0.2,0.184187,184187030,iters,1,0.003404601593,13.16595545,0.9997414087,11.47131232,NaN,1,,pmeal-hpc,2026-09-02T12:08:48,
tortuosity,cpu,matrixfree-hostcg,16,n1000_b100_p020,1000,1,0.2,0.184187,184187030,iters,2,0.004150116374,13.16595545,0.9996847843,12.35804108,NaN,1,,pmeal-hpc,2026-09-02T12:08:48,
tortuosity,cpu,matrixfree-hostcg,16,n1000_b100_p020,1000,1,0.2,0.184187,184187030,iters,3,0.005190543529,13.16595545,0.9996057602,13.21152941,NaN,1,,pmeal-hpc,2026-09-02T12:08:48,
tortuosity,cpu,matrixfree-hostcg,16,n1000_b100_p020,1000,1,0.2,0.184187,184187030,iters,6,0.02959491569,13.16595545,0.9977521635,15.76466038,NaN,1,,pmeal-hpc,2026-09-02T12:08:48,
tortuosity,cpu,matrixfree-hostcg,16,n1000_b100_p020,1000,1,0.2,0.184187,184187030,iters,10,0.04406281101,13.16595545,0.9966532766,19.20983283,NaN,1,,pmeal-hpc,2026-09-02T12:08:48,
tortuosity,cpu,matrixfree-hostcg,16,n1000_b100_p020,1000,1,0.2,0.184187,184187030,iters,18,-0.2315609033,13.16595545,1.017587854,26.12677669,NaN,1,,pmeal-hpc,2026-09-02T12:08:48,
tortuosity,cpu,matrixfree-hostcg,16,n1000_b100_p020,1000,1,0.2,0.184187,184187030,iters,33,3.331358104,13.16595545,0.7469717928,39.12383953,NaN,1,,pmeal-hpc,2026-09-02T12:08:48,
tortuosity,cpu,matrixfree-hostcg,16,n1000_b100_p020,1000,1,0.2,0.184187,184187030,iters,59,9.642016747,13.16595545,0.2676553719,61.66533732,NaN,1,,pmeal-hpc,2026-09-02T12:08:48,
tortuosity,cpu,matrixfree-hostcg,16,n1000_b100_p020,1000,1,0.2,0.184187,184187030,iters,106,12.87254787,13.16595545,0.0222853234,102.2647283,NaN,1,,pmeal-hpc,2026-09-02T12:08:48,
tortuosity,cpu,matrixfree-hostcg,16,n1000_b100_p020,1000,1,0.2,0.184187,184187030,iters,189,13.1372028,13.16595545,0.002183863306,173.9972745,NaN,1,,pmeal-hpc,2026-09-02T12:08:48,
tortuosity,cpu,matrixfree-hostcg,16,n1000_b100_p020,1000,1,0.2,0.184187,184187030,iters,339,13.16576015,13.16595545,1.483388963e-05,303.5276059,NaN,1,target_reached,pmeal-hpc,2026-09-02T12:08:48,
tortuosity,cpu,matrixfree-hostcg,16,n1000_b100_p040,1000,1,0.4,0.395251,395251340,iters,1,0.004071801523,2.652234457,0.9984647656,19.41471533,NaN,1,,pmeal-hpc,2026-09-02T12:12:13,
tortuosity,cpu,matrixfree-hostcg,16,n1000_b100_p040,1000,1,0.4,0.395251,395251340,iters,2,0.004977052018,2.652234457,0.9981234495,21.0553126,NaN,1,,pmeal-hpc,2026-09-02T12:12:13,
tortuosity,cpu,matrixfree-hostcg,16,n1000_b100_p040,1000,1,0.4,0.395251,395251340,iters,3,0.006285213458,2.652234457,0.9976302195,22.70626236,NaN,1,,pmeal-hpc,2026-09-02T12:12:13,
tortuosity,cpu,matrixfree-hostcg,16,n1000_b100_p040,1000,1,0.4,0.395251,395251340,iters,6,0.03510774249,2.652234457,0.9867629566,27.68551246,NaN,1,,pmeal-hpc,2026-09-02T12:12:13,
tortuosity,cpu,matrixfree-hostcg,16,n1000_b100_p040,1000,1,0.4,0.395251,395251340,iters,10,0.05111636841,2.652234457,0.9807270552,34.35867715,NaN,1,,pmeal-hpc,2026-09-02T12:12:13,
tortuosity,cpu,matrixfree-hostcg,16,n1000_b100_p040,1000,1,0.4,0.395251,395251340,iters,18,-0.2771472452,2.652234457,1.104495756,47.60282612,NaN,1,,pmeal-hpc,2026-09-02T12:12:13,
tortuosity,cpu,matrixfree-hostcg,16,n1000_b100_p040,1000,1,0.4,0.395251,395251340,iters,33,1.658037646,2.652234457,0.3748525356,72.54313324,NaN,1,,pmeal-hpc,2026-09-02T12:12:13,
tortuosity,cpu,matrixfree-hostcg,16,n1000_b100_p040,1000,1,0.4,0.395251,395251340,iters,59,2.631098664,2.652234457,0.007969051594,115.7791069,NaN,1,,pmeal-hpc,2026-09-02T12:12:13,
tortuosity,cpu,matrixfree-hostcg,16,n1000_b100_p040,1000,1,0.4,0.395251,395251340,iters,106,2.65218462,2.652234457,1.879061879e-05,193.8940447,NaN,1,target_reached,pmeal-hpc,2026-09-02T12:12:13,
tortuosity,cpu,matrixfree-hostcg,16,n1000_b100_p060,1000,1,0.6,0.601834,601833672,iters,1,0.004558587406,1.541790971,0.9970433168,27.75894972,NaN,1,,pmeal-hpc,2026-09-02T12:15:10,
tortuosity,cpu,matrixfree-hostcg,16,n1000_b100_p060,1000,1,0.6,0.601834,601833672,iters,2,0.005579500957,1.541790971,0.996381156,30.15083882,NaN,1,,pmeal-hpc,2026-09-02T12:15:10,
tortuosity,cpu,matrixfree-hostcg,16,n1000_b100_p060,1000,1,0.6,0.601834,601833672,iters,3,0.007100540656,1.541790971,0.9953946152,32.51387868,NaN,1,,pmeal-hpc,2026-09-02T12:15:10,
tortuosity,cpu,matrixfree-hostcg,16,n1000_b100_p060,1000,1,0.6,0.601834,601833672,iters,6,0.03887659979,1.541790971,0.9747847792,39.56826156,NaN,1,,pmeal-hpc,2026-09-02T12:15:10,
tortuosity,cpu,matrixfree-hostcg,16,n1000_b100_p060,1000,1,0.6,0.601834,601833672,iters,10,0.05546260385,1.541790971,0.9640271574,48.99041154,NaN,1,,pmeal-hpc,2026-09-02T12:15:10,
tortuosity,cpu,matrixfree-hostcg,16,n1000_b100_p060,1000,1,0.6,0.601834,601833672,iters,18,-0.3196138722,1.541790971,1.207300392,67.84550723,NaN,1,,pmeal-hpc,2026-09-02T12:15:10,
tortuosity,cpu,matrixfree-hostcg,16,n1000_b100_p060,1000,1,0.6,0.601834,601833672,iters,33,1.151352713,1.541790971,0.2532368301,103.3068336,NaN,1,,pmeal-hpc,2026-09-02T12:15:10,
tortuosity,cpu,matrixfree-hostcg,16,n1000_b100_p060,1000,1,0.6,0.601834,601833672,iters,59,1.542813489,1.541790971,0.0006632012871,166.1729639,NaN,1,target_reached,pmeal-hpc,2026-09-02T12:15:10,
tortuosity,cpu,matrixfree-hostcg,16,n1000_b100_p080,1000,1,0.8,0.805227,805226521,iters,1,0.00475807483,1.177749756,0.995960029,35.42344205,NaN,1,,pmeal-hpc,2026-09-02T12:21:17,
tortuosity,cpu,matrixfree-hostcg,16,n1000_b100_p080,1000,1,0.8,0.805227,805226521,iters,2,0.0058092094,1.177749756,0.995067535,38.43501119,NaN,1,,pmeal-hpc,2026-09-02T12:21:17,
tortuosity,cpu,matrixfree-hostcg,16,n1000_b100_p080,1000,1,0.8,0.805227,805226521,iters,3,0.007428805038,1.177749756,0.993692374,41.48192604,NaN,1,,pmeal-hpc,2026-09-02T12:21:17,
tortuosity,cpu,matrixfree-hostcg,16,n1000_b100_p080,1000,1,0.8,0.805227,805226521,iters,6,0.03789347486,1.177749756,0.9678255294,50.51892791,NaN,1,,pmeal-hpc,2026-09-02T12:21:17,
tortuosity,cpu,matrixfree-hostcg,16,n1000_b100_p080,1000,1,0.8,0.805227,805226521,iters,10,0.05086027836,1.177749756,0.9568157173,62.55160258,NaN,1,,pmeal-hpc,2026-09-02T12:21:17,
tortuosity,cpu,matrixfree-hostcg,16,n1000_b100_p080,1000,1,0.8,0.805227,805226521,iters,18,-0.222982039,1.177749756,1.189328877,86.73470377,NaN,1,,pmeal-hpc,2026-09-02T12:21:17,
tortuosity,cpu,matrixfree-hostcg,16,n1000_b100_p080,1000,1,0.8,0.805227,805226521,iters,33,0.840045395,1.177749756,0.2867369399,131.9770033,NaN,1,,pmeal-hpc,2026-09-02T12:21:17,
tortuosity,cpu,matrixfree-hostcg,16,n1000_b100_p080,1000,1,0.8,0.805227,805226521,iters,59,1.174969549,1.177749756,0.002360609698,211.7003056,NaN,1,,pmeal-hpc,2026-09-02T12:21:17,
tortuosity,cpu,matrixfree-hostcg,16,n1000_b100_p080,1000,1,0.8,0.805227,805226521,iters,106,1.177850876,1.177749756,8.585871404e-05,355.0474741,NaN,1,target_reached,pmeal-hpc,2026-09-02T12:21:17,
tortuosity,cpu,matrixfree-hostcg,16,n1000_b100_p095,1000,1,0.95,0.950636,950636264,iters,1,0.00456792808,1.034226161,0.9955832406,40.9322939,NaN,1,,pmeal-hpc,2026-09-02T12:28:22,
tortuosity,cpu,matrixfree-hostcg,16,n1000_b100_p095,1000,1,0.95,0.950636,950636264,iters,2,0.005586943042,1.034226161,0.9945979484,44.44401104,NaN,1,,pmeal-hpc,2026-09-02T12:28:22,
tortuosity,cpu,matrixfree-hostcg,16,n1000_b100_p095,1000,1,0.95,0.950636,950636264,iters,3,0.007297119346,1.034226161,0.9929443679,47.98101298,NaN,1,,pmeal-hpc,2026-09-02T12:28:22,
tortuosity,cpu,matrixfree-hostcg,16,n1000_b100_p095,1000,1,0.95,0.950636,950636264,iters,6,0.03687106825,1.034226161,0.9643491244,58.52235738,NaN,1,,pmeal-hpc,2026-09-02T12:28:22,
tortuosity,cpu,matrixfree-hostcg,16,n1000_b100_p095,1000,1,0.95,0.950636,950636264,iters,10,0.04860302405,1.034226161,0.95300542,72.52171208,NaN,1,,pmeal-hpc,2026-09-02T12:28:22,
tortuosity,cpu,matrixfree-hostcg,16,n1000_b100_p095,1000,1,0.95,0.950636,950636264,iters,18,-0.2127417401,1.034226161,1.205701372,100.6284265,NaN,1,,pmeal-hpc,2026-09-02T12:28:22,
tortuosity,cpu,matrixfree-hostcg,16,n1000_b100_p095,1000,1,0.95,0.950636,950636264,iters,33,0.7627914383,1.034226161,0.2624519983,153.1102911,NaN,1,,pmeal-hpc,2026-09-02T12:28:22,
tortuosity,cpu,matrixfree-hostcg,16,n1000_b100_p095,1000,1,0.95,0.950636,950636264,iters,59,1.031843254,1.034226161,0.002304048328,245.9233044,NaN,1,,pmeal-hpc,2026-09-02T12:28:22,
tortuosity,cpu,matrixfree-hostcg,16,n1000_b100_p095,1000,1,0.95,0.950636,950636264,iters,106,1.034253185,1.034226161,2.612974651e-05,412.4453128,NaN,1,target_reached,pmeal-hpc,2026-09-02T12:28:22,
tortuosity,cpu,matrixfree-hostcg,16,n1000_b200_p020,1000,2,0.2,0.190252,190252394,iters,1,0.003431041599,10.17284166,0.9996627254,11.7122662,NaN,1,,pmeal-hpc,2026-09-02T12:31:32,
tortuosity,cpu,matrixfree-hostcg,16,n1000_b200_p020,1000,2,0.2,0.190252,190252394,iters,2,0.004134371325,10.17284166,0.9995935874,12.5913468,NaN,1,,pmeal-hpc,2026-09-02T12:31:32,
tortuosity,cpu,matrixfree-hostcg,16,n1000_b200_p020,1000,2,0.2,0.190252,190252394,iters,3,0.005220585465,10.17284166,0.9994868115,13.4911004,NaN,1,,pmeal-hpc,2026-09-02T12:31:32,
tortuosity,cpu,matrixfree-hostcg,16,n1000_b200_p020,1000,2,0.2,0.190252,190252394,iters,6,0.03023809311,10.17284166,0.9970275667,16.20170686,NaN,1,,pmeal-hpc,2026-09-02T12:31:32,
tortuosity,cpu,matrixfree-hostcg,16,n1000_b200_p020,1000,2,0.2,0.190252,190252394,iters,10,0.04699603492,10.17284166,0.9953802451,19.79579494,NaN,1,,pmeal-hpc,2026-09-02T12:31:32,
tortuosity,cpu,matrixfree-hostcg,16,n1000_b200_p020,1000,2,0.2,0.190252,190252394,iters,18,-0.3120225291,10.17284166,1.030672111,26.9355393,NaN,1,,pmeal-hpc,2026-09-02T12:31:32,
tortuosity,cpu,matrixfree-hostcg,16,n1000_b200_p020,1000,2,0.2,0.190252,190252394,iters,33,3.558444929,10.17284166,0.6502014828,40.3263331,NaN,1,,pmeal-hpc,2026-09-02T12:31:32,
tortuosity,cpu,matrixfree-hostcg,16,n1000_b200_p020,1000,2,0.2,0.190252,190252394,iters,59,9.721245909,10.17284166,0.04439229136,63.61586167,NaN,1,,pmeal-hpc,2026-09-02T12:31:32,
tortuosity,cpu,matrixfree-hostcg,16,n1000_b200_p020,1000,2,0.2,0.190252,190252394,iters,106,10.05876534,10.17284166,0.01121381028,105.5650995,NaN,1,,pmeal-hpc,2026-09-02T12:31:32,
tortuosity,cpu,matrixfree-hostcg,16,n1000_b200_p020,1000,2,0.2,0.190252,190252394,iters,189,10.17652927,10.17284166,0.0003624958241,179.8023332,NaN,1,target_reached,pmeal-hpc,2026-09-02T12:31:32,
tortuosity,cpu,matrixfree-hostcg,16,n1000_b200_p040,1000,2,0.4,0.398291,398291423,iters,1,0.004101206796,2.506045383,0.9983634747,19.55042215,NaN,1,,pmeal-hpc,2026-09-02T12:34:57,
tortuosity,cpu,matrixfree-hostcg,16,n1000_b200_p040,1000,2,0.4,0.398291,398291423,iters,2,0.004940991636,2.506045383,0.998028371,21.27177527,NaN,1,,pmeal-hpc,2026-09-02T12:34:57,
tortuosity,cpu,matrixfree-hostcg,16,n1000_b200_p040,1000,2,0.4,0.398291,398291423,iters,3,0.006150302669,2.506045383,0.9975458135,22.95459787,NaN,1,,pmeal-hpc,2026-09-02T12:34:57,
tortuosity,cpu,matrixfree-hostcg,16,n1000_b200_p040,1000,2,0.4,0.398291,398291423,iters,6,0.03250167252,2.506045383,0.9870306928,27.98055272,NaN,1,,pmeal-hpc,2026-09-02T12:34:57,
tortuosity,cpu,matrixfree-hostcg,16,n1000_b200_p040,1000,2,0.4,0.398291,398291423,iters,10,0.04858494951,2.506045383,0.9806129012,34.62367305,NaN,1,,pmeal-hpc,2026-09-02T12:34:57,
tortuosity,cpu,matrixfree-hostcg,16,n1000_b200_p040,1000,2,0.4,0.398291,398291423,iters,18,-0.2725424962,2.506045383,1.108754015,47.9136727,NaN,1,,pmeal-hpc,2026-09-02T12:34:57,
tortuosity,cpu,matrixfree-hostcg,16,n1000_b200_p040,1000,2,0.4,0.398291,398291423,iters,33,1.2516569,2.506045383,0.5005449986,72.74093857,NaN,1,,pmeal-hpc,2026-09-02T12:34:57,
tortuosity,cpu,matrixfree-hostcg,16,n1000_b200_p040,1000,2,0.4,0.398291,398291423,iters,59,2.385048304,2.506045383,0.04828207814,115.9374023,NaN,1,,pmeal-hpc,2026-09-02T12:34:57,
tortuosity,cpu,matrixfree-hostcg,16,n1000_b200_p040,1000,2,0.4,0.398291,398291423,iters,106,2.505783642,2.506045383,0.0001044439334,194.292142,NaN,1,target_reached,pmeal-hpc,2026-09-02T12:34:57,
tortuosity,cpu,matrixfree-hostcg,16,n1000_b200_p060,1000,2,0.6,0.601128,601127844,iters,1,0.004439975345,1.539069636,0.9971151563,27.77647529,NaN,1,,pmeal-hpc,2026-09-02T12:39:45,
tortuosity,cpu,matrixfree-hostcg,16,n1000_b200_p060,1000,2,0.6,0.601128,601127844,iters,2,0.005366097133,1.539069636,0.996513415,30.09517308,NaN,1,,pmeal-hpc,2026-09-02T12:39:45,
tortuosity,cpu,matrixfree-hostcg,16,n1000_b200_p060,1000,2,0.6,0.601128,601127844,iters,3,0.006674417667,1.539069636,0.9956633426,32.44008894,NaN,1,,pmeal-hpc,2026-09-02T12:39:45,
tortuosity,cpu,matrixfree-hostcg,16,n1000_b200_p060,1000,2,0.6,0.601128,601127844,iters,6,0.03454672085,1.539069636,0.9775535037,39.44038698,NaN,1,,pmeal-hpc,2026-09-02T12:39:45,
tortuosity,cpu,matrixfree-hostcg,16,n1000_b200_p060,1000,2,0.6,0.601128,601127844,iters,10,0.04972841708,1.539069636,0.9676893001,48.77304737,NaN,1,,pmeal-hpc,2026-09-02T12:39:45,
tortuosity,cpu,matrixfree-hostcg,16,n1000_b200_p060,1000,2,0.6,0.601128,601127844,iters,18,-0.2452160254,1.539069636,1.15932744,67.39335475,NaN,1,,pmeal-hpc,2026-09-02T12:39:45,
tortuosity,cpu,matrixfree-hostcg,16,n1000_b200_p060,1000,2,0.6,0.601128,601127844,iters,33,0.9863235034,1.539069636,0.3591430301,102.2417506,NaN,1,,pmeal-hpc,2026-09-02T12:39:45,
tortuosity,cpu,matrixfree-hostcg,16,n1000_b200_p060,1000,2,0.6,0.601128,601127844,iters,59,1.526970524,1.539069636,0.007861315411,164.1357336,NaN,1,,pmeal-hpc,2026-09-02T12:39:45,
tortuosity,cpu,matrixfree-hostcg,16,n1000_b200_p060,1000,2,0.6,0.601128,601127844,iters,106,1.539139693,1.539069636,4.551882495e-05,274.8468291,NaN,1,target_reached,pmeal-hpc,2026-09-02T12:39:45,
tortuosity,cpu,matrixfree-hostcg,16,n1000_b200_p080,1000,2,0.8,0.802364,802363965,iters,1,0.004614407437,1.181214812,0.996093507,35.50032093,NaN,1,,pmeal-hpc,2026-09-02T12:45:52,
tortuosity,cpu,matrixfree-hostcg,16,n1000_b200_p080,1000,2,0.8,0.802364,802363965,iters,2,0.005596729451,1.181214812,0.9952618868,38.54372799,NaN,1,,pmeal-hpc,2026-09-02T12:45:52,
tortuosity,cpu,matrixfree-hostcg,16,n1000_b200_p080,1000,2,0.8,0.802364,802363965,iters,3,0.006989888468,1.181214812,0.9940824578,41.54234018,NaN,1,,pmeal-hpc,2026-09-02T12:45:52,
tortuosity,cpu,matrixfree-hostcg,16,n1000_b200_p080,1000,2,0.8,0.802364,802363965,iters,6,0.03587961223,1.181214812,0.9696248203,50.62591901,NaN,1,,pmeal-hpc,2026-09-02T12:45:52,
tortuosity,cpu,matrixfree-hostcg,16,n1000_b200_p080,1000,2,0.8,0.802364,802363965,iters,10,0.04976491619,1.181214812,0.9578697154,62.63907439,NaN,1,,pmeal-hpc,2026-09-02T12:45:52,
tortuosity,cpu,matrixfree-hostcg,16,n1000_b200_p080,1000,2,0.8,0.802364,802363965,iters,18,-0.2261265826,1.181214812,1.191435614,86.83278873,NaN,1,,pmeal-hpc,2026-09-02T12:45:52,
tortuosity,cpu,matrixfree-hostcg,16,n1000_b200_p080,1000,2,0.8,0.802364,802363965,iters,33,0.8430398338,1.181214812,0.2862942242,131.9754488,NaN,1,,pmeal-hpc,2026-09-02T12:45:52,
tortuosity,cpu,matrixfree-hostcg,16,n1000_b200_p080,1000,2,0.8,0.802364,802363965,iters,59,1.177800336,1.181214812,0.002890648209,211.8214349,NaN,1,,pmeal-hpc,2026-09-02T12:45:52,
tortuosity,cpu,matrixfree-hostcg,16,n1000_b200_p080,1000,2,0.8,0.802364,802363965,iters,106,1.181234989,1.181214812,1.708130481e-05,355.0788177,NaN,1,target_reached,pmeal-hpc,2026-09-02T12:45:52,
tortuosity,cpu,matrixfree-hostcg,16,n1000_b200_p095,1000,2,0.95,0.950179,950179051,iters,1,0.004465441681,1.036268195,0.9956908436,41.03617487,NaN,1,,pmeal-hpc,2026-09-02T12:52:56,
tortuosity,cpu,matrixfree-hostcg,16,n1000_b200_p095,1000,2,0.95,0.950179,950179051,iters,2,0.005444512357,1.036268195,0.9947460393,44.55327536,NaN,1,,pmeal-hpc,2026-09-02T12:52:56,
tortuosity,cpu,matrixfree-hostcg,16,n1000_b200_p095,1000,2,0.95,0.950179,950179051,iters,3,0.006966906258,1.036268195,0.9932769274,48.08665556,NaN,1,,pmeal-hpc,2026-09-02T12:52:56,
tortuosity,cpu,matrixfree-hostcg,16,n1000_b200_p095,1000,2,0.95,0.950179,950179051,iters,6,0.03560608838,1.036268195,0.9656400838,58.57482457,NaN,1,,pmeal-hpc,2026-09-02T12:52:56,
tortuosity,cpu,matrixfree-hostcg,16,n1000_b200_p095,1000,2,0.95,0.950179,950179051,iters,10,0.04759403049,1.036268195,0.9540717058,72.55270136,NaN,1,,pmeal-hpc,2026-09-02T12:52:56,
tortuosity,cpu,matrixfree-hostcg,16,n1000_b200_p095,1000,2,0.95,0.950179,950179051,iters,18,-0.2071381017,1.036268195,1.199888506,100.6333472,NaN,1,,pmeal-hpc,2026-09-02T12:52:56,
tortuosity,cpu,matrixfree-hostcg,16,n1000_b200_p095,1000,2,0.95,0.950179,950179051,iters,33,0.7624158818,1.036268195,0.2642677972,153.2803894,NaN,1,,pmeal-hpc,2026-09-02T12:52:56,
tortuosity,cpu,matrixfree-hostcg,16,n1000_b200_p095,1000,2,0.95,0.950179,950179051,iters,59,1.033023021,1.036268195,0.003131596697,246.2367324,NaN,1,,pmeal-hpc,2026-09-02T12:52:56,
tortuosity,cpu,matrixfree-hostcg,16,n1000_b200_p095,1000,2,0.95,0.950179,950179051,iters,106,1.036271981,1.036268195,3.653220786e-06,412.5080637,NaN,1,target_reached,pmeal-hpc,2026-09-02T12:52:56,
